paperUUID,expertUUID,role,name,lastname
f99a0a02-6ef7-474b-a189-762e72c7aade,6b81fcf4-173e-4e8b-86d6-2c9e7b4320c6,Author,Jon,Aaen
efe40ace-cdbd-4ba7-95c8-564821b3c3c7,6b81fcf4-173e-4e8b-86d6-2c9e7b4320c6,Author,Jon,Aaen
1b6f2c9a-c1e8-4431-96b7-e46d484d09e9,6b81fcf4-173e-4e8b-86d6-2c9e7b4320c6,Author,Jon,Aaen
ad57a1c8-b684-4d9c-98e6-01787150f335,6b81fcf4-173e-4e8b-86d6-2c9e7b4320c6,Author,Jon,Aaen
37c5b31f-8062-407f-b6af-6067a8503a5e,6b81fcf4-173e-4e8b-86d6-2c9e7b4320c6,Author,Jon,Aaen
80eba546-1c77-4811-9318-cbd178c454c9,6b81fcf4-173e-4e8b-86d6-2c9e7b4320c6,Author,Jon,Aaen
7f1ac56b-4774-4f11-a95c-491a37a9d7c8,6b81fcf4-173e-4e8b-86d6-2c9e7b4320c6,Author,Jon,Aaen
63527c7b-ce38-4ae3-bf7a-09bdddaabe75,6b81fcf4-173e-4e8b-86d6-2c9e7b4320c6,Author,Jon,Aaen
ee6b1f90-adbd-4736-9cb1-92b2b2ae6005,6b81fcf4-173e-4e8b-86d6-2c9e7b4320c6,Author,Jon,Aaen
7b6bfac0-1059-420b-9449-99a491359a42,6b81fcf4-173e-4e8b-86d6-2c9e7b4320c6,Author,Jon,Aaen
22e4e1f7-4bd7-43c6-a633-44ea9764b958,,Author,Raffaele,Ciriello
d66462d0-7f70-489c-b339-5c637407b797,,Author,Nina,Boulus
0a1670e7-be11-400c-bd21-7393075d15dd,,Author,Nina,Boulus
b98804e8-2ce1-498a-8568-ef53e9455844,,Author,Mar,Alaranta
cd0dfae0-830a-11dd-b116-000ea68e967b,,Author,Espen,Aarseth
591e52c0-862e-11dd-8006-000ea68e967b,,Author,Espen,Aarseth
f2993e8b-c9b9-4925-9808-87c337b8cb03,,Author,Espen,Aarseth
7e1e84e7-2c54-4122-87d2-6a6c5e3d99dc,,Author,Espen,Aarseth
04d057b4-fe9f-4953-a73e-45afb2718d20,,Author,Espen,Aarseth
242d6520-bfbe-4b7d-a84e-c596ac99d868,,Author,Espen,Aarseth
569ad177-f013-476d-bede-0f3e46ddc71a,,Author,Espen,Aarseth
c2de0411-0417-4d45-b3a8-6f11f2c0974d,,Editor,Espen,Aarseth
2ef22931-a9bc-4a9f-846b-0fd1e73960a3,,Editor,Espen,Aarseth
70c44117-395c-47c8-9832-6f38d872a74a,,Editor,Espen,Aarseth
815c1f2e-ab99-41ce-9ada-24676062ecaf,,Author,Espen,Aarseth
d5df346c-7eb1-435c-b45b-6045ad8e1e99,,Author,Espen,Aarseth
171c21a8-c776-4a6f-a893-f6a8e2c9656c,,Editor,Espen,Aarseth
54c040e5-4b5a-4d19-8625-0b715b5c204f,,Author,Espen,Aarseth
54c040e5-4b5a-4d19-8625-0b715b5c204f,80784458-06f6-4eff-b0c8-df982ffa9835,Author,Rune Kristian Lundedal,Nielsen
e11d23fd-4f63-42b3-a049-9b93e4925009,,Author,Espen J.,Aarseth
4e3e4f11-e91b-4179-a714-f1b874c67704,,Author,Espen J.,Aarseth
55baa68d-9b80-4fc9-a73b-6939bc507ba2,,Author,Espen J.,Aarseth
2e3bb52a-e9a3-4f46-ba39-53db4babc62e,,Author,Espen J.,Aarseth
3275258c-f2fa-4ec4-943c-624b335edd4f,,Author,Espen J.,Aarseth
30976996-034c-4164-9f2d-980a2809ba91,,Author,Espen J.,Aarseth
5b2b5fcc-4585-49ab-bc07-0fab237c138c,,Author,Espen J.,Aarseth
e1e420ec-f9a5-4cf6-969e-f1846cbf04ec,,Author,Espen J.,Aarseth
6df2b19c-4a98-4975-aaa2-c183d1d9ccbc,,Author,Espen J.,Aarseth
cf80036e-9dca-4f9b-b1fa-d93251f3b7e9,,Author,Espen J.,Aarseth
d451c215-70ff-4485-b817-becc3bfaf719,,Author,Espen J.,Aarseth
9e28b830-b69a-41c9-bef4-8f17bd7908ba,,Author,Espen J.,Aarseth
77c0cb82-49ce-4e6e-8506-502d053ba0e4,,Author,Espen J.,Aarseth
5c14a08e-4dc6-44fc-9f06-0a2f905ce1d1,,Author,Espen J.,Aarseth
1f5b7175-673b-47e5-a7db-78d62c96b66d,,Author,Espen J.,Aarseth
cd6c8e87-518d-4e0b-8ec7-442baa7918ff,,Author,Espen J.,Aarseth
cd6c8e87-518d-4e0b-8ec7-442baa7918ff,,Author,Johanna,Blom
b71caa47-1bef-4b5a-a4a2-194db4ac8ed8,,Author,Espen J.,Aarseth
291c18d7-f318-47e6-85bc-d8d0131b13e5,,Editor,Espen J.,Aarseth
5ba6d38a-c062-4398-9b9c-e4a47ab604ab,,Author,Espen J.,Aarseth
625a48a7-80cf-49ab-a46b-ddff586284f6,,Author,Espen J.,Aarseth
1127dedf-44fc-4351-97bc-4f1b500ed181,,Author,Espen J.,Aarseth
1127dedf-44fc-4351-97bc-4f1b500ed181,,Author,Sebastian Martin,Möring
ac2d4289-c93e-4942-9368-e5b52c9ea675,,Author,Espen J.,Aarseth
7784ca25-c50f-45cd-b900-153f5f5d6078,,Author,Espen J.,Aarseth
4962a8c2-d5e2-480e-b734-50adf0693859,,Author,Espen J.,Aarseth
2b076225-3b9e-4c2e-bbd8-0062c4415651,,Editor,Espen J.,Aarseth
41f703d1-d860-4c14-9336-f15c4b3febec,,Author,Espen J.,Aarseth
0fb19dee-cd02-462b-9781-06c77260e6bd,,Author,Espen J.,Aarseth
0fb19dee-cd02-462b-9781-06c77260e6bd,42147e05-f94c-471d-a889-c57a01e4bdd0,Author,Pawel,Grabarczyk
9c541576-e9e0-44cf-9626-94d0840d4a1d,,Author,Espen J.,Aarseth
4ae6a30d-e34c-4350-a1f7-ae9346ba9a55,,Author,Espen J.,Aarseth
f9e35c09-57b2-4190-850e-7bc0568247c6,,Author,Espen J.,Aarseth
f9e35c09-57b2-4190-850e-7bc0568247c6,,Author,Torill Elvira,Mortensen
c8d15d32-be36-4269-ad6f-7ea7cad6c295,,Author,Espen J.,Aarseth
56144d2b-1ffb-4582-b731-7c702dbc2345,,Author,Espen J.,Aarseth
7cd9005a-cb4c-4196-9550-391370b7fb43,,Author,Espen J.,Aarseth
ec299816-b5ad-4b64-9235-cbfed17e7f9e,efa39e70-a80a-4780-b151-ba31b01726bb,Author,Per B.,Brockhoff
d84cf3c5-be69-425c-b9e3-d67bef416753,efa39e70-a80a-4780-b151-ba31b01726bb,Author,Per B.,Brockhoff
206e4f57-ad7a-48e1-b8f2-547fec83acfc,,Author,Lars,Birkedal
4aea84e9-050f-4dfb-a0e8-25f12437ee00,,Author,Iago,Abal
4aea84e9-050f-4dfb-a0e8-25f12437ee00,47a94200-3abe-4354-b5e3-c8ef6f1ba1f2,Author,Claus,Brabrand
4aea84e9-050f-4dfb-a0e8-25f12437ee00,a39b94ff-e1b6-4b96-8404-486167a9123d,Author,Andrzej,Wasowski
94da0acc-af5a-44ab-abae-f23e1b33987d,,Author,Iago,Abal
94da0acc-af5a-44ab-abae-f23e1b33987d,,Author,Jean,Melo
94da0acc-af5a-44ab-abae-f23e1b33987d,,Author,Stefan,Stanciulescu
94da0acc-af5a-44ab-abae-f23e1b33987d,47a94200-3abe-4354-b5e3-c8ef6f1ba1f2,Author,Claus,Brabrand
94da0acc-af5a-44ab-abae-f23e1b33987d,a39b94ff-e1b6-4b96-8404-486167a9123d,Author,Andrzej,Wasowski
3d3d590d-89b7-4776-847b-8da1ca104c45,,Author,Iago,Abal
3d3d590d-89b7-4776-847b-8da1ca104c45,47a94200-3abe-4354-b5e3-c8ef6f1ba1f2,Author,Claus,Brabrand
3d3d590d-89b7-4776-847b-8da1ca104c45,a39b94ff-e1b6-4b96-8404-486167a9123d,Author,Andrzej,Wasowski
0e49901a-4f89-4a2e-a2bd-be21da8efe97,,Author,Iago,Abal Rivas
0e49901a-4f89-4a2e-a2bd-be21da8efe97,47a94200-3abe-4354-b5e3-c8ef6f1ba1f2,Author,Claus,Brabrand
0e49901a-4f89-4a2e-a2bd-be21da8efe97,a39b94ff-e1b6-4b96-8404-486167a9123d,Author,Andrzej,Wasowski
20021604-4452-4aca-92b7-d50e8c6e565c,,Author,Hugo Andres,Lopez
20021604-4452-4aca-92b7-d50e8c6e565c,,Author,Tijs,Slaats
6debf7dc-176d-444f-ade4-fa1fca0dadb8,,Author,Gabriella,A B Barros
6debf7dc-176d-444f-ade4-fa1fca0dadb8,,Author,Antonios,Liapis
6debf7dc-176d-444f-ade4-fa1fca0dadb8,,Author,Julian,Togelius
6b1d8098-2721-4c5d-9410-4506f4b0cee7,,Author,Jose,Abdelnour-Nocera
c12105e7-b22f-4ca1-87b8-66cfec9378a7,,Author,José,Abdelnour-Nocera
6ca19251-f412-4609-9119-9a585ce507dc,,Author,Jose,Abdelnour-Nocera
f426bd1d-a2f3-4ab3-905c-e1ce0c7a8ba9,,Author,José,Abdelnour-Nocera
a251092c-fca4-40f5-93b7-0447df5a6dec,1052b289-f510-4c5a-9662-2db48c12ebc2,Author,Lene,Nielsen
a251092c-fca4-40f5-93b7-0447df5a6dec,92f6c3f3-0ad2-40fc-b278-69170f87567d,Author,Lars Rune,Christensen
d990a4a8-f5f1-49f9-8d6e-e5899c637b5d,1052b289-f510-4c5a-9662-2db48c12ebc2,Author,Lene,Nielsen
30408dd9-707b-4d4f-8d51-4b745e984e3d,1052b289-f510-4c5a-9662-2db48c12ebc2,Author,Lene,Nielsen
65db9ec9-5687-40e2-80c4-a72f001e4b39,1052b289-f510-4c5a-9662-2db48c12ebc2,Author,Lene,Nielsen
977e2189-d92d-4ed2-9bc8-a5979639647f,1052b289-f510-4c5a-9662-2db48c12ebc2,Author,Lene,Nielsen
1f00fe47-05a3-40bf-a52d-348a237a627d,e726f512-d3fd-4d89-962a-3aa9f532a52f,Author,Toine,Bogers
008d17d1-03f3-49d2-9e9d-ecae7ca0bc4f,2f293c68-8b2f-4c61-a8c3-6d64d8916bff,Author,Amna ,Abdullah
008d17d1-03f3-49d2-9e9d-ecae7ca0bc4f,9504265d-0046-4e58-b529-256a656c012d,Author,Christian ,Hardmeier
11f79889-98e7-4973-a7f9-904197f9f2ba,1e0534b4-fe3e-4c5e-ad6d-5f1c7df6a14e,Author,Erik,Grönvall
ff07f4c3-ab0b-423e-8a3d-0c1731393b95,1e0534b4-fe3e-4c5e-ad6d-5f1c7df6a14e,Author,Erik,Grönvall
b5e04f1f-3ada-427f-8888-3ebe072d405d,1e0534b4-fe3e-4c5e-ad6d-5f1c7df6a14e,Author,Erik,Grönvall
b5e04f1f-3ada-427f-8888-3ebe072d405d,,Author,Joanna,Saad-Sulonen
152a9c58-5dc0-4a76-9108-55991c9cb081,,Author,Muhammad,Ali Babar
3bfbdcbd-9dd6-4f2b-918d-3339aef61ec3,f2136570-f73c-446f-9fb0-6d9e461e2124,Author,Yvonne,Dittrich
1deb17a0-18a7-44fa-9602-2331a37647da,f2136570-f73c-446f-9fb0-6d9e461e2124,Author,Yvonne,Dittrich
c3b2d09b-dd15-4fcb-8a75-2c1399ae1711,,Editor,Brit Ross,Winthereik
bd22ec84-7453-40e6-a1f1-d6a9633a79c3,,Author,Brit Ross,Winthereik
245a54c0-e953-11dd-8987-000ea68e967b,,Author,Hugo Andrés Lópes,Acosta
597ca280-e1a4-11de-a523-000ea68e967b,,Author,Hugo Andrés López,Acosta
597ca280-e1a4-11de-a523-000ea68e967b,d30b96a8-4f1e-44fa-9bf5-0209bedf0268,Author,Thomas,Hildebrandt
0b6ad680-e1a8-11de-a523-000ea68e967b,,Author,Hugo Andrés López,Acosta
98a5d29e-d62c-4537-8056-03005d789706,,Author,Ada,Ada Ada
98a5d29e-d62c-4537-8056-03005d789706,,Author,Stina Hasse,Jørgensen
98a5d29e-d62c-4537-8056-03005d789706,d37cba38-dff2-4c27-a515-226cfadfd849,Author,Jonas,Fritsch
3a5d4085-710a-4a69-963e-083d772debc8,8e5f2a6c-c817-4a90-b48b-d9171743ad0f,Author,Rob,van der Goot
3a5d4085-710a-4a69-963e-083d772debc8,f073ebac-704d-4236-9206-d1d2ef2be9c3,Author,Barbara,Plank
23475f01-c8d9-465f-9942-92d2a4d905fb,2575c800-642d-4984-9c56-41601cf07a26,Author,Søren,Knudsen
0da408d4-62cf-4912-b55e-6a185253431c,5c50bbc9-ed3d-417f-ba4d-e484eaf536b3,Author,Alessandro,Bruni
a6844348-3cec-4fe0-a055-3489c63221de,5c50bbc9-ed3d-417f-ba4d-e484eaf536b3,Author,Alessandro,Bruni
dce87c22-5b0e-4126-8548-dde5f57b98c7,e6f70fb0-caf1-4736-b583-b0777bc1390f,Author,Riko,Jacob
e5af731e-14eb-4106-a573-ad23f41f1981,,Author,Samuel,Agbesi
e5af731e-14eb-4106-a573-ad23f41f1981,,Author,Asmita,Dalela
e5af731e-14eb-4106-a573-ad23f41f1981,,Author,Jurlind,Budurushi
e5af731e-14eb-4106-a573-ad23f41f1981,1dbd1112-eb47-4406-936c-6807e8845610,Author,Oksana,Kulyk
42787808-611d-48a6-bdde-468d13957ff6,,Author,Samuel,Agbesi
42787808-611d-48a6-bdde-468d13957ff6,,Author,Asmita,Dalela
42787808-611d-48a6-bdde-468d13957ff6,,Author,Jurlind,Budurushi
42787808-611d-48a6-bdde-468d13957ff6,1dbd1112-eb47-4406-936c-6807e8845610,Author,Oksana,Kulyk
fb79e060-db20-4b42-a8ea-74b8c3b2d025,,Author,Samuel,Agbesi
fb79e060-db20-4b42-a8ea-74b8c3b2d025,,Author,Jurlind,Budurushi
fb79e060-db20-4b42-a8ea-74b8c3b2d025,,Author,Asmita,Dalela
fb79e060-db20-4b42-a8ea-74b8c3b2d025,a4d5d125-061e-4594-b4e4-1389a19ff99f,Author,Christina Frederikke,Nissen
fb79e060-db20-4b42-a8ea-74b8c3b2d025,1dbd1112-eb47-4406-936c-6807e8845610,Author,Oksana,Kulyk
47051b93-43ae-48be-9612-eb011ab63493,,Author,Signe,Agerskov
47051b93-43ae-48be-9612-eb011ab63493,09ec1bda-4550-4a83-8480-fe742d77e882,Author,Asger Balle,Pedersen
47051b93-43ae-48be-9612-eb011ab63493,,Author,Roman,Beck
ccdd88d5-dfb3-4463-b0b5-6b8677e4f51e,,Author,Signe ,Agerskov
ccdd88d5-dfb3-4463-b0b5-6b8677e4f51e,,Author,Roman,Beck
38c9f80c-7c3f-4635-ba6a-acf6fc098ea4,,Author,Pernille,Kræmmergaard
a112ab9f-9eb5-47ed-a5de-2c3f344df463,,Author,Zeljko,Agic
a112ab9f-9eb5-47ed-a5de-2c3f344df463,879e7ac4-e64c-4c5f-9591-421e56cd0678,Author,Natalie,Schluter
ba9c82be-0413-4d81-bf2c-75fad794a84b,,Author,Zeljko,Agic
ba9c82be-0413-4d81-bf2c-75fad794a84b,879e7ac4-e64c-4c5f-9591-421e56cd0678,Author,Natalie,Schluter
a5d9cfb2-0482-42da-8ef2-f5260f23e618,,Author,Zeljko,Agic
00ef2199-9e6d-4a52-ab71-0e2a1256cfdf,,Author,Zeljko,Agic
00ef2199-9e6d-4a52-ab71-0e2a1256cfdf,879e7ac4-e64c-4c5f-9591-421e56cd0678,Author,Natalie,Schluter
25ffc78e-3f24-4782-af6c-84c786546158,53c45a58-4c3c-424c-80a2-c39e733fd7c3,Author,Radu-Cristian,Curticapean
8eaf609f-8115-4a9a-a294-1163b9e8d2d5,,Author,Thomas Dybdahl,Ahle
8eaf609f-8115-4a9a-a294-1163b9e8d2d5,,Author,Rasmus,Pagh
8eaf609f-8115-4a9a-a294-1163b9e8d2d5,,Author,Francesco,Silvestri
a0d5fc29-0252-4510-bdb5-3ac2ceb0c76b,,Author,Thomas Dybdahl,Ahle
a0d5fc29-0252-4510-bdb5-3ac2ceb0c76b,,Author,Rasmus,Pagh
a0d5fc29-0252-4510-bdb5-3ac2ceb0c76b,5f52759c-418a-41b7-bbdb-050492677284,Author,Martin,Aumüller
56d911d0-642c-47ab-957d-ace45e0e883c,,Author,Thomas Dybdahl,Ahle
56d911d0-642c-47ab-957d-ace45e0e883c,,Author,Rasmus,Pagh
44474735-81b1-401e-9294-b1bfbc0884fb,,Author,Thomas Dybdahl,Ahle
e14f37f2-46da-4629-af08-b85937b53784,,Author,Aakash,Ahmad
3bc4cab6-57be-4110-9ec3-1efbad630316,,Author,Aakash,Ahmad
e5e657e2-fc36-45eb-86c1-ecc9caf29362,,Author,Aakash,Ahmad
e5e657e2-fc36-45eb-86c1-ecc9caf29362,,Author,Muhammad Ali,Babar
4a510cfc-2e97-4951-81e0-abf9fe0032b6,,Author,Aakash,Ahmad
4a510cfc-2e97-4951-81e0-abf9fe0032b6,,Author,Muhammad Ali,Babar
f6d1d3e1-6dbe-4f42-bdba-60c43b4a5c01,d43519a1-5bf4-4290-a053-fe55459ca88a,Author,Sven Matthias,Peldszus
bb40de6e-179d-4c30-9537-20e60c8a0587,,Author,Zaheer,Ahmed
bb40de6e-179d-4c30-9537-20e60c8a0587,,Author,Diako,Mardanbegi
bb40de6e-179d-4c30-9537-20e60c8a0587,5ad9c220-e37f-443a-8a31-fc4abf365db5,Author,Dan Witzner,Hansen
a7e63739-2e76-416a-a425-74d23c8d6a35,,Author,Philippe,Bonnet
19e411fc-a54b-46fe-97df-76d5d15dc482,8e5f2a6c-c817-4a90-b48b-d9171743ad0f,Author,Rob,van der Goot
d98f5034-e483-4299-a81f-08d2f03ac14e,39f7afe3-fd9c-4ac5-8ba1-fa2f2826ab8c,Author,Paloma,Thomé de Lima
3918fa3b-a409-4469-ba34-27ae15a6dc5e,0bdda5a8-b38a-4532-b9a2-e5d9a98c05a7,Author,Hasib,Ahsan
3918fa3b-a409-4469-ba34-27ae15a6dc5e,92f6c3f3-0ad2-40fc-b278-69170f87567d,Author,Lars Rune,Christensen
43c93d75-4474-4d4f-a9eb-296e477ef4b4,0bdda5a8-b38a-4532-b9a2-e5d9a98c05a7,Author,Hasib,Ahsan
43c93d75-4474-4d4f-a9eb-296e477ef4b4,92f6c3f3-0ad2-40fc-b278-69170f87567d,Author,Lars Rune,Christensen
5a6d3228-5d5d-4e76-9c07-e055d7709304,0bdda5a8-b38a-4532-b9a2-e5d9a98c05a7,Author,Hasib,Ahsan
5a6d3228-5d5d-4e76-9c07-e055d7709304,92f6c3f3-0ad2-40fc-b278-69170f87567d,Author,Lars Rune,Christensen
6e20cf74-0eac-4e6f-87ea-5bf9927612f8,0bdda5a8-b38a-4532-b9a2-e5d9a98c05a7,Author,Hasib,Ahsan
af65277d-47a2-4881-84e1-e36103e362fb,0bdda5a8-b38a-4532-b9a2-e5d9a98c05a7,Author,Hasib,Ahsan
fd20ae8f-3b79-49b3-bc42-dab8d13bd06e,6aed9698-9a0c-4956-be0d-ec658bbfe09a,Author,Luca Maria,Aiello
00a78b46-d8bb-4840-8ddc-8110e37b0035,6aed9698-9a0c-4956-be0d-ec658bbfe09a,Author,Luca Maria,Aiello
ff25188e-1a00-458c-9cc9-495a1baf903e,6aed9698-9a0c-4956-be0d-ec658bbfe09a,Author,Luca Maria,Aiello
ff25188e-1a00-458c-9cc9-495a1baf903e,,Author,Anastassia,Vybornova
ff25188e-1a00-458c-9cc9-495a1baf903e,2ef641d0-bd79-425b-8b12-b58d74b993ae,Author,Michael,Szell
cf51af50-7bfc-4065-acaa-0aec1928e5a0,6aed9698-9a0c-4956-be0d-ec658bbfe09a,Author,Luca Maria,Aiello
632a3dfb-2a2e-4d74-a846-47e698afa7bd,db64c222-0674-4eab-9f09-7f9ea1c483e3,Author,Vedran,Sekara
e8949840-ebc5-11dd-8987-000ea68e967b,,Author,Mai Lise,Ajspur
e8949840-ebc5-11dd-8987-000ea68e967b,4d7fda5a-3cf4-4d39-9daf-1ae192b0e0e7,Author,Rune Møller,Jensen
c83ff2ce-821b-43d7-87b3-dcaacb5565a1,,Author,Mai Lise,Ajspur
c83ff2ce-821b-43d7-87b3-dcaacb5565a1,4d7fda5a-3cf4-4d39-9daf-1ae192b0e0e7,Author,Rune Møller,Jensen
ee6a56da-1acc-4e7a-8c83-90bd71f0f896,,Author,Mai Lise,Ajspur
ee6a56da-1acc-4e7a-8c83-90bd71f0f896,4d7fda5a-3cf4-4d39-9daf-1ae192b0e0e7,Author,Rune Møller,Jensen
7480f223-588f-4804-91ca-bc96a64ccb74,,Author,Mai Lise,Ajspur
7480f223-588f-4804-91ca-bc96a64ccb74,4d7fda5a-3cf4-4d39-9daf-1ae192b0e0e7,Author,Rune Møller,Jensen
f4609ac2-4a25-4d98-9615-9f05fe7a7946,,Author,Mai Lise,Ajspur
f4609ac2-4a25-4d98-9615-9f05fe7a7946,4d7fda5a-3cf4-4d39-9daf-1ae192b0e0e7,Author,Rune Møller,Jensen
272fcd21-a9e2-4780-a24b-9cb189389c06,,Author,Mai Lise,Ajspur
272fcd21-a9e2-4780-a24b-9cb189389c06,4d7fda5a-3cf4-4d39-9daf-1ae192b0e0e7,Author,Rune Møller,Jensen
dce07c59-4855-4dfb-8293-d0f4cb45d8c8,,Author,Mai Lise,Ajspur
dce07c59-4855-4dfb-8293-d0f4cb45d8c8,4d7fda5a-3cf4-4d39-9daf-1ae192b0e0e7,Author,Rune Møller,Jensen
830a4b3d-a984-40d3-8712-f7d6b6e3c216,9504265d-0046-4e58-b529-256a656c012d,Author,Christian,Hardmeier
8bb0682a-23b7-4fa2-b369-afe8f7ffb8d6,,Author,Mika Yasuoka,Jensen
b9648c71-598f-462e-b8bc-6c26a464490c,e6f70fb0-caf1-4736-b583-b0777bc1390f,Author,Riko,Jacob
d4f2a6d5-43de-4779-8cf8-b7b26262d3e1,3ec363e3-83f0-4dd8-9b2d-b87a7d34dc55,Author,Eleni Tzirita,Zacharatou
c531bcec-602a-4fc3-ba37-27291dc776d6,,Author,Adam,Alami
c531bcec-602a-4fc3-ba37-27291dc776d6,f2136570-f73c-446f-9fb0-6d9e461e2124,Author,Yvonne,Dittrich
c531bcec-602a-4fc3-ba37-27291dc776d6,a39b94ff-e1b6-4b96-8404-486167a9123d,Author,Andrzej,Wasowski
e4c4deef-51f8-4683-834f-fa57c5f1aa43,,Author,Adam,Alami
e4c4deef-51f8-4683-834f-fa57c5f1aa43,e9d14210-bc71-4824-b7cf-fd1448d022ab,Author,Marisa,Cohn
e4c4deef-51f8-4683-834f-fa57c5f1aa43,a39b94ff-e1b6-4b96-8404-486167a9123d,Author,Andrzej,Wasowski
0708be72-ae46-429e-93ac-e49041b5bb04,,Author,Adam,Alami
0708be72-ae46-429e-93ac-e49041b5bb04,a39b94ff-e1b6-4b96-8404-486167a9123d,Author,Andrzej,Wasowski
ae2d1ebe-9b1e-4dfd-a5d3-3d0ea3c2ec5a,,Author,Adam,Alami
ae2d1ebe-9b1e-4dfd-a5d3-3d0ea3c2ec5a,e9d14210-bc71-4824-b7cf-fd1448d022ab,Author,Marisa,Cohn
ae2d1ebe-9b1e-4dfd-a5d3-3d0ea3c2ec5a,a39b94ff-e1b6-4b96-8404-486167a9123d,Author,Andrzej,Wasowski
bc4bd19d-054b-4684-97f1-1bde2a54ebca,,Author,Adam,Alami
bc4bd19d-054b-4684-97f1-1bde2a54ebca,a39b94ff-e1b6-4b96-8404-486167a9123d,Author,Andrzej,Wasowski
b214c773-476b-4a5b-a448-bdbc547d4c6f,,Author,Adam,Alami
b214c773-476b-4a5b-a448-bdbc547d4c6f,,Author,Maria,Paasivaara
f1813e65-406d-49df-a633-1c8fe70d9b10,,Author,Adam,Alami
f1813e65-406d-49df-a633-1c8fe70d9b10,74a08deb-18e1-48d0-a86e-ed6675da92ab,Author,Christian,Østergaard Madsen
f1813e65-406d-49df-a633-1c8fe70d9b10,f14f4742-c9d8-4a34-b8e2-d713c3a1f437,Author,Oliver,Krancher
67d84e33-ffb9-4ebb-90d0-0a6cd9d2935a,,Author,Adam,Alami
67d84e33-ffb9-4ebb-90d0-0a6cd9d2935a,d05daa00-c3d6-4a89-ba14-cfd1847fb0cc,Author,Raúl,Pardo
67d84e33-ffb9-4ebb-90d0-0a6cd9d2935a,e9d14210-bc71-4824-b7cf-fd1448d022ab,Author,Marisa,Cohn
67d84e33-ffb9-4ebb-90d0-0a6cd9d2935a,a39b94ff-e1b6-4b96-8404-486167a9123d,Author,Andrzej,Wasowski
051af2e1-966f-4215-bcf5-14e9d190614d,,Author,Adam,Alami
051af2e1-966f-4215-bcf5-14e9d190614d,74a08deb-18e1-48d0-a86e-ed6675da92ab,Author,Christian,Østergaard Madsen
051af2e1-966f-4215-bcf5-14e9d190614d,f14f4742-c9d8-4a34-b8e2-d713c3a1f437,Author,Oliver,Krancher
afdfd15a-3049-4d09-8393-5d5319685f5c,,Author,Adam,Alami
afdfd15a-3049-4d09-8393-5d5319685f5c,74a08deb-18e1-48d0-a86e-ed6675da92ab,Author,Christian,Østergaard Madsen
afdfd15a-3049-4d09-8393-5d5319685f5c,f14f4742-c9d8-4a34-b8e2-d713c3a1f437,Author,Oliver,Krancher
b6c4526e-26a7-47e4-93b2-b16544ae00fe,f14f4742-c9d8-4a34-b8e2-d713c3a1f437,Author,Oliver,Krancher
b6c4526e-26a7-47e4-93b2-b16544ae00fe,,Author,Maria,Paasivaara
07231397-bf6d-4bf7-8c0d-54d018f2ecec,f14f4742-c9d8-4a34-b8e2-d713c3a1f437,Author,Oliver,Krancher
6046a1a1-81d6-46c2-9171-0fd788d173af,,Author,Adam,Alami
6046a1a1-81d6-46c2-9171-0fd788d173af,,Author,Mansooreh,Zahedi
6046a1a1-81d6-46c2-9171-0fd788d173af,f14f4742-c9d8-4a34-b8e2-d713c3a1f437,Author,Oliver,Krancher
709c1ce6-86b3-46d0-b09e-3a9f56758723,f14f4742-c9d8-4a34-b8e2-d713c3a1f437,Author,Oliver,Krancher
d9170780-fa22-4ace-8ff3-2ad7c6deea94,d05daa00-c3d6-4a89-ba14-cfd1847fb0cc,Author,Raúl,Pardo
1dfb4a5a-ddaa-4ed1-9cb3-5c08ee5bc358,,Author,Adam,Alami
1817adb2-8420-4846-8510-54daea0731cb,f14f4742-c9d8-4a34-b8e2-d713c3a1f437,Author,Oliver,Krancher
b229df50-d4bf-4435-bb7a-466f73ceba32,,Author,John Paulin,Hansen
19a3ec7a-1fe2-46d2-9e16-00a36352c9bc,,Author,John Paulin,Hansen
ab3d2256-f4af-42ea-bdde-6cdaf250aad9,,Author,Mar,Alaranta
2ceb4af1-4111-4665-b27c-01af54ee8db7,,Author,Mar,Alaranta
f459eb59-6fe3-497c-bd77-310a695e51fb,,Author,Mar,Alaranta
8760a5f0-bb39-4583-8b67-450b9e580b67,,Author,Mar,Alaranta
8760a5f0-bb39-4583-8b67-450b9e580b67,a22e85da-82e3-410d-8ef1-31407362ba19,Author,Louise Harder,Fischer
2fc1effa-4e97-47e9-b88d-91ff05f04f22,e726f512-d3fd-4d89-962a-3aa9f532a52f,Author,Toine,Bogers
413e1b6b-3692-411a-b402-99045240c903,,Author,Magda,Pischetola
b51bc92c-b6fd-4295-9e28-3a32b0a807d4,,Author,Magda,Pischetola
091513bd-fb26-4838-ad2d-51ce2833a6ae,2ef641d0-bd79-425b-8b12-b58d74b993ae,Author,Michael,Szell
d2a3c336-a233-41e3-93ef-284c41e4c760,2ef641d0-bd79-425b-8b12-b58d74b993ae,Author,Michael,Szell
19127cf2-4e19-4393-8d93-864075992cef,,Author,Muhammad,Ali Babar
28b5658b-8c06-49a6-8747-0a18de6e12b9,,Author,Muhammad,Ali Babar
46d67f32-35ac-44c8-9620-4ff2e0ca13da,1abda59f-c493-4824-a7b1-7470d66f08d1,Author,Stefan,Heinrich
68f37b08-8ccb-4ed1-b555-53a4ae79afb5,,Author,Muhammad,Ali Babar
2b1eda8d-ad1a-44cc-9b84-22f3a9121ca4,,Author,Muhammad,Ali Babar
2a1059b0-64d7-4e5f-b4a2-32af326b2af9,,Author,Muhammad,Ali Babar
ed6d28ae-e68a-48de-9ed6-090465b04dfd,,Author,Muhammad,Ali Babar
ed6d28ae-e68a-48de-9ed6-090465b04dfd,,Author,Muhammad Aufeef,Chauhan
44462277-a519-43cb-bace-8d2184bd0ae1,,Author,Muhammad,Ali Babar
44462277-a519-43cb-bace-8d2184bd0ae1,,Author,Mansooreh,Zahedi
ba9de07f-75c3-46e6-b749-6a97e94561ad,,Author,Muhammad,Ali Babar
3b224845-a044-44e1-81d2-2f0429a8d50f,,Author,Muhammad,Ali Babar
3b224845-a044-44e1-81d2-2f0429a8d50f,,Author,Mansooreh,Zahedi
6ebaba16-0b86-40bc-8e97-38f4f2542dbd,,Author,Sarah,Homewood
faf5c9b2-815c-4bc6-868f-ba6e55993f2b,,Author,Teresa,Almeida
3c35d08b-ca56-48e8-9c51-236ad5b435f6,,Author,Teresa,Almeida
13e9b0ae-3f7e-499d-8be6-995c0278b88c,,Author,Teresa,Almeida
5544c80a-01dd-4628-82b8-3ef2c1cdb511,,Author,Teresa,Almeida
3227af59-cfab-403e-8952-59dc684a8857,,Author,Teresa,Almeida
0e529c76-5d8a-4857-b99c-dda14974fe1e,,Author,Teresa,Almeida
cee881ae-7850-48c8-af49-ae9c7ff4d5de,1abda59f-c493-4824-a7b1-7470d66f08d1,Author,Stefan,Heinrich
ee1f44a8-7ea2-452b-981d-b9c898e08265,1abda59f-c493-4824-a7b1-7470d66f08d1,Author,Stefan,Heinrich
9320953a-a3e3-4f23-b053-233a3777beed,4d7fda5a-3cf4-4d39-9daf-1ae192b0e0e7,Author,Rune Møller,Jensen
cf392114-cfe3-43bf-b8d1-5b118253f3a5,,Author,Ahmad Salim,Al-Sibahi
1ea79a5b-31c2-437e-baa7-d4a300e1c496,,Author,Ahmad Salim,Al-Sibahi
1ea79a5b-31c2-437e-baa7-d4a300e1c496,,Author,Aleksandar,Dimovski
1ea79a5b-31c2-437e-baa7-d4a300e1c496,a39b94ff-e1b6-4b96-8404-486167a9123d,Author,Andrzej,Wasowski
d7b4af62-6d8e-4833-b116-2f018c30ee91,,Author,Ahmad Salim,Al-Sibahi
d7b4af62-6d8e-4833-b116-2f018c30ee91,,Author,Aleksandar,Dimovski
d7b4af62-6d8e-4833-b116-2f018c30ee91,a39b94ff-e1b6-4b96-8404-486167a9123d,Author,Andrzej,Wasowski
279e3359-7ec3-4706-9254-fa75979e438d,,Author,Ahmad Salim,Al-Sibahi
279e3359-7ec3-4706-9254-fa75979e438d,,Author,Aleksandar,Dimovski
279e3359-7ec3-4706-9254-fa75979e438d,a39b94ff-e1b6-4b96-8404-486167a9123d,Author,Andrzej,Wasowski
404d2e4b-d22c-43e7-b0ea-8839802df00c,,Author,Ahmad Salim,Al-Sibahi
404d2e4b-d22c-43e7-b0ea-8839802df00c,10003d22-a201-4b64-88e3-b423bc76fcc2,Author,Rasmus Ejlers,Møgelberg
404d2e4b-d22c-43e7-b0ea-8839802df00c,a39b94ff-e1b6-4b96-8404-486167a9123d,Author,Andrzej,Wasowski
1e054600-a425-4d8d-a97c-93dcd93c32d0,a39b94ff-e1b6-4b96-8404-486167a9123d,Author,Andrzej,Wasowski
a30b9df6-bbad-4a06-8e30-b4d2523c71d4,,Author,Ahmad Salim,Al-Sibahi
748e8461-59cd-41c8-96c8-64957a21b308,,Author,Dag,Svanæs
05b6043c-f864-4c8a-acaa-9fa68616ba77,,Author,Dag,Svanæs
2cebd3a0-373a-495d-a9fc-7d2cb4c7dc4c,472021c7-73cc-44ba-a4ef-70cd2bed8601,Author,Thore,Husfeldt
2be1aba3-7ce5-4b96-9b47-51eeafda2cfb,,Author,Roman,Beck
fea959df-5370-484f-92cc-59897c7327e8,,Author,Nico,Wunderlich
0bd66e3e-bc9f-4185-88ad-751b54565429,,Editor,Michael S.,Debus
0bd66e3e-bc9f-4185-88ad-751b54565429,,Author,Miruna,Vozaru
f3d698f9-be84-41b9-b890-2783d9f81a49,,Author,Mads,Frost
f3d698f9-be84-41b9-b890-2783d9f81a49,,Author,Jakob,Bardram
13508f8f-5fd8-4c2d-b5c8-5dec1797ad89,,Author,Paul,Rosero
13508f8f-5fd8-4c2d-b5c8-5dec1797ad89,63342b24-28ec-40c5-a7d9-ec49867dc75d,Author,Pinar,Tözün
735997ee-16a8-4b7b-9886-cc4c68e5df4c,,Author,Paul,Rosero
c7bb80e4-d0ad-46d2-a7bb-dab863b452de,d30b96a8-4f1e-44fa-9bf5-0209bedf0268,Author,Thomas,Hildebrandt
e93cec50-e2c6-4301-9fdb-731825af00d1,,Author,Philippe,Bonnet
e93cec50-e2c6-4301-9fdb-731825af00d1,63342b24-28ec-40c5-a7d9-ec49867dc75d,Author,Pinar,Tözün
6ec8f544-a68c-4ac9-93ed-1a8a1d0cf536,63342b24-28ec-40c5-a7d9-ec49867dc75d,Author,Pinar,Tözün
64bc135f-7034-4191-b5c6-975ba3c36db0,8e5f2a6c-c817-4a90-b48b-d9171743ad0f,Author,Rob,van der Goot
2c83ac10-e410-11de-a523-000ea68e967b,,Author,Rasmus Resen,Amossen
2c83ac10-e410-11de-a523-000ea68e967b,,Author,Rasmus,Pagh
3fc4f96a-1d64-4cf0-97ec-97a7a6c084c8,,Author,Rasmus Resen,Amossen
3fc4f96a-1d64-4cf0-97ec-97a7a6c084c8,,Author,Andrea,Campagna
3fc4f96a-1d64-4cf0-97ec-97a7a6c084c8,,Author,Rasmus,Pagh
cbe5d018-59c0-458f-8405-a38d92e0b3c4,,Author,Rasmus Resen,Amossen
96bcd5b9-5027-4654-9851-48b210bbdf9c,,Author,Rasmus Resen,Amossen
96bcd5b9-5027-4654-9851-48b210bbdf9c,,Author,Rasmus,Pagh
0834bc61-bf12-4be8-88e8-58404935c304,,Author,Rasmus Resen,Amossen
0834bc61-bf12-4be8-88e8-58404935c304,,Author,Andrea,Campagna
0834bc61-bf12-4be8-88e8-58404935c304,,Author,Rasmus,Pagh
319e1efb-739b-40ff-8445-ca8c69c18a51,,Author,Rasmus Resen,Amossen
8f98d3d5-badf-4fcc-8494-026eac4fe68a,bd52cb95-025e-4106-9c13-1345c76dcbfe,Author,Björn Thór,Jónsson
c06bec17-c923-407a-b831-25c6316bd442,bd52cb95-025e-4106-9c13-1345c76dcbfe,Author,Björn Thór,Jónsson
822d3a05-7f07-4a9e-8724-058504f40706,fda8c630-1b0a-4910-ae2a-602850616275,Author,Christoph,Seidl
def1275e-d44f-465c-8a7b-f5682d10c6af,,Author,Sandra,Greiner
def1275e-d44f-465c-8a7b-f5682d10c6af,fda8c630-1b0a-4910-ae2a-602850616275,Author,Christoph,Seidl
cde727af-6072-47c7-ac36-48907b2eae5b,,Author,Philippe,Bonnet
cb39ca19-fd00-44dc-a7d7-6d653e88e46b,,Author,Philippe,Bonnet
7b9e0554-2e5e-4788-a7f4-51e81ffc8537,,Author,Philippe,Bonnet
71ee99a0-50f4-4161-b75e-a0831975ecff,05788d6a-1042-4bf1-8ed7-b11224fb483e,Author,Jonas Haugaard,Jensen
71ee99a0-50f4-4161-b75e-a0831975ecff,5c54c44a-9eaa-4a97-a78a-e853dc73e9d9,Author,Rodrigo Moreno,Garcia
c92586e0-da67-11de-b0f9-000ea68e967b,,Author,Pernille,Bjørn
9eb3df00-97b0-11de-8664-000ea68e967b,47a94200-3abe-4354-b5e3-c8ef6f1ba1f2,Author,Claus,Brabrand
6177d629-75b3-4898-908b-11abfd738446,,Author,Pernille ,Bjørn
12fb5b76-6621-4330-82f7-7a7fab961435,47a94200-3abe-4354-b5e3-c8ef6f1ba1f2,Author,Claus,Brabrand
12fb5b76-6621-4330-82f7-7a7fab961435,,Author,David Raymond,Christiansen
a3159f41-f1f5-45ec-8b98-81bfbd55a917,a39b94ff-e1b6-4b96-8404-486167a9123d,Author,Andrzej,Wasowski
5fb36dbc-12f6-47c0-8723-1ecf86330c95,,Author,Mikkel Hvidtfeldt,Andersen
a8938ee7-f4c9-4f74-8cd7-d6cb9ff3bb6e,,Author,Mikkel Hvidtfeldt,Andersen
b0dbfd53-b4a9-4d69-8c1a-e23830831737,,Author,Mikkel Hvidtfeldt,Andersen
e5f0c10a-93f9-4b60-a946-5423a5be8422,5e271e6a-7a91-47bd-9f12-3b73f4e0d7ac,Author,Patrick,Bahr
36782524-e44d-4f3c-8fd0-48a074574823,,Author,Mikkel Hvidtfeldt,Andersen
0fb7ad2c-941d-4528-abe9-678f761473fe,3dac6e0e-2770-4c5e-b32a-d7750523516f,Author,Jonas Valbjørn,Andersen
ece7ae06-fc4f-45b3-bffd-50f0acfd5c4e,3dac6e0e-2770-4c5e-b32a-d7750523516f,Author,Jonas Valbjørn,Andersen
13fd42f1-482f-47b1-b182-c4360cdfc202,3dac6e0e-2770-4c5e-b32a-d7750523516f,Author,Jonas Valbjørn,Andersen
6237fbe1-44f1-4b99-8d69-61e74c5adda4,3dac6e0e-2770-4c5e-b32a-d7750523516f,Author,Jonas Valbjørn,Andersen
39663a77-13d1-4a12-b855-4170f30192cb,3dac6e0e-2770-4c5e-b32a-d7750523516f,Author,Jonas Valbjørn,Andersen
1bc57c7c-b9f1-4137-836f-a92815a795da,d37cba38-dff2-4c27-a515-226cfadfd849,Author,Jonas,Fritsch
acee5489-bace-4b15-a204-30223e4a980a,f6921641-1f0a-4e24-a3a9-546e3927ab72,Author,Signe Louise,Yndigegn
a87849b8-52ab-491a-ad05-fd69341b0c7a,3dac6e0e-2770-4c5e-b32a-d7750523516f,Author,Jonas Valbjørn,Andersen
f5054eca-e36c-42dc-9a3c-ef9f260c4d77,3dac6e0e-2770-4c5e-b32a-d7750523516f,Author,Jonas Valbjørn,Andersen
c2be36d5-9209-4bd7-8cce-da7b916a5088,3ad26d6b-4619-4a9f-a1b6-8424aab1dd52,Author,Tom,Jenkins
c2be36d5-9209-4bd7-8cce-da7b916a5088,2fa5dc89-7d78-45d0-96c7-e8f39b78dd3e,Author,Anna,Vallgårda
1eeccc6e-b93e-4bce-a628-8b3f95f71bdd,3dac6e0e-2770-4c5e-b32a-d7750523516f,Author,Jonas Valbjørn,Andersen
551f4d3a-85f2-41fe-a7c6-96bb67a54e04,,Author,Mikkel Hvidtfeldt,Andersen
551f4d3a-85f2-41fe-a7c6-96bb67a54e04,,Author,Rikke Gammeltoft,Gerwien
a16928ca-de03-4da4-9990-cdb5e8bf9361,3dac6e0e-2770-4c5e-b32a-d7750523516f,Author,Jonas Valbjørn,Andersen
a16928ca-de03-4da4-9990-cdb5e8bf9361,,Author,Philipp,Hukal
7eaca7f3-c2c9-4f61-90f5-96b0e20b1d56,63342b24-28ec-40c5-a7d9-ec49867dc75d,Author,Pinar,Tözün
ce8939a8-3a78-4f23-84a0-323ae13fbb10,3dac6e0e-2770-4c5e-b32a-d7750523516f,Author,Jonas Valbjørn,Andersen
4b7ccdae-0066-456a-83a9-9647cfc227f8,3dac6e0e-2770-4c5e-b32a-d7750523516f,Author,Jonas Valbjørn,Andersen
027d0cc4-5b8e-4b6e-bc5b-233d8910b96a,efa39e70-a80a-4780-b151-ba31b01726bb,Author,Per B.,Brockhoff
d7466b29-fb2a-42fc-9551-72b02a189f3e,efa39e70-a80a-4780-b151-ba31b01726bb,Author,Per B.,Brockhoff
e1b21609-e39f-4f2a-a1bc-e1a5f63eac72,efa39e70-a80a-4780-b151-ba31b01726bb,Author,Per B.,Brockhoff
91512ad8-8141-452f-9058-ce1b9d0f739c,d37cba38-dff2-4c27-a515-226cfadfd849,Author,Jonas,Fritsch
d2ffbbec-4905-465d-ba1c-157ff722837d,3dac6e0e-2770-4c5e-b32a-d7750523516f,Author,Jonas Valbjørn,Andersen
a7c2f02f-fe15-486b-9f6e-b6e7edd33251,,Author,Luiz Adolfo,Andrade
4dc80ea1-7999-4cc8-8d69-84a767dba719,0a2a2206-180b-4443-bdb7-92deba889221,Author,Leon Y.,Xiao
134adcf8-6d20-4b44-b5ec-b405b31b8fe3,598de448-af84-43c8-9147-6134a63c9b3c,Author,Bent,Flyvbjerg
b856c46c-1976-4644-815c-d7ceea61fc29,a39b94ff-e1b6-4b96-8404-486167a9123d,Author,Andrzej,Wasowski
c9572d10-830d-11dd-b116-000ea68e967b,a39b94ff-e1b6-4b96-8404-486167a9123d,Author,Andrzej,Wasowski
26ebc910-9464-11dd-8006-000ea68e967b,a39b94ff-e1b6-4b96-8404-486167a9123d,Author,Andrzej,Wasowski
3ce92ef0-e4d7-11de-a523-000ea68e967b,a39b94ff-e1b6-4b96-8404-486167a9123d,Author,Andrzej,Wasowski
58e3f530-0283-11df-a523-000ea68e967b,a39b94ff-e1b6-4b96-8404-486167a9123d,Author,Andrzej,Wasowski
8b633ee9-64dc-4f1b-bf08-cd3a4fd0238a,,Author,Muhammad Ali,Babar
f8c67afd-39ec-48f7-bfae-40f18e4c5fa5,1abda59f-c493-4824-a7b1-7470d66f08d1,Author,Stefan,Heinrich
ed910e60-8328-11dd-b75b-000ea68e967b,,Author,John Paulin,Hansen
7b296e9a-ff1f-4497-9938-30671bc42271,,Author,Roman,Beck
7b296e9a-ff1f-4497-9938-30671bc42271,,Author,Christoph,Müller-Bloch
66268415-328d-4921-ab12-513c7f171949,,Author,Roman,Beck
66268415-328d-4921-ab12-513c7f171949,,Author,Christoph,Müller-Bloch
bb44e671-531e-410d-83ec-758e27c760e3,,Author,Roman,Beck
bb44e671-531e-410d-83ec-758e27c760e3,,Author,Christoph,Müller-Bloch
fdefbb26-7425-4345-b9bb-1d54e335268f,fb4b9d17-f1ec-466b-b222-caba06823edc,Author,Mahsa,Varshosaz
084936af-33c6-4df5-8e4a-d0b404e20059,f2136570-f73c-446f-9fb0-6d9e461e2124,Author,Yvonne,Dittrich
08829e8c-56e9-4a6f-910f-9e6ac6a59773,,Author,Jennifer,Villareale
08829e8c-56e9-4a6f-910f-9e6ac6a59773,e383647f-00d3-41b1-ad95-ff69bdfffb42,Author,Jichen,Zhu
1de27b08-b539-4e09-953a-e4f3b13d3862,3dac6e0e-2770-4c5e-b32a-d7750523516f,Author,Jonas Valbjørn,Andersen
25324824-3ede-4c03-a602-d1c933d30ef9,cfb0029a-04d0-4606-810f-bf6d6777171b,Author,Luigi ,Arminio
25324824-3ede-4c03-a602-d1c933d30ef9,1b45e3f5-b8cd-4c0d-a444-2901304f76ee,Author,Luca ,Rossi
cb59c33e-46b4-422e-94a5-a06f8314a5c1,cfb0029a-04d0-4606-810f-bf6d6777171b,Author,Luigi ,Arminio
cb59c33e-46b4-422e-94a5-a06f8314a5c1,1b45e3f5-b8cd-4c0d-a444-2901304f76ee,Author,Luca ,Rossi
f7321162-d170-4943-9ad6-bb8e63405ab8,cfb0029a-04d0-4606-810f-bf6d6777171b,Author,Luigi ,Arminio
f7321162-d170-4943-9ad6-bb8e63405ab8,1b45e3f5-b8cd-4c0d-a444-2901304f76ee,Author,Luca ,Rossi
b8116f32-1f61-4801-af5c-112b60f11a5c,cfb0029a-04d0-4606-810f-bf6d6777171b,Author,Luigi ,Arminio
e00feb30-c91e-4710-8a7d-7abf9dbcd034,857b3b5b-92d4-43b3-861c-d8efbdbe3b16,Author,Omar Shahbaz,Khan
72ffa658-6e3b-462d-9816-941d87548e49,,Author,Jakob Eyvind,Bardram
e81150e5-a96b-47f2-a205-607979ab8936,,Author,Jakob Eyvind,Bardram
36ad0f52-0498-4caa-8312-d920c5c5c0e6,,Author,Jakob Eyvind,Bardram
c5e902bf-f53a-4e07-8198-97bc86fe4e3e,,Author,Jakob,Bardram
7d9c2038-ebf3-4040-a91f-8e39160a0cd6,,Author,Matthew,Skala
403c2298-0923-48ee-a2b9-e96e6765c90a,,Author,Matthew,Skala
8d61c3ea-6ee8-4f88-860f-4596daae75e4,,Author,Miguel Gonzalez,Duque
3162cddb-6a82-47f5-b6b0-9d29c6207244,8ee88b26-8053-4761-8c8d-91a2941a9df9,Author,Raha,Asadi
3162cddb-6a82-47f5-b6b0-9d29c6207244,1dbd1112-eb47-4406-936c-6807e8845610,Author,Oksana,Kulyk
3162cddb-6a82-47f5-b6b0-9d29c6207244,ce1a5350-f645-4a53-a745-fca8d4f1f030,Author,Elda,Paja
1fd19d8f-3acc-469b-82df-875a1e91149c,8ee88b26-8053-4761-8c8d-91a2941a9df9,Author,Raha ,Asadi
8a8532e7-edb3-4d0b-aa91-3b00e1b254c3,,Author,Per Rådberg,Nagbøl
5a7e6e65-71ab-4c77-81e2-d170c5098b6d,,Author,Per Rådberg,Nagbøl
5e681646-c691-4d77-9850-009f7d618c73,2575c800-642d-4984-9c56-41601cf07a26,Author,Søren,Knudsen
90728c42-149d-450b-8a87-f6af9a01ddab,aabb6eb1-afb9-4570-8e8e-4725a423ee5f,Author,Aycan,Aslan
50f1b93e-db5d-4e4c-840b-585938638afe,aabb6eb1-afb9-4570-8e8e-4725a423ee5f,Author,Aycan,Aslan
7faa2f21-151f-4d09-acab-2f999de326ab,aabb6eb1-afb9-4570-8e8e-4725a423ee5f,Author,Aycan,Aslan
8ddd6956-fb45-4b0e-ba12-2360d80d1971,aabb6eb1-afb9-4570-8e8e-4725a423ee5f,Author,Aycan,Aslan
98eb3205-44b5-48d6-8ace-e07232932fa2,aabb6eb1-afb9-4570-8e8e-4725a423ee5f,Author,Aycan,Aslan
34007aeb-f725-4c6b-9121-b839ff67de76,aabb6eb1-afb9-4570-8e8e-4725a423ee5f,Author,Aycan,Aslan
453fbc7b-eabf-454c-b811-f0e8ad5fda4e,aabb6eb1-afb9-4570-8e8e-4725a423ee5f,Author,Aycan,Aslan
2bd43e65-5e35-4e8f-ab77-eb7f00a02920,aabb6eb1-afb9-4570-8e8e-4725a423ee5f,Author,Aycan,Aslan
41d65931-0697-43b9-83dd-52bb40b813fd,aabb6eb1-afb9-4570-8e8e-4725a423ee5f,Author,Aycan,Aslan
b270ca29-9766-4652-8886-2f44177719a2,aabb6eb1-afb9-4570-8e8e-4725a423ee5f,Author,Aycan,Aslan
93e6d752-874b-4845-a746-c7797eb8dfd5,,Author,Noor,Shaker
93e6d752-874b-4845-a746-c7797eb8dfd5,,Author,Georgios N.,Yannakakis
e7d06635-3442-40bd-9855-dd0576f62cdf,,Author,Noor,Shaker
e7d06635-3442-40bd-9855-dd0576f62cdf,,Author,Georgios N.,Yannakakis
28da02c7-6fda-4e9b-8f05-68c9e4b211ae,,Author,Noor,Shaker
28da02c7-6fda-4e9b-8f05-68c9e4b211ae,,Author,Georgios N.,Yannakakis
8e3e4fad-31dc-4a9d-9403-72e7b30462b1,410b0cad-d9fe-48d8-9edc-56ad6eb9c43b,Author,Ratish,Puduppully
26d6bcd6-90e5-4f69-81b3-4f1e3b4d640a,fc57a764-276e-463a-aa68-fa54ffaf31d6,Author,Sergio,Quijano
26d6bcd6-90e5-4f69-81b3-4f1e3b4d640a,9a373ad6-3013-4832-ade1-e3fb60e331b0,Author,Olaya,Álvarez-Tuñón
12901260-9323-4782-865a-f4f0151d04a3,5f52759c-418a-41b7-bbdb-050492677284,Author,Martin,Aumüller
e42c2005-9388-491e-b8dc-2188cd68a1ea,5f52759c-418a-41b7-bbdb-050492677284,Author,Martin,Aumüller
c59e669c-abd9-47e9-bc97-3ae2b692ad9e,5f52759c-418a-41b7-bbdb-050492677284,Author,Martin,Aumüller
c59e669c-abd9-47e9-bc97-3ae2b692ad9e,,Author,Alexander,Faithfull
1136845c-ea3f-4076-8a99-9c86af3cc079,5f52759c-418a-41b7-bbdb-050492677284,Author,Martin,Aumüller
ea56a443-a602-4cc9-88d5-b3544dabeac1,5f52759c-418a-41b7-bbdb-050492677284,Author,Martin,Aumüller
ea56a443-a602-4cc9-88d5-b3544dabeac1,,Author,Tobias Lybecker,Christiani
ea56a443-a602-4cc9-88d5-b3544dabeac1,,Author,Rasmus,Pagh
ea56a443-a602-4cc9-88d5-b3544dabeac1,,Author,Francesco,Silvestri
6cf67c5c-dfc0-417e-a18a-b97725dee504,5f52759c-418a-41b7-bbdb-050492677284,Author,Martin,Aumüller
6cf67c5c-dfc0-417e-a18a-b97725dee504,,Author,Alexander,Faithfull
42df4cfd-992e-45fa-89ba-2653904b149b,5f52759c-418a-41b7-bbdb-050492677284,Author,Martin,Aumüller
42df4cfd-992e-45fa-89ba-2653904b149b,,Author,Matteo,Ceccarello
989f6501-78f9-4ce1-ad61-61baa00ece82,5f52759c-418a-41b7-bbdb-050492677284,Author,Martin,Aumüller
5357f8c6-75e6-4e58-9516-49392bbe1e34,5f52759c-418a-41b7-bbdb-050492677284,Author,Martin,Aumüller
5357f8c6-75e6-4e58-9516-49392bbe1e34,,Author,Matteo,Ceccarello
b7839de0-0ab0-4683-adc9-7ef088229d27,5f52759c-418a-41b7-bbdb-050492677284,Author,Martin,Aumüller
b7839de0-0ab0-4683-adc9-7ef088229d27,,Author,Rasmus,Pagh
e2040632-f8d3-4a77-9c92-2aa37204aab7,5f52759c-418a-41b7-bbdb-050492677284,Author,Martin,Aumüller
df94bc0c-ec7f-4976-b35e-f89c5dc3a69a,5f52759c-418a-41b7-bbdb-050492677284,Author,Martin,Aumüller
5d9a349e-c59c-4405-aa16-7911c335284d,5f52759c-418a-41b7-bbdb-050492677284,Author,Martin,Aumüller
87cad4c0-0cbb-463e-a1ec-56af0f1092e3,5f52759c-418a-41b7-bbdb-050492677284,Author,Martin,Aumüller
d16af727-dfd3-4bec-a349-9bf16a4a9a65,5f52759c-418a-41b7-bbdb-050492677284,Author,Martin,Aumüller
d16af727-dfd3-4bec-a349-9bf16a4a9a65,,Author,Rasmus,Pagh
cbf5feb8-e86a-4b7b-888c-c6f0d762edbb,5f52759c-418a-41b7-bbdb-050492677284,Author,Martin,Aumüller
cbf5feb8-e86a-4b7b-888c-c6f0d762edbb,,Author,Rasmus,Pagh
cbf5feb8-e86a-4b7b-888c-c6f0d762edbb,a0e31b8c-3d9c-4b68-834d-d4c06914b69f,Author,Christian Janos,Lebeda
c3cfa9b9-6ea4-45db-9111-e9374b49571a,5f52759c-418a-41b7-bbdb-050492677284,Author,Martin,Aumüller
c3cfa9b9-6ea4-45db-9111-e9374b49571a,,Author,Matteo,Ceccarello
f4f6c1a0-35f6-41d1-861c-90d500bf3f38,5f52759c-418a-41b7-bbdb-050492677284,Author,Martin,Aumüller
f4f6c1a0-35f6-41d1-861c-90d500bf3f38,,Author,Matti,Karppa
f4f6c1a0-35f6-41d1-861c-90d500bf3f38,,Author,Rasmus,Pagh
d90d723a-ad7a-414f-9704-ed3b9a01c86f,5f52759c-418a-41b7-bbdb-050492677284,Author,Martin,Aumüller
d90d723a-ad7a-414f-9704-ed3b9a01c86f,,Author,Rasmus,Pagh
f58e4759-09e5-413f-a7ac-378039ff9626,5f52759c-418a-41b7-bbdb-050492677284,Author,Martin,Aumüller
f58e4759-09e5-413f-a7ac-378039ff9626,,Author,Rasmus,Pagh
d6c12c8d-7ee3-459b-8c68-1e2b2c124677,5f52759c-418a-41b7-bbdb-050492677284,Author,Martin,Aumüller
712c9f90-b7b3-4ca3-91ed-b67ac1ed9a45,5f52759c-418a-41b7-bbdb-050492677284,Author,Martin,Aumüller
712c9f90-b7b3-4ca3-91ed-b67ac1ed9a45,a0e31b8c-3d9c-4b68-834d-d4c06914b69f,Author,Christian Janos,Lebeda
712c9f90-b7b3-4ca3-91ed-b67ac1ed9a45,,Author,Rasmus,Pagh
2f614a4d-55e3-41c3-9da4-2e24956ea893,5f52759c-418a-41b7-bbdb-050492677284,Author,Martin,Aumüller
2f614a4d-55e3-41c3-9da4-2e24956ea893,857b3b5b-92d4-43b3-861c-d8efbdbe3b16,Author,Omar Shahbaz,Khan
2f614a4d-55e3-41c3-9da4-2e24956ea893,bd52cb95-025e-4106-9c13-1345c76dcbfe,Author,Björn Thór,Jónsson
6e176300-1ba4-4205-a92a-6a045965e666,5f52759c-418a-41b7-bbdb-050492677284,Author,Martin,Aumüller
d71616e7-7500-4871-9598-495ab85000e8,5f52759c-418a-41b7-bbdb-050492677284,Author,Martin,Aumüller
20239d14-6dff-4b27-bd57-f85484104308,5f52759c-418a-41b7-bbdb-050492677284,Author,Martin,Aumüller
7b976781-3778-4e70-89ab-008192d63047,5f52759c-418a-41b7-bbdb-050492677284,Author,Martin,Aumüller
7b976781-3778-4e70-89ab-008192d63047,a0e31b8c-3d9c-4b68-834d-d4c06914b69f,Author,Christian Janos,Lebeda
7b976781-3778-4e70-89ab-008192d63047,,Author,Rasmus,Pagh
fa1f9509-fddd-4c92-b623-61ae0817429f,5f52759c-418a-41b7-bbdb-050492677284,Author,Martin,Aumüller
fa1f9509-fddd-4c92-b623-61ae0817429f,,Author,Francesco,Silvestri
bb6ede3d-4cf9-4369-a92e-883ff6d4c424,,Author,Jose,Abdelnour Nocera
a9aa81a0-63f0-49dd-b287-2680140a8dc9,,Author,Ioana O.,Bercea
a9aa81a0-63f0-49dd-b287-2680140a8dc9,3f05e4ce-6433-4c5a-b72c-aa89422cf431,Author,Nutan,Limaye
6b864f09-53e4-442f-8f88-f3207177aa24,,Author,Roman,Beck
7b69f6b0-832a-11dd-b75b-000ea68e967b,,Author,Anders,Tychsen
c8b32940-832b-11dd-b75b-000ea68e967b,,Author,Anders,Tychsen
81afa465-a8c8-4be6-b513-98766f9a8f76,410df04c-bc1d-4cd3-9726-c35469ddab8c,Author,Aske,Mottelson
6923c60b-1cde-4d6b-8580-37965a9df780,2575c800-642d-4984-9c56-41601cf07a26,Author,Søren,Knudsen
378bb997-96cb-4be8-938b-3deb9eacb4cd,d3b41838-e2bf-4735-b1cd-03f60b49c7e5,Author,Søren,Debois
378bb997-96cb-4be8-938b-3deb9eacb4cd,,Author,Tijs,Slaats
489cd169-736e-4a7d-9d6b-861e0da52d07,22ec9269-2fff-4dbf-a9c7-5037559a15ee,Author,Anders Sundnes,Løvlie
489cd169-736e-4a7d-9d6b-861e0da52d07,,Author,Karin,Ryding
489cd169-736e-4a7d-9d6b-861e0da52d07,,Author,Tim,Wray
de23a365-b22d-4ceb-a1b7-5f3d4408fda2,d3b41838-e2bf-4735-b1cd-03f60b49c7e5,Author,Søren,Debois
58189fd5-b4fe-4f98-89cb-e616e078a057,44c88dce-966d-46f3-88a8-2014e39197b9,Author,Hans-Joachim,Backe
48680004-6e00-4db9-bdca-86e1c55df825,44c88dce-966d-46f3-88a8-2014e39197b9,Author,Hans-Joachim,Backe
238b6c36-50a0-4d87-83da-d616a6b1c3c9,44c88dce-966d-46f3-88a8-2014e39197b9,Author,Hans-Joachim,Backe
4930b089-b0ae-43e7-98f5-86e97132fd04,44c88dce-966d-46f3-88a8-2014e39197b9,Author,Hans-Joachim,Backe
73b79c0a-da37-47d7-a50e-b98e5233872d,44c88dce-966d-46f3-88a8-2014e39197b9,Author,Hans-Joachim,Backe
0634d25c-5986-4725-ac3a-758bf2218954,44c88dce-966d-46f3-88a8-2014e39197b9,Author,Hans-Joachim,Backe
0634d25c-5986-4725-ac3a-758bf2218954,,Author,Espen,Aarseth
ab2a6378-c8b3-4577-98ff-b9bbf21f2096,44c88dce-966d-46f3-88a8-2014e39197b9,Author,Hans-Joachim,Backe
f606a819-2a04-4d82-bfff-eb02f0d1402e,44c88dce-966d-46f3-88a8-2014e39197b9,Author,Hans-Joachim,Backe
ebf5014f-4e6b-4d64-8223-74ef757a42a8,44c88dce-966d-46f3-88a8-2014e39197b9,Author,Hans-Joachim,Backe
82591c5c-0b91-4a2f-82cc-3f207924a842,44c88dce-966d-46f3-88a8-2014e39197b9,Author,Hans-Joachim,Backe
e7b775cb-955b-4cce-9d24-726a92a5873d,44c88dce-966d-46f3-88a8-2014e39197b9,Author,Hans-Joachim,Backe
5b5eaa4f-af70-46b7-bffd-711fe304a7e4,44c88dce-966d-46f3-88a8-2014e39197b9,Author,Hans-Joachim,Backe
7d36ee80-b11d-42b4-84ad-02fe8af9de27,44c88dce-966d-46f3-88a8-2014e39197b9,Author,Hans-Joachim,Backe
a4313d20-d3be-42a8-be03-625889e7f682,44c88dce-966d-46f3-88a8-2014e39197b9,Author,Hans-Joachim,Backe
473a757c-898a-4263-813f-614e3ededcea,44c88dce-966d-46f3-88a8-2014e39197b9,Author,Hans-Joachim,Backe
b941c72a-1740-4e9c-863b-83ec8ae6f01e,44c88dce-966d-46f3-88a8-2014e39197b9,Author,Hans-Joachim,Backe
9ff6cdfc-6662-426b-b29d-0e8ca127335c,44c88dce-966d-46f3-88a8-2014e39197b9,Author,Hans-Joachim,Backe
79e2f96d-1aec-472c-aab3-96f978bfae27,44c88dce-966d-46f3-88a8-2014e39197b9,Author,Hans-Joachim,Backe
c2fb23af-9dc3-4f55-ae97-15d802492d4f,44c88dce-966d-46f3-88a8-2014e39197b9,Editor,Hans-Joachim,Backe
6e3d5f24-28db-4db6-85ac-db700c744fc7,44c88dce-966d-46f3-88a8-2014e39197b9,Author,Hans-Joachim,Backe
f506c1d6-510c-4f4c-b8c9-887eaee5076e,44c88dce-966d-46f3-88a8-2014e39197b9,Author,Hans-Joachim,Backe
36f26557-22e8-483d-9c09-af7400a7b256,44c88dce-966d-46f3-88a8-2014e39197b9,Author,Hans-Joachim,Backe
9a99ef9c-f84f-4ce9-95f5-c1973bf2c73a,44c88dce-966d-46f3-88a8-2014e39197b9,Author,Hans-Joachim,Backe
0125dab4-e230-4cdc-aa33-2ecfdd56f2df,44c88dce-966d-46f3-88a8-2014e39197b9,Author,Hans-Joachim,Backe
cf1cd5c2-ffe9-4bd5-92a5-20a592875cdb,44c88dce-966d-46f3-88a8-2014e39197b9,Author,Hans-Joachim,Backe
d6e3bc30-c4da-4065-a14e-03cf2f658da2,44c88dce-966d-46f3-88a8-2014e39197b9,Editor,Hans-Joachim,Backe
29e2f29f-4dcc-41ef-b365-b3315b5106d2,44c88dce-966d-46f3-88a8-2014e39197b9,Author,Hans-Joachim,Backe
b57eac18-d54e-42dd-8230-d3722a7be285,44c88dce-966d-46f3-88a8-2014e39197b9,Author,Hans-Joachim,Backe
90103501-fb20-4f5d-82e7-490cb7401298,44c88dce-966d-46f3-88a8-2014e39197b9,Author,Hans-Joachim,Backe
7c063575-ff2e-4993-965a-a6a5f346066f,44c88dce-966d-46f3-88a8-2014e39197b9,Author,Hans-Joachim,Backe
66576d70-de06-49ea-8107-4689513fed76,44c88dce-966d-46f3-88a8-2014e39197b9,Author,Hans-Joachim,Backe
6fd727bd-24f0-4ad3-a6cb-266b825006eb,44c88dce-966d-46f3-88a8-2014e39197b9,Author,Hans-Joachim,Backe
c5acf7ee-46de-45a2-9a74-2b4913b41091,44c88dce-966d-46f3-88a8-2014e39197b9,Author,Hans-Joachim,Backe
3e88c140-b937-4ede-9c90-e09d906b5b44,44c88dce-966d-46f3-88a8-2014e39197b9,Author,Hans-Joachim,Backe
de14870b-a040-4739-b79b-6d85e226d655,44c88dce-966d-46f3-88a8-2014e39197b9,Author,Hans-Joachim,Backe
1cd62955-283f-44ba-a552-a999bac35164,44c88dce-966d-46f3-88a8-2014e39197b9,Author,Hans-Joachim,Backe
5c901e99-8d71-4004-8817-e8cfc6c49c2c,44c88dce-966d-46f3-88a8-2014e39197b9,Author,Hans-Joachim,Backe
adbb41b8-10d3-4217-bc60-f563bce0ac06,44c88dce-966d-46f3-88a8-2014e39197b9,Author,Hans-Joachim,Backe
e29890bf-b064-4a64-84c0-c390198abd22,44c88dce-966d-46f3-88a8-2014e39197b9,Author,Hans-Joachim,Backe
0c3eb18b-0b60-4b5e-bbf2-8a6e4a33ad7d,44c88dce-966d-46f3-88a8-2014e39197b9,Author,Hans-Joachim,Backe
1acb7420-343e-4d3a-b330-68addaacf908,44c88dce-966d-46f3-88a8-2014e39197b9,Author,Hans-Joachim,Backe
979d5c14-2e81-4709-8be0-eae2da1b6c82,44c88dce-966d-46f3-88a8-2014e39197b9,Author,Hans-Joachim,Backe
5ed40d6b-bfde-48e0-8bf3-e9bbab74c50a,44c88dce-966d-46f3-88a8-2014e39197b9,Author,Hans-Joachim,Backe
64ed6973-2d80-4d00-92f6-9234d529b061,44c88dce-966d-46f3-88a8-2014e39197b9,Author,Hans-Joachim,Backe
8b5ceecf-94dd-4a19-927d-4da84823476b,44c88dce-966d-46f3-88a8-2014e39197b9,Author,Hans-Joachim,Backe
8c62b072-036c-40b6-9b76-e0fe8c0f1d9f,44c88dce-966d-46f3-88a8-2014e39197b9,Author,Hans-Joachim,Backe
66ec3fb7-6097-4510-aee3-62d8a9ecd4c7,44c88dce-966d-46f3-88a8-2014e39197b9,Author,Hans-Joachim,Backe
7912b880-20ac-4e91-b3b5-e24eb92b5b17,44c88dce-966d-46f3-88a8-2014e39197b9,Author,Hans-Joachim,Backe
10703363-0621-4c2c-8f81-9978cc443a49,44c88dce-966d-46f3-88a8-2014e39197b9,Author,Hans-Joachim,Backe
9aec6a6f-4dc2-4182-b828-ec2b933dc9b5,,Author,Oliver,Müller
45bc7c94-474f-4935-ba8e-a18946a5599f,,Author,Oliver,Müller
64523776-2247-465f-88c4-9ea9da21222f,,Author,Byung-Chull,Bae
64523776-2247-465f-88c4-9ea9da21222f,,Author,Yun-Gyung,Cheong
d88f3f11-4d28-4e33-8692-c27524e8821e,,Author,Byung-Chull,Bae
d88f3f11-4d28-4e33-8692-c27524e8821e,,Author,Yun-Gyung,Cheong
2918b9bd-3f90-4221-b5e6-86986a5cea36,,Author,Byung Chull,Bae
60082439-f1fe-48cb-8caf-aa4347c309ed,,Author,Byung Chull,Bae
60082439-f1fe-48cb-8caf-aa4347c309ed,,Author,Yun-Gyung,Cheong
60082439-f1fe-48cb-8caf-aa4347c309ed,,Author,Daniel,Vella
5b7a94f7-f84e-4a05-a772-d0e35d5c772e,,Author,Naveen L.,Bagalkot
5b7a94f7-f84e-4a05-a772-d0e35d5c772e,,Author,Tomas,Sokoler
119482a8-4f36-4baf-915d-9e0bfff95c80,,Author,Naveen L.,Bagalkot
119482a8-4f36-4baf-915d-9e0bfff95c80,,Author,Tomas,Sokoler
5eb3f006-f473-405d-a723-a54a5c8bd8bc,,Author,Naveen L.,Bagalkot
5eb3f006-f473-405d-a723-a54a5c8bd8bc,,Author,Elena,Nazzi
5eb3f006-f473-405d-a723-a54a5c8bd8bc,,Author,Tomas,Sokoler
5c41ecdf-6c37-4f97-8448-7813508cf5de,,Author,Naveen L.,Bagalkot
5c41ecdf-6c37-4f97-8448-7813508cf5de,,Author,Tomas,Sokoler
bcddb52c-d1ea-4e75-b213-c01c72e25294,,Author,Naveen L.,Bagalkot
bcddb52c-d1ea-4e75-b213-c01c72e25294,,Author,Elena,Nazzi
bcddb52c-d1ea-4e75-b213-c01c72e25294,,Author,Tomas,Sokoler
4f11eeb0-f278-4514-a3fe-bbf7ae8f738e,,Author,Naveen L.,Bagalkot
4f11eeb0-f278-4514-a3fe-bbf7ae8f738e,,Author,Tomas,Sokoler
2d4cfade-0ce1-447a-b66f-4725fde30103,,Author,Naveen L.,Bagalkot
2d4cfade-0ce1-447a-b66f-4725fde30103,,Author,Tomas,Sokoler
a5d27be4-c8ae-4127-8fbe-c881b00d3122,,Author,Naveen L.,Bagalkot
a5d27be4-c8ae-4127-8fbe-c881b00d3122,,Author,Peter,Lutz
45b5fcf8-7f76-4556-af4d-686f484c5a4b,,Author,Naveen L.,Bagalkot
45b5fcf8-7f76-4556-af4d-686f484c5a4b,1e0534b4-fe3e-4c5e-ad6d-5f1c7df6a14e,Author,Erik,Gronvall
45b5fcf8-7f76-4556-af4d-686f484c5a4b,,Author,Tomas,Sokoler
6555d8e9-01a8-4849-8942-fbcc03bdb137,,Author,Tomas,Sokoler
bdb819d2-c56f-4b9e-9540-b0e6de31eee0,,Author,Naveen L.,Bagalkot
bdb819d2-c56f-4b9e-9540-b0e6de31eee0,,Author,Tomas,Sokoler
e75fd33e-aba4-40d5-9776-fc4ed8d80e87,,Author,Tomas,Sokoler
bf3e5fb8-91c9-4064-a567-8ef9e8fa284d,,Author,Tomas,Sokoler
7df834c0-92e1-4036-a890-0ab71db5b67c,,Author,Tomas,Sokoler
10970aeb-3e74-41c0-b7bc-76c5f71cf6f0,,Author,Naveen L.,Bagalkot
bad4a5de-2269-42c0-a6d5-e413e8aee706,857b3b5b-92d4-43b3-861c-d8efbdbe3b16,Author,Omar Shahbaz,Khan
bad4a5de-2269-42c0-a6d5-e413e8aee706,bd52cb95-025e-4106-9c13-1345c76dcbfe,Author,Björn Thór,Jónsson
f094aa69-aad5-4aaf-8965-401bcdaaa755,5e271e6a-7a91-47bd-9f12-3b73f4e0d7ac,Author,Patrick,Bahr
82d1ce2a-bec4-4c94-b94a-44935998e90b,5e271e6a-7a91-47bd-9f12-3b73f4e0d7ac,Author,Patrick,Bahr
3dde1e9d-6690-4272-bc3e-7f05c5ec47bb,5e271e6a-7a91-47bd-9f12-3b73f4e0d7ac,Author,Patrick,Bahr
9a5eeee0-4cba-4f56-91a2-0419d4aa4904,5e271e6a-7a91-47bd-9f12-3b73f4e0d7ac,Author,Patrick,Bahr
fae067ce-9404-43c6-99c8-a92b47fb3caa,5e271e6a-7a91-47bd-9f12-3b73f4e0d7ac,Author,Patrick,Bahr
4f28adee-dd2d-41be-9bfe-9b0504f4a5ab,5e271e6a-7a91-47bd-9f12-3b73f4e0d7ac,Author,Patrick,Bahr
412694fc-2b9f-42bf-aff0-f03765e98441,5e271e6a-7a91-47bd-9f12-3b73f4e0d7ac,Author,Patrick,Bahr
32c0da61-f87a-4d53-a39c-d10fb03871db,5e271e6a-7a91-47bd-9f12-3b73f4e0d7ac,Author,Patrick,Bahr
c094ed82-c407-4248-806f-d91ea7dffacc,5e271e6a-7a91-47bd-9f12-3b73f4e0d7ac,Author,Patrick,Bahr
336ac564-971e-4bde-b58a-aa0a5e7f2a32,5e271e6a-7a91-47bd-9f12-3b73f4e0d7ac,Author,Patrick,Bahr
9572c41d-add7-4ab8-9887-3864f622a8da,5e271e6a-7a91-47bd-9f12-3b73f4e0d7ac,Author,Patrick,Bahr
e514c37b-19c0-4585-8bd1-350394457123,5e271e6a-7a91-47bd-9f12-3b73f4e0d7ac,Author,Patrick,Bahr
f9c7e521-c823-422e-8eb9-868d2f09448d,5e271e6a-7a91-47bd-9f12-3b73f4e0d7ac,Author,Patrick,Bahr
62dd2128-ae01-4012-a175-a0100a318d61,5e271e6a-7a91-47bd-9f12-3b73f4e0d7ac,Author,Patrick,Bahr
8c0b56b3-3f10-4138-aae5-b3d287ce8c30,5e271e6a-7a91-47bd-9f12-3b73f4e0d7ac,Author,Patrick,Bahr
12dd08db-9ee0-4760-b130-980597f45777,5e271e6a-7a91-47bd-9f12-3b73f4e0d7ac,Author,Patrick,Bahr
8ab32989-c014-4484-978d-36ba40c164dc,5e271e6a-7a91-47bd-9f12-3b73f4e0d7ac,Author,Patrick,Bahr
a08bc9c8-6e84-4327-837a-23b533866b9b,5e271e6a-7a91-47bd-9f12-3b73f4e0d7ac,Author,Patrick,Bahr
72dfbdbc-f7cc-4d48-9723-3cea438c89a3,5e271e6a-7a91-47bd-9f12-3b73f4e0d7ac,Author,Patrick,Bahr
e99510c3-ea3d-4f88-be54-e221ccc5c671,5e271e6a-7a91-47bd-9f12-3b73f4e0d7ac,Author,Patrick,Bahr
b7c372aa-fbc0-481d-b367-b029a8d7c774,5e271e6a-7a91-47bd-9f12-3b73f4e0d7ac,Author,Patrick,Bahr
0fc840ce-68a2-438e-9a59-670872afeed1,5e271e6a-7a91-47bd-9f12-3b73f4e0d7ac,Author,Patrick,Bahr
ee519b3e-1814-4e48-bcf2-aca21453000d,5e271e6a-7a91-47bd-9f12-3b73f4e0d7ac,Author,Patrick,Bahr
3b6b9080-03bc-42d1-aac5-d6ae5413e329,5e271e6a-7a91-47bd-9f12-3b73f4e0d7ac,Author,Patrick,Bahr
3b6b9080-03bc-42d1-aac5-d6ae5413e329,10003d22-a201-4b64-88e3-b423bc76fcc2,Author,Rasmus Ejlers,Møgelberg
6f4b4499-b1df-402c-b962-1ab0ba9a4d1d,5e271e6a-7a91-47bd-9f12-3b73f4e0d7ac,Author,Patrick,Bahr
c96e7a12-6a40-41e9-b92c-6a0093acea45,5e271e6a-7a91-47bd-9f12-3b73f4e0d7ac,Author,Patrick,Bahr
12439699-8505-496e-8aaf-73590fe86131,5e271e6a-7a91-47bd-9f12-3b73f4e0d7ac,Author,Patrick,Bahr
12439699-8505-496e-8aaf-73590fe86131,,Author,Bassel,Mannaa
12439699-8505-496e-8aaf-73590fe86131,10003d22-a201-4b64-88e3-b423bc76fcc2,Author,Rasmus Ejlers,Møgelberg
e23f5194-f63a-417d-95f1-6995d1e48973,5e271e6a-7a91-47bd-9f12-3b73f4e0d7ac,Author,Patrick,Bahr
69cb3ec2-c472-47e3-8eb9-08b5a6ed43ed,5e271e6a-7a91-47bd-9f12-3b73f4e0d7ac,Author,Patrick,Bahr
69cb3ec2-c472-47e3-8eb9-08b5a6ed43ed,,Author,Christian Uldal,Graulund
69cb3ec2-c472-47e3-8eb9-08b5a6ed43ed,10003d22-a201-4b64-88e3-b423bc76fcc2,Author,Rasmus Ejlers,Møgelberg
b4eb29bf-4332-4676-a7c8-2899ab01b5b4,5e271e6a-7a91-47bd-9f12-3b73f4e0d7ac,Author,Patrick,Bahr
f57dac1e-2437-41b9-b7a7-2f50ead52087,5e271e6a-7a91-47bd-9f12-3b73f4e0d7ac,Author,Patrick,Bahr
f57dac1e-2437-41b9-b7a7-2f50ead52087,,Author,Christian Uldal,Graulund
f57dac1e-2437-41b9-b7a7-2f50ead52087,10003d22-a201-4b64-88e3-b423bc76fcc2,Author,Rasmus Ejlers,Møgelberg
31885823-95cc-4b43-af63-52694ba86668,5e271e6a-7a91-47bd-9f12-3b73f4e0d7ac,Author,Patrick,Bahr
8551f92a-41df-407a-8fa6-9c1f0a28d7fd,5e271e6a-7a91-47bd-9f12-3b73f4e0d7ac,Author,Patrick,Bahr
1724cb60-d855-4aa5-80a0-c66076c25140,5e271e6a-7a91-47bd-9f12-3b73f4e0d7ac,Author,Patrick,Bahr
1724cb60-d855-4aa5-80a0-c66076c25140,10003d22-a201-4b64-88e3-b423bc76fcc2,Author,Rasmus Ejlers,Møgelberg
67f49495-d2dc-481e-b7e0-ae551bc091be,5e271e6a-7a91-47bd-9f12-3b73f4e0d7ac,Author,Patrick,Bahr
1a301061-af0b-4827-87e1-c4029c77b934,5e271e6a-7a91-47bd-9f12-3b73f4e0d7ac,Author,Patrick,Bahr
e4685b7a-ab6a-454e-b673-7d43a990459d,5e271e6a-7a91-47bd-9f12-3b73f4e0d7ac,Author,Patrick,Bahr
f4331328-2f9d-493b-b0d4-440234d0fbcf,5e271e6a-7a91-47bd-9f12-3b73f4e0d7ac,Author,Patrick ,Bahr
f17d0378-6f2f-4e31-b97c-fee90897f60b,5e271e6a-7a91-47bd-9f12-3b73f4e0d7ac,Editor,Patrick,Bahr
85c9e986-a2ce-4700-9c89-fbe408829319,5e271e6a-7a91-47bd-9f12-3b73f4e0d7ac,Editor,Patrick,Bahr
f7af16a4-ad27-4cf0-940e-678f93955668,5e271e6a-7a91-47bd-9f12-3b73f4e0d7ac,Author,Patrick,Bahr
d05a95b5-5069-4dd9-89e4-c8df3a2e5114,f2136570-f73c-446f-9fb0-6d9e461e2124,Editor,Yvonne,Dittrich
14ee3e21-17d9-44f4-981a-11aa1d17f219,,Author,Stina Hasse,Jørgensen
f7e869d8-ec19-4dfe-93e6-299b41f15548,a22e85da-82e3-410d-8ef1-31407362ba19,Author,Louise Harder,Fischer
5a9c680a-aaa6-4b98-93ea-ad96733cdeef,a39b94ff-e1b6-4b96-8404-486167a9123d,Author,Andrzej,Wasowski
482b2ead-5c6a-49f4-a467-e69b8cbb6e43,a39b94ff-e1b6-4b96-8404-486167a9123d,Author,Andrzej,Wasowski
2d90d17f-26a3-4009-8545-6d9bb19694a1,,Author,Sebastian HOlt,Bak
2d90d17f-26a3-4009-8545-6d9bb19694a1,,Author,Nina,Rask
2d90d17f-26a3-4009-8545-6d9bb19694a1,a420ffb3-2ca6-4925-a25f-baaa5228fc15,Author,Sebastian,Risi
465c16fb-28c6-4a02-b84b-5d8d7b62d2c9,a39b94ff-e1b6-4b96-8404-486167a9123d,Author,Andrzej,Wasowski
a250efb0-e0f5-466a-a27e-af947b328269,a39b94ff-e1b6-4b96-8404-486167a9123d,Author,Andrzej,Wasowski
95807fbc-2a9c-4ef5-b54b-339f3c72d579,4e33d926-364b-47b8-97d7-409c16b62db9,Author,Vasiliki,Baka
2c1f65a1-a530-460d-8912-5c43ad8239c6,4e33d926-364b-47b8-97d7-409c16b62db9,Author,Vasiliki,Baka
bd84b0c2-af57-4f3b-9a07-5fc648213591,4e33d926-364b-47b8-97d7-409c16b62db9,Author,Vasiliki,Baka
c0e6cd1b-0f54-4303-ad88-580abb79c49a,4e33d926-364b-47b8-97d7-409c16b62db9,Author,Vasiliki,Baka
7fdfc64f-2aca-4598-96ae-c2a838a5bf57,4e33d926-364b-47b8-97d7-409c16b62db9,Author,Vasiliki,Baka
90089393-85c2-4893-80eb-2cbdf3ffa8b0,4e33d926-364b-47b8-97d7-409c16b62db9,Author,Vasiliki,Baka
08688847-6b6e-412b-b6a2-c7093df9310f,4e33d926-364b-47b8-97d7-409c16b62db9,Author,Vasiliki,Baka
a3d54235-0404-4955-9fdc-796ef2a94e9e,4e33d926-364b-47b8-97d7-409c16b62db9,Author,Vasiliki,Baka
eec49781-e8ca-4834-a375-3d1fd6e18cee,4e33d926-364b-47b8-97d7-409c16b62db9,Author,Vasiliki,Baka
451bbd58-6004-4d65-b8e6-e6bc1e7c1ad4,4e33d926-364b-47b8-97d7-409c16b62db9,Author,Vasiliki,Baka
a2f5be8c-fb31-4e84-aec7-d1579fa3d1a3,4e33d926-364b-47b8-97d7-409c16b62db9,Author,Vasiliki ,Baka
a2f5be8c-fb31-4e84-aec7-d1579fa3d1a3,54728da8-274d-40e6-b119-23318d995721,Author,Hanne Westh,Nicolajsen
a2f5be8c-fb31-4e84-aec7-d1579fa3d1a3,1052b289-f510-4c5a-9662-2db48c12ebc2,Author,Lene ,Nielsen
a2f5be8c-fb31-4e84-aec7-d1579fa3d1a3,528393a3-e784-47a8-85be-c81d44c393bd,Author,Sanna,Marttila
7876e63a-b3ce-4904-aa63-f90e0ccec24c,528393a3-e784-47a8-85be-c81d44c393bd,Author,Sanna-Maria,Marttila
7876e63a-b3ce-4904-aa63-f90e0ccec24c,,Author,Joanna,Saad-Sulonen
df76431d-1d74-4578-8ce8-55a15ee00993,,Author,Frederik,Bakkerud
0ee3c0e7-008e-44cd-94ca-ab5f7b5d1312,,Author,Frederik,Bakkerud
e29df7d1-e939-43d3-9f38-b97d983e730d,,Author,Christoph,Mueller-Bloch
c2eea90b-4567-4d1d-82a4-884e17ac5537,3f05e4ce-6433-4c5a-b72c-aa89422cf431,Author,Nutan,Limaye
c6c39c0d-f7f7-47f4-8db0-abea311af5e5,,Editor,Brit Ross,Winthereik
5735723c-6323-4e0d-9806-45415a6fa6db,,Author,Brit Ross,Winthereik
a5dc8412-a1b4-45e0-a04e-4ad14589fce8,ab7600cd-0bd2-4d86-9def-2c6fd1ade1c5,Author,Eva,Rotenberg
0f4ec58a-7c62-4234-a8e7-a96578c6d0b4,1b45e3f5-b8cd-4c0d-a444-2901304f76ee,Author,Luca,Rossi
0f4ec58a-7c62-4234-a8e7-a96578c6d0b4,,Author,Irina,Shklovski
a6b082c0-83fb-4f3d-940b-c880f0187595,63342b24-28ec-40c5-a7d9-ec49867dc75d,Author,Pinar,Tözün
4370e35f-7e7b-4cfc-a9e0-f9a4229ed72b,e726f512-d3fd-4d89-962a-3aa9f532a52f,Author,Toine,Bogers
52703947-7924-4756-9a07-f5c65a64189d,02960d47-7677-4b2c-99d4-490a31fd6885,Author,Mircea,Lungu
24cc0a7c-3c44-497d-87d6-f927ac22e359,6aed9698-9a0c-4956-be0d-ec658bbfe09a,Author,Luca Maria,Aiello
e3dab46b-cfff-4b54-b508-28e489dbf40e,,Author,Pernille ,Bjørn
87dd3ceb-96f7-46b5-83ae-07fa8aa4e5d5,3ec363e3-83f0-4dd8-9b2d-b87a7d34dc55,Author,Eleni Tzirita,Zacharatou
2028656b-0c74-4c2e-8d41-a8f50e8f8d86,,Author,Oliver,Müller
522e05a5-825c-4d18-83f3-488d8cc9afc4,,Author,Matthew,Skala
ab490dfd-c806-4e18-b58c-b4c3b68319cd,63342b24-28ec-40c5-a7d9-ec49867dc75d,Author,Pinar,Tözün
c5e6c3c6-fee2-48eb-86dc-9c4212ad6b4d,63342b24-28ec-40c5-a7d9-ec49867dc75d,Author,Pinar,Tözün
6b99a510-889c-11dd-8006-000ea68e967b,,Author,Jakob Eyvind,Bardram
829adb20-d00a-11dd-a259-000ea68e967b,,Author,Jakob,Bardram
4104f8a0-d00d-11dd-a259-000ea68e967b,,Author,Jakob,Bardram
d77547d0-d00e-11dd-a259-000ea68e967b,,Author,Jakob,Bardram
ea603f10-ee64-11de-a523-000ea68e967b,,Author,Jakob Eyvind,Bardram
3c115fa0-ee66-11de-a523-000ea68e967b,,Author,Jakob Eyvind,Bardram
1b369e20-ee67-11de-a523-000ea68e967b,,Author,Jakob Eyvind,Bardram
1b369e20-ee67-11de-a523-000ea68e967b,,Author,Jonathan,Bunde-Pedersen
1b369e20-ee67-11de-a523-000ea68e967b,,Author,Afsaneh,Doryab
05a87870-ee68-11de-a523-000ea68e967b,,Author,Jakob Eyvind,Bardram
a48084ab-7b38-47de-9dad-2625afc3d74a,,Author,Jakob Eyvind,Bardram
a48084ab-7b38-47de-9dad-2625afc3d74a,,Author,Pernille ,Bjørn
a48084ab-7b38-47de-9dad-2625afc3d74a,,Author,Arne John,Glenstrup
a48084ab-7b38-47de-9dad-2625afc3d74a,,Author,Thomas,Pederson
7c81cb13-4887-4a79-b07b-d4c97c4c47e4,,Author,Jakob Eyvind,Bardram
a44ccd88-9c86-4280-bf82-55a7fcd65eda,,Author,Jakob Eyvind,Bardram
853e08c8-f89d-425e-83c4-9d0acbeda00e,,Author,Jakob Eyvind,Bardram
aabd56d7-4175-428e-8115-02a27ad2cde5,,Author,Jakob Eyvind,Bardram
aabd56d7-4175-428e-8115-02a27ad2cde5,,Author,Neela Narayanan,Venkataraman
8fe6adab-977e-443f-8dc3-1dded8d65d68,,Author,Jakob Eyvind,Bardram
8fe6adab-977e-443f-8dc3-1dded8d65d68,dbf46bed-0956-47c4-95e9-d850c6f897d5,Author,Gabriela,Marcu
37527a71-ecd2-43a7-87b9-f0bafaf1cbd7,,Author,Jakob Eyvind,Bardram
37527a71-ecd2-43a7-87b9-f0bafaf1cbd7,,Author,Afsaneh,Doryab
34dc9fe4-05df-4e82-b05f-7554d002e9e5,,Author,Jakob Eyvind,Bardram
34dc9fe4-05df-4e82-b05f-7554d002e9e5,,Author,Afsaneh,Doryab
34dc9fe4-05df-4e82-b05f-7554d002e9e5,4d7fda5a-3cf4-4d39-9daf-1ae192b0e0e7,Author,Rune Møller,Jensen
5c9da3b9-6b3e-4de2-acdd-51a04c19b34d,,Inventor,Jakob Eyvind,Bardram
5c9da3b9-6b3e-4de2-acdd-51a04c19b34d,,Inventor,Juan David Hincapie,Ramos
eae563b2-73fb-46f3-a2b2-1944d8b9eb87,,Editor,Jakob Eyvind,Bardram
eae563b2-73fb-46f3-a2b2-1944d8b9eb87,,Editor,Afsaneh,Doryab
eae563b2-73fb-46f3-a2b2-1944d8b9eb87,,Editor,Sofiane ,Gueddana
c45bf13d-8e47-4993-adc6-97969fd7c686,,Author,Jakob,Bardram
c45bf13d-8e47-4993-adc6-97969fd7c686,,Author,Sofiane,Gueddana
c45bf13d-8e47-4993-adc6-97969fd7c686,,Author,Steven,Houben
c45bf13d-8e47-4993-adc6-97969fd7c686,545501c5-18f2-4cf9-84da-3348bbef27ed,Author,Søren,Nielsen
e25bfccf-7e3c-42f1-b9a3-59dd6b5433fb,,Author,Jakob,Bardram
e25bfccf-7e3c-42f1-b9a3-59dd6b5433fb,,Author,Steven,Houben
e25bfccf-7e3c-42f1-b9a3-59dd6b5433fb,545501c5-18f2-4cf9-84da-3348bbef27ed,Author,Søren,Nielsen
e25bfccf-7e3c-42f1-b9a3-59dd6b5433fb,,Author,Sofiane,Gueddana
640af6b2-7074-424b-a149-a4a098ac1816,,Author,Jakob Eyvind,Bardram
640af6b2-7074-424b-a149-a4a098ac1816,,Author,Mads,Frost
640af6b2-7074-424b-a149-a4a098ac1816,55750491-d4d3-47d4-a473-7a2252edb685,Author,Károly,Szánto
d02f4f0b-482a-4ea1-9eb6-75f6019522a1,,Author,Jakob Eyvind,Bardram
d02f4f0b-482a-4ea1-9eb6-75f6019522a1,,Author,Mads,Frost
d02f4f0b-482a-4ea1-9eb6-75f6019522a1,55750491-d4d3-47d4-a473-7a2252edb685,Author,Károly,Szánto
af2898b7-d3af-4808-b887-a93938395825,,Author,Jakob Eyvind,Bardram
815e203f-acf0-4011-b9bd-edaa57894454,,Author,Jakob,Bardram
4ce6be8a-136b-473c-a9c0-42213bf98de8,,Author,Jakob,Bardram
efde070e-3bcf-47df-b3c9-6f4f6ced7553,,Author,Jakob,Bardram
efde070e-3bcf-47df-b3c9-6f4f6ced7553,,Author,Mads,Frost
adea709b-d8b4-4b7a-8d4b-b362cdab4a77,,Author,Jakob E,Bardram
adea709b-d8b4-4b7a-8d4b-b362cdab4a77,,Author,Steven,Jeuris
adea709b-d8b4-4b7a-8d4b-b362cdab4a77,,Author,Steven,Houben
8b580c0f-156f-4207-a95c-ad7e90aa9169,,Author,Morten,Esbensen
0a8553a1-f471-4de2-a53e-d01d43f06d78,,Author,Mads,Frost
682af743-eca6-47c0-9703-8d2d978c4d7f,2b8ff3a4-e9b0-403d-8bd8-1bf26121c234,Author,Paolo,Tell
5cae94d0-9468-4561-b2e3-5e17d0fd81ad,,Author,Jakob,Bardram
438192eb-9d38-458e-989b-5ba6c555c41a,831421c0-027f-4a25-b795-ee2fce0c8d2a,Author,Louise,Barkhuus
23b14062-9d30-45d7-bc19-4b3cb6ee4b75,831421c0-027f-4a25-b795-ee2fce0c8d2a,Author,Louise,Barkhuus
cd353e84-9efc-4409-a06a-285260b19872,831421c0-027f-4a25-b795-ee2fce0c8d2a,Author,Louise,Barkhuus
c2449f93-39aa-4ea3-916e-ddb374145afb,831421c0-027f-4a25-b795-ee2fce0c8d2a,Author,Louise,Barkhuus
c2449f93-39aa-4ea3-916e-ddb374145afb,2fa5dc89-7d78-45d0-96c7-e8f39b78dd3e,Author,Anna,Vallgårda
4cd4601e-64ad-4745-a116-a30bf2e31f8c,831421c0-027f-4a25-b795-ee2fce0c8d2a,Author,Louise ,Barkhuus
670b9084-1ca9-4e75-82ee-89be9c0fd6f7,,Author,Richard,Ling
3a1d97a8-f9f4-4ea0-b39d-ea923acdddca,63342b24-28ec-40c5-a7d9-ec49867dc75d,Author,Pınar,Tözün
1e3b39b0-e4f2-11de-a523-000ea68e967b,,Author,Henrik Tomra Skovsgaard Hegner,Jensen
1e3b39b0-e4f2-11de-a523-000ea68e967b,,Author,Javier,San Agustin
c1c37a5e-a0a0-4919-a1b9-f31c6f0d5ced,ffc6db77-95ed-452f-92ac-ca143a9db73c,Author,Maria Jung,Barrett
32b31ef4-6f3b-44b1-809b-87bf07069577,ffc6db77-95ed-452f-92ac-ca143a9db73c,Author,Maria Jung,Barrett
32b31ef4-6f3b-44b1-809b-87bf07069577,f073ebac-704d-4236-9206-d1d2ef2be9c3,Author,Barbara,Plank
5671851b-0bf7-4b68-86b0-0e1120971c10,ffc6db77-95ed-452f-92ac-ca143a9db73c,Author,Maria Jung,Barrett
5671851b-0bf7-4b68-86b0-0e1120971c10,523ffd96-f3b2-49cc-8f24-dc9215b84bed,Author,Max,Müller-Eberstein
5671851b-0bf7-4b68-86b0-0e1120971c10,c6b67626-5ff8-4730-93a6-70ee08f6013e,Author,Elisa,Bassignana
5671851b-0bf7-4b68-86b0-0e1120971c10,78a992d3-b8eb-4fd6-8a5e-18c464d0b254,Author,Mike,Zhang
5671851b-0bf7-4b68-86b0-0e1120971c10,8e5f2a6c-c817-4a90-b48b-d9171743ad0f,Author,Rob,van der Goot
455bfd84-6e47-46a7-af3e-95a0dc7488fe,,Author,Jose,Abdelnour-Nocera
35bba800-8a98-4229-be44-f4900ce3a833,,Author,Gabriella,Barros
35bba800-8a98-4229-be44-f4900ce3a833,,Author,Julian,Togelius
6f8a0310-ab60-4053-9078-4a846b9bd6d0,,Author,Gabriella,Barros
6f8a0310-ab60-4053-9078-4a846b9bd6d0,,Author,Julian,Togelius
ffaf83b7-2b12-438d-9d30-8ef72b630905,d43519a1-5bf4-4290-a053-fe55459ca88a,Author,Sven,Peldszus
ffaf83b7-2b12-438d-9d30-8ef72b630905,,Author,Thorsten,Berger
d90b5983-8cf8-41c1-a45d-930ad7548365,b8c7a59c-125b-48a6-9a1f-e22b82335828,Author,Luís,Cruz-Filipe
839c27b4-ef5b-4a64-8ce0-902b5bffd268,d37cba38-dff2-4c27-a515-226cfadfd849,Author,Jonas,Fritsch
50cb997a-c70c-4c2c-a165-6bb37a0180bc,d37cba38-dff2-4c27-a515-226cfadfd849,Author,Jonas,Fritsch
7348d056-5d04-4e26-bb76-8ce4e4ae7c1e,f073ebac-704d-4236-9206-d1d2ef2be9c3,Author,Barbara,Plank
3cb8caac-af63-4d69-9197-794e559e2b44,,Author,David,Basin
3cb8caac-af63-4d69-9197-794e559e2b44,d3b41838-e2bf-4735-b1cd-03f60b49c7e5,Author,Søren,Debois
3cb8caac-af63-4d69-9197-794e559e2b44,d30b96a8-4f1e-44fa-9bf5-0209bedf0268,Author,Thomas,Hildebrandt
e23c4ee6-3ae8-4788-94a0-404cd4aa3518,,Author,David,Basin
e23c4ee6-3ae8-4788-94a0-404cd4aa3518,d3b41838-e2bf-4735-b1cd-03f60b49c7e5,Author,Søren,Debois
e23c4ee6-3ae8-4788-94a0-404cd4aa3518,d30b96a8-4f1e-44fa-9bf5-0209bedf0268,Author,Thomas,Hildebrandt
8f605610-22cb-4d96-b270-686e43b45099,79ebe3ed-0527-4160-9af6-be0b0853b00e,Author,Jan,Pries-Heje
ef840593-771e-41cb-a948-8d32e397e08e,79ebe3ed-0527-4160-9af6-be0b0853b00e,Author,Jan,Pries-Heje
8f88ec74-7b63-4739-9e3c-2a0ae04fb9e9,c6b67626-5ff8-4730-93a6-70ee08f6013e,Author,Elisa,Bassignana
d35ff102-f894-4709-9fa2-eccdffc2a78d,c6b67626-5ff8-4730-93a6-70ee08f6013e,Author,Elisa,Bassignana
f2ee1a3d-7e85-430d-8cf9-5b4feb5dc4b7,c6b67626-5ff8-4730-93a6-70ee08f6013e,Author,Elisa,Bassignana
f2ee1a3d-7e85-430d-8cf9-5b4feb5dc4b7,f073ebac-704d-4236-9206-d1d2ef2be9c3,Author,Barbara,Plank
477ae1c1-1e18-48dd-995d-031e7576d290,c6b67626-5ff8-4730-93a6-70ee08f6013e,Author,Elisa,Bassignana
477ae1c1-1e18-48dd-995d-031e7576d290,523ffd96-f3b2-49cc-8f24-dc9215b84bed,Author,Max,Müller-Eberstein
477ae1c1-1e18-48dd-995d-031e7576d290,78a992d3-b8eb-4fd6-8a5e-18c464d0b254,Author,Mike,Zhang
477ae1c1-1e18-48dd-995d-031e7576d290,f073ebac-704d-4236-9206-d1d2ef2be9c3,Author,Barbara,Plank
7eaacc5d-4a71-4022-be2b-5bfe69702cb1,c6b67626-5ff8-4730-93a6-70ee08f6013e,Author,Elisa,Bassignana
7eaacc5d-4a71-4022-be2b-5bfe69702cb1,f073ebac-704d-4236-9206-d1d2ef2be9c3,Author,Barbara,Plank
c2cc1e0b-3fa3-43a2-9daa-ce2c44a58072,c6b67626-5ff8-4730-93a6-70ee08f6013e,Author,Elisa,Bassignana
c2cc1e0b-3fa3-43a2-9daa-ce2c44a58072,8e5f2a6c-c817-4a90-b48b-d9171743ad0f,Author,Rob,van der Goot
c2cc1e0b-3fa3-43a2-9daa-ce2c44a58072,f073ebac-704d-4236-9206-d1d2ef2be9c3,Author,Barbara,Plank
e9dfc367-500e-45ba-adf0-ca7a5a3110ea,c6b67626-5ff8-4730-93a6-70ee08f6013e,Author,Elisa,Bassignana
e9dfc367-500e-45ba-adf0-ca7a5a3110ea,8e5f2a6c-c817-4a90-b48b-d9171743ad0f,Author,Rob,van der Goot
e9dfc367-500e-45ba-adf0-ca7a5a3110ea,f073ebac-704d-4236-9206-d1d2ef2be9c3,Author,Barbara,Plank
4a4cff0a-a185-4211-9e3d-907605af2508,c6b67626-5ff8-4730-93a6-70ee08f6013e,Author,Elisa,Bassignana
4a4cff0a-a185-4211-9e3d-907605af2508,8e5f2a6c-c817-4a90-b48b-d9171743ad0f,Author,Rob,van der Goot
4a4cff0a-a185-4211-9e3d-907605af2508,f073ebac-704d-4236-9206-d1d2ef2be9c3,Author,Barbara,Plank
ee503f14-8cfa-4cae-a5fa-fd839ff196a4,c6b67626-5ff8-4730-93a6-70ee08f6013e,Author,Elisa,Bassignana
06613f04-30ab-4fa5-b95b-4456ea7dc47d,c6b67626-5ff8-4730-93a6-70ee08f6013e,Author,Elisa,Bassignana
ca7722df-15e0-463f-8bcf-2ef2ae689980,ad50bed7-77fd-4c7f-819c-54455506e3f0,Author,Stella,Grasshof
ca7722df-15e0-463f-8bcf-2ef2ae689980,e8e88610-5144-41da-95bf-597abf1d7869,Author,Sami Sebastian,Brandt
74424974-3962-4822-8d4c-620a163a96eb,,Author,Fabricio,Batista Narcizo
74424974-3962-4822-8d4c-620a163a96eb,5ad9c220-e37f-443a-8a31-fc4abf365db5,Author,Dan Witzner,Hansen
03d76511-4d2f-49d5-bc78-b96ae887ed24,,Author,Fabricio,Batista Narcizo
03d76511-4d2f-49d5-bc78-b96ae887ed24,,Author,Zaheer,Ahmed
03d76511-4d2f-49d5-bc78-b96ae887ed24,5ad9c220-e37f-443a-8a31-fc4abf365db5,Author,Dan Witzner,Hansen
e64c8d92-7526-4010-9aeb-8bda444fe325,,Author,Fabricio,Batista Narcizo
e64c8d92-7526-4010-9aeb-8bda444fe325,5ad9c220-e37f-443a-8a31-fc4abf365db5,Author,Dan Witzner,Hansen
31df68f5-e46d-4045-9657-c8d48a860cec,,Author,Fabricio,Batista Narcizo
c3277854-32d2-4792-812f-bc9da0783cf8,,Author,Fabricio,Batista Narcizo
0eec9f06-016e-4059-aa21-3be596b9cef5,2ef641d0-bd79-425b-8b12-b58d74b993ae,Author,Michael,Szell
0eec9f06-016e-4059-aa21-3be596b9cef5,418f030f-2b26-4c74-a77b-c0c87d13f56d,Author,Roberta,Sinatra
31a98bbd-51ea-4c7e-bcc4-a7179f127805,2ef641d0-bd79-425b-8b12-b58d74b993ae,Author,Michael,Szell
7b538372-1811-4000-8d74-c361253f2638,a39b94ff-e1b6-4b96-8404-486167a9123d,Author,Andrzej,Wasowski
65a0b1ff-8602-4cdf-a7d6-397c3fa26f5a,bdc2cd4a-df05-46ca-b027-b038039a58ec,Author,Bernardo,David
6576b74d-5580-4245-978f-45fbdeaf7b81,bdc2cd4a-df05-46ca-b027-b038039a58ec,Author,Bernardo,David
e7810da8-bf53-4c07-a35e-1e78ff9cd320,bdc2cd4a-df05-46ca-b027-b038039a58ec,Author,Bernardo,David
e3b24a59-2359-41e9-967f-fb2eccd1c022,bdc2cd4a-df05-46ca-b027-b038039a58ec,Author,Bernardo,David
547b7fd3-3770-404a-bd28-3f0c3048f21c,bdc2cd4a-df05-46ca-b027-b038039a58ec,Author,Bernardo,David
1ef814fe-c101-428f-afe7-47f79ef44aaa,bdc2cd4a-df05-46ca-b027-b038039a58ec,Author,Bernardo,David
1ef814fe-c101-428f-afe7-47f79ef44aaa,,Author,Ravi Kishore,Vasala
a45805d2-c19c-4df0-aa15-2fbba671af8c,bdc2cd4a-df05-46ca-b027-b038039a58ec,Author,Bernardo,David
55291728-5df3-41f6-adfc-4d875e19b5ed,bdc2cd4a-df05-46ca-b027-b038039a58ec,Author,Bernardo,David
6cff936f-60ef-4d3f-b62c-91d0b517ac71,,Author,Sebastian,Baunsgaard
6cff936f-60ef-4d3f-b62c-91d0b517ac71,,Author,Sebastian Benjamin,Wrede
6cff936f-60ef-4d3f-b62c-91d0b517ac71,63342b24-28ec-40c5-a7d9-ec49867dc75d,Author,Pinar,Tözün
362c6897-1e94-4a30-8d57-3cb0d0d2a042,efa39e70-a80a-4780-b151-ba31b01726bb,Author,Per B.,Brockhoff
c97af048-bbd7-4780-9138-aafb53cffbaa,efa39e70-a80a-4780-b151-ba31b01726bb,Author,Per B.,Brockhoff
e26be340-e4d2-11de-a523-000ea68e967b,,Author,Julian,Togelius
42c2d3b4-0aa7-447f-ad5e-4cde4c809eeb,71115e9d-836f-409e-8c75-27d2de3e9caa,Author,Robert,Bayer
42c2d3b4-0aa7-447f-ad5e-4cde4c809eeb,,Author,Jon Voigt,Tøttrup
42c2d3b4-0aa7-447f-ad5e-4cde4c809eeb,63342b24-28ec-40c5-a7d9-ec49867dc75d,Author,Pinar,Tözün
9d387955-d99f-47de-bff1-b3a3bf62ddd2,71115e9d-836f-409e-8c75-27d2de3e9caa,Author,Robert,Bayer
9d387955-d99f-47de-bff1-b3a3bf62ddd2,2f3c072b-bd96-45b2-bb7b-80a1e8be0b2e,Author,Julian,Priest
9d387955-d99f-47de-bff1-b3a3bf62ddd2,63342b24-28ec-40c5-a7d9-ec49867dc75d,Author,Pinar,Tözün
7702f384-2591-4960-abce-f443e9eac67d,71115e9d-836f-409e-8c75-27d2de3e9caa,Author,Robert,Bayer
7702f384-2591-4960-abce-f443e9eac67d,42c316a3-1a31-469b-b436-635edc389e02,Author,Titus Theodorus (Ties),Robroek
7702f384-2591-4960-abce-f443e9eac67d,63342b24-28ec-40c5-a7d9-ec49867dc75d,Author,Pinar,Tözün
93d14909-8ac1-4e9e-91d1-fefe80f9a0d8,,Author,Maxime,Beauquier
93d14909-8ac1-4e9e-91d1-fefe80f9a0d8,1313519f-2074-41d6-8b79-589648e37211,Author,Carsten,Schürmann
2a4fdd09-7bdd-42c3-9a3a-94caaddc02dc,,Author,Maxime,Beauquier
2a4fdd09-7bdd-42c3-9a3a-94caaddc02dc,1313519f-2074-41d6-8b79-589648e37211,Author,Carsten,Schürmann
24648b40-2a87-464d-aab6-d47c1fdb3fc2,,Author,Roman,Beck
369f2b33-4347-402b-bd50-7acb6ff6de60,,Author,Roman,Beck
65322ff0-4c5a-43f8-8457-00e9fe5e1e55,,Author,Roman,Beck
75f9759e-35dd-4651-96e3-b351cbd7d080,,Author,Roman,Beck
6404457d-6e8b-4bfa-b693-813f65a134e5,,Author,Roman,Beck
9a2ad0e4-f719-4485-9a3f-d7fcc2c8a872,,Author,Roman,Beck
608794f9-9fcb-4f13-ac61-d7f7ec40f70b,,Author,Roman,Beck
8f65cb13-1408-497a-972f-814f7dece4af,,Author,Roman,Beck
22ae4ac8-bd38-4f9f-94a6-19c32a0f8802,,Author,Roman,Beck
782434c8-9bde-4e94-8708-e71626c40ab2,,Author,Roman,Beck
0526c379-c1df-40a1-ad34-73de4bec204b,,Author,Roman,Beck
9d91cefb-91e9-455b-864f-716df54db220,,Author,Roman,Beck
d7f9471e-75fc-4e96-abb3-dfc542b93bd1,,Author,Roman,Beck
79e90c5f-7717-4aea-b74c-8fa2299e974c,,Author,Roman,Beck
023e176a-d8a4-48b9-b22e-1a2cbd545c52,,Author,Roman,Beck
3cfc5d6b-9771-42b6-b15e-3f3b0ac55925,,Author,Roman,Beck
96382f33-58a7-4aff-8eb3-0ba68106a0af,,Author,Roman,Beck
64ee48da-23f7-4095-8bdd-a39410b3e03f,,Author,Roman,Beck
11a40938-7114-4c94-8e3a-c1d1a2c15747,,Author,Roman,Beck
d96bbb77-ab39-43a8-be97-52416e2305c7,,Author,Roman,Beck
e9cccedc-0626-4206-86d3-380c3fb2ea8a,,Author,Roman,Beck
0c76d60a-18fe-4041-8ce2-751cdbd449fc,,Author,Roman,Beck
24874a05-14f6-4a88-a4b8-719cee0b9621,,Author,Roman,Beck
03a88859-9e52-4eac-9f91-febd3862b1ef,,Author,Roman,Beck
a165a50b-a218-477e-94aa-40ca12853714,,Author,Roman,Beck
1ba618a7-cdac-42a9-89fa-06d6b8210be3,,Author,Roman,Beck
6cbe1164-e503-42f8-ac79-cc30891f869a,,Author,Roman,Beck
6dc7cca6-24d0-4a46-af4a-5e22cbefd1c3,,Author,Roman,Beck
f40722ac-93de-42ee-815b-6d91fc1c80e3,,Author,Roman,Beck
b4fd2770-57d2-4212-bffd-b792b80945f1,,Author,Roman,Beck
21e6a7f0-a275-47e6-9e91-70e8bed6166b,,Author,Roman,Beck
c0965a66-038d-456f-b1c2-bb32282bd28a,,Author,Roman,Beck
497cc4f9-49bf-48af-8014-33dc66085c79,,Author,Roman,Beck
497cc4f9-49bf-48af-8014-33dc66085c79,,Author,Christoph,Müller-Bloch
e58c3b49-9716-495e-a41a-bc0dfc511c15,,Author,Roman,Beck
e58c3b49-9716-495e-a41a-bc0dfc511c15,,Author,Jason,Thatcher
9584135a-cb3a-4aa6-a286-2299cb1a3e45,,Author,Roman,Beck
c3d49979-2b2c-40cd-9b1d-32f38da1793e,,Author,Roman,Beck
c3d49979-2b2c-40cd-9b1d-32f38da1793e,,Author,Christoph,Müller-Bloch
6bc2ffc0-2ea5-4af4-bd91-a083292abd50,,Author,Roman,Beck
eb4cc9ff-4053-4157-9b32-945a6333a749,,Author,Roman,Beck
eb4cc9ff-4053-4157-9b32-945a6333a749,,Author,Kim Peiter,Jørgensen
eb4cc9ff-4053-4157-9b32-945a6333a749,,Author,Lorenzo,Gentile
0bad5ae5-cdda-458f-a37d-b5da0df76bbe,,Author,Roman,Beck
0bad5ae5-cdda-458f-a37d-b5da0df76bbe,,Author,Jason,Spasovski
7894cde4-0065-479b-991e-98622bf15270,,Author,Roman,Beck
46bbcb0d-e885-4099-b989-45e288643e4b,,Author,Roman,Beck
148d374f-a271-426a-ba04-472941304aaa,,Author,Roman,Beck
669fb8e9-1bcd-4ad7-bba3-780f150fd9f3,,Author,Roman,Beck
669fb8e9-1bcd-4ad7-bba3-780f150fd9f3,,Author,Jason,Spasovski
669fb8e9-1bcd-4ad7-bba3-780f150fd9f3,,Author,Lorenzo,Gentile
669fb8e9-1bcd-4ad7-bba3-780f150fd9f3,,Author,Alivelu Manga,Mukkamala
6b64feeb-9513-4647-aae1-36d1381721fd,,Author,Roman,Beck
6b64feeb-9513-4647-aae1-36d1381721fd,,Author,Lorenzo,Gentile
201af982-e360-4f3d-aa9f-ac215355c10a,9504265d-0046-4e58-b529-256a656c012d,Author,Christian,Hardmeier
68efada8-20fc-4573-b063-0f0095863ac7,,Author,Peter,Eklund
421afb06-94c5-47b3-84e0-91ba8b7dd4ac,,Author,Peter,Eklund
2efd45e6-0ea7-414f-aafa-e2745cc69eb2,,Author,Oliver,Müller
92236b40-8e48-4ad7-84c9-77da208eb50c,,Author,Oliver,Müller
67ac7721-3872-4a8d-812b-abcdf18bd1f5,,Author,Oliver,Müller
ab958267-7f63-43e9-a17d-990c63649e99,,Author,Oliver,Muller
832a35a8-8e90-480d-9e66-2018927d97d6,1313519f-2074-41d6-8b79-589648e37211,Author,Carsten,Schürmann
c9fbc460-dc75-49c1-86bb-581e5facce78,1313519f-2074-41d6-8b79-589648e37211,Author,Carsten,Schürmann
9be84fb5-ba78-4f1e-9b8d-04a2fbaa251c,,Author,Jurlind,Budurushi
9be84fb5-ba78-4f1e-9b8d-04a2fbaa251c,1dbd1112-eb47-4406-936c-6807e8845610,Author,Oksana,Kulyk
58d56a9c-6f26-4d75-8004-63fbb4117538,d5c3a434-36d5-4861-862d-3c5b3e332121,Author,Zoi,Kaoudi
58d56a9c-6f26-4d75-8004-63fbb4117538,,Author,Jorge Arnulfo,Quiane Ruiz
459ed7c1-067e-47b6-a8cb-03fd448c463b,d5c3a434-36d5-4861-862d-3c5b3e332121,Author,Zoi,Kaoudi
459ed7c1-067e-47b6-a8cb-03fd448c463b,5fe674d5-8b11-4c75-8fe0-c7730db40441,Author,Juri,Petersen
459ed7c1-067e-47b6-a8cb-03fd448c463b,7a7e7f95-0f71-43a4-93c5-7e439bbd465a,Author,Mads Sejer,Pedersen
e87a38ba-b112-4ad5-8219-a8b2bf2111f4,82f8ffa4-b7d6-490d-b3b4-2c68b79cd77a,Author,Megan,Maurer
e0acfc17-e38d-4a91-9bbf-4ea16f75e03e,f2136570-f73c-446f-9fb0-6d9e461e2124,Author,Yvonne,Dittrich
0136ec95-c26b-4775-a133-3aeacaa26b76,f2136570-f73c-446f-9fb0-6d9e461e2124,Editor,Yvonne,Dittrich
f4b3b20c-8c6c-4474-bc8c-7f2826d6ffb1,3f05e4ce-6433-4c5a-b72c-aa89422cf431,Author,Nutan,Limaye
88e1cf46-0c15-4dc0-8248-b282bbb19583,d5c3a434-36d5-4861-862d-3c5b3e332121,Author,Zoi,Kaoudi
915b5ae0-fdda-4c5a-a3c9-6380a7ee45f8,,Author,Alexander,Richter
0a1211cf-21cf-401f-82c1-cb2aacfe94f3,,Author,Alexander,Richter
607be160-e40e-11de-a523-000ea68e967b,,Author,Rasmus,Pagh
698d5781-4b8f-420d-86de-b82405b9fae0,,Author,Rasmus,Pagh
d2bc77f0-5b70-4b43-ab6d-ea683bbdce3a,e726f512-d3fd-4d89-962a-3aa9f532a52f,Author,Toine,Bogers
7a6609cb-8436-4cdc-aa70-a166d7148ee6,62db65c9-470c-472f-b039-6c4a704ef170,Author,Rosario,Giustolisi
39a6eae2-0f40-46c2-ac4b-52cbe0d8f2fc,7dd48cfe-3069-4563-bef4-ef661c18387a,Author,Andres,Faina
b1bb0250-3b02-11de-a476-000ea68e967b,,Author,Rasmus,Pagh
73a08ec1-fb0d-408c-9af6-93606cbb20dd,,Author,Rasmus,Pagh
43589efa-1308-4f9d-b213-5b8bb0993a39,e726f512-d3fd-4d89-962a-3aa9f532a52f,Author,Toine,Bogers
01cec98a-0366-4e5e-a600-72a61994a21f,,Author,Laura,Beloff
1f48ca87-d9e6-4b35-9c6d-693f4075e67b,,Author,Laura,Beloff
216ecbaa-6a09-4789-9287-3323843c58e5,,Author,Laura,Beloff
163fca57-9530-4fb4-800f-c3e1acbf0722,,Author,Laura,Beloff
ab046985-c94d-4408-b995-978466b2018e,,Author,Laura,Beloff
83379c59-26b1-4bda-b4a7-db5cc00ac878,,Author,Laura,Beloff
7b3786a8-7948-4807-bc27-c3bcb143468b,,Author,Laura,Beloff
c4160e1c-5a83-42a1-8bf7-00a9f3cddf32,,Author,Laura,Beloff
a6d43ac2-ae40-4f10-8c23-12d5fdfb105d,,Author,Laura,Beloff
a6d43ac2-ae40-4f10-8c23-12d5fdfb105d,,Author,Jonas,Jørgensen
5062abcd-adac-4012-8f65-02811ecc3c1c,,Producer,Laura,Beloff
5062abcd-adac-4012-8f65-02811ecc3c1c,,Producer,Jonas,Jørgensen
5f31195f-3ab5-4c45-8feb-f125d1aac990,,Author,Laura,Beloff
4adff694-32e5-4b43-b9b8-517a1cbe170e,,Author,Laura,Beloff
bd80ba99-abf4-41a6-b4de-baab6b593991,,Author,Laura,Beloff
c6da6605-7aa1-435e-88da-5b6368763bbf,,Author,Laura,Beloff
4bd10d88-9eca-4bbb-86b4-3f5e6d44695e,,Author,Laura,Beloff
8f5aa678-a289-4d83-8405-709e189394fa,,Author,Laura,Beloff
1f0e9692-98ba-451c-9351-86566112f171,,Author,Laura,Beloff
66b5b4ea-fea4-471a-9c20-66a3a1a95295,,Author,Laura,Beloff
6eaa6502-4de9-4912-8331-fda5b2fd5806,,Author,Laura,Beloff
47eec9ff-5941-4a19-9205-82147bd44655,,Author,Laura,Beloff
29d14516-9699-41a0-84b3-f8559e238139,,Author,Nalini Panchita,Kotamraju
ecf1f444-da85-4bb1-baf9-fad369373e60,f073ebac-704d-4236-9206-d1d2ef2be9c3,Author,Barbara,Plank
d7ff7efd-ceb5-4585-8069-c03950cd28a2,,Author,Samuel,McCauley
e057bb47-4ef3-4be7-a3b7-b4de3a77be77,22ec9269-2fff-4dbf-a9c7-5037559a15ee,Author,Anders Sundnes,Løvlie
e057bb47-4ef3-4be7-a3b7-b4de3a77be77,,Author,Karin,Ryding
e057bb47-4ef3-4be7-a3b7-b4de3a77be77,,Author,Tim,Wray
eff3362f-375b-40f1-8814-0de4343507f7,22ec9269-2fff-4dbf-a9c7-5037559a15ee,Author,Anders Sundnes,Løvlie
eff3362f-375b-40f1-8814-0de4343507f7,,Author,Karin,Ryding
9b0a5947-75aa-49bd-8abd-7cd1c88e2b42,805cae2a-3462-4130-88de-cc7d94aec0a5,Author,Vasiliki ,Tsaknaki
7ae07286-7b19-4d2f-ab53-b1dcc5855410,b2b68ce2-6257-45bf-ab48-dc17d05c885e,Author,Jesper,Bengtson
7ae07286-7b19-4d2f-ab53-b1dcc5855410,,Author,Jonas Braband,Jensen
7ae07286-7b19-4d2f-ab53-b1dcc5855410,,Author,Filip,Sieczkowski
7ae07286-7b19-4d2f-ab53-b1dcc5855410,,Author,Lars,Birkedal
fa807e19-f204-48cd-add6-5e35677e7095,b2b68ce2-6257-45bf-ab48-dc17d05c885e,Author,Jesper,Bengtson
fa807e19-f204-48cd-add6-5e35677e7095,,Author,Jonas B.,Jensen
fa807e19-f204-48cd-add6-5e35677e7095,,Author,Lars,Birkedal
0ea1dd0e-a291-4510-b5e7-4214d4acdd9c,b2b68ce2-6257-45bf-ab48-dc17d05c885e,Author,Jesper,Bengtson
0ea1dd0e-a291-4510-b5e7-4214d4acdd9c,,Author,Hannes,Mehnert
1b8c5c18-acc0-4241-b6f5-1d281f1fffac,b2b68ce2-6257-45bf-ab48-dc17d05c885e,Author,Jesper,Bengtson
a9ef6e56-bc41-481d-8686-5faa2b3f7394,ca2a035e-64a1-4a75-9269-d6ee91496191,Author,Daniel,Bennett
a9ef6e56-bc41-481d-8686-5faa2b3f7394,cf6cfa0b-e3ac-4164-8de2-b956d8e23825,Author,Elisa D.,Mekler
ad67ad80-31e6-419d-ab4f-2645753a6cfd,ca2a035e-64a1-4a75-9269-d6ee91496191,Author,Daniel,Bennett
ad67ad80-31e6-419d-ab4f-2645753a6cfd,cf6cfa0b-e3ac-4164-8de2-b956d8e23825,Author,Elisa,Mekler
b6fdf1a4-2663-490f-b428-3b8890a13e98,ca2a035e-64a1-4a75-9269-d6ee91496191,Author,Daniel,Bennett
b6fdf1a4-2663-490f-b428-3b8890a13e98,cf6cfa0b-e3ac-4164-8de2-b956d8e23825,Author,Elisa,Mekler
8076c010-688a-49a8-ad10-e9881a62aa1e,ca2a035e-64a1-4a75-9269-d6ee91496191,Author,Daniel Thomas,Bennett
8076c010-688a-49a8-ad10-e9881a62aa1e,dac0e506-da5d-4ee6-8783-5abd2a2096f3,Author,Feng,Feng
8076c010-688a-49a8-ad10-e9881a62aa1e,cf6cfa0b-e3ac-4164-8de2-b956d8e23825,Author,Elisa D,Mekler
c8197d9c-10ee-437a-8829-c39b3eee125e,63342b24-28ec-40c5-a7d9-ec49867dc75d,Author,Pinar,Tözün
0120a203-5264-49eb-ad14-389a757a850f,,Author,Roman,Beck
c6c8a59b-eb3c-4ad8-ae14-4844faa805a4,,Author,Roman,Beck
49902c5e-3a32-46c4-9bbe-0bfa0538e094,,Author,Roman,Beck
3856abed-1ba0-40c6-a84b-7529eb79c549,e726f512-d3fd-4d89-962a-3aa9f532a52f,Author,Toine,Bogers
c1f8db37-1c4a-430a-8220-0679baf1f0f9,e726f512-d3fd-4d89-962a-3aa9f532a52f,Author,Toine,Bogers
b6c3b0de-dea0-48d5-9a9c-2e154fc207d7,1dbd1112-eb47-4406-936c-6807e8845610,Author,Oksana,Kulyk
ca8baf1a-f99e-4739-aad8-90951cd043f7,1dbd1112-eb47-4406-936c-6807e8845610,Author,Oksana,Kulyk
f276fb89-4f1e-45f5-9369-e968581fd135,a39b94ff-e1b6-4b96-8404-486167a9123d,Author,Andrzej,Wasowski
cdbf95ba-34fb-45e9-b19c-2dd32111dc93,a39b94ff-e1b6-4b96-8404-486167a9123d,Author,Andrzej,Wasowski
b3f5ac80-9078-40bd-917e-8059999b9e79,,Author,Thorsten,Berger
b3f5ac80-9078-40bd-917e-8059999b9e79,a39b94ff-e1b6-4b96-8404-486167a9123d,Author,Andrzej,Wasowski
807e4572-623e-4743-8154-12a36bb30e21,,Author,Thorsten,Berger
807e4572-623e-4743-8154-12a36bb30e21,a39b94ff-e1b6-4b96-8404-486167a9123d,Author,Andrzej,Wasowski
8821316e-8def-4fb8-aa7f-0c0562e55e62,51cfa226-5179-4a05-aa13-4a53f8de6404,Author,Rolf-Helge,Pfeiffer
8821316e-8def-4fb8-aa7f-0c0562e55e62,a39b94ff-e1b6-4b96-8404-486167a9123d,Author,Andrzej,Wasowski
b83cc52a-43ed-4287-8c9a-75c9b1e7efd9,a39b94ff-e1b6-4b96-8404-486167a9123d,Author,Andrzej,Wasowski
c2799d7d-35e5-4fcf-9ae8-e0bafe0fea82,,Author,Alexander,Richter
77196553-fcf7-4767-aa71-baeb42c6c63b,3ad26d6b-4619-4a9f-a1b6-8424aab1dd52,Author,Tom,Jenkins
63da4d70-d013-11dd-a259-000ea68e967b,,Author,Arne John,Glenstrup
63da4d70-d013-11dd-a259-000ea68e967b,,Author,John Paulin,Hansen
3d75bbef-1b97-40e2-b8b0-dce68010c65c,,Author,Rasmus,Berg Palm
8caad5b5-0bd5-4f8e-9642-c083a9d8ffed,,Author,Rasmus,Berg Palm
8caad5b5-0bd5-4f8e-9642-c083a9d8ffed,,Author,Miguel Gonzalez,Duque
8caad5b5-0bd5-4f8e-9642-c083a9d8ffed,b4a6e67f-0caa-4faf-a136-bf77496f3659,Author,Shyam,Sudhakaran
8caad5b5-0bd5-4f8e-9642-c083a9d8ffed,a420ffb3-2ca6-4925-a25f-baaa5228fc15,Author,Sebastian,Risi
4b4687e0-e400-11de-a523-000ea68e967b,2fa5dc89-7d78-45d0-96c7-e8f39b78dd3e,Author,Anna K. A.,Vallgårda
62049ea2-0015-4182-9f02-4534781c7a49,410df04c-bc1d-4cd3-9726-c35469ddab8c,Author,Aske,Mottelson
54bb4376-4449-4d89-9748-6d982a864a0b,410df04c-bc1d-4cd3-9726-c35469ddab8c,Author,Aske,Mottelson
c66f57a5-d73c-4098-ac0e-29e62696076a,,Author,Irina,Shklovski
a917d12b-5ba8-4781-86ca-1a93213afc8f,,Author,John,Gøtze
02d341d5-5e84-4538-8624-d97b7b834537,,Author,Troels Fibæk,Bertel
02d341d5-5e84-4538-8624-d97b7b834537,b752c464-c7fb-4a52-a0c3-3b2d3db5d62f,Author,Gitte Bang,Stald
54dc6b2f-a432-4716-bd1e-8290b0912e28,,Author,Troels Fibæk,Bertel
54dc6b2f-a432-4716-bd1e-8290b0912e28,b752c464-c7fb-4a52-a0c3-3b2d3db5d62f,Author,Gitte Bang,Stald
d920d495-a8cf-409d-90bb-712bdc504d7c,,Author,Troels Fibæk,Bertel
d920d495-a8cf-409d-90bb-712bdc504d7c,,Author,Richard,Ling
4d510315-dff8-42cf-af89-07fbd2e58e8d,,Author,Troels Fibæk,Bertel
c7eaeffa-a2de-47be-a159-58699e5103dd,2b7ea821-fddb-4b66-8cb4-15dc343549c9,Author,Kasper Hjort,Berthelsen
0505b977-9c61-4dc1-9b64-024ec754c859,1780c8b5-860d-4c59-8d81-09438caf15cd,Author,Nicolas,Bessone
0505b977-9c61-4dc1-9b64-024ec754c859,2a9c0934-98ca-4101-b829-b88d77f6487e,Author,Kasper,Stoy
0505b977-9c61-4dc1-9b64-024ec754c859,8785f18a-1bf3-4c63-8d8b-d3e5d516ca40,Author,Payam,Zahadat
0452ccf9-e86f-49d3-a331-fb2fdc92cfc9,1780c8b5-860d-4c59-8d81-09438caf15cd,Author,Nicolas,Bessone
0452ccf9-e86f-49d3-a331-fb2fdc92cfc9,2a9c0934-98ca-4101-b829-b88d77f6487e,Author,Kasper,Stoy
0452ccf9-e86f-49d3-a331-fb2fdc92cfc9,8785f18a-1bf3-4c63-8d8b-d3e5d516ca40,Author,Payam,Zahadat
f49407a5-3f8f-4971-8d03-cf29d621e4f9,1780c8b5-860d-4c59-8d81-09438caf15cd,Author,Nicolas,Bessone
f49407a5-3f8f-4971-8d03-cf29d621e4f9,8785f18a-1bf3-4c63-8d8b-d3e5d516ca40,Author,Payam,Zahadat
f49407a5-3f8f-4971-8d03-cf29d621e4f9,2a9c0934-98ca-4101-b829-b88d77f6487e,Author,Kasper,Støy
907e8cad-e9b5-4e38-a1c6-c50ddf2ebe55,1780c8b5-860d-4c59-8d81-09438caf15cd,Author,Nicolas,Bessone
907e8cad-e9b5-4e38-a1c6-c50ddf2ebe55,8785f18a-1bf3-4c63-8d8b-d3e5d516ca40,Author,Payam,Zahadat
907e8cad-e9b5-4e38-a1c6-c50ddf2ebe55,2a9c0934-98ca-4101-b829-b88d77f6487e,Author,Kasper,Støy
fe0d177d-4179-4a78-9afe-17008f04c014,efa39e70-a80a-4780-b151-ba31b01726bb,Author,Per B.,Brockhoff
9c961eaf-ae73-4432-a0ee-2f5c6dbc7c67,,Author,Mate,Bestek
b4cc54ea-bc8d-4ceb-b067-d3c947f0a777,,Author,Mate,Bestek
8535ce7b-56c5-46e2-a487-d45a25f02a04,,Author,Mate,Bestek
5b70d3d3-66db-4734-929f-522304159f25,,Author,Mate,Bestek
ba56c563-1b08-4cb6-aa94-5319104820c5,,Author,Mate,Bestek
37bd5d75-e9bb-4cee-a4dc-cee5d59e6b0f,,Author,Mate,Bestek
4ddfe94c-db6e-41e4-bae6-56c005193dda,,Author,Mate,Bestek
e681882f-9a43-4b48-a997-3f93a59f7937,,Author,M.,Bestek
e35e1dfc-17ab-4ff1-9c17-c26a7bd4fcb6,,Author,Mate,Bestek
ece4b44c-e4db-44a0-9a8f-0985d041edb2,,Author,Mate,Bestek
c82c681e-4b6d-41b8-b2c4-fb324ae99661,,Author,Mate,Bestek
730d9abe-bf5e-4d05-b813-a5c514c8ac5a,1e0534b4-fe3e-4c5e-ad6d-5f1c7df6a14e,Author,Erik,Grönvall
730d9abe-bf5e-4d05-b813-a5c514c8ac5a,,Author,Joanna,Saad-Sulonen
55abcd0a-1768-40d6-97a6-3d6c0284562a,1e0534b4-fe3e-4c5e-ad6d-5f1c7df6a14e,Author,Erik,Grönvall
f7d1de0e-26cc-4811-8ab4-37d225871a92,,Author,Mate,Bestek
1d7ebdb8-4ff9-4567-9cff-d8b09943ced2,9504265d-0046-4e58-b529-256a656c012d,Author,Christian,Hardmeier
1ceb319e-7d36-4ec4-aa53-a747ffce261b,,Author,Oliver,Müller
50b5184d-bf00-4b21-abc1-7bff374593a8,,Author,Oliver,Müller
d1bc5639-629e-48e7-9231-8fcce70681ef,5d268f64-6963-4991-9ac4-e7510c0ae705,Author,Harvey,Bewley
d1bc5639-629e-48e7-9231-8fcce70681ef,2fa5dc89-7d78-45d0-96c7-e8f39b78dd3e,Author,Anna,Vallgårda
df6b1199-f627-4f86-a226-67c66260b752,5d268f64-6963-4991-9ac4-e7510c0ae705,Author,Harvey,Bewley
df6b1199-f627-4f86-a226-67c66260b752,25a5a0d6-404b-419c-9502-b246525617a2,Author,Laurens,Boer
0c78f463-eba9-4164-b5b9-1e2c882c39dc,5d268f64-6963-4991-9ac4-e7510c0ae705,Author,Harvey,Bewley
0c78f463-eba9-4164-b5b9-1e2c882c39dc,25a5a0d6-404b-419c-9502-b246525617a2,Author,Laurens,Boer
40cdd835-0fe9-47eb-a133-d72a41aacf01,c40e1e8a-50ee-4a7c-b7f0-2fc0fdd62adc,Author,Anna,Rogers
a51fbe9d-e41b-45ab-91ca-c17e54208026,410b0cad-d9fe-48d8-9edc-56ad6eb9c43b,Author,Ratish,Puduppully
e50c6707-58f2-4c44-b0d1-8b05cb0993dd,1052b289-f510-4c5a-9662-2db48c12ebc2,Author,Lene,Nielsen
b93b66a7-e8c2-4370-ada5-ec84828f08c2,,Author,Joseph Roland,Kiniry
b77d23f7-f586-4239-9e14-7b953762f1b1,dda395cd-41ec-469e-a3e9-b1c024bbb1a7,Author,Anna-Mamusu,Wehlitz
5b0461b0-d039-11dd-a259-000ea68e967b,,Author,Bodil,Biering
89fb5973-51d7-40cd-a31e-32b63410e384,,Author,Bodil,Biering
89fb5973-51d7-40cd-a31e-32b63410e384,,Author,Lars,Birkedal
89fb5973-51d7-40cd-a31e-32b63410e384,,Author,Noah,Torp-Smith
909615d0-ed4e-11dd-8987-000ea68e967b,,Author,Bodil,Biering
8d37b418-29c2-4005-a432-142f5220d34e,,Author,Florian,Biermann
1a4cd550-8cd0-4609-8702-4341fd0f48a2,,Author,Florian,Biermann
1a4cd550-8cd0-4609-8702-4341fd0f48a2,0ee7ba1e-3108-4db3-a908-97977980d032,Author,Peter,Sestoft
1ed6e30c-a29d-4600-a62d-af00b7fd9374,,Author,Florian,Biermann
1ed6e30c-a29d-4600-a62d-af00b7fd9374,0ee7ba1e-3108-4db3-a908-97977980d032,Author,Peter,Sestoft
646e934a-57a2-448b-b632-7d58daef75ae,,Author,Florian,Biermann
646e934a-57a2-448b-b632-7d58daef75ae,,Author,Alexander,Bock
4c3a3148-5ab5-4c8c-82b6-4e623a8789b4,,Author,Florian,Biermann
3a97c126-9f56-4bba-8dbd-28c1ff1329b8,,Author,Francesco,Silvestri
0f363a90-e62a-11dd-a259-000ea68e967b,,Author,Philip,Bille
7e8c69da-5701-4d72-9f34-39c2423c7a4a,,Author,Philip,Bille
7e8c69da-5701-4d72-9f34-39c2423c7a4a,,Author,Anna,Pagh
7e8c69da-5701-4d72-9f34-39c2423c7a4a,,Author,Rasmus,Pagh
dd15d6f9-61f3-4742-b1d1-0a9cf9486786,bc7a60f7-45a0-401f-813f-6b4aa700c849,Author,Steffen,Dalsgaard
68df8714-47f2-406f-bccf-0157ce7aa90a,bc7a60f7-45a0-401f-813f-6b4aa700c849,Author,Steffen,Dalsgaard
aae0c09e-1ebc-4e03-9f0e-4d4571daffea,,Author,Philip,Bille
d35c7164-da81-465b-98f1-69758751215e,,Author,Philip,Bille
802b7326-f2e8-4d4e-8032-199130f40f68,,Author,Philip,Bille
7a961a76-8f28-4902-84c0-10f0e8ad574c,,Author,Philip,Bille
7a961a76-8f28-4902-84c0-10f0e8ad574c,50d4bf89-8621-4bc3-bdce-6916656c12fa,Author,Ivor van der,Hoog
5d43e32b-2caa-4d5b-84db-166db465c153,1052b289-f510-4c5a-9662-2db48c12ebc2,Author,Lene,Nielsen
5d43e32b-2caa-4d5b-84db-166db465c153,,Author,Kira Storgaard,Hansen
41483743-e0b6-405d-8121-063ce390993d,1052b289-f510-4c5a-9662-2db48c12ebc2,Author,Lene,Nielsen
1c87870a-1b44-4f4e-99a9-8f93668131e1,efa39e70-a80a-4780-b151-ba31b01726bb,Author,Per B.,Brockhoff
a73fac77-3a9e-4167-be32-3c4a453f0895,efa39e70-a80a-4780-b151-ba31b01726bb,Author,Per B.,Brockhoff
3e7ccce0-dc9f-11dd-a259-000ea68e967b,,Editor,Lone,Malmborg
2f50bd4b-87e8-4de1-97bf-3f6ee679c0d7,,Author,Lone,Malmborg
2f50bd4b-87e8-4de1-97bf-3f6ee679c0d7,a4c1604d-b01f-46ef-baf3-74d2a8046d6b,Author,Jörn,Messeter
cfef85ce-2d64-424b-b0ce-022f7d172299,c90e23c6-5bf4-4d6f-97d8-b162b8a5b03e,Author,Thomas,Binder
f3b5a5c5-1740-4461-b7ac-d21c44a856a9,c90e23c6-5bf4-4d6f-97d8-b162b8a5b03e,Author,Thomas,Binder
7a8e7448-e9bb-46eb-b9ea-2b884c10e1ae,c90e23c6-5bf4-4d6f-97d8-b162b8a5b03e,Author,Thomas,Binder
3804dba1-1844-4f26-807e-a790dbd99c38,c90e23c6-5bf4-4d6f-97d8-b162b8a5b03e,Author,Thomas,Binder
070f8a89-6b81-47d8-b48f-f3cada9ca650,c90e23c6-5bf4-4d6f-97d8-b162b8a5b03e,Author,Thomas,Binder
37924006-993a-4b75-ad6b-b32f28293e3a,c90e23c6-5bf4-4d6f-97d8-b162b8a5b03e,Author,Thomas,Binder
bd45cf58-531b-4b3f-936a-3e18de6308e6,c90e23c6-5bf4-4d6f-97d8-b162b8a5b03e,Author,Thomas,Binder
4b5c49f0-b180-4941-b1e5-4603b180ec5a,c90e23c6-5bf4-4d6f-97d8-b162b8a5b03e,Author,Thomas,Binder
94b8e1ad-1ec1-4b9d-90a5-1577adf21768,c90e23c6-5bf4-4d6f-97d8-b162b8a5b03e,Author,Thomas,Binder
1f405f15-f39a-4672-9812-8687ac7f9d11,c90e23c6-5bf4-4d6f-97d8-b162b8a5b03e,Author,Thomas,Binder
d6115292-611f-493c-ac71-b55252623c82,c90e23c6-5bf4-4d6f-97d8-b162b8a5b03e,Author,Thomas,Binder
a7277eca-3efa-4526-8fce-f24d77877445,c90e23c6-5bf4-4d6f-97d8-b162b8a5b03e,Author,Thomas,Binder
f11abbfb-d5df-47a6-ba51-94502e43f7cb,c90e23c6-5bf4-4d6f-97d8-b162b8a5b03e,Author,Thomas,Binder
d9432e32-0645-4517-a6ca-ecde9e791ce1,c90e23c6-5bf4-4d6f-97d8-b162b8a5b03e,Author,Thomas,Binder
58609ccf-b277-4cea-98ff-49d3175539ac,c90e23c6-5bf4-4d6f-97d8-b162b8a5b03e,Author,Thomas,Binder
dbfcde89-23c9-490c-9621-e945716d8492,c90e23c6-5bf4-4d6f-97d8-b162b8a5b03e,Author,Thomas,Binder
dbfcde89-23c9-490c-9621-e945716d8492,f6921641-1f0a-4e24-a3a9-546e3927ab72,Author,Signe Louise,Yndigegn
218d5c74-d4f0-4b51-9dce-8ee17ce15efe,c90e23c6-5bf4-4d6f-97d8-b162b8a5b03e,Author,Thomas,Binder
b438eff9-de5f-43ee-8500-00ca9c352ff1,c90e23c6-5bf4-4d6f-97d8-b162b8a5b03e,Author,Thomas,Binder
411bad8b-2b41-4f38-b2f3-527ad5a05e4c,c90e23c6-5bf4-4d6f-97d8-b162b8a5b03e,Author,Thomas,Binder
75f8df78-29fe-475e-9838-e041c250d909,c90e23c6-5bf4-4d6f-97d8-b162b8a5b03e,Author,Thomas,Binder
50332c43-87b6-4494-a790-9c67e8585af4,c90e23c6-5bf4-4d6f-97d8-b162b8a5b03e,Editor,Thomas,Binder
59145bf2-d342-47a0-82d3-2e5f8a875ae2,c90e23c6-5bf4-4d6f-97d8-b162b8a5b03e,Author,Thomas,Binder
48a17014-f5f6-49b4-9948-8374f9b84ce1,c90e23c6-5bf4-4d6f-97d8-b162b8a5b03e,Author,Thomas,Binder
bc1d8594-b14b-4939-a7a7-070a23664359,c90e23c6-5bf4-4d6f-97d8-b162b8a5b03e,Author,Thomas,Binder
7af0dd52-27d1-4b3e-b2d4-c949a5f4df8c,c90e23c6-5bf4-4d6f-97d8-b162b8a5b03e,Author,Thomas,Binder
7317c47f-3a75-4146-9cbf-d8ac72e9738c,c90e23c6-5bf4-4d6f-97d8-b162b8a5b03e,Author,Thomas,Binder
7b308555-bd0b-49de-b15a-3784b215e915,c90e23c6-5bf4-4d6f-97d8-b162b8a5b03e,Author,Thomas,Binder
b742e35c-ca2e-4c77-a54a-680d48aaf82c,c90e23c6-5bf4-4d6f-97d8-b162b8a5b03e,Editor,Thomas,Binder
17946e2a-71da-4b05-89ec-ba26fc4b3f3e,c90e23c6-5bf4-4d6f-97d8-b162b8a5b03e,Author,Thomas,Binder
bb159423-7458-4f00-8a35-71ed2bb910d6,c90e23c6-5bf4-4d6f-97d8-b162b8a5b03e,Author,Thomas,Binder
385d8f2b-d703-472f-934b-18365758a5fe,c90e23c6-5bf4-4d6f-97d8-b162b8a5b03e,Author,Thomas,Binder
e3505e2d-c4f9-4f4f-b4b2-7067d7cbbe97,c90e23c6-5bf4-4d6f-97d8-b162b8a5b03e,Author,Thomas,Binder
e3505e2d-c4f9-4f4f-b4b2-7067d7cbbe97,,Author,Klaus T,Nielsen
9c11da08-b3f2-400d-b4a8-26727157e1f2,c90e23c6-5bf4-4d6f-97d8-b162b8a5b03e,Author,Thomas,Binder
46e7108d-104e-45fe-bf3c-e51d08b4e4f3,c90e23c6-5bf4-4d6f-97d8-b162b8a5b03e,Author,Thomas,Binder
6e0fc1b3-b7b0-4125-90be-6acaac040dd0,c90e23c6-5bf4-4d6f-97d8-b162b8a5b03e,Author,Thomas,Binder
8dffabf1-02b4-4866-949b-1fde2d3eca2c,c90e23c6-5bf4-4d6f-97d8-b162b8a5b03e,Author,Thomas,Binder
8dffabf1-02b4-4866-949b-1fde2d3eca2c,,Author,Lone,Malmborg
bf1ab877-16e3-4fce-8790-70c2761265ee,c90e23c6-5bf4-4d6f-97d8-b162b8a5b03e,Author,Thomas,Binder
bf1ab877-16e3-4fce-8790-70c2761265ee,,Author,Lone,Malmborg
86f9e183-44c6-4ed8-b3ee-2e13948e13a4,c90e23c6-5bf4-4d6f-97d8-b162b8a5b03e,Author,Thomas,Binder
86f9e183-44c6-4ed8-b3ee-2e13948e13a4,,Author,Lone,Malmborg
69647310-72a0-4618-bcdd-86ba6ffc8007,c90e23c6-5bf4-4d6f-97d8-b162b8a5b03e,Author,Thomas,Binder
69647310-72a0-4618-bcdd-86ba6ffc8007,,Author,Lone,Malmborg
e42692e7-305a-4ad1-8321-af1204d87aeb,c90e23c6-5bf4-4d6f-97d8-b162b8a5b03e,Author,Thomas,Binder
e42692e7-305a-4ad1-8321-af1204d87aeb,,Author,Lone,Malmborg
ca094d0e-95ac-402f-bcf9-493b6a7358ae,c90e23c6-5bf4-4d6f-97d8-b162b8a5b03e,Author,Thomas,Binder
ca094d0e-95ac-402f-bcf9-493b6a7358ae,,Author,Lone,Malmborg
44f30346-7978-466f-96e1-17f2eec13342,c90e23c6-5bf4-4d6f-97d8-b162b8a5b03e,Author,Thomas,Binder
44f30346-7978-466f-96e1-17f2eec13342,,Author,Lone,Malmborg
f162a882-76f7-4d67-aca8-a2455c584861,c90e23c6-5bf4-4d6f-97d8-b162b8a5b03e,Author,Thomas,Binder
f162a882-76f7-4d67-aca8-a2455c584861,,Author,Lone,Malmborg
d091ab85-1ab1-43ae-a91a-fb497388be2c,c90e23c6-5bf4-4d6f-97d8-b162b8a5b03e,Author,Thomas,Binder
d091ab85-1ab1-43ae-a91a-fb497388be2c,,Author,Lone,Malmborg
6f204d56-74bb-4bc5-baab-ab6b8a51c82e,c90e23c6-5bf4-4d6f-97d8-b162b8a5b03e,Author,Thomas,Binder
6f204d56-74bb-4bc5-baab-ab6b8a51c82e,,Author,Lone,Malmborg
10765076-0f18-4cf3-a6da-6b031df5dbb1,c90e23c6-5bf4-4d6f-97d8-b162b8a5b03e,Author,Thomas,Binder
10765076-0f18-4cf3-a6da-6b031df5dbb1,,Author,Lone,Malmborg
68657973-8942-435b-888e-93be002cba29,c90e23c6-5bf4-4d6f-97d8-b162b8a5b03e,Author,Thomas,Binder
c1c84f3b-6560-4e06-832f-3397de4c9881,c90e23c6-5bf4-4d6f-97d8-b162b8a5b03e,Author,Thomas,Binder
15adbf24-1914-4ad5-a5e2-c23ec5cfddca,c90e23c6-5bf4-4d6f-97d8-b162b8a5b03e,Author,Thomas,Binder
4da38a82-26e3-4dc5-92ef-275defa5899f,c90e23c6-5bf4-4d6f-97d8-b162b8a5b03e,Author,Thomas,Binder
caa61213-c42c-40f5-9148-5ef7b18a153b,c90e23c6-5bf4-4d6f-97d8-b162b8a5b03e,Author,Thomas,Binder
c0cac206-6e9a-436e-8900-453c1df16b40,c90e23c6-5bf4-4d6f-97d8-b162b8a5b03e,Author,Thomas,Binder
332a57f3-60db-4780-b795-b2f7725185d8,c90e23c6-5bf4-4d6f-97d8-b162b8a5b03e,Author,Thomas,Binder
551d791f-f1e5-498b-a39f-47c3c12b8343,c90e23c6-5bf4-4d6f-97d8-b162b8a5b03e,Author,Thomas,Binder
92518fdf-72aa-4faf-8352-411ba5496e2d,879e7ac4-e64c-4c5f-9591-421e56cd0678,Author,Natalie,Schluter
93161795-efb7-4507-a38f-2069c6a6d4d3,63342b24-28ec-40c5-a7d9-ec49867dc75d,Author,Pınar,Tözün
8168b182-6edc-4025-93c2-b40aa75482c2,a39b94ff-e1b6-4b96-8404-486167a9123d,Author,Andrzej,Wasowski
9ed1098f-0798-42aa-86ae-88f047368e9f,a39b94ff-e1b6-4b96-8404-486167a9123d,Author,Andrzej,Wasowski
28a4c597-eed1-4ca9-bfe6-ee22291e55bc,,Author,Fabrizio,Biondi
28a4c597-eed1-4ca9-bfe6-ee22291e55bc,a39b94ff-e1b6-4b96-8404-486167a9123d,Author,Andrzej,Wasowski
e8142147-f793-4aa6-9f24-d120f21c489b,,Author,Fabrizio,Biondi
e8142147-f793-4aa6-9f24-d120f21c489b,a39b94ff-e1b6-4b96-8404-486167a9123d,Author,Andrzej,Wasowski
06afa7f2-7ac4-41a2-8664-966edee06f94,,Author,Fabrizio,Biondi
06afa7f2-7ac4-41a2-8664-966edee06f94,a39b94ff-e1b6-4b96-8404-486167a9123d,Author,Andrzej,Wasowski
b13d21bd-6c43-4dae-ba38-54b1aa13804c,,Author,Fabrizio,Biondi
b13d21bd-6c43-4dae-ba38-54b1aa13804c,a39b94ff-e1b6-4b96-8404-486167a9123d,Author,Andrzej,Wasowski
b13d21bd-6c43-4dae-ba38-54b1aa13804c,,Author,Louis-Marie,Traonouez
b9bfb688-68f3-464a-b119-b24c476dc846,a39b94ff-e1b6-4b96-8404-486167a9123d,Author,Andrzej,Wasowski
ab564829-be8d-430e-9ba6-143e0e99e00b,a39b94ff-e1b6-4b96-8404-486167a9123d,Author,Andrzej,Wasowski
e8014068-5012-415a-88da-76ba961b818a,,Author,Fabrizio,Biondi
aef48ca5-3ea5-4bc7-9467-a72eba23906a,6ec63914-1f4e-4708-8830-1b054c2ee03a,Author,Irina Maria Clara Hansen,Papazu
9b19d344-ab34-476b-9327-907a9b0c1393,6ec63914-1f4e-4708-8830-1b054c2ee03a,Author,Irina,Papazu
9ebf89f0-832e-11dd-b75b-000ea68e967b,,Author,Lars,Birkedal
7c4fdbe0-88a6-11dd-8006-000ea68e967b,,Author,Lars,Birkedal
7c4fdbe0-88a6-11dd-8006-000ea68e967b,10003d22-a201-4b64-88e3-b423bc76fcc2,Author,Rasmus Ejlers,Møgelberg
ce869fc0-896e-11dd-8006-000ea68e967b,,Author,Lars,Birkedal
26cc3890-0401-11de-b97e-000ea68e967b,,Author,Lars,Birkedal
26cc3890-0401-11de-b97e-000ea68e967b,d3b41838-e2bf-4735-b1cd-03f60b49c7e5,Author,Søren,Debois
26cc3890-0401-11de-b97e-000ea68e967b,d30b96a8-4f1e-44fa-9bf5-0209bedf0268,Author,Thomas,Hildebrandt
886abcc0-5b63-11de-8664-000ea68e967b,,Author,Lars,Birkedal
886abcc0-5b63-11de-8664-000ea68e967b,,Author,Kristian,Støvring
886abcc0-5b63-11de-8664-000ea68e967b,,Author,Jacob Junker,Thamsborg
036f64b0-5b65-11de-8664-000ea68e967b,,Author,Lars,Birkedal
036f64b0-5b65-11de-8664-000ea68e967b,,Author,Kristian,Støvring
036f64b0-5b65-11de-8664-000ea68e967b,,Author,Jacob Junker,Thamsborg
59d83230-da60-11de-b0f9-000ea68e967b,,Author,Lars,Birkedal
59d83230-da60-11de-b0f9-000ea68e967b,,Author,Kristian,Støvring
59d83230-da60-11de-b0f9-000ea68e967b,,Author,Jacob Junker,Thamsborg
3304f250-e0dd-11de-a523-000ea68e967b,,Author,Lars,Birkedal
3304f250-e0dd-11de-a523-000ea68e967b,,Author,Mikkel,Bundgaard
3304f250-e0dd-11de-a523-000ea68e967b,d3b41838-e2bf-4735-b1cd-03f60b49c7e5,Author,Søren,Debois
3304f250-e0dd-11de-a523-000ea68e967b,d30b96a8-4f1e-44fa-9bf5-0209bedf0268,Author,Thomas,Hildebrandt
16d111e0-207f-11df-b794-000ea68e967b,,Author,Lars,Birkedal
16d111e0-207f-11df-b794-000ea68e967b,,Author,Kristian,Støvring
16d111e0-207f-11df-b794-000ea68e967b,,Author,Jacob Junker,Thamsborg
d2b3222e-9840-483d-b7b9-ad488c304f0c,,Author,Lars,Birkedal
d2b3222e-9840-483d-b7b9-ad488c304f0c,,Author,Kristian,Støvring
d2b3222e-9840-483d-b7b9-ad488c304f0c,,Author,Jacob Junker,Thamsborg
c9b68cd5-e1bf-48e2-b5c1-2f9635960549,,Author,Lars,Birkedal
c9b68cd5-e1bf-48e2-b5c1-2f9635960549,,Author,Kristian,Støvring
c9b68cd5-e1bf-48e2-b5c1-2f9635960549,,Author,Jacob Junker,Thamsborg
2de3caf7-39e6-4e25-92b3-aa549f240896,,Author,Lars,Birkedal
2de3caf7-39e6-4e25-92b3-aa549f240896,10003d22-a201-4b64-88e3-b423bc76fcc2,Author,Rasmus Ejlers,Møgelberg
2de3caf7-39e6-4e25-92b3-aa549f240896,,Author,Kristian,Støvring
6c9a1f31-034f-428f-8c51-6c007e6e5d13,,Author,Lars,Birkedal
6c9a1f31-034f-428f-8c51-6c007e6e5d13,,Author,Kristian,Støvring
6c9a1f31-034f-428f-8c51-6c007e6e5d13,,Author,Jacob Junker,Thamsborg
766f3e77-511c-4704-a310-4b7c383069b7,,Author,Lars,Birkedal
766f3e77-511c-4704-a310-4b7c383069b7,10003d22-a201-4b64-88e3-b423bc76fcc2,Author,Rasmus Ejlers,Møgelberg
766f3e77-511c-4704-a310-4b7c383069b7,,Author,Kristian,Støvring
ccb8bc7a-7236-427f-85ae-d6b9f192a8d9,,Author,Lars,Birkedal
ec9f5179-1b6b-45db-b7b9-fcc40bae4bdd,,Author,Lars,Birkedal
ec9f5179-1b6b-45db-b7b9-fcc40bae4bdd,,Author,Filip,Sieczkowski
ec9f5179-1b6b-45db-b7b9-fcc40bae4bdd,,Author,Jacob Junker,Thamsborg
daf56809-22d1-4eb0-9b22-618c114e5e07,10003d22-a201-4b64-88e3-b423bc76fcc2,Author,Rasmus Ejlers,Møgelberg
41cb593e-3140-46ac-9cdb-fa64d16b3783,,Author,Lars,Birkedal
41cb593e-3140-46ac-9cdb-fa64d16b3783,,Author,Kristian,Støvring
398932b2-1112-4512-a911-eaf92afd529e,,Author,Lars,Birkedal
398932b2-1112-4512-a911-eaf92afd529e,,Author,Kristian,Støvring
c7e5413b-292d-4226-bebc-8647d725df4b,,Author,Lars,Birkedal
c7e5413b-292d-4226-bebc-8647d725df4b,d3b41838-e2bf-4735-b1cd-03f60b49c7e5,Author,Søren,Debois
c7e5413b-292d-4226-bebc-8647d725df4b,d30b96a8-4f1e-44fa-9bf5-0209bedf0268,Author,Thomas,Hildebrandt
24d4ecde-b6ba-43ca-8159-d5a1b2852f1a,,Author,Lars,Birkedal
24d4ecde-b6ba-43ca-8159-d5a1b2852f1a,,Author,Rasmus Lerchedal,Petersen
6df5709e-bdcb-4ce8-bd96-b71e97589735,,Author,Lars,Birkedal
6df5709e-bdcb-4ce8-bd96-b71e97589735,d3b41838-e2bf-4735-b1cd-03f60b49c7e5,Author,Søren,Debois
6df5709e-bdcb-4ce8-bd96-b71e97589735,,Author,Ebbe,Elsborg
6df5709e-bdcb-4ce8-bd96-b71e97589735,d30b96a8-4f1e-44fa-9bf5-0209bedf0268,Author,Thomas,Hildebrandt
6df5709e-bdcb-4ce8-bd96-b71e97589735,,Author,Henning,Niss
564883f6-0132-4bd2-96ef-45dca0992628,,Author,Lars,Birkedal
564883f6-0132-4bd2-96ef-45dca0992628,10003d22-a201-4b64-88e3-b423bc76fcc2,Author,Rasmus Ejlers,Møgelberg
d3d661a7-d318-4694-9220-c2b9a97fa65d,,Author,Lars,Birkedal
d3d661a7-d318-4694-9220-c2b9a97fa65d,10003d22-a201-4b64-88e3-b423bc76fcc2,Author,Rasmus Ejlers,Møgelberg
8540e7d1-ea05-4c13-b305-022fe1af5b65,,Author,Lars,Birkedal
8540e7d1-ea05-4c13-b305-022fe1af5b65,,Author,Noah,Torp-Smith
aa3fd01d-b687-4481-ac9a-061979891296,fda8c630-1b0a-4910-ae2a-602850616275,Author,Christoph,Seidl
77ab7887-1c6f-48d4-9d8b-9c42a3bbcf80,,Author,Irina,Shklovski
a98d7702-e9c5-47e7-9ed8-79c6c9d1072a,efa39e70-a80a-4780-b151-ba31b01726bb,Author,Per B.,Brockhoff
17391bf2-e201-4f53-a664-629ab09498b8,efa39e70-a80a-4780-b151-ba31b01726bb,Author,Per B.,Brockhoff
d8524b32-1340-4a79-9449-1a204b278d63,efa39e70-a80a-4780-b151-ba31b01726bb,Author,Per B.,Brockhoff
e196493c-b75c-4f4c-89f0-6bc2bca4ac58,10003d22-a201-4b64-88e3-b423bc76fcc2,Author,Rasmus Ejlers,Møgelberg
56bc7bd7-3841-40c5-909d-69a54abc46be,,Author,Ales,Bizjak
56bc7bd7-3841-40c5-909d-69a54abc46be,10003d22-a201-4b64-88e3-b423bc76fcc2,Author,Rasmus Ejlers,Møgelberg
ec137504-b4d6-4bf4-837b-d860410358b3,10003d22-a201-4b64-88e3-b423bc76fcc2,Author,Rasmus Ejlers,Møgelberg
b2b7e06e-a33d-46f1-aa51-988df1c13f97,,Author,Richard,Ling
d1699d3b-241e-4487-a89c-813e96284c8a,,Author,Richard,Ling
3ea91d3f-5b5a-4e9e-b725-ee258ae5808f,1c4bfd79-4336-4b17-a672-9acb465f15c0,Author,Veronika,Cheplygina
3ea91d3f-5b5a-4e9e-b725-ee258ae5808f,1abda59f-c493-4824-a7b1-7470d66f08d1,Author,Stefan,Heinrich
2774a004-2c18-4b47-b3bb-e45a74283742,f14f4742-c9d8-4a34-b8e2-d713c3a1f437,Author,Oliver,Krancher
f82f6110-8a34-11dd-8006-000ea68e967b,472021c7-73cc-44ba-a4ef-70cd2bed8601,Author,Thore,Husfeldt
d3fa7450-dcc4-11dd-a259-000ea68e967b,472021c7-73cc-44ba-a4ef-70cd2bed8601,Author,Thore,Husfeldt
bee79060-e3dc-11dd-a259-000ea68e967b,472021c7-73cc-44ba-a4ef-70cd2bed8601,Author,Thore,Husfeldt
bae46cc0-e3de-11dd-a259-000ea68e967b,472021c7-73cc-44ba-a4ef-70cd2bed8601,Author,Thore,Husfeldt
6c1cdc40-e562-11de-a523-000ea68e967b,472021c7-73cc-44ba-a4ef-70cd2bed8601,Author,Thore,Husfeldt
98da4d20-e563-11de-a523-000ea68e967b,472021c7-73cc-44ba-a4ef-70cd2bed8601,Author,Thore,Husfeldt
ec7d7c74-fbad-492e-91ef-9fafc77b0468,472021c7-73cc-44ba-a4ef-70cd2bed8601,Author,Thore,Husfeldt
c57318cd-070f-4b65-be1d-2b1613194476,472021c7-73cc-44ba-a4ef-70cd2bed8601,Author,Thore,Husfeldt
19a99ebc-5334-4427-8658-423ec3e9d728,472021c7-73cc-44ba-a4ef-70cd2bed8601,Author,Thore,Husfeldt
0ff3386d-d2d5-4169-a94b-05da126f874b,472021c7-73cc-44ba-a4ef-70cd2bed8601,Author,Thore,Husfeldt
d35f1be9-5321-4e19-8fbf-c50c65a1fa08,472021c7-73cc-44ba-a4ef-70cd2bed8601,Author,Thore,Husfeldt
d24090be-5c69-4583-95da-62189eb2d30d,472021c7-73cc-44ba-a4ef-70cd2bed8601,Author,Thore,Husfeldt
f97460fe-1d69-40c0-ab95-966772b1b080,472021c7-73cc-44ba-a4ef-70cd2bed8601,Author,Thore,Husfeldt
97e51590-cb3a-4fd7-9106-94af92f2f6a7,,Author,Rasmus,Pagh
5b261d61-818a-4a29-81f5-d9466e9714de,472021c7-73cc-44ba-a4ef-70cd2bed8601,Author,Thore,Husfeldt
630a3f46-7a91-4d35-805b-f87754612636,472021c7-73cc-44ba-a4ef-70cd2bed8601,Author,Thore,Husfeldt
d7509174-d74b-4167-8127-38dca1702ce8,472021c7-73cc-44ba-a4ef-70cd2bed8601,Author,Thore,Husfeldt
e511a721-6ecb-49b9-a940-c996ef0f8af4,472021c7-73cc-44ba-a4ef-70cd2bed8601,Author,Thore,Husfeldt
4776ffe4-4b0f-41b1-a2a4-94ca5e086bcf,7e6e312c-7d1b-4d6a-ac22-385bab06ee41,Author,Andreas,Björklund
73721b26-7a63-4696-aea5-2265fafd57e2,7e6e312c-7d1b-4d6a-ac22-385bab06ee41,Author,Andreas,Björklund
a1930333-a08c-49a6-8d10-daf061ff7d93,,Author,Matias,Bjørling
a1930333-a08c-49a6-8d10-daf061ff7d93,,Author,Philippe,Bonnet
09657657-cd30-49d1-9c37-12baca423a50,,Author,Matias,Bjørling
09657657-cd30-49d1-9c37-12baca423a50,,Author,Philippe,Bonnet
5b558fc5-3708-4e71-bb49-6eb75350ae21,,Author,Matias,Bjørling
5b558fc5-3708-4e71-bb49-6eb75350ae21,,Author,Philippe,Bonnet
5b558fc5-3708-4e71-bb49-6eb75350ae21,,Author,Niv,Dayan
4ee19b4e-e624-45af-921d-017a368103f8,,Author,Matias,Bjørling
4ee19b4e-e624-45af-921d-017a368103f8,,Author,Philippe,Bonnet
54429aa0-03f6-486e-ab6c-6760d3077ff9,,Author,Matias,Bjørling
54429aa0-03f6-486e-ab6c-6760d3077ff9,,Author,Philippe,Bonnet
54429aa0-03f6-486e-ab6c-6760d3077ff9,,Author,Niv,Dayan
dc1a1620-b693-40f1-9c2a-d04bd6c282fd,,Author,Matias,Bjørling
dc1a1620-b693-40f1-9c2a-d04bd6c282fd,,Author,Jesper,Madsen
dc1a1620-b693-40f1-9c2a-d04bd6c282fd,,Author,Javier,Gonzalez
dc1a1620-b693-40f1-9c2a-d04bd6c282fd,,Author,Philippe,Bonnet
53553df4-246b-4562-bd3a-f542b360cb8e,,Author,Matias,Bjørling
53553df4-246b-4562-bd3a-f542b360cb8e,,Author,Javier,Gonzalez
53553df4-246b-4562-bd3a-f542b360cb8e,,Author,Philippe,Bonnet
ef4fc11c-029b-4a8e-b459-b8ce112439d5,,Author,Matias,Bjørling
13d8f2b0-c530-11dd-867b-000ea68e967b,,Author,Pernille,Bjørn
7f03d310-da66-11de-b0f9-000ea68e967b,,Author,Pernille,Bjørn
58e18610-da74-11de-b0f9-000ea68e967b,,Author,Pernille,Bjørn
cfc91d20-daa0-11de-b0f9-000ea68e967b,,Author,Pernille,Bjørn
b26c6eca-9cb1-4e4a-a465-f293b4eeed24,,Author,Pernille ,Bjørn
d312b76c-3738-4f54-8e3a-5c61f1b44426,,Author,Pernille ,Bjørn
5960c3e2-6149-4aa8-a472-08931cc8b87c,,Author,Pernille ,Bjørn
a761ba3b-ec13-4884-b58d-0e48b76a045f,,Author,Pernille ,Bjørn
a761ba3b-ec13-4884-b58d-0e48b76a045f,,Author,Nina,Boulus
c2809b65-eef5-4ab0-b7c9-e3c2a1ea696f,,Author,Pernille ,Bjørn
c2809b65-eef5-4ab0-b7c9-e3c2a1ea696f,92f6c3f3-0ad2-40fc-b278-69170f87567d,Author,Lars Rune,Christensen
1440fdac-4cf3-4afa-9c94-6473006f27ab,,Author,Pernille ,Bjørn
26574a26-005e-48fe-ba8a-866f6b779aac,,Author,Pernille ,Bjørn
26574a26-005e-48fe-ba8a-866f6b779aac,,Author,Thomas,Pederson
777c8e27-76a5-4e85-ade2-f97260970834,,Author,Pernille ,Bjørn
92c64320-2a66-4964-819c-4784c5d18fb6,,Author,Pernille ,Bjørn
55f19556-7425-43fb-b855-a3158940fe4a,,Author,Pernille ,Bjørn
55f19556-7425-43fb-b855-a3158940fe4a,,Author,Randi,Markussen
13579aa0-1dfe-46fb-86cd-0b4d6cd1cce6,,Author,Pernille,Bjørn
13579aa0-1dfe-46fb-86cd-0b4d6cd1cce6,,Author,Morten,Esbensen
13579aa0-1dfe-46fb-86cd-0b4d6cd1cce6,,Author,Rasmus Eskild,Jensen
13579aa0-1dfe-46fb-86cd-0b4d6cd1cce6,,Author,Stina,Matthiesen
88435879-06db-40e4-b826-2ff74e2cf288,,Author,Pernille,Bjørn
1dc7141f-79a2-4e58-98ee-1cf0e8bdfd8b,,Author,Pernille,Bjørn
1dc7141f-79a2-4e58-98ee-1cf0e8bdfd8b,,Author,Jakob,Bardram
97ff7f7c-b4e5-4490-bb22-d325533dd5e6,,Author,Pernille,Bjørn
4655e2f1-bec6-4f1a-b986-cb8e51e077bb,,Author,Pernille,Bjørn
a234658b-802a-4989-ac13-70a5b6c26fa9,,Author,Pernille,Bjørn
a234658b-802a-4989-ac13-70a5b6c26fa9,a0f5a47c-1073-4c01-b62d-51b767f01d69,Author,Melanie,Duckert
a234658b-802a-4989-ac13-70a5b6c26fa9,,Author,Irina,Shklovski
a234658b-802a-4989-ac13-70a5b6c26fa9,831421c0-027f-4a25-b795-ee2fce0c8d2a,Author,Louise,Barkhuus
a234658b-802a-4989-ac13-70a5b6c26fa9,,Author,Nina,Boulus-Rødje
9045aa70-2d03-472e-89f2-d8768f9719be,,Author,Marina,Björnsdóttir
9045aa70-2d03-472e-89f2-d8768f9719be,ffc6db77-95ed-452f-92ac-ca143a9db73c,Author,Maria Jung,Barrett
36e53428-21c6-4c51-9df8-ae0d0a186820,,Author,Martin Tvede,Zachariasen
50d364c0-4637-4f5c-ba30-65fda08601e3,39f7afe3-fd9c-4ac5-8ba1-fa2f2826ab8c,Author,Paloma,Thomé de Lima
936f5828-b02d-4d6c-8284-3b04af35977f,,Author,Laura Na,Blankholm
936f5828-b02d-4d6c-8284-3b04af35977f,,Author,Andy,Lautrup
936f5828-b02d-4d6c-8284-3b04af35977f,df52a23b-7109-4616-a59a-d6d90f777595,Author,Katja Sara Pape,de Neergaard
936f5828-b02d-4d6c-8284-3b04af35977f,,Author,Caroline Anna,Salling
cf5e4f51-9e73-4b23-8846-df69d702f8e4,53c45a58-4c3c-424c-80a2-c39e733fd7c3,Author,Radu-Cristian ,Curticapean
f31e0633-9f0b-4da6-a747-12464b404384,d37cba38-dff2-4c27-a515-226cfadfd849,Author,Jonas,Fritsch
4f795efe-3db8-4276-9679-db9965aafb97,,Author,Brit Ross,Winthereik
69bc8c37-f6be-4310-b002-f83d390d8a1d,,Author,Ester,Fritsch
e6d3b50d-3cb8-4698-bceb-33f52982cf73,,Author,Johanna,Blom
8a034d5f-8dec-411d-8b04-7f6d12b6614d,,Author,Johanna,Blom
e43d0d2d-45c4-4b7c-a418-aef1c13683d6,,Author,Johanna,Blom
3a4e4d8f-c24e-45fd-92d9-ce1b4f43cd2d,,Author,Johanna,Blom
0d9ef1a9-8b01-46c2-9c89-eab693ae2700,,Author,Johanna,Blom
774ea76d-a628-409a-8099-cc1d9693d08c,,Author,Johanna,Blom
6bd6680a-38d7-44c9-a4e7-46e68c8ac2b7,,Author,Johanna,Blom
d371a47b-01ed-4a25-a22a-df81eb40a784,,Author,Johanna,Blom
2e9059a6-37db-4144-a920-13d505496d6c,,Author,Joleen,Blom
af4ccc11-4791-4920-bc44-8bc35d1b9807,,Author,Joleen,Blom
8025b7b0-059a-46d1-9724-a441ad2bc325,,Author,Joleen,Blom
8025b7b0-059a-46d1-9724-a441ad2bc325,,Author,Fanny,Barnabé
735f2cd1-042b-47c8-9234-27e71b6d264e,,Author,Joleen,Blom
735f2cd1-042b-47c8-9234-27e71b6d264e,,Author,Espen J.,Aarseth
735f2cd1-042b-47c8-9234-27e71b6d264e,42147e05-f94c-471d-a889-c57a01e4bdd0,Author,Pawel,Grabarczyk
801bcbf3-d59d-4154-9210-47c344d58066,,Author,Joleen,Blom
88de4a50-4e13-4fb0-bb6c-d7f63d667def,,Author,Joleen,Blom
d3d52df7-cd13-4860-9114-96292ecb950f,,Author,Joleen,Blom
a9f67691-0ed4-4833-8c16-ae417f531e8a,,Author,Lasse,Blond
2fa0050f-d42e-4a9d-becf-6788dc584edf,,Author,Richard,Ling
607a78ee-224f-4bfa-a911-e032dba3d82c,1b45e3f5-b8cd-4c0d-a444-2901304f76ee,Author,Luca,Rossi
a731c5b6-70ba-4e21-9a09-a663c5f92f64,1b45e3f5-b8cd-4c0d-a444-2901304f76ee,Author,Luca,Rossi
114b7ee6-0d82-4635-a66f-2d547f7ffa91,,Author,Alexander,Bock
0d096f4a-7074-4091-88f2-2bed4ed4a216,,Author,Peter Brottveit,Bock
0d096f4a-7074-4091-88f2-2bed4ed4a216,,Author,Agata,Murawska
0d096f4a-7074-4091-88f2-2bed4ed4a216,5c50bbc9-ed3d-417f-ba4d-e484eaf536b3,Author,Alessandro,Bruni
0d096f4a-7074-4091-88f2-2bed4ed4a216,1313519f-2074-41d6-8b79-589648e37211,Author,Carsten,Schürmann
170f5dbb-ddbb-40fb-905e-450b1615cb0d,,Author,Alexander,Bock
d34d4733-eb85-49bb-93a8-4553a070f3ea,,Author,Alexander,Bock
e4c9cc75-7237-4a48-a25d-1aa64eead024,,Author,Alexander,Bock
e4c9cc75-7237-4a48-a25d-1aa64eead024,0ee7ba1e-3108-4db3-a908-97977980d032,Author,Peter,Sestoft
7f0fbb69-00db-4106-b3d1-d14484fc0066,,Author,Alexander,Bock
2e4cc14d-92ed-47f3-87f3-e45a116f9dcc,,Author,Alexander Asp,Bock
2e4cc14d-92ed-47f3-87f3-e45a116f9dcc,,Author,Florian,Biermann
e132b2f0-45ce-42c4-bfa6-74d5b042a637,,Author,Alexander Asp,Bock
e132b2f0-45ce-42c4-bfa6-74d5b042a637,0ee7ba1e-3108-4db3-a908-97977980d032,Author,Peter,Sestoft
31401810-b141-4f02-b484-c68012719461,,Author,Alexander Asp,Bock
cb6446a2-6ae5-4683-9d34-18779f6bd96c,,Author,Alexander Asp,Bock
cb6446a2-6ae5-4683-9d34-18779f6bd96c,0ee7ba1e-3108-4db3-a908-97977980d032,Author,Peter,Sestoft
9c42705a-6438-4c04-817c-ef9d0709ba69,,Author,Alexander Asp,Bock
4fba6871-00b1-4d86-a844-151a3926fcd9,b2431f12-bff1-4a97-af68-defe62b81aee,Author,Karl,Werder
0ac25813-c16d-492f-871f-12b685e52a79,47a94200-3abe-4354-b5e3-c8ef6f1ba1f2,Author,Claus,Brabrand
f7aeae50-e3f0-11de-a523-000ea68e967b,,Author,Randi,Markussen
ebbe9b9b-431c-4030-bcc6-0a5b5a664ed7,,Author,Pernille,Kræmmergaard
1e582f67-c869-4469-833a-7b5c31ca0871,1052b289-f510-4c5a-9662-2db48c12ebc2,Author,Lene,Nielsen
9d09c280-8f50-43e1-83cd-de7259959e19,39f7afe3-fd9c-4ac5-8ba1-fa2f2826ab8c,Author,Paloma,Thomé de Lima
648e83ef-a77c-4d30-aa4e-3f6472b37bd2,39f7afe3-fd9c-4ac5-8ba1-fa2f2826ab8c,Author,Paloma,Thomé de Lima
82160c81-29ec-4ee1-ab04-bcd420e2175e,25a5a0d6-404b-419c-9502-b246525617a2,Author,Laurens,Boer
7474139e-f7ab-4ce7-a201-80925c1c6093,25a5a0d6-404b-419c-9502-b246525617a2,Author,Laurens,Boer
15d32e1b-b47b-4399-91dd-7364e6efcd62,25a5a0d6-404b-419c-9502-b246525617a2,Author,Laurens,Boer
423ec80b-4fab-4634-80b4-8eb30c4763e5,25a5a0d6-404b-419c-9502-b246525617a2,Author,Laurens,Boer
f2dd4330-5f3b-4487-a7b1-3dcd4c8450be,25a5a0d6-404b-419c-9502-b246525617a2,Author,Laurens,Boer
535b99bc-ffc5-4fa5-9b66-fdd997532940,25a5a0d6-404b-419c-9502-b246525617a2,Author,Laurens,Boer
96c80086-9971-487f-a1ce-9420cb544068,25a5a0d6-404b-419c-9502-b246525617a2,Author,Laurens,Boer
96c80086-9971-487f-a1ce-9420cb544068,2fa5dc89-7d78-45d0-96c7-e8f39b78dd3e,Author,Anna,Vallgårda
96c80086-9971-487f-a1ce-9420cb544068,4b32d446-5acb-42c7-83b2-41ca287d8613,Author,Ben,Cahill
f12e922f-0156-415a-a03e-e603b2555656,25a5a0d6-404b-419c-9502-b246525617a2,Author,Laurens,Boer
f12e922f-0156-415a-a03e-e603b2555656,2fa5dc89-7d78-45d0-96c7-e8f39b78dd3e,Author,Anna,Vallgårda
f12e922f-0156-415a-a03e-e603b2555656,4b32d446-5acb-42c7-83b2-41ca287d8613,Author,Ben,Cahill
805ad222-ed0d-4f46-a166-83cd3f3a8f69,25a5a0d6-404b-419c-9502-b246525617a2,Author,Laurens,Boer
805ad222-ed0d-4f46-a166-83cd3f3a8f69,5d268f64-6963-4991-9ac4-e7510c0ae705,Author,Harvey,Bewley
15e5a132-c746-42ac-aa4f-38652d5db87c,25a5a0d6-404b-419c-9502-b246525617a2,Author,Laurens,Boer
15e5a132-c746-42ac-aa4f-38652d5db87c,5d268f64-6963-4991-9ac4-e7510c0ae705,Author,Harvey,Bewley
a8d3f4a1-9c48-4e63-9891-d09e6ea07413,25a5a0d6-404b-419c-9502-b246525617a2,Author,Laurens,Boer
a8d3f4a1-9c48-4e63-9891-d09e6ea07413,5d268f64-6963-4991-9ac4-e7510c0ae705,Author,Harvey,Bewley
a8d3f4a1-9c48-4e63-9891-d09e6ea07413,3ad26d6b-4619-4a9f-a1b6-8424aab1dd52,Author,Tom,Jenkins
a8d3f4a1-9c48-4e63-9891-d09e6ea07413,,Author,Sarah,Homewood
a8d3f4a1-9c48-4e63-9891-d09e6ea07413,,Author,Teresa,Almeida
a8d3f4a1-9c48-4e63-9891-d09e6ea07413,2fa5dc89-7d78-45d0-96c7-e8f39b78dd3e,Author,Anna,Vallgårda
ada89c3c-1df8-4bd6-95a4-7a9ceedc767d,25a5a0d6-404b-419c-9502-b246525617a2,Author,Laurens,Boer
ada89c3c-1df8-4bd6-95a4-7a9ceedc767d,5d268f64-6963-4991-9ac4-e7510c0ae705,Author,Harvey,Bewley
ada89c3c-1df8-4bd6-95a4-7a9ceedc767d,4b32d446-5acb-42c7-83b2-41ca287d8613,Author,Ben,Cahill
ce8c63cd-76ac-4a45-b35b-dcc9fe8b6bbb,25a5a0d6-404b-419c-9502-b246525617a2,Author,Laurens,Boer
ce8c63cd-76ac-4a45-b35b-dcc9fe8b6bbb,3ad26d6b-4619-4a9f-a1b6-8424aab1dd52,Author,Tom,Jenkins
818b9c3c-fa25-4f37-a32e-47c95e9fc110,25a5a0d6-404b-419c-9502-b246525617a2,Author,Laurens,Boer
818b9c3c-fa25-4f37-a32e-47c95e9fc110,5d268f64-6963-4991-9ac4-e7510c0ae705,Author,Harvey,Bewley
36e0b9a7-0bf1-44a3-9dc7-e5804b2d6292,25a5a0d6-404b-419c-9502-b246525617a2,Author,Laurens,Boer
36e0b9a7-0bf1-44a3-9dc7-e5804b2d6292,5d268f64-6963-4991-9ac4-e7510c0ae705,Author,Harvey,Bewley
20144053-8971-44b4-a1c6-c6089757e915,25a5a0d6-404b-419c-9502-b246525617a2,Author,Laurens,Boer
26646405-a418-442d-b342-168ce627a918,02960d47-7677-4b2c-99d4-490a31fd6885,Author,Mircea,Lungu
e01fc8ca-4f2f-478e-8e58-7473f104946e,b8c7a59c-125b-48a6-9a1f-e22b82335828,Author,Luís,Cruz-Filipe
c235a8f9-5b88-4768-81b6-3cafd838568e,b8c7a59c-125b-48a6-9a1f-e22b82335828,Author,Luís,Cruz-Filipe
3309b86d-8669-426b-801e-9cebf3e0b2ab,b8c7a59c-125b-48a6-9a1f-e22b82335828,Author,Luís,Cruz-Filipe
7fb8797c-1e80-4c7f-803f-936ca3ef828a,b8c7a59c-125b-48a6-9a1f-e22b82335828,Author,Luís,Cruz-Filipe
43e75afc-3963-4b7f-b56e-4ae9f21a0c85,805cae2a-3462-4130-88de-cc7d94aec0a5,Author,Vasiliki,Tsaknaki
5e96d511-6f47-43df-b8de-e8ae4ade8b22,e726f512-d3fd-4d89-962a-3aa9f532a52f,Author,Toine,Bogers
e852ace7-5f87-410d-aaeb-2ce7430af71a,e726f512-d3fd-4d89-962a-3aa9f532a52f,Author,Antonius Marinus,Bogers
80613867-ae87-4da8-8d11-813e694451b6,e726f512-d3fd-4d89-962a-3aa9f532a52f,Author,Toine,Bogers
e03a3351-e3b7-4f38-bc4c-0f09eb76c5ee,e726f512-d3fd-4d89-962a-3aa9f532a52f,Author,Toine,Bogers
49666cb5-0d85-4b57-99cc-2c4eff41893d,e726f512-d3fd-4d89-962a-3aa9f532a52f,Author,Toine,Bogers
3ed7a309-65dd-4d96-96ce-d72f7fe8f419,e726f512-d3fd-4d89-962a-3aa9f532a52f,Author,Toine,Bogers
665337eb-3d57-46ca-b3a6-7ade2527023c,e726f512-d3fd-4d89-962a-3aa9f532a52f,Author,Toine,Bogers
52c78986-a403-4cbb-b7a8-75cba8e792c2,e726f512-d3fd-4d89-962a-3aa9f532a52f,Author,Toine,Bogers
c5d07288-b113-4756-9369-6f74716c55b3,e726f512-d3fd-4d89-962a-3aa9f532a52f,Author,Toine,Bogers
e20fb968-bc18-4726-bdf5-86c9ebf77538,e726f512-d3fd-4d89-962a-3aa9f532a52f,Author,Toine,Bogers
ef981558-b8f4-4abe-afcd-443b37ea67c7,e726f512-d3fd-4d89-962a-3aa9f532a52f,Author,Toine,Bogers
1f58af84-ef4f-4d07-a3f8-892f49ab3990,e726f512-d3fd-4d89-962a-3aa9f532a52f,Author,Toine,Bogers
868cb014-4dd1-417d-8f3a-0c528a77feca,e726f512-d3fd-4d89-962a-3aa9f532a52f,Author,Toine,Bogers
9fe42295-003b-4a06-b116-597a8cb33fd9,e726f512-d3fd-4d89-962a-3aa9f532a52f,Author,Toine,Bogers
62f6ca1d-e335-4eb8-92b6-d42688ec8afb,e726f512-d3fd-4d89-962a-3aa9f532a52f,Author,Toine,Bogers
c09fb61a-a7de-49e9-bcf2-4a79cb4e16de,e726f512-d3fd-4d89-962a-3aa9f532a52f,Author,Toine,Bogers
c40b325a-f65f-414d-a3ff-fac0f31f0d22,e726f512-d3fd-4d89-962a-3aa9f532a52f,Editor,Toine,Bogers
8a7e85c4-c5de-44ca-aec2-665b6d20f819,e726f512-d3fd-4d89-962a-3aa9f532a52f,Author,Toine,Bogers
6057a321-cf8e-402a-adf3-d62b3ccd55bb,e726f512-d3fd-4d89-962a-3aa9f532a52f,Author,Toine,Bogers
5050d115-b4bf-4bdd-b6f6-5343181bc6e5,e726f512-d3fd-4d89-962a-3aa9f532a52f,Author,Toine,Bogers
14b983e9-a748-46ce-819c-b34a1d167a31,e726f512-d3fd-4d89-962a-3aa9f532a52f,Author,Toine,Bogers
84cca1a4-fc15-424d-b2cf-46c83d3e5162,e726f512-d3fd-4d89-962a-3aa9f532a52f,Author,Toine,Bogers
8726a2be-8d3f-4c97-bdc8-71ba17793b5e,e726f512-d3fd-4d89-962a-3aa9f532a52f,Author,Toine,Bogers
1d2c9ccd-be59-4346-b7d7-ec4a529df68d,e726f512-d3fd-4d89-962a-3aa9f532a52f,Author,Toine,Bogers
16314a57-f0ff-4e96-9032-3cc8e971c900,e726f512-d3fd-4d89-962a-3aa9f532a52f,Author,Toine,Bogers
0907e5a5-78cd-4e1b-9a64-3c14e5c4d0ba,e726f512-d3fd-4d89-962a-3aa9f532a52f,Author,Toine,Bogers
bdd198f6-7020-40e0-98aa-6d289b5007e6,e726f512-d3fd-4d89-962a-3aa9f532a52f,Author,Toine,Bogers
606e4322-a4c1-4587-9f1e-cdb8bfaa9085,e726f512-d3fd-4d89-962a-3aa9f532a52f,Author,Toine,Bogers
30616553-4d28-4b8b-8a4c-c1e45d8a2ab1,e726f512-d3fd-4d89-962a-3aa9f532a52f,Author,Toine,Bogers
b38071ca-edab-4e2e-8daf-60bf78c5a946,e726f512-d3fd-4d89-962a-3aa9f532a52f,Author,Toine,Bogers
78296176-2fd0-426d-8f25-3648aeb0d7f6,e726f512-d3fd-4d89-962a-3aa9f532a52f,Author,Toine,Bogers
eaabf6cf-3f78-4b49-a20f-603944a73995,e726f512-d3fd-4d89-962a-3aa9f532a52f,Author,T.,Bogers
f134a5c3-2ca4-4bf1-9567-e11e4d473a64,e726f512-d3fd-4d89-962a-3aa9f532a52f,Author,Toine,Bogers
b0a907f6-48f9-44f9-8c0e-2f13506a6e70,e726f512-d3fd-4d89-962a-3aa9f532a52f,Author,Toine,Bogers
8bd07bce-13a6-4354-b214-385fbafefc58,e726f512-d3fd-4d89-962a-3aa9f532a52f,Author,Toine,Bogers
3dfdb4c8-fc68-4b80-b44d-fa9d8ba27546,e726f512-d3fd-4d89-962a-3aa9f532a52f,Editor,Toine,Bogers
778a0fc0-844b-418d-85d9-c0cf623b81dc,e726f512-d3fd-4d89-962a-3aa9f532a52f,Author,Antonius Marinus,Bogers
f6ac285c-1bde-4363-a815-5a74268e08eb,e726f512-d3fd-4d89-962a-3aa9f532a52f,Author,Toine,Bogers
3674ef7f-6af0-482f-b8da-ba75fdffcafd,e726f512-d3fd-4d89-962a-3aa9f532a52f,Author,Toine,Bogers
a7f3730a-446a-4896-85f9-5da12259e30b,e726f512-d3fd-4d89-962a-3aa9f532a52f,Author,Toine,Bogers
f4dfc7bc-917f-4019-8ae5-50d45e51d8da,e726f512-d3fd-4d89-962a-3aa9f532a52f,Author,Toine,Bogers
4734d1fa-d7b0-40e8-b170-99558f721ac5,e726f512-d3fd-4d89-962a-3aa9f532a52f,Author,Toine,Bogers
32cc2527-bdaf-44a7-8016-759a324c17fd,e726f512-d3fd-4d89-962a-3aa9f532a52f,Author,Toine,Bogers
6354a829-d2be-474a-ab11-d18690e9d522,e726f512-d3fd-4d89-962a-3aa9f532a52f,Author,Toine,Bogers
08fd4123-a089-42d1-9cb3-ffe7793e62e2,e726f512-d3fd-4d89-962a-3aa9f532a52f,Author,Toine,Bogers
4c28e216-0511-4c2f-9480-edfb49ab2e3a,e726f512-d3fd-4d89-962a-3aa9f532a52f,Author,Toine,Bogers
46532da6-5736-4ed1-acd2-84e9dfab4a21,e726f512-d3fd-4d89-962a-3aa9f532a52f,Author,Toine,Bogers
f1366ffc-a01d-4772-899d-f01e43947860,e726f512-d3fd-4d89-962a-3aa9f532a52f,Editor,Toine,Bogers
ece3e6c4-3021-4e27-8efe-392d64735435,e726f512-d3fd-4d89-962a-3aa9f532a52f,Author,Toine,Bogers
bc87e556-3ee2-49f7-b350-3b62f7bb6e48,e726f512-d3fd-4d89-962a-3aa9f532a52f,Author,Toine,Bogers
c199f1b0-1edc-4098-b70d-b01b4b75ebf6,e726f512-d3fd-4d89-962a-3aa9f532a52f,Author,Toine,Bogers
ad7986dc-a9aa-4c6b-8f56-7c5dff1fd01d,e726f512-d3fd-4d89-962a-3aa9f532a52f,Editor,Toine,Bogers
de35809d-ec9a-4371-ac8c-67a78de74d51,e726f512-d3fd-4d89-962a-3aa9f532a52f,Author,Toine,Bogers
7e5e8ea4-9d1c-434f-ae7c-0076d2943cf8,e726f512-d3fd-4d89-962a-3aa9f532a52f,Author,Toine,Bogers
1e6c4f6c-1f43-45d5-b9ff-7b448f49d921,e726f512-d3fd-4d89-962a-3aa9f532a52f,Author,Toine,Bogers
d29e9dd8-66af-447b-b34d-834b966dce7d,e726f512-d3fd-4d89-962a-3aa9f532a52f,Author,Toine,Bogers
85a0c2dd-71f1-47e9-a6a8-0a47ea6aef80,e726f512-d3fd-4d89-962a-3aa9f532a52f,Author,Toine,Bogers
36df53ec-58f5-432b-830b-4c1d8b5303fa,e726f512-d3fd-4d89-962a-3aa9f532a52f,Author,Toine,Bogers
e2cc2252-74da-4eef-8a3a-ce137513e680,e726f512-d3fd-4d89-962a-3aa9f532a52f,Author,Toine,Bogers
08d54719-a3fd-4e8a-ac19-de70e0877deb,e726f512-d3fd-4d89-962a-3aa9f532a52f,Author,Toine,Bogers
d5e4a12a-fbd1-4336-b053-d45598640664,e726f512-d3fd-4d89-962a-3aa9f532a52f,Author,Toine,Bogers
d5e4a12a-fbd1-4336-b053-d45598640664,9dd22344-26d5-46f4-9c29-9623e4cc73b5,Author,Mesut,Kaya
66faab75-3953-4637-8d0a-153ad2a97a3c,e726f512-d3fd-4d89-962a-3aa9f532a52f,Author,Toine,Bogers
82da1cd4-fda2-466e-8bd0-72059aad964f,e726f512-d3fd-4d89-962a-3aa9f532a52f,Author,Toine,Bogers
82da1cd4-fda2-466e-8bd0-72059aad964f,9dd22344-26d5-46f4-9c29-9623e4cc73b5,Author,Mesut,Kaya
5823417b-9b97-4b15-85da-091ec148ef58,e726f512-d3fd-4d89-962a-3aa9f532a52f,Author,Toine,Bogers
5823417b-9b97-4b15-85da-091ec148ef58,9dd22344-26d5-46f4-9c29-9623e4cc73b5,Author,Mesut,Kaya
8e3bb6cf-06c3-41a4-b2a3-367fb8d33b0e,6aed9698-9a0c-4956-be0d-ec658bbfe09a,Author,Luca Maria,Aiello
21ca72f7-d1af-4cce-a6c5-575b58acc181,0ee7ba1e-3108-4db3-a908-97977980d032,Translator,Peter,Sestoft
46d4b240-e5d6-11de-a523-000ea68e967b,,Author,John Paulin,Hansen
44bd24d0-ed3c-11dd-8987-000ea68e967b,,Author,Nina,Bohr
d7b3e75c-6a1a-43ce-9fb5-bb8ce60a81a5,bb404350-dc8d-4345-965f-a3602b726014,Author,Tim,Seppelt
bdc1de97-c741-4560-9cbb-b4e44b37a7cb,,Author,Cameline,Bolbroe
16da3998-19b7-446a-98bb-f3183282483f,,Author,Cameline,Bolbroe
cee3c3b8-f293-455e-88e6-028ed2eb8f51,,Author,Cameline,Bolbroe
32585c56-bd2a-4db0-92f0-9311a0494fdc,,Author,Christina,Neumayer
6be46a99-bebd-43e5-b5f5-2d2e655f1be6,59042bb8-c701-462c-990b-ce3d8006fd84,Author,Karen,Boll
ce1f440f-b613-4deb-9f01-d805251c3dc6,59042bb8-c701-462c-990b-ce3d8006fd84,Author,Karen,Boll
fbf60f00-dcd3-11dd-a259-000ea68e967b,f2136570-f73c-446f-9fb0-6d9e461e2124,Author,Yvonne,Dittrich
df9d477d-9fba-41f7-8cc0-cc2063190e6a,,Author,Johan,Bolmsten
df9d477d-9fba-41f7-8cc0-cc2063190e6a,f2136570-f73c-446f-9fb0-6d9e461e2124,Author,Yvonne,Dittrich
16353fcd-57bf-4cc4-9da0-efcc2de65c86,,Author,Johan,Bolmsten
16353fcd-57bf-4cc4-9da0-efcc2de65c86,f2136570-f73c-446f-9fb0-6d9e461e2124,Author,Yvonne,Dittrich
67fd2f9d-b22d-4e4c-9f8b-c1de70afc38a,,Author,Johan,Bolmsten
09edf10e-7da6-47ae-8ea4-12cd0ebcbe57,,Author,Shahram,Jalaliniya
09edf10e-7da6-47ae-8ea4-12cd0ebcbe57,,Author,Thomas,Pederson
ad0b9400-218b-40f2-b885-c294c2292ba5,,Author,Philippe,Bonnet
74a1fde0-da91-11de-b0f9-000ea68e967b,,Author,Philippe,Bonnet
a5711be0-da91-11de-b0f9-000ea68e967b,,Author,Philippe,Bonnet
c1e09e90-da91-11de-b0f9-000ea68e967b,,Author,Philippe,Bonnet
2a524a50-da92-11de-b0f9-000ea68e967b,,Author,Philippe,Bonnet
a2fd6750-da92-11de-b0f9-000ea68e967b,,Author,Philippe,Bonnet
09570880-da93-11de-b0f9-000ea68e967b,,Author,Philippe,Bonnet
45ff9900-da93-11de-b0f9-000ea68e967b,,Author,Philippe,Bonnet
3704a5c0-da94-11de-b0f9-000ea68e967b,,Author,Philippe,Bonnet
3704a5c0-da94-11de-b0f9-000ea68e967b,,Author,Marcus,Chang
82742bc0-da94-11de-b0f9-000ea68e967b,,Author,Philippe,Bonnet
4908a860-da95-11de-b0f9-000ea68e967b,,Author,Philippe,Bonnet
3ce2dabe-3778-4acd-886b-20ec0635a55f,,Author,Philippe,Bonnet
caea4897-28a4-4551-8342-9a3112210ffb,,Author,Philippe,Bonnet
d85dbde5-c31f-41bf-8bbf-a00c5cde9d79,,Author,Philippe,Bonnet
8aaa752c-b601-4a00-9bec-2dee08c44450,,Author,Philippe,Bonnet
745dc8db-d7ed-41cb-9315-06fc0640bea0,,Author,Philippe,Bonnet
c09db86a-a9dd-446f-ad10-c90adb870663,,Author,Philippe,Bonnet
c09db86a-a9dd-446f-ad10-c90adb870663,,Author,Javier,Gonzalez
c09db86a-a9dd-446f-ad10-c90adb870663,,Author,Joel Andres,Granados
17627446-3ed1-46e6-8774-048fc424950b,,Author,Philippe,Bonnet
397e0727-9234-41d1-a0e8-fe69705d87af,,Author,Philippe,Bonnet
397e0727-9234-41d1-a0e8-fe69705d87af,,Author,Matias,Bjørling
397e0727-9234-41d1-a0e8-fe69705d87af,,Author,Javier,Gonzalez
3245e7b4-b0ff-4481-b6cb-a680124bc4f5,,Inventor,Philippe,Bonnet
3245e7b4-b0ff-4481-b6cb-a680124bc4f5,,Inventor,Niv,Dayan
7ef589e8-dfe6-4d40-9a8d-28638a4f64b0,,Inventor,Philippe,Bonnet
7ef589e8-dfe6-4d40-9a8d-28638a4f64b0,,Inventor,Matias,Bjørling
7ef589e8-dfe6-4d40-9a8d-28638a4f64b0,,Inventor,Jesper Wendel,Madsen
7ef589e8-dfe6-4d40-9a8d-28638a4f64b0,,Inventor,Javier,Gonzalez
398a9ad5-12f2-40ed-be92-64d13d6a3c4b,,Author,Philippe,Bonnet
17483de1-cd18-40ad-994f-dc6980114e9d,,Author,Philippe,Bonnet
216533d7-f65f-42ae-9945-74169c9cf573,,Author,Philippe,Bonnet
70c609f5-dead-4956-a23a-2172df8e9a74,,Author,Philippe,Bonnet
70c609f5-dead-4956-a23a-2172df8e9a74,63342b24-28ec-40c5-a7d9-ec49867dc75d,Author,Pinar,Tözün
d410a682-9e75-4ec0-99cc-73eda32adbb5,,Author,Philippe,Bonnet
d410a682-9e75-4ec0-99cc-73eda32adbb5,,Author,Niclas,Hedam
83c75451-36b9-4e58-ac37-79749a90a54c,,Author,Philippe,Bonnet
83c75451-36b9-4e58-ac37-79749a90a54c,,Author,Niclas,Hedam
78f7c722-d360-4866-8494-19e7a792f6a7,,Author,Philippe,Bonnet
5417bb67-9213-4d91-bd2b-fc4bbb9840ab,,Author,Louisa Jane,Di Felice
edd7552f-1aee-4a63-86d8-480b838d0097,,Author,Julian,Togelius
edd7552f-1aee-4a63-86d8-480b838d0097,a420ffb3-2ca6-4925-a25f-baaa5228fc15,Author,Sebastian,Risi
e81788ea-c6ba-40be-a07b-63a700c7c796,,Author,Jes,Frellsen
28bf96a7-ee74-46f3-a87a-8915ee392ebf,80784458-06f6-4eff-b0c8-df982ffa9835,Author,Rune Kristian Lundedal,Nielsen
3bb1f86c-f869-47c3-94c0-6b2a7698bcb8,ecc36d3e-77ac-4333-9918-2431807cd4e0,Author,Jan Benjamin,Vornhagen
3bb1f86c-f869-47c3-94c0-6b2a7698bcb8,cf6cfa0b-e3ac-4164-8de2-b956d8e23825,Author,Elisa D.,Mekler
831798c5-3183-46c2-8249-bd24368fc883,a39b94ff-e1b6-4b96-8404-486167a9123d,Editor,Andrzej,Wasowski
6e8fcc1d-b19b-4ee3-be16-08cb6fb70b75,6ec63914-1f4e-4708-8830-1b054c2ee03a,Author,Irina,Papazu
6e8fcc1d-b19b-4ee3-be16-08cb6fb70b75,,Author,Kasper Friis,Rasmussen
9de60365-8681-4d38-9610-43fa2341ed4d,e726f512-d3fd-4d89-962a-3aa9f532a52f,Author,Toine,Bogers
6fd8a655-ba16-4bef-9ce8-8518c7c23c8d,2a9c0934-98ca-4101-b829-b88d77f6487e,Author,Kasper,Støy
7daf8df4-375f-4c5e-afc6-e266c3f45100,2a9c0934-98ca-4101-b829-b88d77f6487e,Author,Kasper,Støy
250a9c20-d2cb-466f-845e-8b1bc319c909,2a9c0934-98ca-4101-b829-b88d77f6487e,Author,Kasper,Støy
3d0f2e27-de55-4cae-8f51-675161060af0,2a9c0934-98ca-4101-b829-b88d77f6487e,Author,Kasper,Støy
8483f11d-c3aa-4181-9d9c-c3255888a548,2a9c0934-98ca-4101-b829-b88d77f6487e,Author,Kasper,Støy
97c14047-d531-4a03-8b79-385f0f4377c6,2a9c0934-98ca-4101-b829-b88d77f6487e,Author,Kasper,Støy
c3c4e00e-ce40-405e-90c5-7fa67b7e097c,,Author,Julian,Togelius
c3c4e00e-ce40-405e-90c5-7fa67b7e097c,,Author,Mark Jason,Nelson
b49369a2-0b6c-4a88-a988-99fc832332ef,e726f512-d3fd-4d89-962a-3aa9f532a52f,Author,Toine,Bogers
ab083361-027d-41a4-893d-202dbcc9b853,9504265d-0046-4e58-b529-256a656c012d,Author,Christian,Hardmeier
dca0d35d-b52f-4be7-8d4a-eddd8ff60017,63342b24-28ec-40c5-a7d9-ec49867dc75d,Author,Pinar,Tözün
c22ba723-4703-40c7-8cb6-537f0864724c,,Author,Valeria,Borsotti
c22ba723-4703-40c7-8cb6-537f0864724c,,Author,Emilie,Møllenbach
c268dff5-5a6d-482f-91ef-3499667f5f97,,Author,Valeria,Borsotti
c268dff5-5a6d-482f-91ef-3499667f5f97,,Author,Emilie,Møllenbach
01c3c592-566e-4a9f-b09f-f602e3f8d843,,Author,Valeria,Borsotti
fd1496c2-9b33-4a90-8559-274740aa34eb,,Author,Valeria,Borsotti
39fd48ea-ce69-4963-9131-b415bfaa6275,,Author,Valeria,Borsotti
61d4254d-4b0e-4361-9e47-48db8b60cdb8,,Author,Holger Stadel,Borum
61d4254d-4b0e-4361-9e47-48db8b60cdb8,,Author,Malthe Ettrup,Kirkbro
61d4254d-4b0e-4361-9e47-48db8b60cdb8,0ee7ba1e-3108-4db3-a908-97977980d032,Author,Peter,Sestoft
7c8f479f-a141-401f-8013-f064f58cf7c6,,Author,Holger Stadel,Borum
7c8f479f-a141-401f-8013-f064f58cf7c6,0ee7ba1e-3108-4db3-a908-97977980d032,Author,Peter,Sestoft
b5037a03-dbae-4391-9177-8b8f6278b1c5,,Author,Holger Stadel,Borum
b5037a03-dbae-4391-9177-8b8f6278b1c5,fda8c630-1b0a-4910-ae2a-602850616275,Author,Christoph,Seidl
b5037a03-dbae-4391-9177-8b8f6278b1c5,0ee7ba1e-3108-4db3-a908-97977980d032,Author,Peter,Sestoft
eb65421d-ef5d-4915-9245-507875b6a185,,Author,Holger Stadel,Borum
eb65421d-ef5d-4915-9245-507875b6a185,fda8c630-1b0a-4910-ae2a-602850616275,Author,Christoph,Seidl
9af92d3c-5907-4d8e-bc32-350209cce937,,Author,Holger Stadel,Borum
9af92d3c-5907-4d8e-bc32-350209cce937,09813918-f2fa-46c2-a9b1-069b140c2903,Author,Morten Tychsen,Clausen
09aa5cca-fdc0-4aff-82be-96f01cd9d7ae,,Author,Holger Stadel,Borum
96538eb6-8996-4fd4-9eeb-c63c723cd874,,Author,Troels Bjerre,Sørensen
089077f4-a16f-4202-93e3-39bd15571235,,Author,Troels Bjerre,Lund
97bf6a62-e5ff-471c-9c7f-62b76c15465b,92f6c3f3-0ad2-40fc-b278-69170f87567d,Author,Lars Rune,Christensen
97bf6a62-e5ff-471c-9c7f-62b76c15465b,1e0534b4-fe3e-4c5e-ad6d-5f1c7df6a14e,Author,Erik,Gronvall
c1e05fb4-49a6-42d5-9d8c-372d7ba23e55,f2136570-f73c-446f-9fb0-6d9e461e2124,Author,Yvonne,Dittrich
bd3bd29f-bfec-41b2-86d8-8d4f2775a5bf,1e0534b4-fe3e-4c5e-ad6d-5f1c7df6a14e,Author,Erik,Gronvall
677586a6-9d7a-46b8-8402-8c4df786f5d7,,Author,Rasmus,Pagh
92c87022-0865-457d-8a23-cdde163edbe3,,Author,Joanna,Saad-Sulonen
1f91d4a7-816c-454a-bfa4-b35fe1657fe9,,Author,Joanna,Saad-Sulonen
1f91d4a7-816c-454a-bfa4-b35fe1657fe9,528393a3-e784-47a8-85be-c81d44c393bd,Author,Sanna-Maria,Marttila
e2f5bc2e-9b56-40bb-bd30-66e335790ed9,528393a3-e784-47a8-85be-c81d44c393bd,Author,Sanna-Maria,Marttila
e2f5bc2e-9b56-40bb-bd30-66e335790ed9,,Author,Giacomo,Poderi
e2f5bc2e-9b56-40bb-bd30-66e335790ed9,,Author,Joanna,Saad-Sulonen
4dd6738c-0e91-4218-b8ee-71ee355d5e7d,,Author,Joanna,Saad-Sulonen
3c4867ca-0f54-4916-93c9-ee174f2843d9,42c316a3-1a31-469b-b436-635edc389e02,Author,Titus Theodorus (Ties),Robroek
3c4867ca-0f54-4916-93c9-ee174f2843d9,63342b24-28ec-40c5-a7d9-ec49867dc75d,Author,Pınar,Tözün
08861941-8019-4a89-9f02-a7f5c11266b5,7df5fb79-5850-4de3-8594-323f1915ff1e,Author,Alejandro Lorite,Mora
ce72a1aa-08f7-441a-8576-4af3b28f2be3,7df5fb79-5850-4de3-8594-323f1915ff1e,Author,Alejandro Lorite,Mora
e23eaea0-da93-11de-b0f9-000ea68e967b,,Author,Philippe,Bonnet
c56ba062-fb6b-4837-a516-a26367cfc9ea,,Author,Nina,Boulus
c56ba062-fb6b-4837-a516-a26367cfc9ea,,Author,Pernille ,Bjørn
32b44874-619f-4465-93b4-ca2655b71ed3,,Author,Nina,Boulus
32b44874-619f-4465-93b4-ca2655b71ed3,,Author,Pernille ,Bjørn
2553579c-1e98-4617-8d55-1c1dfd8c392a,,Author,Nina,Boulus
9315ed29-d32e-46bc-8150-51ea9291aae3,,Author,Nina,Boulus
0656e384-355f-4de7-8084-66adb7192003,,Author,Nina,Boulus
0656e384-355f-4de7-8084-66adb7192003,,Author,Randi,Markussen
ccfd12a2-e735-4ef1-8bb3-5ecc04dc1062,,Author,Nina,Boulus
315555ce-121c-45a3-ae37-689aacc68543,,Author,Nina,Boulus
315555ce-121c-45a3-ae37-689aacc68543,,Author,Pernille ,Bjørn
24a7b605-c3ba-410d-8642-9812007e0db0,,Author,Nina,Boulus
0549e7cd-0504-4261-a150-dd459f160814,,Author,Nina,Boulus
774d3921-5234-4cad-a5dd-ded4cd1e3195,,Author,Nina,Boulus
758473cd-f5bc-409b-90a1-1d2dd5962e29,,Author,Nina,Boulus
9c7b0ac1-3b83-4c21-a640-3e85fdb37ecb,,Author,Nina,Boulus
0b23fe96-1df6-4126-a647-bfc18657776c,,Author,Nina,Boulus
6a93db4d-04f8-4c53-b5a3-8448c9ae6d28,,Author,Nina,Boulus
930afc2b-ed7a-4f3b-81a0-14fb383a8d33,,Author,Nina,Boulus
ddf39386-510a-4f7e-a159-236a4e2fa887,,Author,Nina,Boulus-Rødje
a07fe8bb-da20-4090-ba11-b316ec9a8e25,,Author,Nina,Boulus-Rødje
a07fe8bb-da20-4090-ba11-b316ec9a8e25,d55dab65-fffe-4da4-a383-cfcf5ee3a8cd,Author,Christopher,Gad
0274365f-92d2-4c2a-819d-c41fe8307312,,Author,Nina,Boulus-Rødje
2030e17d-9ed9-46b0-8694-03161bc76103,,Author,Nina,Boulus-Rødje
63a45faf-65b4-4f96-b1c5-af5048f0ddf8,,Author,Nina,Boulus-Rødje
63a45faf-65b4-4f96-b1c5-af5048f0ddf8,,Author,Pernille,Bjørn
63a45faf-65b4-4f96-b1c5-af5048f0ddf8,,Author,Ahmad,Ghazawneh
9f57dd78-2259-48cd-abed-b268e5fc1cf2,a39b94ff-e1b6-4b96-8404-486167a9123d,Author,Andrzej,Wasowski
47a7a7aa-6dcc-4a5e-95cd-12d60920843f,,Author,Naveen L.,Bagalkot
47a7a7aa-6dcc-4a5e-95cd-12d60920843f,,Author,Tomas,Sokoler
9fa46921-194b-4f87-afe2-8462a14e4eac,,Author,Pierre-Alexandre,Mattei
8e0b34e2-39c7-49c9-897d-fafc57ff5e96,4d7fda5a-3cf4-4d39-9daf-1ae192b0e0e7,Author,Rune Møller,Jensen
ae11d6b0-4aa7-4739-8602-08eb04b05da0,4d7fda5a-3cf4-4d39-9daf-1ae192b0e0e7,Author,Rune Møller,Jensen
8ee5d5f6-6f42-435b-96f9-d2b4027114c1,a39b94ff-e1b6-4b96-8404-486167a9123d,Author,Andrzej,Wasowski
c6cbcc3e-3e48-4a5e-b51d-aff17acfe183,a39b94ff-e1b6-4b96-8404-486167a9123d,Author,Andrzej,Wasowski
a0b6f945-4156-4395-9ac4-e922436da592,1e0534b4-fe3e-4c5e-ad6d-5f1c7df6a14e,Author,Erik,Grönvall
a0b6f945-4156-4395-9ac4-e922436da592,a4c1604d-b01f-46ef-baf3-74d2a8046d6b,Author,Jörn,Christiansson
ecdbdfd0-8ad6-11dd-8006-000ea68e967b,47a94200-3abe-4354-b5e3-c8ef6f1ba1f2,Author,Claus,Brabrand
635ce9d0-cdd3-11dd-a259-000ea68e967b,47a94200-3abe-4354-b5e3-c8ef6f1ba1f2,Author,Claus,Brabrand
d3bf9100-cdd8-11dd-a259-000ea68e967b,47a94200-3abe-4354-b5e3-c8ef6f1ba1f2,Author,Claus,Brabrand
de5359a0-97b6-11de-8664-000ea68e967b,47a94200-3abe-4354-b5e3-c8ef6f1ba1f2,Author,Claus,Brabrand
b6241c00-df49-11de-a523-000ea68e967b,47a94200-3abe-4354-b5e3-c8ef6f1ba1f2,Author,Claus,Brabrand
12ac7eac-d36f-4609-8edf-0e80ac28661f,47a94200-3abe-4354-b5e3-c8ef6f1ba1f2,Author,Claus,Brabrand
1f8404cc-97a3-4314-9140-0c214bd8cc7b,47a94200-3abe-4354-b5e3-c8ef6f1ba1f2,Author,Claus,Brabrand
ef7bf2c8-3f2e-437a-88e0-c95b6790856b,47a94200-3abe-4354-b5e3-c8ef6f1ba1f2,Editor,Claus,Brabrand
3013ac17-0126-4618-8cad-0ef89903bd8f,47a94200-3abe-4354-b5e3-c8ef6f1ba1f2,Author,Claus,Brabrand
1bd6e7a8-eef1-4947-8da6-479114ca7b56,47a94200-3abe-4354-b5e3-c8ef6f1ba1f2,Author,Claus,Brabrand
c61b2c18-a23d-41ce-8a85-a0d15a7f4e89,47a94200-3abe-4354-b5e3-c8ef6f1ba1f2,Author,Claus,Brabrand
492a7d2d-58f2-4663-8c3b-5d2f30baa6f7,47a94200-3abe-4354-b5e3-c8ef6f1ba1f2,Author,Claus,Brabrand
492a7d2d-58f2-4663-8c3b-5d2f30baa6f7,2b8ff3a4-e9b0-403d-8bd8-1bf26121c234,Author,Paolo,Tell
492a7d2d-58f2-4663-8c3b-5d2f30baa6f7,e23e8096-59cb-4ef6-af48-ce9d806fd1eb,Author,Nanna,Inie
0f07a122-75bf-47a2-826d-d2e23e0f8fc5,54e42219-4e3f-42cd-a19d-66c82ee60654,Author,Martin,Hentschel
61dcfef2-7d02-4ef0-b490-550df7b09123,,Author,Anouck,Braggaar
61dcfef2-7d02-4ef0-b490-550df7b09123,8e5f2a6c-c817-4a90-b48b-d9171743ad0f,Author,Rob,van der Goot
57e10cc0-9c3a-4793-87e8-7fd6a9baea38,,Author,Anouck,Braggaar
57e10cc0-9c3a-4793-87e8-7fd6a9baea38,8e5f2a6c-c817-4a90-b48b-d9171743ad0f,Author,Rob,van der Goot
3afd0130-fdaa-11dd-b964-000ea68e967b,9114ff72-bd52-4bd3-b5a1-bbe1412e98f3,Author,Steen,Brahe
f1492a60-fda8-11dd-b964-000ea68e967b,9114ff72-bd52-4bd3-b5a1-bbe1412e98f3,Author,Steen,Brahe
b36fd584-0dce-4cf2-b49f-80c6ddcb3b91,472021c7-73cc-44ba-a4ef-70cd2bed8601,Author,Thore,Husfeldt
67b049d0-4d0e-4ac3-833e-37ac10e0160e,ef9b447a-d6c4-4250-a506-093730db84d6,Author,Holger,Dell
371960f3-cf11-4cd1-b332-bd3881585162,17d5f65c-93c4-4160-be62-e6fd9260e305,Author,Caroline,Gaudeoso
e5524867-89a2-47e5-8b62-f606669a5ed1,17d5f65c-93c4-4160-be62-e6fd9260e305,Author,Caroline,Gaudeoso
2141efab-4035-467e-a313-063a40ff4314,,Author,Lone,Malmborg
2141efab-4035-467e-a313-063a40ff4314,,Author,Tomas,Sokoler
05ee2880-22c5-499d-a744-cf6062066108,a4c1604d-b01f-46ef-baf3-74d2a8046d6b,Author,Jörn,Messeter
b57bda9f-68ad-4e52-9fbb-85d380a3f612,e8e88610-5144-41da-95bf-597abf1d7869,Author,Sami Sebastian,Brandt
fd26f88b-1c21-4e89-b8bf-b1f01c28dbe5,e8e88610-5144-41da-95bf-597abf1d7869,Author,Sami Sebastian,Brandt
fd26f88b-1c21-4e89-b8bf-b1f01c28dbe5,ad50bed7-77fd-4c7f-819c-54455506e3f0,Author,Stella,Grasshof
7a88b957-a018-4461-aaee-fc2adf72bf77,e8e88610-5144-41da-95bf-597abf1d7869,Author,Sami Sebastian,Brandt
076bc7b5-64f8-475c-8b8e-97efd82c09e1,e8e88610-5144-41da-95bf-597abf1d7869,Author,Sami Sebastian,Brandt
076bc7b5-64f8-475c-8b8e-97efd82c09e1,ad50bed7-77fd-4c7f-819c-54455506e3f0,Author,Stella,Grasshof
c4fc9330-8c8a-4061-ba42-db2fd81cd5d6,c90e23c6-5bf4-4d6f-97d8-b162b8a5b03e,Editor,Thomas,Binder
fe62b834-8e36-4e71-996d-16b1593fb7e7,c90e23c6-5bf4-4d6f-97d8-b162b8a5b03e,Author,Thomas,Binder
6f0c6c0f-bb86-426e-a9de-0c0345bef962,c90e23c6-5bf4-4d6f-97d8-b162b8a5b03e,Author,Thomas,Binder
7b98ea0b-81bb-43fa-9a84-ca723a4cba67,c90e23c6-5bf4-4d6f-97d8-b162b8a5b03e,Author,Thomas,Binder
846b8460-0168-4291-bc88-b995d2da3519,c90e23c6-5bf4-4d6f-97d8-b162b8a5b03e,Author,Thomas,Binder
b0baa45d-cf1b-41a3-87f0-c5106518b5c9,c90e23c6-5bf4-4d6f-97d8-b162b8a5b03e,Author,Thomas,Binder
146cc963-5e38-4526-9802-0e2ea9499b1d,c90e23c6-5bf4-4d6f-97d8-b162b8a5b03e,Author,Thomas,Binder
9095ae47-b366-4dea-afa8-715bcd00ab04,c90e23c6-5bf4-4d6f-97d8-b162b8a5b03e,Author,Thomas,Binder
a40f8f6c-23a2-4d31-a026-65fca8e22f07,c90e23c6-5bf4-4d6f-97d8-b162b8a5b03e,Editor,Thomas,Binder
46e1f204-ac7a-4ab3-b001-1651dc4cf2a2,a4c1604d-b01f-46ef-baf3-74d2a8046d6b,Author,Jörn ,Christiansson
aaba21f4-e05d-4128-b39c-9ffef2366618,,Author,Joachim,Halse
aaba21f4-e05d-4128-b39c-9ffef2366618,a4c1604d-b01f-46ef-baf3-74d2a8046d6b,Author,Jörn ,Christiansson
afe2a4b4-6c73-4886-86ab-37a8a04771e6,e8e88610-5144-41da-95bf-597abf1d7869,Author,Sami Sebastian,Brandt
764c484d-7e63-47a4-83f8-7399d84ec379,c90e23c6-5bf4-4d6f-97d8-b162b8a5b03e,Author,Thomas,Binder
ca453929-ed0e-47da-85dd-5eb870e86b16,a4c1604d-b01f-46ef-baf3-74d2a8046d6b,Author,Jörn ,Christiansson
e0117686-369d-4347-b640-1ff7da812167,82f8ffa4-b7d6-490d-b3b4-2c68b79cd77a,Author,Megan,Maurer
7ac659ab-552a-4af8-99e2-9ee6ad4cbbf9,f2136570-f73c-446f-9fb0-6d9e461e2124,Author,Yvonne,Dittrich
23c5d094-de50-4d6d-841b-a9cc79175fdd,9504265d-0046-4e58-b529-256a656c012d,Editor,Christian,Hardmeier
c64989bd-74c8-4ada-96c2-ef0746cbde08,aabb6eb1-afb9-4570-8e8e-4725a423ee5f,Author,Aycan,Aslan
6c1eaf6f-6be1-40e8-92d4-088a667fa323,9027b41a-4159-4db7-9ddd-8fc8f41f1fb3,Author,Marco,Carbone
c14af606-875b-4a55-a816-fa99fae8c49d,9027b41a-4159-4db7-9ddd-8fc8f41f1fb3,Author,Marco,Carbone
959edafa-a77e-414d-b693-8f855016cfee,9027b41a-4159-4db7-9ddd-8fc8f41f1fb3,Author,Marco,Carbone
04c5e475-982c-4421-9519-b412d10380e9,9027b41a-4159-4db7-9ddd-8fc8f41f1fb3,Author,Marco,Carbone
7033c046-9dfc-44e9-9f5d-896677a94729,,Author,Martin,Zachariasen
ba60996a-5754-4804-8ac6-5388e0bfde4c,,Author,Martin,Zachariasen
a676bd91-32b5-4d23-ae3d-759095cabbce,,Author,Martin,Zachariasen
a7d3008a-22b2-4e95-9f3b-e8f6a5020af4,,Author,Martin,Zachariasen
179a5898-951e-4853-9e75-9149378b096f,,Author,Martin,Zachariasen
f637a171-0a45-4c00-bf96-a2b377cf0570,,Author,Martin,Zachariasen
e0b2c167-25e3-4e71-80af-a75405060ca2,,Author,Martin,Zachariasen
af15d578-af66-4f1e-b0d2-01cde6a9e0d7,,Author,Martin,Zachariasen
d656796c-9843-44b2-a37d-cb71a39def8a,,Author,Martin,Zachariasen
fb02a28a-a7f0-4fef-a3d2-482e3b35611e,,Author,Martin,Zachariasen
26ff76fc-84e6-4f73-b30b-11336d30c124,,Author,Martin Tvede,Zachariasen
8f308cd9-f13d-4b7c-9240-0d3c5bfdf52b,ce1a5350-f645-4a53-a745-fca8d4f1f030,Author,Elda,Paja
81b0ce24-fa14-4b6a-af4c-f5f65582799d,d37cba38-dff2-4c27-a515-226cfadfd849,Author,Jonas,Fritsch
4a56269f-0915-4766-98da-6f33e6c968f7,d37cba38-dff2-4c27-a515-226cfadfd849,Author,Jonas,Fritsch
5fc558f0-7f04-47c8-90de-9eaf7104de04,d37cba38-dff2-4c27-a515-226cfadfd849,Author,Jonas,Fritsch
8e58f52a-c2ea-40bb-b759-a7e9fdbd99ec,d37cba38-dff2-4c27-a515-226cfadfd849,Author,Jonas,Fritsch
0815f3ae-fbcd-4ab8-8635-a53e00b59e4f,d37cba38-dff2-4c27-a515-226cfadfd849,Author,Jonas,Fritsch
4420891e-74cc-41b3-b5a4-481be38c466f,ef9b447a-d6c4-4250-a506-093730db84d6,Author,Holger,Dell
e7cecb8b-5b07-4aa7-bfc8-b619ba725c9f,,Author,Bojan,Kostic
e7cecb8b-5b07-4aa7-bfc8-b619ba725c9f,2ef641d0-bd79-425b-8b12-b58d74b993ae,Author,Michael,Szell
940d4c4b-5eff-4e45-bb75-01df64da5c8b,07251d01-c63e-448b-84f2-6e9e128ae147,Author,Anders Giovanni,Møller
940d4c4b-5eff-4e45-bb75-01df64da5c8b,6aed9698-9a0c-4956-be0d-ec658bbfe09a,Author,Luca Maria,Aiello
7f4929aa-8c71-4c0d-8dc9-c924787d0c9f,b2431f12-bff1-4a97-af68-defe62b81aee,Author,Karl,Werder
9aba7270-7f6c-11df-b794-000ea68e967b,,Author,Brit Ross,Winthereik
e427e19a-c6f2-4ea1-bf00-ee6c86240d57,,Author,Sarah,Brin
37860500-4f2e-40dc-8812-02206e28cd65,,Author,Sarah,Brin
491b94e6-f25e-469e-923d-b8f964565a0f,,Author,Sarah,Brin
795cbf43-709b-45c2-a77f-ba516d28bbde,50d4bf89-8621-4bc3-bdce-6916656c12fa,Author,Ivor,van der Hoog
795cbf43-709b-45c2-a77f-ba516d28bbde,ab7600cd-0bd2-4d86-9def-2c6fd1ade1c5,Author,Eva,Rotenberg
4ed30702-d826-4b29-ad39-eefbb0fd8642,ab7600cd-0bd2-4d86-9def-2c6fd1ade1c5,Author,Eva,Rotenberg
5c327a23-f54e-47dc-a3cc-114eb29b4639,,Author,Manuel Rafael,Ciosici
f61ccea7-7346-4f8b-8512-c14bfd3a9ee2,831421c0-027f-4a25-b795-ee2fce0c8d2a,Author,Louise,Barkhuus
e08ba990-f0e4-4a44-9cd3-4257b670553f,2b8ff3a4-e9b0-403d-8bd8-1bf26121c234,Author,Paolo,Tell
e08ba990-f0e4-4a44-9cd3-4257b670553f,cf5e1d64-5489-4534-ba34-8dba5fd354a6,Author,Paolo,Burelli
b00e4dcb-c213-4a10-8a47-259c0cec6a29,efa39e70-a80a-4780-b151-ba31b01726bb,Author,Per Bruun,Brockhoff
8e884ced-c44f-4b7d-9c18-94794a7fc619,efa39e70-a80a-4780-b151-ba31b01726bb,Author,Per B.,Brockhoff
274af853-70e6-42ec-8e5a-ec4e95da3dac,efa39e70-a80a-4780-b151-ba31b01726bb,Author,Per B.,Brockhoff
971fc680-7293-4ca0-989f-040ae2641f09,efa39e70-a80a-4780-b151-ba31b01726bb,Producer,Per B.,Brockhoff
6c22e79b-229d-45d1-9145-80909dacb950,efa39e70-a80a-4780-b151-ba31b01726bb,Author,Per Bruun,Brockhoff
78ee8f2e-a130-471a-ac4e-b740f2238edf,efa39e70-a80a-4780-b151-ba31b01726bb,Author,Per B.,Brockhoff
fe614917-358f-4ab1-aa36-6c3e550172bd,efa39e70-a80a-4780-b151-ba31b01726bb,Author,Per B.,Brockhoff
57662056-c24c-4593-b1c1-8031a10b8c5b,efa39e70-a80a-4780-b151-ba31b01726bb,Author,Per B.,Brockhoff
8eb09e6f-e926-400e-b9b1-261cae7a6383,efa39e70-a80a-4780-b151-ba31b01726bb,Author,Per B.,Brockhoff
bb5d1944-1d72-4ce1-adbc-e9e610023742,efa39e70-a80a-4780-b151-ba31b01726bb,Author,Per B.,Brockhoff
412d807d-56dd-49d1-9022-42f5d4108729,efa39e70-a80a-4780-b151-ba31b01726bb,Author,Per B.,Brockhoff
2e12fe64-5f68-443f-a896-3951c7706a7a,efa39e70-a80a-4780-b151-ba31b01726bb,Author,Per B.,Brockhoff
2d687928-ef69-47bb-b0c1-b8b8c96f6dd1,efa39e70-a80a-4780-b151-ba31b01726bb,Author,Per B.,Brockhoff
c89172de-5ef4-455d-8289-119321d721b3,efa39e70-a80a-4780-b151-ba31b01726bb,Author,Per B.,Brockhoff
2825975d-3a35-4849-ae23-7978b9fa3dc3,efa39e70-a80a-4780-b151-ba31b01726bb,Author,Per Bruun,Brockhoff
56a56c2e-0f16-4b7a-af03-f07c4bd64f56,efa39e70-a80a-4780-b151-ba31b01726bb,Author,Per B.,Brockhoff
bf2c20c8-9af6-438f-b91c-47ecc6cd5c89,efa39e70-a80a-4780-b151-ba31b01726bb,Author,Per B.,Brockhoff
242c9ed0-f431-4435-9c48-85bdc5cedeb2,,Author,Taus,Brock-Nannestad
242c9ed0-f431-4435-9c48-85bdc5cedeb2,1313519f-2074-41d6-8b79-589648e37211,Author,Carsten,Schürmann
f15b8fdf-0ec4-4040-b0b0-7cde237b799c,,Author,Taus,Brock-Nannestad
f15b8fdf-0ec4-4040-b0b0-7cde237b799c,1313519f-2074-41d6-8b79-589648e37211,Author,Carsten,Schürmann
3b5bbf66-479c-46dc-a07d-e25c4919f791,54728da8-274d-40e6-b119-23318d995721,Author,Hanne Westh,Nicolajsen
effe32c0-5207-4c41-9152-a7b3f6544af4,,Author,Maria,Paasivaara
effe32c0-5207-4c41-9152-a7b3f6544af4,9ccc3d10-9e1d-4947-bd62-5d789604477e,Author,Emily Laue,Christensen
f39ae5c1-5fa4-458b-ada4-cc5a8f76a745,,Author,Jes,Frellsen
12c33b31-ada8-4df1-ab97-7de22ade2daf,,Author,Jes,Frellsen
694e642e-6daf-4225-b143-355b587e0914,,Author,Richard,Ling
834f4770-3eea-4395-a482-8652c9ca418c,1b3cff7f-1549-4998-b52e-0ba9093e1d01,Author,Pedro,Ferreira
834f4770-3eea-4395-a482-8652c9ca418c,,Author,Lucian,Leahu
6f567f71-3803-43c1-b39b-7b6cd07e6864,cf6cfa0b-e3ac-4164-8de2-b956d8e23825,Author,Elisa D.,Mekler
5b7ee4de-0c82-4005-9522-049ba1a27075,5c50bbc9-ed3d-417f-ba4d-e484eaf536b3,Author,Alessandro,Bruni
5b7ee4de-0c82-4005-9522-049ba1a27075,1313519f-2074-41d6-8b79-589648e37211,Author,Carsten,Schürmann
d23d44bf-7740-4c1c-a790-ad0d4230aa9a,5c50bbc9-ed3d-417f-ba4d-e484eaf536b3,Author,Alessandro,Bruni
d23d44bf-7740-4c1c-a790-ad0d4230aa9a,62db65c9-470c-472f-b039-6c4a704ef170,Author,Rosario,Giustolisi
d23d44bf-7740-4c1c-a790-ad0d4230aa9a,1313519f-2074-41d6-8b79-589648e37211,Author,Carsten,Schürmann
c7b33167-e79f-409e-9e41-6b1a4fc88231,5c50bbc9-ed3d-417f-ba4d-e484eaf536b3,Author,Alessandro,Bruni
c7b33167-e79f-409e-9e41-6b1a4fc88231,,Author,Thorvald Sahl,Jørgensen
c7b33167-e79f-409e-9e41-6b1a4fc88231,,Author,Theis Grønbech,Petersen
c7b33167-e79f-409e-9e41-6b1a4fc88231,1313519f-2074-41d6-8b79-589648e37211,Author,Carsten,Schürmann
e8ecb3ac-f96e-469f-b990-904762a21346,5c50bbc9-ed3d-417f-ba4d-e484eaf536b3,Author,Alessandro,Bruni
2e5fa3e9-40e9-4a60-9ec5-30b1f20eb36c,5c50bbc9-ed3d-417f-ba4d-e484eaf536b3,Author,Alessandro,Bruni
2e5fa3e9-40e9-4a60-9ec5-30b1f20eb36c,9027b41a-4159-4db7-9ddd-8fc8f41f1fb3,Author,Marco,Carbone
2e5fa3e9-40e9-4a60-9ec5-30b1f20eb36c,62db65c9-470c-472f-b039-6c4a704ef170,Author,Rosario,Giustolisi
2e5fa3e9-40e9-4a60-9ec5-30b1f20eb36c,1313519f-2074-41d6-8b79-589648e37211,Author,Carsten,Schürmann
79f84e35-6af6-49e7-b7bc-ae4572251f58,5c50bbc9-ed3d-417f-ba4d-e484eaf536b3,Author,Alessandro,Bruni
79f84e35-6af6-49e7-b7bc-ae4572251f58,1313519f-2074-41d6-8b79-589648e37211,Author,Carsten,Schürmann
ffb5ab5a-f4d1-400c-bab5-445f01cf88ab,5c50bbc9-ed3d-417f-ba4d-e484eaf536b3,Author,Alessandro,Bruni
db62e580-a3e3-4e6a-bf8b-a33a2ec38a17,5c50bbc9-ed3d-417f-ba4d-e484eaf536b3,Author,Alessandro,Bruni
0d0939d1-24c6-4675-9c13-68bd847ca4cd,d37cba38-dff2-4c27-a515-226cfadfd849,Author,Jonas,Fritsch
137f4f2b-0087-40e5-88ed-14531dc11bed,d37cba38-dff2-4c27-a515-226cfadfd849,Author,Jonas,Fritsch
570c2f16-2db5-4566-8b22-81af1a7096e5,d37cba38-dff2-4c27-a515-226cfadfd849,Author,Jonas,Fritsch
2a278507-60ae-4132-8e88-98feb9572017,,Author,Lorenzo,Gentile
9477c028-c267-4083-838d-aafaa6ab2cb6,1052b289-f510-4c5a-9662-2db48c12ebc2,Author,Lene,Nielsen
94d6ecd7-7a85-4442-8f58-3aba568bb238,,Author,Marianne,Gauffriau
fa0373c0-e3f0-11de-a523-000ea68e967b,,Author,R.,Markussen
964c92a3-58c7-4aee-adcb-268ef3ebe8c1,22ec9269-2fff-4dbf-a9c7-5037559a15ee,Author,Anders Sundnes,Løvlie
964c92a3-58c7-4aee-adcb-268ef3ebe8c1,831421c0-027f-4a25-b795-ee2fce0c8d2a,Author,Louise,Barkhuus
8bbf6222-efc4-4469-acb1-63041a7ec7da,d37cba38-dff2-4c27-a515-226cfadfd849,Author,Jonas,Fritsch
7b12714d-0d03-4452-8123-db5f0e7815dd,d37cba38-dff2-4c27-a515-226cfadfd849,Author,Jonas,Fritsch
6f7994a7-7638-4b1e-9595-40727f4497c1,,Author,Morten,Jensen
6f7994a7-7638-4b1e-9595-40727f4497c1,6ec63914-1f4e-4708-8830-1b054c2ee03a,Author,Irina,Papazu
6f7994a7-7638-4b1e-9595-40727f4497c1,,Author,Lotte,Thomsen
1292b604-9902-40ee-8613-1e67cc8f847c,50d4bf89-8621-4bc3-bdce-6916656c12fa,Author,Ivor,van der Hoog
7b42a4b7-3fbf-40ef-9f92-29082aec772f,50d4bf89-8621-4bc3-bdce-6916656c12fa,Author,Ivor,van der Hoog
1b98b062-fa33-425c-8d0a-bbef3e705117,51cfa226-5179-4a05-aa13-4a53f8de6404,Author,Helge,Pfeiffer
e8f9b13f-9379-4ed3-9caf-36effa1a489a,,Author,Jurlind,Budurushi
e8f9b13f-9379-4ed3-9caf-36effa1a489a,,Author,Samuel,Agbesi
e8f9b13f-9379-4ed3-9caf-36effa1a489a,1dbd1112-eb47-4406-936c-6807e8845610,Author,Oksana,Kulyk
e8f9b13f-9379-4ed3-9caf-36effa1a489a,,Author,Asmita,Dalela
f3d198ce-1a43-4644-bae7-6650a39a4307,,Author,Alexandre,Buisse
f3d198ce-1a43-4644-bae7-6650a39a4307,,Author,Lars,Birkedal
f3d198ce-1a43-4644-bae7-6650a39a4307,,Author,Kristian,Støvring
365064da-33ac-4ba1-a10f-391401540912,,Author,Rasmus,Pagh
365064da-33ac-4ba1-a10f-391401540912,,Author,Konstantin,Kutzkov
c6518d16-b7b8-43b5-bee9-e5dc041183e4,b8c7a59c-125b-48a6-9a1f-e22b82335828,Author,Luís,Cruz-Filipe
8c5282bb-b13f-43a7-ab73-c83b4f1f6132,4d7fda5a-3cf4-4d39-9daf-1ae192b0e0e7,Author,Rune Møller,Jensen
411f39e0-830a-11dd-b116-000ea68e967b,,Author,Mikkel,Bundgaard
411f39e0-830a-11dd-b116-000ea68e967b,d30b96a8-4f1e-44fa-9bf5-0209bedf0268,Author,Thomas,Hildebrandt
411f39e0-830a-11dd-b116-000ea68e967b,37d49222-56d7-4c65-8d52-3638544511cf,Author,Jens Christian,Godskesen
611a37d0-830b-11dd-b116-000ea68e967b,,Author,Mikkel,Bundgaard
611a37d0-830b-11dd-b116-000ea68e967b,d30b96a8-4f1e-44fa-9bf5-0209bedf0268,Author,Thomas,Hildebrandt
611a37d0-830b-11dd-b116-000ea68e967b,,Author,Espen,Højsgaard
fe034910-830b-11dd-b116-000ea68e967b,,Author,Mikkel,Bundgaard
fe034910-830b-11dd-b116-000ea68e967b,37d49222-56d7-4c65-8d52-3638544511cf,Author,Jens Christian,Godskesen
6af64d10-8af5-11dd-8006-000ea68e967b,,Author,Mikkel,Bundgaard
6af64d10-8af5-11dd-8006-000ea68e967b,,Author,Arne John,Glenstrup
6af64d10-8af5-11dd-8006-000ea68e967b,d30b96a8-4f1e-44fa-9bf5-0209bedf0268,Author,Thomas,Hildebrandt
6af64d10-8af5-11dd-8006-000ea68e967b,,Author,Espen,Højsgaard
6af64d10-8af5-11dd-8006-000ea68e967b,,Author,Henning,Niss
5954b170-e949-11dd-8987-000ea68e967b,,Author,Mikkel,Bundgaard
5954b170-e949-11dd-8987-000ea68e967b,,Author,Arne John,Glenstrup
5954b170-e949-11dd-8987-000ea68e967b,d30b96a8-4f1e-44fa-9bf5-0209bedf0268,Author,Thomas,Hildebrandt
5954b170-e949-11dd-8987-000ea68e967b,,Author,Espen,Højsgaard
f56588d1-2576-4918-85c2-f6cf9542a0b1,,Author,Mikkel,Bundgaard
f56588d1-2576-4918-85c2-f6cf9542a0b1,d30b96a8-4f1e-44fa-9bf5-0209bedf0268,Author,Thomas,Hildebrandt
f56588d1-2576-4918-85c2-f6cf9542a0b1,37d49222-56d7-4c65-8d52-3638544511cf,Author,Jens Christian,Godskesen
ff1afdda-ddc5-4b0c-9579-5f23a065f0d4,,Author,Mikkel,Bundgaard
ff1afdda-ddc5-4b0c-9579-5f23a065f0d4,d30b96a8-4f1e-44fa-9bf5-0209bedf0268,Author,Thomas,Hildebrandt
9337db0a-afcd-4328-a1fa-86fdf4532999,cf5e1d64-5489-4534-ba34-8dba5fd354a6,Author,Paolo,Burelli
9337db0a-afcd-4328-a1fa-86fdf4532999,,Author,Georgios N.,Yannakakis
1b944ec2-a38e-4478-86b8-aaaa8ce2ea2a,cf5e1d64-5489-4534-ba34-8dba5fd354a6,Author,Paolo,Burelli
1b944ec2-a38e-4478-86b8-aaaa8ce2ea2a,,Author,Georgios N.,Yannakakis
0fa01ba9-8f7d-431f-883d-06f4166722ba,cf5e1d64-5489-4534-ba34-8dba5fd354a6,Author,Paolo,Burelli
b952a02b-62ee-4ea3-a046-347dba8b2b52,cf5e1d64-5489-4534-ba34-8dba5fd354a6,Author,Paolo,Burelli
b952a02b-62ee-4ea3-a046-347dba8b2b52,,Author,Arnav Harish,Jhala
28a31bb6-6f98-4121-a249-7e471f95cf70,cf5e1d64-5489-4534-ba34-8dba5fd354a6,Author,Paolo,Burelli
28a31bb6-6f98-4121-a249-7e471f95cf70,,Author,Arnav Harish,Jhala
76896279-5496-4b1b-8752-1f7d6a662172,cf5e1d64-5489-4534-ba34-8dba5fd354a6,Author,Paolo,Burelli
76896279-5496-4b1b-8752-1f7d6a662172,,Author,Georgios N.,Yannakakis
f10acdf9-5ad1-4c3d-9588-4c211e4aea61,cf5e1d64-5489-4534-ba34-8dba5fd354a6,Author,Paolo,Burelli
59aa857a-2f3c-4c78-84c4-000b6a532dc5,cf5e1d64-5489-4534-ba34-8dba5fd354a6,Author,Paolo,Burelli
3296ad0b-66a3-468e-aff9-c7d717d79188,cf5e1d64-5489-4534-ba34-8dba5fd354a6,Author,Paolo,Burelli
ccd3b087-b10c-4611-a417-b23006c63066,cf5e1d64-5489-4534-ba34-8dba5fd354a6,Author,Paolo,Burelli
ccd3b087-b10c-4611-a417-b23006c63066,,Author,Georgios N.,Yannakakis
ce79171e-fd38-4de1-bb0c-cc673f837ec7,cf5e1d64-5489-4534-ba34-8dba5fd354a6,Author,Paolo,Burelli
ce79171e-fd38-4de1-bb0c-cc673f837ec7,,Author,Georgios N.,Yannakakis
d01835bc-e202-4b0c-94d2-34499011c9d9,cf5e1d64-5489-4534-ba34-8dba5fd354a6,Author,Paolo,Burelli
d01835bc-e202-4b0c-94d2-34499011c9d9,,Author,Georgios N.,Yannakakis
5609cd71-081e-4d0a-9483-db2cc36a3506,cf5e1d64-5489-4534-ba34-8dba5fd354a6,Author,Paolo,Burelli
8f2465d2-86d9-4e38-b959-5f0a3789330b,cf5e1d64-5489-4534-ba34-8dba5fd354a6,Author,Paolo,Burelli
acf3c366-b37d-4e6b-af2f-015594fa1a64,cf5e1d64-5489-4534-ba34-8dba5fd354a6,Author,Paolo,Burelli
de1cc742-1c5a-4efd-bcb0-fd23982b670b,cf5e1d64-5489-4534-ba34-8dba5fd354a6,Author,Paolo,Burelli
488fa670-bbb9-4c1d-9029-414f2f38523c,cf5e1d64-5489-4534-ba34-8dba5fd354a6,Author,Paolo,Burelli
488fa670-bbb9-4c1d-9029-414f2f38523c,e20164d2-7e0c-4f05-88be-ca477dfc5f8c,Author,Laurits,Dixen
bd2b6207-72be-495e-82ad-24cde84f37b0,cf5e1d64-5489-4534-ba34-8dba5fd354a6,Author,Paolo,Burelli
2869f1f1-d4e3-4d95-b38f-cfa20490d09d,cf5e1d64-5489-4534-ba34-8dba5fd354a6,Author,Paolo,Burelli
2869f1f1-d4e3-4d95-b38f-cfa20490d09d,0080607f-9f26-4f73-a974-36b4940fb777,Author,Meisam Jamshidi,Seikavandi
b077f33c-c308-407b-b4fe-6a2ee2336dfe,e726f512-d3fd-4d89-962a-3aa9f532a52f,Author,Toine,Bogers
0af3f122-2553-4d0c-ab56-f8485bde3b87,e726f512-d3fd-4d89-962a-3aa9f532a52f,Author,Toine,Bogers
9fb95dee-748e-43ea-bdfc-ab23370cacdb,b2431f12-bff1-4a97-af68-defe62b81aee,Author,Karl,Werder
a803feba-0303-4f29-bcbf-fe354434f7aa,3ec363e3-83f0-4dd8-9b2d-b87a7d34dc55,Author,Eleni Tzirita,Zacharatou
338c30ec-5437-4686-b84d-8986ef94bd5b,cf5e1d64-5489-4534-ba34-8dba5fd354a6,Author,Paolo,Burelli
74363520-b1a3-4e2f-bfa8-efca152b64d0,,Author,Anastassia,Vybornova
74363520-b1a3-4e2f-bfa8-efca152b64d0,2ef641d0-bd79-425b-8b12-b58d74b993ae,Author,Michael,Szell
3d12f82f-5826-4be8-aa1a-b2869b321104,,Author,Kim Peiter,Jørgensen
3d12f82f-5826-4be8-aa1a-b2869b321104,,Author,Roman,Beck
76a639f4-562b-46cb-9601-f2c8f040da0c,c90e23c6-5bf4-4d6f-97d8-b162b8a5b03e,Author,Thomas,Binder
05150ee6-7181-4a17-9df6-ac728106f956,c90e23c6-5bf4-4d6f-97d8-b162b8a5b03e,Author,Thomas,Binder
281f18d4-d6d7-451c-a708-0f0e1e55ea0e,c90e23c6-5bf4-4d6f-97d8-b162b8a5b03e,Author,Thomas,Binder
63bb05f9-dff5-43f1-abee-b1a98881b578,,Author,Kristian,Møller
2c482096-0edb-4b90-9c8e-2d0a0453dd8b,,Author,Lone,Malmborg
7deb05a9-578c-44df-81bd-cc2e77459c83,,Author,Lone,Malmborg
dd0ba85c-3d88-46a6-91d2-ce8a16aa1222,,Author,J.,Abdelnour-Nocera
a633795a-00d4-46e1-8c63-3a101e6d3203,,Author,Jose,Abdelnour-Nocera
8c400866-efc3-41be-a392-8ceb55809c11,,Author,Jose,Abdelnour-Nocera
a4fbe568-86a5-46b2-be6f-88e4e01577dd,,Author,J.,Abdelnour-Nocera
9c6b7bf3-b20b-4e30-b0e4-b28d23084aa5,a39b94ff-e1b6-4b96-8404-486167a9123d,Author,Andrzej,Wasowski
7abc60f1-f112-43b9-9e4b-5be4de9a6730,a39b94ff-e1b6-4b96-8404-486167a9123d,Author,Andrzej,Wasowski
b08a79d1-0297-490f-83f9-0912872a02d4,b614ac6f-eefa-44a3-8b9a-092b88d86d37,Author,Baki,Cakici
0677d77d-a134-4c4d-a152-8d35f77c64f5,b614ac6f-eefa-44a3-8b9a-092b88d86d37,Author,Baki,Cakici
260162f6-6520-4097-bbf6-7396e32215c9,b614ac6f-eefa-44a3-8b9a-092b88d86d37,Author,Baki,Cakici
6e718902-b94a-43a5-8f00-6ed386f22a39,b614ac6f-eefa-44a3-8b9a-092b88d86d37,Author,Baki,Cakici
6dca92c3-efb2-4527-8b29-1e91298789a4,b614ac6f-eefa-44a3-8b9a-092b88d86d37,Author,Baki,Cakici
e15bec00-7cba-487b-abae-5cef4a4814cd,b614ac6f-eefa-44a3-8b9a-092b88d86d37,Author,Baki,Cakici
f7f85270-9369-47f9-8be7-688224ae94ff,b614ac6f-eefa-44a3-8b9a-092b88d86d37,Author,Baki,Cakici
c6a820c6-6021-4e4b-8726-54c4057865e8,b614ac6f-eefa-44a3-8b9a-092b88d86d37,Author,Baki,Cakici
850c2a31-cd4c-4743-b583-bb99da1db08a,b614ac6f-eefa-44a3-8b9a-092b88d86d37,Author,Baki,Cakici
30523062-e4a6-4ae1-9d1b-140cbfb86c6b,b614ac6f-eefa-44a3-8b9a-092b88d86d37,Author,Baki,Cakici
ded23bad-9c91-466a-a899-f0a890a9bfc0,b614ac6f-eefa-44a3-8b9a-092b88d86d37,Author,Baki,Cakici
ded23bad-9c91-466a-a899-f0a890a9bfc0,f240d002-893f-45bd-b9ad-6a6ddc015e40,Author,Alena,Thiel
b8cda7ce-ecd0-4449-b486-73441aeabec4,b614ac6f-eefa-44a3-8b9a-092b88d86d37,Author,Baki,Cakici
f5fb7355-a893-46cb-9494-f6514318100b,b614ac6f-eefa-44a3-8b9a-092b88d86d37,Author,Baki,Cakici
f5fb7355-a893-46cb-9494-f6514318100b,f240d002-893f-45bd-b9ad-6a6ddc015e40,Author,Alena,Thiel
408855f2-5cf6-4b6d-a2c7-233ebd5bc4da,2b8ff3a4-e9b0-403d-8bd8-1bf26121c234,Author,Paolo,Tell
ae6ca78d-234c-4509-a086-8932d5e86bb9,2b8ff3a4-e9b0-403d-8bd8-1bf26121c234,Author,Paolo,Tell
59368720-c844-11dd-a259-000ea68e967b,,Author,Gordon,Calleja
b5867750-c845-11dd-a259-000ea68e967b,,Author,Gordon,Calleja
23ad8dc0-c848-11dd-a259-000ea68e967b,,Author,Gordon,Calleja
542b4bb4-6a7c-4256-8b1a-b538337e469d,,Author,Gordon,Calleja
d60cc745-5a90-440a-8ac5-24a3e500deac,,Author,Gordon,Calleja
25da2dd7-3c75-4e3a-94a6-565e7475058e,,Author,Gordon,Calleja
a63d06e7-ed43-4964-b739-d725a1571f89,,Author,Gordon,Calleja
595d1536-7fff-4889-8b20-d985a26db89b,,Author,Gordon,Calleja
55bed231-627f-4508-ae2d-705ff9ffcdf1,,Author,Gordon,Calleja
9b932522-1b3d-436b-b05e-398ee20549df,,Author,Gordon,Calleja
ce5d5536-5536-41be-8112-12f976de153e,,Author,Gordon,Calleja
728cb543-42bf-4750-ae57-db57722360d7,,Author,Gordon,Calleja
e28d2799-8222-457f-a96d-83f39520a6c2,,Author,Gordon,Calleja
03169155-a884-4064-b226-fa0103591950,,Author,Gordon,Calleja
951d4377-c614-432d-986f-0e2548c80e79,,Author,Gordon,Calleja
b9cc628a-3c9a-4ee5-b2b0-5c045f806e33,,Author,Gordon,Calleja
be833529-b394-46dd-a330-bfafccf2c18c,,Author,Gordon,Calleja
c8a0788c-14f9-45f0-afc0-31217f51e9c9,,Author,Gordon,Calleja
c4eaf37f-d900-4890-a87b-ad7c72e1f320,,Author,Gordon,Calleja
2e8049fe-36a7-40c9-9355-33e91c884c25,9504265d-0046-4e58-b529-256a656c012d,Author,Christian,Hardmeier
7e63af60-e412-11de-a523-000ea68e967b,,Author,Andrea,Campagna
7e63af60-e412-11de-a523-000ea68e967b,,Author,Rasmus,Pagh
4e47857d-acb1-4f38-911c-87de799be149,,Author,Andrea,Campagna
4e47857d-acb1-4f38-911c-87de799be149,,Author,Rasmus,Pagh
308c2a8b-87b6-4d19-aaa6-6e7561f8fcf3,,Author,Andrea,Campagna
308c2a8b-87b6-4d19-aaa6-6e7561f8fcf3,,Author,Rasmus,Pagh
6324b5cd-d022-4bdc-a7bf-99500cf7d4b0,,Author,Andrea,Campagna
6324b5cd-d022-4bdc-a7bf-99500cf7d4b0,,Author,Konstantin,Kutzkow
6324b5cd-d022-4bdc-a7bf-99500cf7d4b0,,Author,Rasmus,Pagh
58836777-0286-4c2d-b352-b1087c8d8c6f,,Author,Andrea,Campagna
58836777-0286-4c2d-b352-b1087c8d8c6f,,Author,Rasmus,Pagh
8c3e471c-0114-4da7-ad4d-bc12c2df05f3,,Author,Andrea,Campagna
8c3e471c-0114-4da7-ad4d-bc12c2df05f3,,Author,Konstantin,Kutzkov
8c3e471c-0114-4da7-ad4d-bc12c2df05f3,,Author,Rasmus,Pagh
0a3bb1de-4f1e-463f-8bfd-39ecbaca8b46,8e5f2a6c-c817-4a90-b48b-d9171743ad0f,Author,Rob,van der Goot
d6b4f10e-4192-45cd-98fd-7a57feaa7c54,,Author,Felix Theodor,Engelmann
0ca82648-c6e3-49fa-85d2-6ce9039dc500,bdc2cd4a-df05-46ca-b027-b038039a58ec,Author,Bernardo,David
0ca82648-c6e3-49fa-85d2-6ce9039dc500,,Author,Anders,Konring
a02570ba-72b7-44c9-97cb-6096f51041cc,,Author,Alexander,Richter
0740ff10-db11-11dd-a259-000ea68e967b,,Author,Richard,Ling
dbd7d251-687c-49ce-b176-fa16b88d4d4d,,Author,J.,Abdelnour-Nocera
19ee2701-347f-460a-90d0-f4b4a66b427d,c40e1e8a-50ee-4a7c-b7f0-2fc0fdd62adc,Editor,Anna,Rogers
26a4000c-a24b-4cdb-8c90-77be9120ba21,e726f512-d3fd-4d89-962a-3aa9f532a52f,Author,Toine,Bogers
5cb02379-6818-4447-9a6e-d005b43e1e80,,Author,Alessandro,Canossa
5cb02379-6818-4447-9a6e-d005b43e1e80,,Author,Mark,Nelson
c4c1684f-c380-4773-aff3-5e86059e9d51,,Author,Alessandro,Canossa
c4c1684f-c380-4773-aff3-5e86059e9d51,1ee9fda3-cb4e-4c06-82b1-7e248c20a700,Author,Willem,van der Maden
c4c1684f-c380-4773-aff3-5e86059e9d51,e383647f-00d3-41b1-ad95-ff69bdfffb42,Author,Jichen,Zhu
c39576a2-06ae-421a-8c36-5bc808fe46cb,,Author,Richard,Ling
b7c54fb5-3b09-4d72-8428-ae6b61649d22,e726f512-d3fd-4d89-962a-3aa9f532a52f,Author,Toine,Bogers
f3b0bd82-07ae-4698-afb9-99331bf1850f,,Author,Giacomo,Poderi
e41b2946-c3fc-4757-89b0-ca5643310eb0,,Author,G.,Poderi
02193720-5f21-11de-8664-000ea68e967b,9027b41a-4159-4db7-9ddd-8fc8f41f1fb3,Author,Marco,Carbone
b4b358f0-e623-11de-a523-000ea68e967b,9027b41a-4159-4db7-9ddd-8fc8f41f1fb3,Author,Marco,Carbone
43baf2b0-e624-11de-a523-000ea68e967b,9027b41a-4159-4db7-9ddd-8fc8f41f1fb3,Author,Marco,Carbone
ba335406-0296-41e0-826f-bb359b8ddddc,9027b41a-4159-4db7-9ddd-8fc8f41f1fb3,Author,Marco,Carbone
2d14aa4f-0b39-4e3a-9059-757a348d6593,9027b41a-4159-4db7-9ddd-8fc8f41f1fb3,Author,Marco,Carbone
2d14aa4f-0b39-4e3a-9059-757a348d6593,d3b41838-e2bf-4735-b1cd-03f60b49c7e5,Author,Søren,Debois
29aa3648-dc15-4e73-93bd-7395569e6be9,9027b41a-4159-4db7-9ddd-8fc8f41f1fb3,Author,Marco,Carbone
29aa3648-dc15-4e73-93bd-7395569e6be9,d30b96a8-4f1e-44fa-9bf5-0209bedf0268,Author,Thomas,Hildebrandt
29aa3648-dc15-4e73-93bd-7395569e6be9,,Author,Gian David,Perrone
29aa3648-dc15-4e73-93bd-7395569e6be9,a39b94ff-e1b6-4b96-8404-486167a9123d,Author,Andrzej,Wasowski
5c6869fc-6df4-4738-ae52-40380af83c37,9027b41a-4159-4db7-9ddd-8fc8f41f1fb3,Author,Marco,Carbone
44cfe3c8-abca-4565-aba1-522e95f3485c,9027b41a-4159-4db7-9ddd-8fc8f41f1fb3,Author,Marco,Carbone
44cfe3c8-abca-4565-aba1-522e95f3485c,,Author,Fabrizio,Montesi
6020fd16-d2ad-4ded-ba00-e9c720ab2e94,9027b41a-4159-4db7-9ddd-8fc8f41f1fb3,Author,Marco,Carbone
6020fd16-d2ad-4ded-ba00-e9c720ab2e94,,Author,Fabrizio,Montesi
6b09fa5d-cf7f-4697-94f5-2b9e3471623f,9027b41a-4159-4db7-9ddd-8fc8f41f1fb3,Author,Marco,Carbone
0329c3b7-3920-4332-9d07-06ee80b16596,9027b41a-4159-4db7-9ddd-8fc8f41f1fb3,Author,Marco,Carbone
0329c3b7-3920-4332-9d07-06ee80b16596,b6c98930-e1c7-422f-bb9c-808f1394344a,Author,Ornela,Dardha
0329c3b7-3920-4332-9d07-06ee80b16596,,Author,Fabrizio,Montesi
35a5f0b1-5ec1-4d23-a209-13884ca228e2,9027b41a-4159-4db7-9ddd-8fc8f41f1fb3,Author,Marco,Carbone
35a5f0b1-5ec1-4d23-a209-13884ca228e2,1313519f-2074-41d6-8b79-589648e37211,Author,Carsten,Schürmann
1fbfc88e-6037-4b47-955e-b5e5b25ee07e,9027b41a-4159-4db7-9ddd-8fc8f41f1fb3,Author,Marco,Carbone
6fb7e123-7910-4ff9-83a9-08680ab15d72,9027b41a-4159-4db7-9ddd-8fc8f41f1fb3,Author,Marco,Carbone
6fb7e123-7910-4ff9-83a9-08680ab15d72,1313519f-2074-41d6-8b79-589648e37211,Author,Carsten,Schürmann
53c8ea8b-f006-4cba-b6cd-159c9c41d2b3,9027b41a-4159-4db7-9ddd-8fc8f41f1fb3,Author,Marco,Carbone
53c8ea8b-f006-4cba-b6cd-159c9c41d2b3,1313519f-2074-41d6-8b79-589648e37211,Author,Carsten,Schürmann
aac6755a-e508-4671-ba1e-88386a79257f,9027b41a-4159-4db7-9ddd-8fc8f41f1fb3,Author,Marco,Carbone
aac6755a-e508-4671-ba1e-88386a79257f,,Author,Fabrizio ,Montesi
aac6755a-e508-4671-ba1e-88386a79257f,1313519f-2074-41d6-8b79-589648e37211,Author,Carsten,Schürmann
cd02b397-63b3-4755-bf19-ebd06a13f9fa,9027b41a-4159-4db7-9ddd-8fc8f41f1fb3,Author,Marco,Carbone
cd02b397-63b3-4755-bf19-ebd06a13f9fa,,Author,Fabrizio ,Montesi
cd02b397-63b3-4755-bf19-ebd06a13f9fa,,Author,Agata Anna,Murawska
f7135657-c5c5-4002-9c1e-09b2a3cfb963,9027b41a-4159-4db7-9ddd-8fc8f41f1fb3,Author,Marco,Carbone
f7135657-c5c5-4002-9c1e-09b2a3cfb963,1313519f-2074-41d6-8b79-589648e37211,Author,Carsten,Schürmann
db25bd1d-2b75-4c3e-a092-486e2ae109c7,9027b41a-4159-4db7-9ddd-8fc8f41f1fb3,Author,Marco,Carbone
db25bd1d-2b75-4c3e-a092-486e2ae109c7,1313519f-2074-41d6-8b79-589648e37211,Author,Carsten,Schürmann
5eee6e95-83f5-44f7-80df-8f3fe4075c1e,9027b41a-4159-4db7-9ddd-8fc8f41f1fb3,Author,Marco,Carbone
b46bf0dc-bbf2-43c8-b844-3d4dac486cae,9027b41a-4159-4db7-9ddd-8fc8f41f1fb3,Author,Marco,Carbone
b46bf0dc-bbf2-43c8-b844-3d4dac486cae,b8c7a59c-125b-48a6-9a1f-e22b82335828,Author,Luís,Cruz-Filipe
b46bf0dc-bbf2-43c8-b844-3d4dac486cae,,Author,Fabrizio,Montesi
b46bf0dc-bbf2-43c8-b844-3d4dac486cae,,Author,Agata,Murawska
04acb22d-625d-4e94-86f5-96d7ab4267fe,9027b41a-4159-4db7-9ddd-8fc8f41f1fb3,Author,Marco,Carbone
04acb22d-625d-4e94-86f5-96d7ab4267fe,12df9187-47b5-4d7e-87f5-9089a3d229c1,Author,Dawit,Tirore
f44b151c-37d0-469a-85d0-37cb702f24a7,d6d93566-d546-42a8-8864-766098389589,Author,Louise Meier,Carlsen
cbc255f7-64a0-4f9e-800b-c225cef600a0,d6d93566-d546-42a8-8864-766098389589,Author,Louise Meier,Carlsen
036fd8fc-e993-44c3-9809-9d9a028d3684,d6d93566-d546-42a8-8864-766098389589,Author,Louise M,Carlsen
accef11f-dcd3-4d2a-a8fa-31c04fd50a39,d6d93566-d546-42a8-8864-766098389589,Author,Louise Meier,Carlsen
ac089dca-573a-4072-b232-24810088769c,d6d93566-d546-42a8-8864-766098389589,Author,Louise Meier,Carlsen
8c9d5055-1564-46c0-bf83-72e5c8d91ec2,d6d93566-d546-42a8-8864-766098389589,Author,Louise Meier,Carlsen
592e4359-1612-4b07-b8a0-f1189cecc320,d6d93566-d546-42a8-8864-766098389589,Author,Louise Meier,Carlsen
c1b6495c-6565-4796-88e7-34a622e5d97c,d6d93566-d546-42a8-8864-766098389589,Author,Louise Meier,Carlsen
87dfde10-14c5-4eca-9b5a-504d7c0eb342,d6d93566-d546-42a8-8864-766098389589,Author,Louise Meier,Carlsen
5d816e1b-0889-4290-bc14-c04dc8335163,d6d93566-d546-42a8-8864-766098389589,Author,Louise M,Carlsen
aac346fe-a269-4662-8e50-619399a3269b,d6d93566-d546-42a8-8864-766098389589,Author,Louise Meier,Carlsen
aac346fe-a269-4662-8e50-619399a3269b,e23e8096-59cb-4ef6-af48-ce9d806fd1eb,Author,Nanna ,Inie
aac346fe-a269-4662-8e50-619399a3269b,47a94200-3abe-4354-b5e3-c8ef6f1ba1f2,Author,Claus ,Brabrand
d64bc37a-4d4d-48a8-9dd1-c36173a2de40,,Author,Tomas,Sokoler
805e6861-f5e5-4d89-a368-f3665a4ca95f,,Author,Barbara N.,Carreras
3ae85e3a-7c48-4000-84ba-8fb86f30aae4,,Author,Barbara N.,Carreras
c2df5ae7-5ece-40fa-a481-b8017957f116,,Author,Barbara N.,Carreras
a8402892-4020-468c-9698-2b6d8f5ceee1,,Editor,Ester,Fritsch
c871c194-20c3-4369-88a1-059aa17a9787,,Author,Peter,Carstensen
62ad1f39-dd4f-44c0-a02e-400fb60619b3,4ca57c3b-1d1f-4ecf-87b0-fe690510c887,Author,Jessamy,Perriam
9d94bf00-6f9b-40a2-aea3-280cb14c947f,,Author,Rosemary,Lee
03c46043-9784-4720-a144-78e3a6855258,c596539b-3ceb-497c-9a43-e71d6b0f65a6,Author,Djordje,Grbic
03c46043-9784-4720-a144-78e3a6855258,a420ffb3-2ca6-4925-a25f-baaa5228fc15,Author,Sebastian,Risi
bafeaa7e-4bb5-4fd8-90f9-b04f185e27ad,,Author,Steven,Houben
8859ac92-add0-4819-9390-9ccf6fe26878,bdc2cd4a-df05-46ca-b027-b038039a58ec,Author,Bernardo,David
980a6752-0f62-47cd-a2a5-36f2a9e93065,bdc2cd4a-df05-46ca-b027-b038039a58ec,Author,Bernardo,David
a5be4582-0a3e-4a05-80e8-fb2e8952b5c6,bdc2cd4a-df05-46ca-b027-b038039a58ec,Author,Bernardo,David
a5be4582-0a3e-4a05-80e8-fb2e8952b5c6,,Author,Anders,Konring
42c8a71f-874a-46d5-b2e6-2d3fee37339c,bdc2cd4a-df05-46ca-b027-b038039a58ec,Author,Bernardo,David
fcb02723-353a-4ad2-ae0f-ed77d857fe3a,f2136570-f73c-446f-9fb0-6d9e461e2124,Author,Yvonne,Dittrich
ddce97ac-ebd2-41e1-a959-ac19b0e1edd4,d30b96a8-4f1e-44fa-9bf5-0209bedf0268,Author,Thomas,Hildebrandt
d8fe7840-3fc4-466d-aa77-78e136588aee,5417f888-9371-4933-8a2b-7679eb21bd84,Author,Doga Buse,Cavdir
353d82f6-062f-4707-8944-a0fd196dcf6b,5417f888-9371-4933-8a2b-7679eb21bd84,Author,Doga Buse,Cavdir
90c098c8-d835-43ad-becc-d8c983090063,5417f888-9371-4933-8a2b-7679eb21bd84,Author,Doga Buse,Cavdir
6adb8a52-940c-481b-8f4a-8143b0b7f5d7,5417f888-9371-4933-8a2b-7679eb21bd84,Author,Doga,Cavdir
e66a0c62-a5a5-44b2-a93e-7fcf310610ea,5417f888-9371-4933-8a2b-7679eb21bd84,Author,Doga,Cavdir
7b49a4d3-f5b2-4142-9209-9a2daf82f75a,5417f888-9371-4933-8a2b-7679eb21bd84,Author,Doga,Cavdir
c36d8382-e58f-4caf-a02a-31e3530276a3,5417f888-9371-4933-8a2b-7679eb21bd84,Author,Doga,Cavdir
daaab3a7-b022-4b7b-b2b1-5dd1480ada09,5417f888-9371-4933-8a2b-7679eb21bd84,Author,Doga,Cavdir
caac94a2-07d8-4440-a9bb-7d0df2a11801,5417f888-9371-4933-8a2b-7679eb21bd84,Author,Doga,Cavdir
4f7d0907-3986-4c2c-84e8-fee5b5445b87,5417f888-9371-4933-8a2b-7679eb21bd84,Author,Doga,Cavdir
8a2e65d5-0a40-434e-9826-14b2a1e0d44d,5417f888-9371-4933-8a2b-7679eb21bd84,Author,Doga,Cavdir
be7dd8f7-12c8-4ec3-a56c-29ac142f524e,5417f888-9371-4933-8a2b-7679eb21bd84,Author,Doga,Cavdir
fbe7a3ca-5814-4ca2-b39a-5b8bbfdd57a3,5417f888-9371-4933-8a2b-7679eb21bd84,Author,Doga,Cavdir
5885f84b-2995-4019-aed8-8df28cfd839c,5417f888-9371-4933-8a2b-7679eb21bd84,Author,Doga,Cavdir
3455b8d1-918a-43e3-8723-52197ba047f7,5417f888-9371-4933-8a2b-7679eb21bd84,Author,Doga Buse,Cavdir
7f02b777-4718-47cb-bca4-1fb20f6df544,5417f888-9371-4933-8a2b-7679eb21bd84,Author,Doga,Cavdir
3fa0ad93-8ff7-4820-835b-335f539ea241,,Author,Francesco,Silvestri
c424263d-433d-4c36-94e4-319b393c2a89,,Author,Matteo,Ceccarello
628d97d1-4c6e-4e77-b3c1-d1d9eac51776,,Author,Matteo,Ceccarello
628d97d1-4c6e-4e77-b3c1-d1d9eac51776,,Author,Francesco,Silvestri
ad06e159-f871-467c-8fc2-fe493e6fe79b,1b45e3f5-b8cd-4c0d-a444-2901304f76ee,Author,Luca,Rossi
ae51b46c-1b15-44b3-8469-fdb9342009b2,1b45e3f5-b8cd-4c0d-a444-2901304f76ee,Author,Luca,Rossi
2461167a-68e6-42c6-9374-3c1a064d6aad,1b45e3f5-b8cd-4c0d-a444-2901304f76ee,Author,Luca,Rossi
0cab5497-6dd9-4914-ae70-353740cf5437,a420ffb3-2ca6-4925-a25f-baaa5228fc15,Author,Sebastian,Risi
b8d50388-d57e-4cb2-8197-25972e87c351,,Author,Daniel,Cermak
6533d2e6-c508-41cd-977b-4066d6effc5d,,Author,Daniel,Cermak
6533d2e6-c508-41cd-977b-4066d6effc5d,,Author,Christoffer,Holmgård
ccbcfad9-b90d-480f-9a0f-1b0ad6fe0002,,Author,Daniel,Cermak
ccbcfad9-b90d-480f-9a0f-1b0ad6fe0002,5c54c44a-9eaa-4a97-a78a-e853dc73e9d9,Author,Rodrigo,Moreno Garcia
62f8583d-74ca-40a5-bd1a-cd613dc4fe41,,Author,Daniel,Cermak
a2a5cf92-1703-4edd-bb68-c3c7779cefa3,,Author,Daniel,Cermak
bdc55d58-1f7f-4f01-822d-ef455d2d140a,,Author,Daniel,Cermak
bdc55d58-1f7f-4f01-822d-ef455d2d140a,44c88dce-966d-46f3-88a8-2014e39197b9,Author,Hans-Joachim,Backe
9d14cca3-3cff-4b9a-a531-20b476e7074b,,Author,Daniel,Cermak
9d14cca3-3cff-4b9a-a531-20b476e7074b,44c88dce-966d-46f3-88a8-2014e39197b9,Author,Hans-Joachim,Backe
d52942e2-7f2c-4ff6-b350-3ea6a38f0b9e,,Author,Daniel,Cermak
98d298b5-d6c5-44a3-9b86-b9606666a886,,Author,Daniel,Cermak
98d298b5-d6c5-44a3-9b86-b9606666a886,,Author,Laura,Beloff
6b0bf229-e347-461a-b9f6-2a017082e59d,,Author,Daniel,Cermak-Sassenrath
4015aea0-c997-4a53-88c0-a8826eb664f0,,Author,Daniel,Cermak-Sassenrath
218161f1-f412-437c-9f0f-7b4a06f3f1f5,,Author,Daniel,Cermak-Sassenrath
52b0a05b-021a-465b-8eae-2ce8d5b2c3dc,,Author,Daniel,Cermak-Sassenrath
add00bb1-fac0-4017-883f-350111b534fc,,Author,Daniel,Cermak-Sassenrath
5be32601-7f1b-42c7-ac82-3742bcbe6563,,Author,Daniel,Cermak-Sassenrath
2d858e15-76f2-4037-b639-0e90678f04ad,,Author,Daniel,Cermak-Sassenrath
fec92178-4779-4197-baf3-adf27e51be3f,,Author,Daniel,Cermak-Sassenrath
5d18740b-211b-4f37-8196-5ad6fb09ff4c,,Author,Daniel,Cermak-Sassenrath
a6b6dd87-de06-4542-832f-2dc0e13044a4,,Author,Daniel,Cermak-Sassenrath
a3200037-1cea-416f-825c-8ee211f323ce,,Author,Daniel,Cermak-Sassenrath
bcd2accb-f877-43c7-9fc5-3dee2222686b,,Author,Daniel,Cermak-Sassenrath
f5662454-5cae-43fc-a765-5c57b806550e,,Author,Daniel,Cermak-Sassenrath
880d92b6-f023-484e-b8eb-f8321e57f490,,Author,Daniel,Cermak-Sassenrath
ec1fefdd-43b3-49ba-b107-ff9a4d40bd1a,,Author,Daniel,Cermak-Sassenrath
c1a2ef44-6a44-4266-b927-40749b6dd1b2,,Author,Daniel,Cermak-Sassenrath
746166d6-d7b8-448b-b3ea-5d55b2ed2fb8,,Author,Daniel,Cermak-Sassenrath
43c936e6-1f0e-40aa-bb75-ae29adb7780d,,Author,Daniel,Cermak-Sassenrath
8ff27542-c8d7-4d99-9abe-b507c23a9058,,Author,Daniel,Cermak-Sassenrath
1be73170-3eae-411c-942c-7f884f2b08be,,Author,Daniel,Cermak-Sassenrath
cc96270b-8324-4125-aafa-aaf11c158732,,Author,Daniel,Cermak-Sassenrath
6faf56c1-fbc9-4e54-91aa-70f95ef07236,,Author,Daniel,Cermak-Sassenrath
b279a8c3-c988-4442-b726-547c7a7406aa,,Author,Daniel,Cermak-Sassenrath
a1c8125c-11b7-418d-ad7b-89d76d53c7a3,,Author,Daniel,Cermak-Sassenrath
7df0e084-035c-478e-aac0-067c138044ab,,Author,Daniel,Cermak-Sassenrath
7df0e084-035c-478e-aac0-067c138044ab,,Author,Christoffer,Holmgård
cad79e61-335c-4571-9112-86c702a7f96d,,Editor,Daniel,Cermak-Sassenrath
a620463c-4611-4cbb-9de9-7f85216afe65,,Author,Daniel,Cermak-Sassenrath
d1ed2688-cce9-4321-bba6-d32aec93057e,,Author,Daniel,Cermak-Sassenrath
3fae880c-ce21-4c96-87a5-fc616417be54,,Author,Daniel,Cermak-Sassenrath
6958c565-6723-4ec3-af39-4760046adc21,,Author,Daniel,Cermak-Sassenrath
32744a3d-1a6e-4f35-aa7f-af9d006c34fb,,Other,Daniel,Cermak-Sassenrath
32744a3d-1a6e-4f35-aa7f-af9d006c34fb,,Other,Stina Hasse,Jørgensen
052ac2d8-73ac-408b-a5db-5ee5422d5b05,,Other,Daniel,Cermak-Sassenrath
a218415a-be6e-4fda-9364-0aec046479fa,,Other,Daniel,Cermak-Sassenrath
a218415a-be6e-4fda-9364-0aec046479fa,44c88dce-966d-46f3-88a8-2014e39197b9,Composer,Hans-Joachim,Backe
3f354075-36e4-407b-80ad-7d96eac0d7c1,,Author,Daniel,Cermak-Sassenrath
1e9ffc83-6522-44e7-9133-7f55a3fb87cb,,Author,Daniel,Cermak-Sassenrath
8e4e0c8f-ab74-4098-b27b-9a332381e110,,Author,Daniel,Cermak-Sassenrath
48549e7e-88d3-46e6-970f-b33e446b9e9d,,Developer,Daniel,Cermak-Sassenrath
900d2670-d373-46d8-9c23-58285c1e6039,,Author,Daniel,Cermak-Sassenrath
819c514a-4b22-492d-ab2c-dd81da1f00ba,,Author,Daniel,Cermak-Sassenrath
b1e5d5a3-5fbb-4f36-ab0c-d8aeeadbdc77,,Author,Daniel,Cermak-Sassenrath
7ae478c1-2dd0-4622-854e-d9de1cd72891,,Author,Daniel,Cermak-Sassenrath
ca6ed7b1-14d5-41a1-a086-a5bdcb72d1ad,,Author,Daniel,Cermak-Sassenrath
ca6ed7b1-14d5-41a1-a086-a5bdcb72d1ad,,Author,Stina Hasse,Jørgensen
29a28d11-211e-40de-98e2-0335ef8985ca,bb404350-dc8d-4345-965f-a3602b726014,Author,Tim,Seppelt
b821ac00-221b-4023-aaf5-570cdcb412a7,6aed9698-9a0c-4956-be0d-ec658bbfe09a,Author,Luca Maria,Aiello
22afc3c1-2681-49df-a0e2-06d7230b8a4e,1313519f-2074-41d6-8b79-589648e37211,Author,Carsten,Schürmann
bf6dd061-4932-42fe-a262-0e0d554f1dae,,Author,Alexander,Richter
9beedc26-250d-4fb3-9497-00eb3305f458,,Author,Alexander,Richter
cc1bb2df-2b6a-4654-8e7c-615d174f8507,,Author,Matthew,Skala
7e04aaaa-8360-4b1c-a328-a093967de38d,,Author,Matthew,Skala
6e60f2f0-1d54-11df-b794-000ea68e967b,,Author,Marcus,Chang
6e60f2f0-1d54-11df-b794-000ea68e967b,,Author,Philippe,Bonnet
63ffc7b1-a4fc-4af9-8af7-ad2cc949461a,,Author,Marcus,Chang
63ffc7b1-a4fc-4af9-8af7-ad2cc949461a,,Author,Philippe,Bonnet
9fa5c68d-a110-4264-a02b-b2e2ff58d321,,Author,Marcus,Chang
9fa5c68d-a110-4264-a02b-b2e2ff58d321,,Author,Philippe,Bonnet
9d20ff51-aa9a-4827-ae97-1743079ebaed,,Author,Niccolò,Veltri
35fbea3a-a59b-47c7-872b-4a162b00e617,3ec363e3-83f0-4dd8-9b2d-b87a7d34dc55,Author,Eleni ,Tzirita Zacharatou
9e76d1dd-1cde-4fe7-a7b5-3082d90db992,,Author,Nicolas,Guenot
c4d8747b-a1d9-47ed-9493-8a7e9a2feea8,3f05e4ce-6433-4c5a-b72c-aa89422cf431,Author,Nutan,Limaye
3a292efa-7b9d-47cc-82d6-b7738908984b,,Author,Muhammad Aufeef,Chauhan
3a292efa-7b9d-47cc-82d6-b7738908984b,,Author,Muhammad,Ali Babar
71beae23-d4f2-4a08-8606-9a3fa9d986ef,,Author,Muhammad Aufeef,Chauhan
71beae23-d4f2-4a08-8606-9a3fa9d986ef,,Author,Muhammad,Ali Babar
2527b002-a82e-4a10-be01-b24e15221d57,,Author,Muhammad Ali,Babar
2ae921c1-7b12-4602-b156-5779067a83cf,,Author,Muhammad Ali,Babar
4eee9ba7-c0f4-4b8b-9d7c-c27eae8eb37c,,Author,Muhammad Aufeef,Chauhan
4eee9ba7-c0f4-4b8b-9d7c-c27eae8eb37c,,Author,Muhammad Ali,Babar
292b21ce-c2a2-44bc-9a84-a4659169f0bb,,Author,Aufeef,Chauhan
292b21ce-c2a2-44bc-9a84-a4659169f0bb,,Author,Muhammad Ali,Babar
4321041f-0c97-4aa9-a9aa-ae9fab875cd7,,Author,Aufeef,Chauhan
4321041f-0c97-4aa9-a9aa-ae9fab875cd7,,Author,Muhammad Ali,Babar
8f600ac2-56aa-49a1-8685-b71e63927b96,,Author,Aufeef,Chauhan
6036c8cd-3c68-4b7e-ab82-b3bd9f030318,,Author,Aufeef,Chauhan
6036c8cd-3c68-4b7e-ab82-b3bd9f030318,,Author,Muhammad Ali,Babar
4e471ff0-f4ec-42a2-93f8-334e8f3062f2,,Author,Muhammad Aufeef,Chauhan
4e471ff0-f4ec-42a2-93f8-334e8f3062f2,,Author,Muhammad Ali,Babar
b118d504-121c-4904-9800-c9de089384e3,,Author,Muhammad Aufeef,Chauhan
b118d504-121c-4904-9800-c9de089384e3,,Author,Muhammad Ali,Babar
59c616de-c4da-4b62-acc9-8bce5d22f2b9,,Author,Muhammad Aufeef,Chauhan
59c616de-c4da-4b62-acc9-8bce5d22f2b9,,Author,Muhammad Ali,Babar
8082cc91-9fbd-426e-bba7-fba77f6cde3f,,Author,Muhammad Aufeef,Chauhan
10c71958-d4cf-487d-9b2e-8620cf9bf91f,70f3c85a-9cd2-40b4-bed9-5e2a75609421,Author,Sisse,Finken
f695a05c-e194-4099-9838-93db419fa908,,Author,Nina,Rask
85f86958-7ffd-43a9-8466-c4a73301f5f0,50d4bf89-8621-4bc3-bdce-6916656c12fa,Author,Ivor,van der Hoog
85f86958-7ffd-43a9-8466-c4a73301f5f0,ab7600cd-0bd2-4d86-9def-2c6fd1ade1c5,Author,Eva,Rotenberg
cfc2dd2c-0955-4188-b062-8c900d5a000e,,Author,Niels Ørbæk,Chemnitz
cfc2dd2c-0955-4188-b062-8c900d5a000e,,Author,Philippe,Bonnet
cfc2dd2c-0955-4188-b062-8c900d5a000e,,Author,Irina,Shklovski
cfc2dd2c-0955-4188-b062-8c900d5a000e,c649bf10-5588-4d10-8c7c-471874cf98f9,Author,Sebastian,Büttrich
cfc2dd2c-0955-4188-b062-8c900d5a000e,,Author,Laura,Watts
33462cc4-cab0-41ce-9997-1b81fb2b1d91,,Author,Niels Ørbæk,Chemnitz
33462cc4-cab0-41ce-9997-1b81fb2b1d91,,Author,Philippe,Bonnet
33462cc4-cab0-41ce-9997-1b81fb2b1d91,c649bf10-5588-4d10-8c7c-471874cf98f9,Author,Sebastian,Büttrich
54af7893-b649-4a1e-9ef0-a2798972de40,,Author,Muhammad,Ali Babar
543f876a-c4be-475b-88ac-97a3b35a0878,,Author,Muhammad,Ali Babar
2db7f5a6-0bb9-40a1-b6a1-1a8c396a99f6,,Author,Muhammad,Ali Babar
8b400bed-95a7-4f0c-9831-e35c4e192f20,,Author,Muhammad,Ali Babar
9b9fa66f-a7ba-4425-9b83-deba33810636,,Author,Muhammad,Ali Babar
ddee9801-e0c9-4bb2-9161-4ac711459ace,,Author,Jakob,Bardram
ee02ccc5-b204-4dd6-b14a-15a7ef52a573,,Author,Jakob,Bardram
3a79d698-fd79-4047-996f-98421caeac7a,,Author,Jonathan,Fürst
91ddb7bc-d6e0-4102-936a-80682b0242f0,53c45a58-4c3c-424c-80a2-c39e733fd7c3,Author,Radu-Cristian,Curticapean
91ddb7bc-d6e0-4102-936a-80682b0242f0,ef9b447a-d6c4-4250-a506-093730db84d6,Author,Holger,Dell
40aa3d40-fda6-11dd-b964-000ea68e967b,,Author,Jianjun,Chen
35096cc0-dd82-11dd-a259-000ea68e967b,f2136570-f73c-446f-9fb0-6d9e461e2124,Editor,Yvonne,Dittrich
3552611d-b493-4dda-8319-0dfc55c9b45e,,Author,Yun-Gyung,Cheong
c592e5d6-f2b8-4422-8b71-7dc60a2a0c93,,Inventor,Yun-Gyung,Cheong
f2431bc7-97c3-4dfe-946d-914fd65e3a2c,,Author,Yun-Gyung,Cheong
f2431bc7-97c3-4dfe-946d-914fd65e3a2c,,Author,Rilla,Khaled
f2431bc7-97c3-4dfe-946d-914fd65e3a2c,,Author,Conrrado,Grappiolo
38ce969b-3b9e-4bee-8037-1b23910c5e8f,,Author,Yun-Gyung,Cheong
36c25332-0335-4fb6-a3fb-cd41342f1494,,Author,Yun-Gyung,Cheong
36c25332-0335-4fb6-a3fb-cd41342f1494,,Author,Corrado,Grappiolo
36c25332-0335-4fb6-a3fb-cd41342f1494,,Author,Christoffer Holmgård,Pedersen
36c25332-0335-4fb6-a3fb-cd41342f1494,,Author,Florian,Berger
36c25332-0335-4fb6-a3fb-cd41342f1494,,Author,Rilla,Khaled
36c25332-0335-4fb6-a3fb-cd41342f1494,,Author,Georgios N.,Yannakakis
fe30b308-0223-4b1b-8d8a-58d942e2b21b,1c4bfd79-4336-4b17-a672-9acb465f15c0,Author,Veronika,Cheplygina
db872f61-668a-4c30-a186-da3498131100,1c4bfd79-4336-4b17-a672-9acb465f15c0,Author,Veronika,Cheplygina
5b84e052-a0e6-46bc-a17c-98c87b9d74ba,1c4bfd79-4336-4b17-a672-9acb465f15c0,Author,Veronika,Cheplygina
5b84e052-a0e6-46bc-a17c-98c87b9d74ba,6800c64b-0e54-49cb-a703-384b4987b70c,Author,Dovile,Juodelyte
5b84e052-a0e6-46bc-a17c-98c87b9d74ba,64730011-f493-4dbb-abf6-b48924ddc794,Author,Amelia,Jiménez-Sánchez
09d40983-1c73-48af-be73-a01bdff6e433,8785f18a-1bf3-4c63-8d8b-d3e5d516ca40,Author,Payam,Zahadat
e955dbd0-a591-4e8e-a15c-d7cddba9bcb5,9ba013db-4c4d-41dd-be12-dbe188f67f29,Author,Hanna Elina,Wirman
f29bc855-9d8d-4739-abcb-ee29bb598ef1,0bdda5a8-b38a-4532-b9a2-e5d9a98c05a7,Author,Hasib,Ahsan
a0ba5e90-f437-11dd-9b71-000ea68e967b,92f6c3f3-0ad2-40fc-b278-69170f87567d,Author,Lars Rune,Christensen
cf860675-c38d-46b9-b78e-325d0dc7f2c2,92f6c3f3-0ad2-40fc-b278-69170f87567d,Author,Lars Rune,Christensen
ff8da1e7-0a81-457b-b7d3-ab9c88ff7644,92f6c3f3-0ad2-40fc-b278-69170f87567d,Author,Lars Rune,Christensen
50f9dfca-9e0e-47d1-95bd-cc1303da1869,92f6c3f3-0ad2-40fc-b278-69170f87567d,Author,Lars Rune,Christensen
7cbf544a-bf7c-4e7d-a230-237747100920,2a9c0934-98ca-4101-b829-b88d77f6487e,Author,Kasper,Støy
d31f8dd1-cfeb-4e73-b123-72f1a3dcf062,2a9c0934-98ca-4101-b829-b88d77f6487e,Author,Kasper,Støy
c7641363-b4de-49ca-8ad0-9c4ca09e3796,2a9c0934-98ca-4101-b829-b88d77f6487e,Author,Kasper,Støy
ed77cbc7-7abe-4d45-a1d5-f63c26c00cca,2a9c0934-98ca-4101-b829-b88d77f6487e,Author,Kasper,Støy
16734caf-b06e-4297-abbd-5ebc06b3bc12,2a9c0934-98ca-4101-b829-b88d77f6487e,Author,Kasper,Støy
f5e39dcd-9485-40b4-bc32-24efc9fea42e,2a9c0934-98ca-4101-b829-b88d77f6487e,Author,Kasper,Støy
d43cba2d-6af0-4e17-b5cc-0adf692dacf2,2a9c0934-98ca-4101-b829-b88d77f6487e,Author,Kasper,Støy
de2e51ff-6e6d-4bdf-95a1-f6b6cbf7538b,2a9c0934-98ca-4101-b829-b88d77f6487e,Author,Kasper,Støy
5860fe30-fb37-4685-afb2-805a40f4ac6c,2a9c0934-98ca-4101-b829-b88d77f6487e,Author,Kasper,Støy
3279222e-27ec-436d-ab2c-78c5959c20ee,92f6c3f3-0ad2-40fc-b278-69170f87567d,Author,Lars Rune,Christensen
5512dfea-0940-426c-ad3b-107a204a94b0,92f6c3f3-0ad2-40fc-b278-69170f87567d,Author,Lars Rune,Christensen
5512dfea-0940-426c-ad3b-107a204a94b0,,Author,Pernille,Bjørn
240578ba-b29e-4381-a0ee-3afc7d02681e,,Author,Stine,Gotved
19371626-7b5f-4c49-a4fe-9f9121976447,92f6c3f3-0ad2-40fc-b278-69170f87567d,Author,Lars Rune,Christensen
19371626-7b5f-4c49-a4fe-9f9121976447,,Author,Rasmus Eskild,Jensen
19371626-7b5f-4c49-a4fe-9f9121976447,,Author,Pernille,Bjørn
0fe5828c-6c15-48e2-95e9-0daf48b68738,92f6c3f3-0ad2-40fc-b278-69170f87567d,Author,Lars Rune,Christensen
61975a17-2b09-49d1-97ee-1c99bc9e8d50,92f6c3f3-0ad2-40fc-b278-69170f87567d,Author,Lars Rune,Christensen
8e4ded08-28bd-4e09-924e-ceffdc5d3cb7,92f6c3f3-0ad2-40fc-b278-69170f87567d,Author,Lars Rune,Christensen
76e444fa-9ceb-4143-8053-350faf0b7d51,92f6c3f3-0ad2-40fc-b278-69170f87567d,Author,Lars Rune,Christensen
76e444fa-9ceb-4143-8053-350faf0b7d51,1e0534b4-fe3e-4c5e-ad6d-5f1c7df6a14e,Author,Erik,Gronvall
e9ac7dfc-8831-4c4d-8d9e-6dc88b36f680,92f6c3f3-0ad2-40fc-b278-69170f87567d,Author,Lars Rune,Christensen
34ed75b6-1582-4680-89f9-2c39348cd595,92f6c3f3-0ad2-40fc-b278-69170f87567d,Author,Lars Rune,Christensen
528e61c2-c500-4d8f-a99a-cf51eb2b47d2,92f6c3f3-0ad2-40fc-b278-69170f87567d,Author,Lars Rune,Christensen
56fe8b97-93b9-439a-b3c7-e670eecf6ebf,92f6c3f3-0ad2-40fc-b278-69170f87567d,Author,Lars Rune,Christensen
3d2dde3e-1e7f-4ef5-ac1f-47f1697279b1,92f6c3f3-0ad2-40fc-b278-69170f87567d,Author,Lars Rune,Christensen
6fc2c6a7-6db3-45ee-9015-969ec2b76efb,,Author,Nanna,Holdgaard
51c273d8-fb0a-4236-8067-b7fd317b6846,92f6c3f3-0ad2-40fc-b278-69170f87567d,Author,Lars Rune,Christensen
51c273d8-fb0a-4236-8067-b7fd317b6846,0bdda5a8-b38a-4532-b9a2-e5d9a98c05a7,Author,Hasib,Ahsan
8b74c168-c939-4144-880b-073113476d4d,92f6c3f3-0ad2-40fc-b278-69170f87567d,Author,Lars Rune,Christensen
a0682094-ae95-4249-ba2b-007adbd9eef4,92f6c3f3-0ad2-40fc-b278-69170f87567d,Author,Lars Rune,Christensen
a0682094-ae95-4249-ba2b-007adbd9eef4,d30b96a8-4f1e-44fa-9bf5-0209bedf0268,Author,Thomas,Hildebrandt
0841e9ba-6ba4-4c9e-a384-788bf914653a,92f6c3f3-0ad2-40fc-b278-69170f87567d,Author,Lars Rune,Christensen
0841e9ba-6ba4-4c9e-a384-788bf914653a,0bdda5a8-b38a-4532-b9a2-e5d9a98c05a7,Author,Hasib,Ahsan
b368588b-9db7-4c41-a08b-20b7a850d2d4,92f6c3f3-0ad2-40fc-b278-69170f87567d,Author,Lars Rune,Christensen
9349af27-a2cc-48d6-9da0-f57ac3da938a,92f6c3f3-0ad2-40fc-b278-69170f87567d,Author,Lars Rune,Christensen
9349af27-a2cc-48d6-9da0-f57ac3da938a,0bdda5a8-b38a-4532-b9a2-e5d9a98c05a7,Author,Hasib,Ahsan
c72f9e4c-ff1c-4709-b9cc-1b372a88ad78,92f6c3f3-0ad2-40fc-b278-69170f87567d,Author,Lars Rune,Christensen
c72f9e4c-ff1c-4709-b9cc-1b372a88ad78,0bdda5a8-b38a-4532-b9a2-e5d9a98c05a7,Author,Hasib,Ahsan
a8d8e430-fda3-4b6d-ab6a-4fbab8b40b3a,42147e05-f94c-471d-a889-c57a01e4bdd0,Author,Pawel,Grabarczyk
a8d8e430-fda3-4b6d-ab6a-4fbab8b40b3a,1578b20c-b5d0-466f-b114-2582529ddc53,Author,Therese,Graversen
a8d8e430-fda3-4b6d-ab6a-4fbab8b40b3a,47a94200-3abe-4354-b5e3-c8ef6f1ba1f2,Author,Claus,Brabrand
9dd1fde1-5ecd-410f-a84a-da7a68e95ce7,3dac6e0e-2770-4c5e-b32a-d7750523516f,Author,Jonas Valbjørn,Andersen
f678ca8c-f19a-4c37-a635-81adb8cd098d,92f6c3f3-0ad2-40fc-b278-69170f87567d,Author,Lars Rune,Christensen
f678ca8c-f19a-4c37-a635-81adb8cd098d,0bdda5a8-b38a-4532-b9a2-e5d9a98c05a7,Author,Hasib,Ahsan
09376cbc-40c9-4f5a-a6cb-13bc190d3fe9,42d8cef2-2fa9-4545-b4f4-a44dadf4934f,Author,Camilla Vesterberg,Christensen
09376cbc-40c9-4f5a-a6cb-13bc190d3fe9,,Author,Nils,Ehrenberg
09376cbc-40c9-4f5a-a6cb-13bc190d3fe9,a4c1604d-b01f-46ef-baf3-74d2a8046d6b,Author,Jörn,Christiansson
09376cbc-40c9-4f5a-a6cb-13bc190d3fe9,1e0534b4-fe3e-4c5e-ad6d-5f1c7df6a14e,Author,Erik,Grönvall
09376cbc-40c9-4f5a-a6cb-13bc190d3fe9,,Author,Joanna,Saad-Sulonen
a9c2936f-9841-46b8-9930-aae51aabc602,,Author,Mikkel Agerlin,Christensen
a9c2936f-9841-46b8-9930-aae51aabc602,2b8ff3a4-e9b0-403d-8bd8-1bf26121c234,Author,Paolo,Tell
5f786c03-9f35-4478-85cc-643f4c4e50e8,9ccc3d10-9e1d-4947-bd62-5d789604477e,Author,Emily Louisa Laue,Christensen
5f786c03-9f35-4478-85cc-643f4c4e50e8,,Author,Maria,Paasivaara
a213e64a-5430-423d-b54a-f48a11813996,9ccc3d10-9e1d-4947-bd62-5d789604477e,Author,Emily Louisa Laue,Christensen
a213e64a-5430-423d-b54a-f48a11813996,,Author,Maria,Paasivaara
74a3fbc3-f9af-48a1-b6dc-ad554885be8e,efa39e70-a80a-4780-b151-ba31b01726bb,Author,Per B.,Brockhoff
b55a978f-a217-427d-94d2-98ad39eef1de,efa39e70-a80a-4780-b151-ba31b01726bb,Author,Per B.,Brockhoff
60839656-8b6f-493f-b7ce-3d619e342b75,efa39e70-a80a-4780-b151-ba31b01726bb,Author,Per B.,Brockhoff
9f8b0741-3c57-4e3d-bb29-eee9cb8cb224,efa39e70-a80a-4780-b151-ba31b01726bb,Author,Per B.,Brockhoff
295f9eff-74b1-4943-a3d7-d47c8571a8bb,efa39e70-a80a-4780-b151-ba31b01726bb,Author,Per B.,Brockhoff
7ca80feb-c418-4539-af15-2546d769cb30,92f6c3f3-0ad2-40fc-b278-69170f87567d,Author,Lars Rune,Christensen
7ca80feb-c418-4539-af15-2546d769cb30,0bdda5a8-b38a-4532-b9a2-e5d9a98c05a7,Author,Hasib,Ahsan
4d6908b9-ba8e-43e1-a8c1-934396ebe6a2,42d8cef2-2fa9-4545-b4f4-a44dadf4934f,Author,Camilla Vesterberg,Christensen
4d6908b9-ba8e-43e1-a8c1-934396ebe6a2,a4c1604d-b01f-46ef-baf3-74d2a8046d6b,Author,Jörn,Christiansson
426120e3-a659-422b-8a15-5d2df9a8fb9c,2f4daeb6-5872-4c86-8f2d-5c5ffc3dd5fa,Author,Melissa Høegh,Marcher
426120e3-a659-422b-8a15-5d2df9a8fb9c,e23e8096-59cb-4ef6-af48-ce9d806fd1eb,Author,Nanna,Inie
426120e3-a659-422b-8a15-5d2df9a8fb9c,47a94200-3abe-4354-b5e3-c8ef6f1ba1f2,Author,Claus,Brabrand
7a44eac9-4787-422b-bef1-e5b587e7d83d,92f6c3f3-0ad2-40fc-b278-69170f87567d,Author,Lars Rune,Christensen
7a44eac9-4787-422b-bef1-e5b587e7d83d,0bdda5a8-b38a-4532-b9a2-e5d9a98c05a7,Author,Hasib,Ahsan
17b187ef-e16c-48ee-91c7-0227a46143c1,92f6c3f3-0ad2-40fc-b278-69170f87567d,Author,Lars Rune,Christensen
a98a29d1-df8d-4f9c-9ebe-3949e95010c3,42d8cef2-2fa9-4545-b4f4-a44dadf4934f,Author,Camilla Vesterberg,Christensen
1f452d78-eae3-4feb-9f32-47b49291c281,fb4b9d17-f1ec-466b-b222-caba06823edc,Author,Mahsa ,Varshosaz
1f452d78-eae3-4feb-9f32-47b49291c281,d05daa00-c3d6-4a89-ba14-cfd1847fb0cc,Author,Raúl,Pardo
82105d94-50a1-47d2-a299-0eec2714bfb7,92f6c3f3-0ad2-40fc-b278-69170f87567d,Author,Lars Rune,Christensen
68a4a9ff-868f-4bff-8915-f61d53a5d9ad,9ccc3d10-9e1d-4947-bd62-5d789604477e,Author,Emily Laue,Christensen
68a4a9ff-868f-4bff-8915-f61d53a5d9ad,2b8ff3a4-e9b0-403d-8bd8-1bf26121c234,Author,Paolo,Tell
eaa89205-2041-4b1b-b29d-5755dec0e9e6,9ccc3d10-9e1d-4947-bd62-5d789604477e,Author,Emily Laue,Christensen
eaa89205-2041-4b1b-b29d-5755dec0e9e6,,Author,Maria,Paasivaara
40a07e86-fd27-488c-8e02-87fdd9115c3f,,Author,Tobias Lybecker,Christiani
40a07e86-fd27-488c-8e02-87fdd9115c3f,,Author,Rasmus,Pagh
8667bf6d-64f5-4408-9c96-fde0dfbb120b,,Author,Tobias Lybecker,Christiani
8667bf6d-64f5-4408-9c96-fde0dfbb120b,,Author,Rasmus,Pagh
727727c4-baa7-45f4-a97d-2696bff75c8e,,Author,Tobias Lybecker,Christiani
5e40768c-4f04-4bcd-8fd3-e428e53178e9,,Author,Tobias Lybecker,Christiani
5e40768c-4f04-4bcd-8fd3-e428e53178e9,,Author,Rasmus,Pagh
d86b68b4-97bc-4139-ab98-95ba07dca5b7,,Author,Tobias Lybecker,Christiani
d86b68b4-97bc-4139-ab98-95ba07dca5b7,,Author,Rasmus,Pagh
d86b68b4-97bc-4139-ab98-95ba07dca5b7,,Author,Johan von Tangen,Sivertsen
77b537dc-c78a-4073-b009-4a994f5ccbe0,,Author,Tobias Lybecker,Christiani
77b537dc-c78a-4073-b009-4a994f5ccbe0,,Author,Rasmus,Pagh
77b537dc-c78a-4073-b009-4a994f5ccbe0,5f52759c-418a-41b7-bbdb-050492677284,Author,Martin,Aumüller
77b537dc-c78a-4073-b009-4a994f5ccbe0,,Author,Michael Erik,Vesterli
02c5c2d1-847a-4c6b-b9aa-900c0e785a3f,,Author,Tobias Lybecker,Christiani
02c5c2d1-847a-4c6b-b9aa-900c0e785a3f,,Author,Rasmus,Pagh
54faee38-1c59-4937-849d-14ef89a4b396,,Author,Tobias Lybecker,Christiani
70ae84be-c9f8-4d55-84f5-b928ca67bf36,,Author,David Raymond,Christiansen
70ae84be-c9f8-4d55-84f5-b928ca67bf36,9027b41a-4159-4db7-9ddd-8fc8f41f1fb3,Author,Marco,Carbone
70ae84be-c9f8-4d55-84f5-b928ca67bf36,d30b96a8-4f1e-44fa-9bf5-0209bedf0268,Author,Thomas,Hildebrandt
1ed727f7-e763-49f1-8d86-fe8bb53e5684,,Author,David Raymond,Christiansen
c8cc3302-e924-4fc9-b422-c3ea1466e1fb,,Author,David Raymond,Christiansen
b45e99bc-605e-46b5-a723-079bf5179e36,50d4bf89-8621-4bc3-bdce-6916656c12fa,Author,Ivor,van der Hoog
b45e99bc-605e-46b5-a723-079bf5179e36,ab7600cd-0bd2-4d86-9def-2c6fd1ade1c5,Author,Eva,Rotenberg
93bf5452-f9f1-4608-8eb5-d5e597c2ec6c,ab7600cd-0bd2-4d86-9def-2c6fd1ade1c5,Author,Eva,Rotenberg
922cbe5c-7eb5-4084-a68d-e5fc88d54daa,ab7600cd-0bd2-4d86-9def-2c6fd1ade1c5,Author,Eva,Rotenberg
922cbe5c-7eb5-4084-a68d-e5fc88d54daa,a11914d7-cda4-4928-821a-746dad4eb60f,Author,Daniel,Rutschmann
3cf1ce47-12ed-4ffe-95e8-002b4382b378,a4c1604d-b01f-46ef-baf3-74d2a8046d6b,Author,Jörn,Christiansson
3cf1ce47-12ed-4ffe-95e8-002b4382b378,1e0534b4-fe3e-4c5e-ad6d-5f1c7df6a14e,Author,Erik,Grönvall
3cf1ce47-12ed-4ffe-95e8-002b4382b378,f6921641-1f0a-4e24-a3a9-546e3927ab72,Author,Signe Louise,Yndigegn
921ad1fd-638a-4aac-b73e-f27aacbc43ce,a4c1604d-b01f-46ef-baf3-74d2a8046d6b,Author,Jörn,Christiansson
921ad1fd-638a-4aac-b73e-f27aacbc43ce,1e0534b4-fe3e-4c5e-ad6d-5f1c7df6a14e,Author,Erik,Grönvall
921ad1fd-638a-4aac-b73e-f27aacbc43ce,,Author,Joanna,Saad-Sulonen
e6065f75-51f9-4391-a5a1-1bff77f5099e,a4c1604d-b01f-46ef-baf3-74d2a8046d6b,Author,Jörn,Christiansson
74865088-44cf-4e02-ba25-3a287add7970,a4c1604d-b01f-46ef-baf3-74d2a8046d6b,Author,Jörn,Christiansson
74865088-44cf-4e02-ba25-3a287add7970,1e0534b4-fe3e-4c5e-ad6d-5f1c7df6a14e,Author,Erik,Grönvall
910b5f3b-c858-4442-8b57-a1acb34b90d4,a4c1604d-b01f-46ef-baf3-74d2a8046d6b,Author,Jörn ,Christiansson
910b5f3b-c858-4442-8b57-a1acb34b90d4,,Author,Suzan M.,Boztepe
57bbe9d9-5847-455d-8e57-9912cfb8ac48,a4c1604d-b01f-46ef-baf3-74d2a8046d6b,Author,Jörn ,Christiansson
57bbe9d9-5847-455d-8e57-9912cfb8ac48,42d8cef2-2fa9-4545-b4f4-a44dadf4934f,Author,Camilla Vesterberg,Christensen
57bbe9d9-5847-455d-8e57-9912cfb8ac48,f6921641-1f0a-4e24-a3a9-546e3927ab72,Author,Signe Louise,Yndigegn
bf839c32-733a-446c-9a19-0806902563d4,a4c1604d-b01f-46ef-baf3-74d2a8046d6b,Author,Jörn ,Christiansson
bf839c32-733a-446c-9a19-0806902563d4,c90e23c6-5bf4-4d6f-97d8-b162b8a5b03e,Author,Thomas ,Binder
93dfda25-1249-4a57-82ba-868d3e62369c,a4c1604d-b01f-46ef-baf3-74d2a8046d6b,Author,Jörn ,Christiansson
a9dd6c35-4b62-4a5c-b464-cc329430ec71,1c4bfd79-4336-4b17-a672-9acb465f15c0,Author,Veronika,Cheplygina
3c28d022-cb29-40df-b40c-467c5500073a,1c4bfd79-4336-4b17-a672-9acb465f15c0,Author,Veronika,Cheplygina
65b613cb-bd04-46fc-a13e-d5b0be82e766,2575c800-642d-4984-9c56-41601cf07a26,Author,Søren,Knudsen
41faffd0-83ea-4695-a523-428727fd1e33,,Author,Nanna Gorm,Jensen
41faffd0-83ea-4695-a523-428727fd1e33,,Author,Irina,Shklovski
490ff133-aac3-4c5b-a6b7-a48c44d2a99f,d43519a1-5bf4-4290-a053-fe55459ca88a,Author,Sven,Peldszus
490ff133-aac3-4c5b-a6b7-a48c44d2a99f,,Author,Thorsten,Berger
9ded1675-30b2-4d2a-ae60-79e092a485a1,d3b41838-e2bf-4735-b1cd-03f60b49c7e5,Author,Søren,Debois
9ded1675-30b2-4d2a-ae60-79e092a485a1,,Author,Tijs,Slaats
b201bedf-78ed-4bc7-a194-cbad2300948e,,Author,Athina,Markopoulou
be71de3b-f867-498e-a69b-8c4273f1de1d,785a7089-e58e-4aaa-986d-ae0e615ba508,Author,Leon,Derczynski
18899d4b-bb76-4fa9-be4f-25976e24ebce,,Author,Manuel R,Ciosici
18899d4b-bb76-4fa9-be4f-25976e24ebce,785a7089-e58e-4aaa-986d-ae0e615ba508,Author,Leon,Derczynski
8695f37b-a4c6-4fa5-b250-8340101b70b8,,Author,Raffaele,Ciriello
8695f37b-a4c6-4fa5-b250-8340101b70b8,,Author,Alexander,Richter
a48bed46-ea3e-4050-8e8a-81ed5956e114,,Author,Raffaele,Ciriello
a48bed46-ea3e-4050-8e8a-81ed5956e114,,Author,Alexander,Richter
208f0746-ba7e-40bd-823e-c511f4beac0b,,Author,Alexander,Richter
40f80c66-ec02-4116-912f-551ed43bcff2,,Author,Raffaele,Ciriello
40f80c66-ec02-4116-912f-551ed43bcff2,,Author,Alexander,Richter
0d40be28-e35e-4432-b204-04f19d599369,,Author,Raffaele,Ciriello
0d40be28-e35e-4432-b204-04f19d599369,,Author,Alexander,Richter
05e4fbc4-24b0-40d9-a9cd-c2ed8ed05f5a,,Author,Raffaele,Ciriello
05e4fbc4-24b0-40d9-a9cd-c2ed8ed05f5a,,Author,Alexander,Richter
f658ef82-f685-4c5b-99f1-539a94a021cc,,Author,Raffaele,Ciriello
f658ef82-f685-4c5b-99f1-539a94a021cc,,Author,Alexander,Richter
a6bb3ad2-849a-46fc-a0fa-1ae0a7923f91,,Author,Raffaele,Ciriello
a6bb3ad2-849a-46fc-a0fa-1ae0a7923f91,,Author,Alexander,Richter
0720a3c4-4f1c-44e1-bb4e-ad720386c42c,,Author,Raffaele,Ciriello
0720a3c4-4f1c-44e1-bb4e-ad720386c42c,,Author,Roman,Beck
0720a3c4-4f1c-44e1-bb4e-ad720386c42c,,Author,Jason,Thatcher
51dfe077-ec90-4305-8b73-78aa71ec4aa9,,Author,Raffaele,Ciriello
986fbbcf-fa7a-4f57-a658-8a844601aea1,805cae2a-3462-4130-88de-cc7d94aec0a5,Author,Vasiliki,Tsaknaki
cf03d3ee-f4b5-4949-96c5-df7c6b5a4b4a,5417f888-9371-4933-8a2b-7679eb21bd84,Author,Doga,Cavdir
121151c3-90bc-4e2c-a170-d4ba9abbf4ca,09813918-f2fa-46c2-a9b1-069b140c2903,Author,Morten Tychsen,Clausen
fc5d3bc1-922e-46a2-9441-1903792b750e,1052b289-f510-4c5a-9662-2db48c12ebc2,Editor,Lene,Nielsen
fdee5500-1a4b-4406-9d18-dadef0bbdb45,,Author,Dermot Robert ,Cochran
fdee5500-1a4b-4406-9d18-dadef0bbdb45,,Author,Joseph Roland,Kiniry
936ae188-c7e0-4c25-8f81-56d3d0c5971c,,Author,Dermot Robert ,Cochran
3ef85849-5e79-46c6-ad97-561f73d0f355,,Author,Dermot Robert ,Cochran
7a9d8e9e-f8f4-47b7-a9f5-6b4cda6e8bf3,,Author,Joseph Roland,Kiniry
db809499-3643-429f-9d9a-f0c2c0cb1445,,Author,Dermot,Cochran
10590c9b-a4aa-4b84-9f6c-8c9a0992a3d8,b8c7a59c-125b-48a6-9a1f-e22b82335828,Author,Luis,Cruz-Filipe
5ed97b7e-063b-48bd-9c74-9723f5625662,b8c7a59c-125b-48a6-9a1f-e22b82335828,Author,Luis,Cruz-Filipe
07311a07-ecef-4f36-bfd0-3b458f4c6d85,b8c7a59c-125b-48a6-9a1f-e22b82335828,Author,Luis,Cruz-Filipe
1e13e0ef-3b74-4572-94b5-fdb9a3b1c66b,b8c7a59c-125b-48a6-9a1f-e22b82335828,Author,Luís,Cruz-Filipe
5469113d-90fb-48e3-9253-589412eacdd4,b8c7a59c-125b-48a6-9a1f-e22b82335828,Author,Luís,Cruz-Filipe
5ae8f203-f018-4f61-99c4-57f3afd4519c,b8c7a59c-125b-48a6-9a1f-e22b82335828,Author,Luís,Cruz-Filipe
e2270abc-bc51-4003-bf77-4d33b049b396,b8c7a59c-125b-48a6-9a1f-e22b82335828,Author,Luís,Cruz-Filipe
3cc36ce8-8d43-4ac6-9d76-e9c380fb2a72,,Author,Rasmus,Pagh
e0034dbc-45fe-45d0-b8a9-89a87e6389f9,,Author,Rasmus,Pagh
b1e121a5-0567-4991-b517-8a4736cbbe02,e9d14210-bc71-4824-b7cf-fd1448d022ab,Author,Marisa,Cohn
1c69a886-e01a-4c2e-b2df-8c87661466ce,e9d14210-bc71-4824-b7cf-fd1448d022ab,Author,Marisa,Cohn
6885eb55-bf24-4737-9f32-0cc7e30daf7e,e9d14210-bc71-4824-b7cf-fd1448d022ab,Author,Marisa,Cohn
1429b627-1b9d-458c-bf1a-0e3cfba18285,e9d14210-bc71-4824-b7cf-fd1448d022ab,Author,Marisa,Cohn
26734431-5cf8-4d93-9cac-7b211cf1d101,e9d14210-bc71-4824-b7cf-fd1448d022ab,Author,Marisa,Cohn
53aeeda9-eb69-412e-a414-996c394bb049,e9d14210-bc71-4824-b7cf-fd1448d022ab,Author,Marisa,Cohn
9b56c953-7595-4c88-a34f-b02fc14480cb,e9d14210-bc71-4824-b7cf-fd1448d022ab,Author,Marisa,Cohn
e7ea6cd7-10cc-4436-a2df-11b08507c8f1,e9d14210-bc71-4824-b7cf-fd1448d022ab,Author,Marisa,Cohn
2f0a5aaf-9b6e-46c9-8fad-12477dee620f,e9d14210-bc71-4824-b7cf-fd1448d022ab,Author,Marisa,Cohn
b56cdbcd-6d5b-4f2c-82cc-dff92ceb6888,e9d14210-bc71-4824-b7cf-fd1448d022ab,Author,Marisa,Cohn
70d44587-012d-450f-9f32-5670597610e4,e9d14210-bc71-4824-b7cf-fd1448d022ab,Author,Marisa,Cohn
8ccafcf1-6db4-4e4b-b5a2-8d6efc8c02d6,,Author,Peter,Eklund
cfde9688-1bd7-4063-84ae-417d451c784b,,Author,Peter,Eklund
ce5c3cb6-4d1e-4e28-b651-21efa595ccbe,,Author,Peter,Eklund
4c49f138-d430-43d6-ae4e-d80a93fab811,,Author,Peter,Eklund
3720e8bd-799b-4aeb-b0a7-e0890b5cb2e1,,Author,Peter,Eklund
5890440f-ead9-4bdc-86c1-9a766fcc5263,,Author,Peter,Eklund
d9314e9b-e064-46bd-bfb0-2e560130bb14,,Author,Peter,Eklund
3e0abf0a-e209-4e24-a78f-df1d9f25d28b,12698500-7fd8-4508-b86a-adafaeaf91a9,Author,David,Struthers
35a6244f-1e8e-43ef-a71b-71aa7a39ff92,12698500-7fd8-4508-b86a-adafaeaf91a9,Editor,David,Struthers
9713f64e-b987-45d2-957a-0b1abcc5e6ef,12698500-7fd8-4508-b86a-adafaeaf91a9,Author,David,Struthers
66e3dc72-ebe1-45de-8367-fd0168e81b8f,12698500-7fd8-4508-b86a-adafaeaf91a9,Author,David,Struthers
0ab0ebf2-e7db-4120-abb2-c4d478da5bd0,12698500-7fd8-4508-b86a-adafaeaf91a9,Author,David,Struthers
077de565-601c-479d-a204-0091c87fdbce,f11b0cc1-ad9f-4b12-b805-65b70e5bcd65,Author,Rachel,Douglas-Jones
c10106dc-0751-46e3-9a87-5ae4a186a4fa,,Author,Muhammad,Ali Babar
1e9ec675-e580-42d6-80a0-4956534cdb2e,,Author,Seth,Cooper
1e9ec675-e580-42d6-80a0-4956534cdb2e,e383647f-00d3-41b1-ad95-ff69bdfffb42,Author,Jichen,Zhu
b8b594d3-6644-4f93-a521-b6af7edaa388,,Author,Bassel,Mannaa
cb5e351e-ad20-4f8d-8b9b-664f2c31a055,,Author,Bassel,Mannaa
1909f780-830d-11dd-b116-000ea68e967b,,Author,Martin Scheil,Corneliussen
3c8b5a94-25be-4acb-b274-db7f30399704,90b501a9-4d44-460b-b193-4d7d524bb21b,Author,Michele,Coscia
3c8b5a94-25be-4acb-b274-db7f30399704,1b45e3f5-b8cd-4c0d-a444-2901304f76ee,Author,Luca,Rossi
9bc6ee36-77a2-4ce4-9e5c-5b11a8407447,90b501a9-4d44-460b-b193-4d7d524bb21b,Author,Michele,Coscia
4b76fefe-7068-423c-97bf-4bace068e6c2,90b501a9-4d44-460b-b193-4d7d524bb21b,Author,Michele,Coscia
4b76fefe-7068-423c-97bf-4bace068e6c2,1b45e3f5-b8cd-4c0d-a444-2901304f76ee,Author,Luca,Rossi
17547d2b-f67e-4edd-933a-7363d94bcecf,90b501a9-4d44-460b-b193-4d7d524bb21b,Author,Michele,Coscia
17547d2b-f67e-4edd-933a-7363d94bcecf,1b45e3f5-b8cd-4c0d-a444-2901304f76ee,Author,Luca,Rossi
35f62821-0c48-428f-8dcb-931b072f8033,90b501a9-4d44-460b-b193-4d7d524bb21b,Author,Michele,Coscia
755e2f8d-0d51-49a6-bede-39c2148cda66,90b501a9-4d44-460b-b193-4d7d524bb21b,Author,Michele,Coscia
862316d0-114d-4d6a-bc20-89d5bde3ede7,90b501a9-4d44-460b-b193-4d7d524bb21b,Author,Michele,Coscia
e33f3c69-a577-420e-8d70-de703a867f3e,90b501a9-4d44-460b-b193-4d7d524bb21b,Author,Michele,Coscia
5440fcc0-eca6-4560-b33b-9c2e77f0a59c,90b501a9-4d44-460b-b193-4d7d524bb21b,Author,Michele,Coscia
5440fcc0-eca6-4560-b33b-9c2e77f0a59c,2ef641d0-bd79-425b-8b12-b58d74b993ae,Author,Michael,Szell
7ded4acb-c877-403f-a8bb-4ecfc8e7522c,90b501a9-4d44-460b-b193-4d7d524bb21b,Author,Michele,Coscia
e350f1b1-e3c2-461e-94c6-acfa6115af8e,90b501a9-4d44-460b-b193-4d7d524bb21b,Author,Michele,Coscia
e350f1b1-e3c2-461e-94c6-acfa6115af8e,1b45e3f5-b8cd-4c0d-a444-2901304f76ee,Author,Luca,Rossi
250505ea-82fc-42e1-ae6d-7e046575051c,90b501a9-4d44-460b-b193-4d7d524bb21b,Author,Michele,Coscia
64efd9e2-314c-476f-92da-8cd3c0802643,90b501a9-4d44-460b-b193-4d7d524bb21b,Author,Michele,Coscia
3bd939c8-13af-47dc-bd21-6582916f740c,90b501a9-4d44-460b-b193-4d7d524bb21b,Author,Michele,Coscia
352b75cc-9386-43c0-9bd5-3bb981013131,90b501a9-4d44-460b-b193-4d7d524bb21b,Author,Michele ,Coscia
d63a8530-303c-4ecd-abed-6e1064aae014,f2136570-f73c-446f-9fb0-6d9e461e2124,Editor,Yvonne,Dittrich
333ad955-f9fe-47b9-87a2-a57c58cb39a9,9504265d-0046-4e58-b529-256a656c012d,Editor,Christian,Hardmeier
3388122b-c1f3-4875-8548-303a8a5e47bf,805cae2a-3462-4130-88de-cc7d94aec0a5,Author,Vasiliki,Tsaknaki
2d86ed05-7019-4adc-8c44-e6b40ac81a65,3dac6e0e-2770-4c5e-b32a-d7750523516f,Author,Jonas Valbjørn,Andersen
390a76e2-8df8-4f47-a492-3f53d89714bd,,Author,Alfredo,Cruz
390a76e2-8df8-4f47-a492-3f53d89714bd,fb4b9d17-f1ec-466b-b222-caba06823edc,Author,Mahsa,Varshosaz
390a76e2-8df8-4f47-a492-3f53d89714bd,a39b94ff-e1b6-4b96-8404-486167a9123d,Author,Andrzej,Wasowski
bba4ffc2-6984-43bc-bb3a-8fd57279ce35,b8c7a59c-125b-48a6-9a1f-e22b82335828,Author,Luís,Cruz-Filipe
af6975f9-4dcc-423a-82cf-5db407c6f677,b8c7a59c-125b-48a6-9a1f-e22b82335828,Author,Luís,Cruz-Filipe
2f9fded6-c757-4e43-9e7e-c42ea46e6d98,b8c7a59c-125b-48a6-9a1f-e22b82335828,Author,Luís,Cruz-Filipe
2f9fded6-c757-4e43-9e7e-c42ea46e6d98,,Author,Fabrizio,Montesi
7ef4cf86-c2f6-47cc-a631-c646e7db111b,b8c7a59c-125b-48a6-9a1f-e22b82335828,Author,Luís,Cruz-Filipe
7ef4cf86-c2f6-47cc-a631-c646e7db111b,,Author,Fabrizio,Montesi
2732e43f-e7be-448d-bd09-1d7088b101ff,b8c7a59c-125b-48a6-9a1f-e22b82335828,Author,Luís,Cruz-Filipe
2732e43f-e7be-448d-bd09-1d7088b101ff,,Author,Fabrizio,Montesi
d9bf1831-b8e3-4459-8715-e5cbeb5d702c,b8c7a59c-125b-48a6-9a1f-e22b82335828,Author,Luís,Cruz-Filipe
aac299d1-e170-426e-b171-9a65f6b52c4a,b8c7a59c-125b-48a6-9a1f-e22b82335828,Author,Luis,Cruz-Filipe
aac299d1-e170-426e-b171-9a65f6b52c4a,,Author,Fabrizio,Montesi
bbc91e45-fd8d-49bb-80c8-d1b90534cc9f,b8c7a59c-125b-48a6-9a1f-e22b82335828,Author,Luís,Cruz-Filipe
bbc91e45-fd8d-49bb-80c8-d1b90534cc9f,,Author,Fabrizio,Montesi
4eb277e3-3560-4af4-af76-d223433138ae,b8c7a59c-125b-48a6-9a1f-e22b82335828,Author,Luís,Cruz-Filipe
e3716bab-28cc-4cca-a63a-b1fb6ae16ee2,b8c7a59c-125b-48a6-9a1f-e22b82335828,Author,Luís,Cruz-Filipe
dfebce4d-7aa2-4f41-9a6c-e4ead7977953,b8c7a59c-125b-48a6-9a1f-e22b82335828,Author,Luís,Cruz-Filipe
9362a62e-2afc-47db-b693-136e0536d81b,b8c7a59c-125b-48a6-9a1f-e22b82335828,Author,Luís,Cruz-Filipe
1658ee0c-76ab-4b19-9251-cbca2477d353,b8c7a59c-125b-48a6-9a1f-e22b82335828,Author,Luís,Cruz-Filipe
112d597a-dad1-4367-8718-d1f7361d2dfc,b8c7a59c-125b-48a6-9a1f-e22b82335828,Author,Luís,Cruz-Filipe
112d597a-dad1-4367-8718-d1f7361d2dfc,,Author,Fabrizio,Montesi
b5f5e23c-3c96-4054-91c8-bc94498b6a66,b8c7a59c-125b-48a6-9a1f-e22b82335828,Author,Luis,Cruz-Filipe
b5f5e23c-3c96-4054-91c8-bc94498b6a66,,Author,Fabrizio,Montesi
f5dd431e-f6f4-4f9f-9009-aff75385cec9,b8c7a59c-125b-48a6-9a1f-e22b82335828,Author,Luis,Cruz-Filipe
73e205c1-c239-4123-a294-eb29d445ed88,b8c7a59c-125b-48a6-9a1f-e22b82335828,Author,Luis,Cruz-Filipe
4aa8cad5-ad87-40e8-8f55-1fed10755939,b8c7a59c-125b-48a6-9a1f-e22b82335828,Author,Luís,Cruz-Filipe
7cf641a4-5a2c-4d27-9946-b388c62b50b2,b8c7a59c-125b-48a6-9a1f-e22b82335828,Author,Luis,Cruz-Filipe
8770acb0-7fa1-4dcc-97ed-7e861d680628,b8c7a59c-125b-48a6-9a1f-e22b82335828,Author,Luis,Cruz-Filipe
8770acb0-7fa1-4dcc-97ed-7e861d680628,,Author,Fabrizio,Montesi
006e02d9-4108-466e-b7e1-3d22b44fd5c6,b8c7a59c-125b-48a6-9a1f-e22b82335828,Author,Luís,Cruz-Filipe
d1428fa0-dc31-4369-9e1b-3b7b2fac21af,b8c7a59c-125b-48a6-9a1f-e22b82335828,Author,Luís,Cruz-Filipe
cf494f6e-aef5-4005-b75f-acf651ffcb6f,b8c7a59c-125b-48a6-9a1f-e22b82335828,Author,Luis,Cruz-Filipe
c8dfaf09-fa0e-40c2-a6bf-44d640d5b63f,b8c7a59c-125b-48a6-9a1f-e22b82335828,Author,Luis,Cruz-Filipe
f0c9f674-68a8-4b84-a1cb-045b07809724,b8c7a59c-125b-48a6-9a1f-e22b82335828,Author,Luis,Cruz-Filipe
a16b12b5-6243-4a17-b6fa-9e39b87a0bbe,b8c7a59c-125b-48a6-9a1f-e22b82335828,Author,L.,Cruz-Filipe
a37da5c7-9d43-4b4e-a1aa-0087485fb0fd,b8c7a59c-125b-48a6-9a1f-e22b82335828,Author,L.,Cruz-Filipe
a37da5c7-9d43-4b4e-a1aa-0087485fb0fd,,Author,António,Ravara
b9f944f8-25f4-4818-8716-5ac3a09e39ff,b8c7a59c-125b-48a6-9a1f-e22b82335828,Author,Luís,Cruz-Filipe
6320eb5a-da0a-412d-a256-633bb62e0357,b8c7a59c-125b-48a6-9a1f-e22b82335828,Author,Luís,Cruz-Filipe
4bc35c87-50f4-4d0f-8cb5-a621ae882217,b8c7a59c-125b-48a6-9a1f-e22b82335828,Author,Luís,Cruz-Filipe
0daa894b-8be3-4c80-9ef0-c06d8ad7c5d3,b8c7a59c-125b-48a6-9a1f-e22b82335828,Author,Luís,Cruz-Filipe
8e468fca-ebd2-4a1b-8699-3d9e6da913c7,b8c7a59c-125b-48a6-9a1f-e22b82335828,Author,Luís,Cruz-Filipe
c1fd675e-0e8c-4b2a-9abe-aa24636e61f0,b8c7a59c-125b-48a6-9a1f-e22b82335828,Author,Luís,Cruz-Filipe
87ca5031-d14c-4cb9-a4cf-c48f36b2d566,b8c7a59c-125b-48a6-9a1f-e22b82335828,Author,Luis,Cruz-Filipe
b67755c4-91e0-4f6a-8a31-c31a18f3a5e8,b8c7a59c-125b-48a6-9a1f-e22b82335828,Author,Luís,Cruz-Filipe
b67755c4-91e0-4f6a-8a31-c31a18f3a5e8,,Author,Fabrizio,Montesi
318e3fb5-ea91-491e-9c2e-75220037dfca,b8c7a59c-125b-48a6-9a1f-e22b82335828,Author,Luís,Cruz-Filipe
318e3fb5-ea91-491e-9c2e-75220037dfca,,Author,Fabrizio,Montesi
e8184a43-75e3-4e6c-a69a-294bdeafb917,b8c7a59c-125b-48a6-9a1f-e22b82335828,Author,Luís,Cruz-Filipe
e8184a43-75e3-4e6c-a69a-294bdeafb917,,Author,Fabrizio,Montesi
72651c68-a7fe-4aba-adde-f6a1583600cb,b8c7a59c-125b-48a6-9a1f-e22b82335828,Author,Luís,Cruz-Filipe
164a6548-15dd-4f10-9e3b-9dcb546bc04c,b8c7a59c-125b-48a6-9a1f-e22b82335828,Author,Luís,Cruz-Filipe
164a6548-15dd-4f10-9e3b-9dcb546bc04c,,Author,Fabrizio,Montesi
a7f51b86-ba94-4cdb-bb5a-b02f43528b47,53c45a58-4c3c-424c-80a2-c39e733fd7c3,Author,Radu-Cristian ,Curticapean
a7f51b86-ba94-4cdb-bb5a-b02f43528b47,9034a399-92b2-4ad0-bdfe-d65c494dea58,Author,Prateek ,Dwivedi
7c51dd56-2c4d-4a34-9153-6daabbd317c4,,Author,Roman,Beck
e158b955-4f4a-447f-8782-51c05a432044,70f3c85a-9cd2-40b4-bed9-5e2a75609421,Author,Sisse,Finken
389a5aca-0ee1-4fa1-b8b5-045057b07632,70f3c85a-9cd2-40b4-bed9-5e2a75609421,Author,Sisse,Finken
00dcb24b-6547-45b2-8a77-b8316e5864a9,70f3c85a-9cd2-40b4-bed9-5e2a75609421,Author,Sisse,Finken
8a41c115-3bef-4807-b9d4-e389b586fbb6,70f3c85a-9cd2-40b4-bed9-5e2a75609421,Author,Sisse,Finken
b1ba93cc-43ee-4103-9a6e-d0cd1a2e1393,70f3c85a-9cd2-40b4-bed9-5e2a75609421,Author,Sisse ,Finken
8c01602b-d99a-46c5-8064-b05356b214c2,,Author,Richard,Ling
d7502c7b-ce81-4826-baaa-db8faad8189f,e8e88610-5144-41da-95bf-597abf1d7869,Author,Sami Sebastian,Brandt
fd83d010-12b8-4cc6-9b28-8a6e39dfca17,2575c800-642d-4984-9c56-41601cf07a26,Author,Søren,Knudsen
b32bd4a2-1416-472d-8f00-e5795119e2fe,53c45a58-4c3c-424c-80a2-c39e733fd7c3,Author,Radu-Cristian,Curticapean
e513e446-6435-486a-a62e-4bf5aca45837,53c45a58-4c3c-424c-80a2-c39e733fd7c3,Author,Radu-Cristian,Curticapean
83f210ce-fa08-4999-8ffb-c207482d4888,53c45a58-4c3c-424c-80a2-c39e733fd7c3,Author,Radu-Cristian,Curticapean
83f210ce-fa08-4999-8ffb-c207482d4888,ef9b447a-d6c4-4250-a506-093730db84d6,Author,Holger,Dell
d51dcde5-ec04-4d8f-afcb-d15635254bfd,53c45a58-4c3c-424c-80a2-c39e733fd7c3,Author,Radu-Cristian,Curticapean
d51dcde5-ec04-4d8f-afcb-d15635254bfd,ef9b447a-d6c4-4250-a506-093730db84d6,Author,Holger,Dell
d51dcde5-ec04-4d8f-afcb-d15635254bfd,472021c7-73cc-44ba-a4ef-70cd2bed8601,Author,Thore,Husfeldt
f532a3c6-ab8c-4cae-9fb5-de5608492d53,53c45a58-4c3c-424c-80a2-c39e733fd7c3,Author,Radu-Cristian,Curticapean
1b5a8eaf-48ff-4655-a4a8-7418c16ee923,53c45a58-4c3c-424c-80a2-c39e733fd7c3,Author,Radu-Cristian,Curticapean
16c41faf-8f76-49c1-8812-e2359f4b0888,53c45a58-4c3c-424c-80a2-c39e733fd7c3,Author,Radu-Cristian,Curticapean
b93fd40f-ed99-45e3-933e-b86b20d1c3bd,53c45a58-4c3c-424c-80a2-c39e733fd7c3,Author,Radu-Cristian,Curticapean
b93fd40f-ed99-45e3-933e-b86b20d1c3bd,3f05e4ce-6433-4c5a-b72c-aa89422cf431,Author,Nutan,Limaye
92e7cd4b-9ce2-44ac-b474-27f7c667d2cb,53c45a58-4c3c-424c-80a2-c39e733fd7c3,Author,Radu-Cristian,Curticapean
990ea6a6-cc9f-41e6-b003-8689f0b342cd,53c45a58-4c3c-424c-80a2-c39e733fd7c3,Author,Radu-Cristian ,Curticapean
60b47588-bfa8-4a49-99f9-86bf25518943,53c45a58-4c3c-424c-80a2-c39e733fd7c3,Author,Radu-Cristian ,Curticapean
fc3c743e-fbe0-4b6f-9ee4-edc07372793a,53c45a58-4c3c-424c-80a2-c39e733fd7c3,Author,Radu-Cristian ,Curticapean
fc3c743e-fbe0-4b6f-9ee4-edc07372793a,7e6e312c-7d1b-4d6a-ac22-385bab06ee41,Author,Andreas,Björklund
fc3c743e-fbe0-4b6f-9ee4-edc07372793a,472021c7-73cc-44ba-a4ef-70cd2bed8601,Author,Thore ,Husfeldt
8b770850-4b55-41fd-8317-6b29e5b3fa6a,53c45a58-4c3c-424c-80a2-c39e733fd7c3,Author,Radu-Cristian ,Curticapean
e864355e-20f1-4234-8d46-cb807d09e870,a39b94ff-e1b6-4b96-8404-486167a9123d,Author,Andrzej,Wasowski
63b9343b-294b-423c-8927-ed6a6d5ba725,410b0cad-d9fe-48d8-9edc-56ad6eb9c43b,Author,Ratish,Puduppully
5bb08345-6e9f-4f05-ab49-8312a70c8992,ae381d9e-1028-4309-b7a2-8cf83a65c0b8,Author,Bailey ,Dacre
5bb08345-6e9f-4f05-ab49-8312a70c8992,1780c8b5-860d-4c59-8d81-09438caf15cd,Author,Nicolas Hugo,Bessone
5bb08345-6e9f-4f05-ab49-8312a70c8992,5c54c44a-9eaa-4a97-a78a-e853dc73e9d9,Author,Rodrigo Moreno,Garcia
5bb08345-6e9f-4f05-ab49-8312a70c8992,7dd48cfe-3069-4563-bef4-ef661c18387a,Author,Andres,Faina
c945b150-25cf-11df-b794-000ea68e967b,,Author,Dag,Svanæs
be36469a-445d-4133-a6a9-fa3b9373b410,,Author,Dag,Svanæs
b7b1dd8e-6b65-44f1-a7c3-ff8a7e9b64eb,,Author,Dag,Svanæs
af0d414e-aaa5-44de-9a60-1464e20d00ce,,Author,Julian,Togelius
a5eb93e8-bddd-4d17-8510-a50a9a9d59e5,,Author,Julian,Togelius
a5eb93e8-bddd-4d17-8510-a50a9a9d59e5,,Author,Mark,Nelson
9fadd16e-e5d0-403a-aaf7-91c5c16e832b,,Author,Espen J.,Aarseth
ae2d33dc-5750-4af2-b875-03151ea74fae,,Author,Asmita,Dalela
ae2d33dc-5750-4af2-b875-03151ea74fae,1dbd1112-eb47-4406-936c-6807e8845610,Author,Oksana,Kulyk
ae2d33dc-5750-4af2-b875-03151ea74fae,1313519f-2074-41d6-8b79-589648e37211,Author,Carsten,Schürmann
d7a4dda1-96db-4e14-945a-6aee4de431c7,,Author,Asmita,Dalela
d7a4dda1-96db-4e14-945a-6aee4de431c7,1dbd1112-eb47-4406-936c-6807e8845610,Author,Oksana,Kulyk
d7a4dda1-96db-4e14-945a-6aee4de431c7,1313519f-2074-41d6-8b79-589648e37211,Author,Carsten,Schürmann
170b05e3-901f-4731-867b-fa43c299ff12,,Author,Asmita,Dalela
170b05e3-901f-4731-867b-fa43c299ff12,,Author,Saverio,Giallorenzo
170b05e3-901f-4731-867b-fa43c299ff12,1dbd1112-eb47-4406-936c-6807e8845610,Author,Oksana,Kulyk
170b05e3-901f-4731-867b-fa43c299ff12,ce1a5350-f645-4a53-a745-fca8d4f1f030,Author,Elda,Paja
f3bf99d0-e3f0-11de-a523-000ea68e967b,,Editor,R.,Markussen
36a503c1-dd09-4280-9023-065357cf853c,1dbd1112-eb47-4406-936c-6807e8845610,Author,Oksana,Kulyk
36a503c1-dd09-4280-9023-065357cf853c,1313519f-2074-41d6-8b79-589648e37211,Author,Carsten,Schürmann
36a503c1-dd09-4280-9023-065357cf853c,,Author,Niek Abel,Janssen
b45d14b1-476f-4cd0-98ff-32b000cca37e,d05daa00-c3d6-4a89-ba14-cfd1847fb0cc,Author,Raúl,Pardo
b45d14b1-476f-4cd0-98ff-32b000cca37e,a39b94ff-e1b6-4b96-8404-486167a9123d,Author,Andrzej,Wasowski
4448e628-9e81-4a2d-8f2e-7f20d7123fc1,672280b6-17c9-4191-9b00-8f1322fc1d90,Author,Frederik,Haagensen
4448e628-9e81-4a2d-8f2e-7f20d7123fc1,e6f70fb0-caf1-4736-b583-b0777bc1390f,Author,Riko,Jacob
164d76ef-1e56-4f5b-9278-9e6ade55cafb,,Author,Fabrizio,Montesi
e53cb743-cb65-4314-a212-dbae8e407d18,bc7a60f7-45a0-401f-813f-6b4aa700c849,Author,Steffen,Dalsgaard
37b9d7a8-3b8e-4241-ab84-eee843127d10,bc7a60f7-45a0-401f-813f-6b4aa700c849,Author,Steffen,Dalsgaard
6f71042c-2cf9-46e9-baa2-a5dc3122840e,bc7a60f7-45a0-401f-813f-6b4aa700c849,Author,Steffen,Dalsgaard
22785fdb-6e18-4afe-a5b4-e36ef44b5eea,bc7a60f7-45a0-401f-813f-6b4aa700c849,Author,Steffen,Dalsgaard
76a90fc0-a1c8-4581-bed8-a0404db0164c,bc7a60f7-45a0-401f-813f-6b4aa700c849,Author,Steffen,Dalsgaard
797d4e6e-ee81-4af7-9bef-754554b48187,bc7a60f7-45a0-401f-813f-6b4aa700c849,Author,Steffen,Dalsgaard
797d4e6e-ee81-4af7-9bef-754554b48187,d55dab65-fffe-4da4-a383-cfcf5ee3a8cd,Author,Christopher,Gad
ecb4d807-c34d-4fba-9ee2-4298e145d714,bc7a60f7-45a0-401f-813f-6b4aa700c849,Author,Steffen,Dalsgaard
ecb4d807-c34d-4fba-9ee2-4298e145d714,d55dab65-fffe-4da4-a383-cfcf5ee3a8cd,Author,Christopher,Gad
3752c84c-0a73-4f83-b214-38a271cb7857,bc7a60f7-45a0-401f-813f-6b4aa700c849,Author,Steffen,Dalsgaard
3752c84c-0a73-4f83-b214-38a271cb7857,,Author,Randi,Markussen
83adb96b-5804-4941-9496-053c5ba15fe7,bc7a60f7-45a0-401f-813f-6b4aa700c849,Author,Steffen,Dalsgaard
7f7b497a-ab76-4a85-bdfe-9d5815f59235,bc7a60f7-45a0-401f-813f-6b4aa700c849,Author,Steffen,Dalsgaard
234e5e7d-f5aa-4229-97fc-46dc0eae3ce6,bc7a60f7-45a0-401f-813f-6b4aa700c849,Author,Steffen,Dalsgaard
375368d7-9275-4519-a972-b9810eacb85b,bc7a60f7-45a0-401f-813f-6b4aa700c849,Author,Steffen,Dalsgaard
c6387b2b-35c2-4197-99c5-80ff99545dad,bc7a60f7-45a0-401f-813f-6b4aa700c849,Author,Steffen,Dalsgaard
c23bc541-27a2-4957-a4a4-65407b5a2d15,bc7a60f7-45a0-401f-813f-6b4aa700c849,Author,Steffen,Dalsgaard
69233b0b-41a3-495e-bfae-6245f0b51217,bc7a60f7-45a0-401f-813f-6b4aa700c849,Author,Steffen,Dalsgaard
64fe67d4-0b59-4463-96f2-02afd8057c19,bc7a60f7-45a0-401f-813f-6b4aa700c849,Author,Steffen,Dalsgaard
a34646e7-d31c-43ba-861a-96bb5f76281a,bc7a60f7-45a0-401f-813f-6b4aa700c849,Author,Steffen,Dalsgaard
ffd66830-92b7-46c2-aff2-2a7851120bb2,d37cba38-dff2-4c27-a515-226cfadfd849,Author,Jonas,Fritsch
bbc8ce64-215b-42a8-b37c-3856323443dd,d37cba38-dff2-4c27-a515-226cfadfd849,Author,Jonas,Fritsch
73c61c78-bd9b-42be-b876-3b6b811a4d2b,bc7a60f7-45a0-401f-813f-6b4aa700c849,Editor,Steffen,Dalsgaard
e63341a4-4b43-4d6c-846e-f64cd92a30a7,bc7a60f7-45a0-401f-813f-6b4aa700c849,Author,Steffen,Dalsgaard
df9b7fd5-386f-40b1-a82a-fe83b958a34e,bc7a60f7-45a0-401f-813f-6b4aa700c849,Author,Steffen,Dalsgaard
c51d3824-cd74-4f63-8901-ce98b4e1cd69,bc7a60f7-45a0-401f-813f-6b4aa700c849,Author,Steffen,Dalsgaard
b3fce2d9-93d5-4108-ac2f-04fd5d1f4655,bc7a60f7-45a0-401f-813f-6b4aa700c849,Author,Steffen,Dalsgaard
be163cd2-c2c6-495e-98b8-ba5398418323,bc7a60f7-45a0-401f-813f-6b4aa700c849,Author,Steffen,Dalsgaard
be163cd2-c2c6-495e-98b8-ba5398418323,d55dab65-fffe-4da4-a383-cfcf5ee3a8cd,Author,Christopher,Gad
d7a532eb-219f-4742-8421-7b395bdc4372,bc7a60f7-45a0-401f-813f-6b4aa700c849,Author,Steffen,Dalsgaard
170c363e-abf8-4850-8a12-bd76e4e7e630,bc7a60f7-45a0-401f-813f-6b4aa700c849,Author,Steffen,Dalsgaard
20c1ec55-f673-406d-8afc-38be5d5c2b1a,bc7a60f7-45a0-401f-813f-6b4aa700c849,Author,Steffen,Dalsgaard
36e9085e-42f5-4379-91c2-26dfe6480fe1,bc7a60f7-45a0-401f-813f-6b4aa700c849,Author,Steffen,Dalsgaard
1b440737-115b-4e1a-80bb-ffc572e5e5b4,bc7a60f7-45a0-401f-813f-6b4aa700c849,Author,Steffen,Dalsgaard
6cbf9c11-66d0-4f5d-a619-836d17b287b9,bc7a60f7-45a0-401f-813f-6b4aa700c849,Author,Steffen,Dalsgaard
66b8c884-a898-470b-bcef-396681e8cc4c,bc7a60f7-45a0-401f-813f-6b4aa700c849,Author,Steffen,Dalsgaard
466418c9-0f81-4d1a-8374-7ad422437327,bc7a60f7-45a0-401f-813f-6b4aa700c849,Author,Steffen,Dalsgaard
3a2a3f91-76c9-4730-99e0-5c03395e2595,bc7a60f7-45a0-401f-813f-6b4aa700c849,Author,Steffen,Dalsgaard
bf5596d2-d248-4c9a-97b4-e2ac7c01ebf0,bc7a60f7-45a0-401f-813f-6b4aa700c849,Author,Steffen,Dalsgaard
fa26d8ff-f9bc-47ed-bfc0-47e56e012e24,e23e8096-59cb-4ef6-af48-ce9d806fd1eb,Author,Nanna,Inie
e0f89d8a-5dbd-41b7-b9dd-95ded8beb860,bc7a60f7-45a0-401f-813f-6b4aa700c849,Author,Steffen,Dalsgaard
c4da5821-ba5e-40cf-99cf-f57c846cbc31,bc7a60f7-45a0-401f-813f-6b4aa700c849,Author,Steffen,Dalsgaard
0e634db0-eb17-49db-a3ef-bc866bbc48b3,bc7a60f7-45a0-401f-813f-6b4aa700c849,Author,Steffen,Dalsgaard
5c826ebd-00b7-40fb-908c-b5c8a89e6ec4,bc7a60f7-45a0-401f-813f-6b4aa700c849,Author,Steffen,Dalsgaard
1c49cdc1-9338-4729-808e-984231d271f7,bc7a60f7-45a0-401f-813f-6b4aa700c849,Author,Steffen,Dalsgaard
1c49cdc1-9338-4729-808e-984231d271f7,,Author,Jari,Kickbusch
753bd2a5-84b2-4873-a1ac-4edfacf2c27b,bc7a60f7-45a0-401f-813f-6b4aa700c849,Author,Steffen,Dalsgaard
bc69bfeb-d087-4a55-bbbe-584adbe413d3,bc7a60f7-45a0-401f-813f-6b4aa700c849,Author,Steffen,Dalsgaard
6293e89e-bb03-435f-8162-1f0c5629d064,bc7a60f7-45a0-401f-813f-6b4aa700c849,Author,Steffen,Dalsgaard
6293e89e-bb03-435f-8162-1f0c5629d064,,Author,Rasmus Tyge,Haarløv
8494e3de-7b42-46f6-acab-163d733ae890,bc7a60f7-45a0-401f-813f-6b4aa700c849,Producer,Steffen,Dalsgaard
b8a7b459-03dd-4308-8bcf-1a624344cb05,bc7a60f7-45a0-401f-813f-6b4aa700c849,Author,Steffen,Dalsgaard
13b601f8-c580-417c-86b2-342a471066b5,bc7a60f7-45a0-401f-813f-6b4aa700c849,Author,Steffen,Dalsgaard
add3d9dd-457c-4c94-b674-e384ea363e16,bc7a60f7-45a0-401f-813f-6b4aa700c849,Author,Steffen,Dalsgaard
09827b1d-437f-4f41-974d-2b5c7cd78b8e,bc7a60f7-45a0-401f-813f-6b4aa700c849,Author,Steffen,Dalsgaard
c8eb051e-2838-4345-9c8e-518e144b288b,bc7a60f7-45a0-401f-813f-6b4aa700c849,Author,Steffen,Dalsgaard
22ac7792-1a5a-4e60-a36a-820f2dd1558c,bc7a60f7-45a0-401f-813f-6b4aa700c849,Author,Steffen,Dalsgaard
22ac7792-1a5a-4e60-a36a-820f2dd1558c,9734ef6f-09d1-4ca1-b968-6ad34872d504,Author,Priscila,Santos da Costa
2b60c871-af17-4d17-b21d-f157e268bc16,bc7a60f7-45a0-401f-813f-6b4aa700c849,Author,Steffen,Dalsgaard
2b60c871-af17-4d17-b21d-f157e268bc16,9734ef6f-09d1-4ca1-b968-6ad34872d504,Author,Priscila,Santos da Costa
f66f5a7f-f202-4e24-aaae-7d262c764577,bc7a60f7-45a0-401f-813f-6b4aa700c849,Author,Steffen,Dalsgaard
f66f5a7f-f202-4e24-aaae-7d262c764577,,Author,Rasmus Tyge,Haarløv
895544cb-0c57-4855-aea7-7e9e54cd81a3,bc7a60f7-45a0-401f-813f-6b4aa700c849,Author,Steffen,Dalsgaard
e2973349-34e3-4399-a8c5-8bbff81eca78,bc7a60f7-45a0-401f-813f-6b4aa700c849,Author,Steffen,Dalsgaard
d211f659-a20d-464c-9ab4-24bd5d12bc2f,bc7a60f7-45a0-401f-813f-6b4aa700c849,Author,Steffen,Dalsgaard
7fd3f908-8982-4110-aaa6-081fdc6c99f0,bc7a60f7-45a0-401f-813f-6b4aa700c849,Author,Steffen,Dalsgaard
7fd3f908-8982-4110-aaa6-081fdc6c99f0,,Author,Andy,Lautrup
7fd3f908-8982-4110-aaa6-081fdc6c99f0,,Author,Ingmar,Lippert
7fd3f908-8982-4110-aaa6-081fdc6c99f0,8aaf5ea6-92c2-4780-bba3-cdc171315e0b,Author,Katinka Amalie,Schyberg
a6e7a473-3394-4298-9e4b-410f20fc30bc,bc7a60f7-45a0-401f-813f-6b4aa700c849,Author,Steffen,Dalsgaard
acb0187a-f546-4d21-a63d-ae421f5967b0,a420ffb3-2ca6-4925-a25f-baaa5228fc15,Author,Sebastian,Risi
21c64980-9639-448c-9dd2-6af15634ff87,a420ffb3-2ca6-4925-a25f-baaa5228fc15,Author,Sebastian,Risi
2979973e-82f3-4913-bd91-0f74ce820919,a420ffb3-2ca6-4925-a25f-baaa5228fc15,Author,Sebastian,Risi
803fd820-ed2a-11dd-8987-000ea68e967b,,Author,Troels Christoffer,Damgaard
a2c7e990-ed2b-11dd-8987-000ea68e967b,,Author,Troels Christoffer,Damgaard
ba9d0475-e6a4-43e1-8d98-37d59e681664,,Author,Troels Christoffer,Damgaard
ba9d0475-e6a4-43e1-8d98-37d59e681664,,Author,Arne John,Glenstrup
ba9d0475-e6a4-43e1-8d98-37d59e681664,,Author,Lars,Birkedal
33d34c6c-5c14-4772-941a-fbae3b227130,f073ebac-704d-4236-9206-d1d2ef2be9c3,Author,Barbara,Plank
8994e43e-caad-471c-b597-54dcffa953c3,,Author,Troels Christoffer,Damgaard
8994e43e-caad-471c-b597-54dcffa953c3,,Author,Lars,Birkedal
8994e43e-caad-471c-b597-54dcffa953c3,,Author,Arne John,Glenstrup
329eabcc-1d69-4334-968b-c8c8c2179a5b,,Author,Troels Christoffer,Damgaard
329eabcc-1d69-4334-968b-c8c8c2179a5b,,Author,Lars,Birkedal
b3d9b6a5-8234-4680-91d9-3a2a50e9debf,,Author,Troels Christoffer,Damgaard
b3d9b6a5-8234-4680-91d9-3a2a50e9debf,,Author,Lars,Birkedal
9f94de69-8d4f-4016-a19d-1c166eb74382,,Author,Troels Christoffer,Damgaard
9f94de69-8d4f-4016-a19d-1c166eb74382,d3b41838-e2bf-4735-b1cd-03f60b49c7e5,Author,Søren,Debois
459dac80-1e37-11df-b794-000ea68e967b,,Author,Troels Christoffer,Damgaard
33e1f3af-607e-45ad-821b-e2e22f3113bc,,Author,Philippe,Bonnet
33e1f3af-607e-45ad-821b-e2e22f3113bc,,Author,Niclas,Hedam
33e1f3af-607e-45ad-821b-e2e22f3113bc,63342b24-28ec-40c5-a7d9-ec49867dc75d,Author,Pinar,Tözün
15a28217-4d3d-4aa4-8590-184e63cefcea,,Author,Magda,Pischetola
3801799f-1ae1-4912-96e6-9225c3b26c18,,Editor,Pernille Kræmmergaard,Jensen
1d0fd3e4-87b0-4968-b7cf-45201a1ef006,cf6cfa0b-e3ac-4164-8de2-b956d8e23825,Author,Elisa,Mekler
68eb282e-c111-431f-adc0-1fecbbacce3f,ac400e55-5188-4efd-872a-12df089e7068,Author,Ehsan,Yousefzadeh-Asl-Miandoab
4bc23bc7-d3c0-42a0-9f90-3b6661c2ab1a,ac400e55-5188-4efd-872a-12df089e7068,Author,Ehsan,Yousefzadeh-Asl-Miandoab
fd3cd4d0-73a3-11df-b794-000ea68e967b,5ad9c220-e37f-443a-8a31-fc4abf365db5,Author,Dan,Witzner Hansen
57658304-86fa-4ff1-b001-0810a18bbd83,,Author,Mark Jason,Nelson
4c1af62f-c582-42f5-bbb9-fd2e6c5304fe,22ec9269-2fff-4dbf-a9c7-5037559a15ee,Author,Anders Sundnes,Løvlie
4c1af62f-c582-42f5-bbb9-fd2e6c5304fe,,Author,Tim,Wray
4c1af62f-c582-42f5-bbb9-fd2e6c5304fe,,Author,Petros,Ioannidis
c84b71af-8dd3-417d-87b9-c9598602cf30,,Author,Tim,Wray
c84b71af-8dd3-417d-87b9-c9598602cf30,,Author,Petros,Ioannidis
c84b71af-8dd3-417d-87b9-c9598602cf30,22ec9269-2fff-4dbf-a9c7-5037559a15ee,Author,Anders Sundnes,Løvlie
4c9f8d00-8016-4dd1-a2da-ec8d9d4887dc,,Author,Dag,Svanæs
85c394e1-7a82-4cf2-a6f4-acde158c740c,,Author,Dag,Svanæs
b16b892b-0f96-4b13-a3f3-5175a9c2d09d,,Author,Dag,Svanæs
c8cdeb53-211c-4c5d-9bab-f9486aa07476,6aed9698-9a0c-4956-be0d-ec658bbfe09a,Author,Luca Maria,Aiello
f73e611b-6bcc-40e5-8ede-12f8e2b754e1,3f05e4ce-6433-4c5a-b72c-aa89422cf431,Author,Nutan,Limaye
1b02ae24-136a-4304-9135-59a77deef0e4,f14f4742-c9d8-4a34-b8e2-d713c3a1f437,Author,Oliver,Krancher
99d698bb-6eda-4ea1-8768-5f72ce900bae,,Author,Peter,Eklund
fd315b78-0cd1-47e2-a39b-370a342856b2,,Author,Peter,Eklund
ab6e5479-22b7-45b1-9f4d-8221ff3e0e51,,Author,Peter,Eklund
2340c322-f124-413f-81e7-df35c0678052,2d051ceb-fa4a-4a33-b059-ed443d8c79cc,Author,Ieva,Daukantas
2340c322-f124-413f-81e7-df35c0678052,5c50bbc9-ed3d-417f-ba4d-e484eaf536b3,Author,Alessandro,Bruni
2340c322-f124-413f-81e7-df35c0678052,1313519f-2074-41d6-8b79-589648e37211,Author,Carsten,Schürmann
8f076ef0-0281-11df-a523-000ea68e967b,a39b94ff-e1b6-4b96-8404-486167a9123d,Author,Andrzej,Wasowski
2447c13c-1c9a-4819-a305-b5ba71baf48f,a39b94ff-e1b6-4b96-8404-486167a9123d,Author,Andrzej,Wasowski
de53acbd-7dd4-4a6c-b7ff-65251281e047,a39b94ff-e1b6-4b96-8404-486167a9123d,Author,Andrzej,Wasowski
0fed01f2-9af7-4c3c-82a2-49880f53327a,a39b94ff-e1b6-4b96-8404-486167a9123d,Author,Andrzej,Wasowski
9dbc9f50-f909-4563-ae54-42668ffa599b,a39b94ff-e1b6-4b96-8404-486167a9123d,Author,Andrzej,Wasowski
d14081e1-de16-46db-86f2-3bb6852ff7f9,bdc2cd4a-df05-46ca-b027-b038039a58ec,Author,Bernardo,David
ae7872e3-a4dd-433d-a16c-9f29be221183,bdc2cd4a-df05-46ca-b027-b038039a58ec,Author,Bernardo,David
ae7872e3-a4dd-433d-a16c-9f29be221183,,Author,Lorenzo,Gentile
28d7dc7f-05e9-463b-8bc5-57a03ede65f8,bdc2cd4a-df05-46ca-b027-b038039a58ec,Author,Bernardo,David
bb039961-0512-4833-8a16-d13056a9e69c,bdc2cd4a-df05-46ca-b027-b038039a58ec,Author,Bernardo,David
bb039961-0512-4833-8a16-d13056a9e69c,,Author,Anders,Konring
295842d2-a602-427d-a9c2-f2e19f0efafe,bdc2cd4a-df05-46ca-b027-b038039a58ec,Author,Bernardo Machado,David
295842d2-a602-427d-a9c2-f2e19f0efafe,,Author,Arup,Mondal
295842d2-a602-427d-a9c2-f2e19f0efafe,77359666-99eb-4d00-90af-6cbec6c4562b,Author,Rahul Bangalore,Satish
deeb7ec4-baae-454c-bdc2-ca1617d7c59b,1abda59f-c493-4824-a7b1-7470d66f08d1,Author,Stefan,Heinrich
065e3d5c-303e-4d49-b829-d42cdd998742,c12518ce-b3ab-469c-81fb-e2178e6b87e3,Author,Mohsen,Ghaffari
020cfc1e-0219-4c9a-b02b-c1b19edee59e,bb404350-dc8d-4345-965f-a3602b726014,Author,Tim,Seppelt
92660987-7562-4246-8442-de39317de10e,5e271e6a-7a91-47bd-9f12-3b73f4e0d7ac,Author,Patrick,Bahr
2578e461-95bf-454a-8a48-6007eace3384,,Author,Niv,Dayan
2578e461-95bf-454a-8a48-6007eace3384,,Author,Martin Kjær,Svendsen
2578e461-95bf-454a-8a48-6007eace3384,,Author,Matias,Bjørling
2578e461-95bf-454a-8a48-6007eace3384,,Author,Philippe,Bonnet
87a162f6-b6eb-40c3-b8fb-cd94506e4fd9,,Author,Niv,Dayan
87a162f6-b6eb-40c3-b8fb-cd94506e4fd9,,Author,Philippe,Bonnet
f88dc5b3-5a96-49e0-8fc1-c0a05dc84db3,,Author,Niv,Dayan
f88dc5b3-5a96-49e0-8fc1-c0a05dc84db3,,Author,Philippe,Bonnet
78e2a539-a0c5-4cf3-a26e-84284d7ab5b8,,Author,Niv,Dayan
78e2a539-a0c5-4cf3-a26e-84284d7ab5b8,,Author,Philippe,Bonnet
52d0adae-04a5-4dbb-80d0-311c037a0a3d,,Author,Joshua,Ddamba
52d0adae-04a5-4dbb-80d0-311c037a0a3d,f2136570-f73c-446f-9fb0-6d9e461e2124,Author,Yvonne,Dittrich
198ad357-46f7-4451-9765-f73c3e5d72c6,,Author,Henrique Galvan,Debarba
eec41d63-0fa3-48f3-a336-48374503fa0b,,Author,Henrique Galvan,Debarba
700c785d-b817-43ea-bf74-44a569aef2c5,4277f6ec-bfbb-4bef-bed8-2a3420be1d6e,Author,Sarita,de Berg
700c785d-b817-43ea-bf74-44a569aef2c5,50d4bf89-8621-4bc3-bdce-6916656c12fa,Author,Ivor,van der Hoog
700c785d-b817-43ea-bf74-44a569aef2c5,ab7600cd-0bd2-4d86-9def-2c6fd1ade1c5,Author,Eva,Rotenberg
700c785d-b817-43ea-bf74-44a569aef2c5,a11914d7-cda4-4928-821a-746dad4eb60f,Author,Daniel,Rutschmann
b2cd0131-90be-4127-92a7-6137848da478,4277f6ec-bfbb-4bef-bed8-2a3420be1d6e,Author,Sarita,de Berg
78ce8300-dcc9-11dd-a259-000ea68e967b,d3b41838-e2bf-4735-b1cd-03f60b49c7e5,Author,Søren,Debois
bd3bccf6-ba3c-45e7-8802-0bee6dc07778,d3b41838-e2bf-4735-b1cd-03f60b49c7e5,Author,Søren,Debois
5d49468a-9a93-463b-ad9c-b2be7f4e8639,d3b41838-e2bf-4735-b1cd-03f60b49c7e5,Author,Søren,Debois
5d49468a-9a93-463b-ad9c-b2be7f4e8639,d30b96a8-4f1e-44fa-9bf5-0209bedf0268,Author,Thomas,Hildebrandt
5d49468a-9a93-463b-ad9c-b2be7f4e8639,,Author,Raghava Rao,Mukkamala
5d49468a-9a93-463b-ad9c-b2be7f4e8639,,Author,Francesco,Zanitti
c93ef18b-8021-4a57-ac18-a738bf5c6485,d3b41838-e2bf-4735-b1cd-03f60b49c7e5,Author,Søren,Debois
c93ef18b-8021-4a57-ac18-a738bf5c6485,d30b96a8-4f1e-44fa-9bf5-0209bedf0268,Author,Thomas,Hildebrandt
c93ef18b-8021-4a57-ac18-a738bf5c6485,,Author,Tijs,Slaats
f4f164b8-6878-4ccf-b5ee-5f512c0c4829,d3b41838-e2bf-4735-b1cd-03f60b49c7e5,Author,Søren,Debois
f4f164b8-6878-4ccf-b5ee-5f512c0c4829,d30b96a8-4f1e-44fa-9bf5-0209bedf0268,Author,Thomas,Hildebrandt
f4f164b8-6878-4ccf-b5ee-5f512c0c4829,,Author,Tijs,Slaats
305cc2ee-9ba8-4b79-b2ee-63432a62e09f,d3b41838-e2bf-4735-b1cd-03f60b49c7e5,Author,Søren,Debois
305cc2ee-9ba8-4b79-b2ee-63432a62e09f,d30b96a8-4f1e-44fa-9bf5-0209bedf0268,Author,Thomas,Hildebrandt
305cc2ee-9ba8-4b79-b2ee-63432a62e09f,,Author,Tijs,Slaats
100809a9-ede0-4351-9f40-944630fa99da,d3b41838-e2bf-4735-b1cd-03f60b49c7e5,Author,Søren,Debois
100809a9-ede0-4351-9f40-944630fa99da,,Author,Tijs,Slaats
964530cf-4e61-4d79-b720-12b3bdcd3685,d3b41838-e2bf-4735-b1cd-03f60b49c7e5,Author,Søren,Debois
964530cf-4e61-4d79-b720-12b3bdcd3685,d30b96a8-4f1e-44fa-9bf5-0209bedf0268,Author,Thomas,Hildebrandt
964530cf-4e61-4d79-b720-12b3bdcd3685,,Author,Tijs,Slaats
a4c0f936-2be7-440d-90f2-60b9333b654f,d3b41838-e2bf-4735-b1cd-03f60b49c7e5,Author,Søren,Debois
a4c0f936-2be7-440d-90f2-60b9333b654f,d30b96a8-4f1e-44fa-9bf5-0209bedf0268,Author,Thomas,Hildebrandt
a4c0f936-2be7-440d-90f2-60b9333b654f,,Author,Tijs,Slaats
c715a99b-7a8e-41ca-bafc-e9eb81c88b8b,d3b41838-e2bf-4735-b1cd-03f60b49c7e5,Author,Søren,Debois
c715a99b-7a8e-41ca-bafc-e9eb81c88b8b,d30b96a8-4f1e-44fa-9bf5-0209bedf0268,Author,Thomas,Hildebrandt
c715a99b-7a8e-41ca-bafc-e9eb81c88b8b,,Author,Tijs,Slaats
e12b68e9-0f86-4eb2-b756-d04c028ce72b,d3b41838-e2bf-4735-b1cd-03f60b49c7e5,Author,Søren,Debois
e12b68e9-0f86-4eb2-b756-d04c028ce72b,d30b96a8-4f1e-44fa-9bf5-0209bedf0268,Author,Thomas,Hildebrandt
e12b68e9-0f86-4eb2-b756-d04c028ce72b,,Author,Tijs,Slaats
b2083407-6f09-48cf-9111-770ab4dc2989,d3b41838-e2bf-4735-b1cd-03f60b49c7e5,Author,Søren,Debois
b2083407-6f09-48cf-9111-770ab4dc2989,d30b96a8-4f1e-44fa-9bf5-0209bedf0268,Author,Thomas,Hildebrandt
b2083407-6f09-48cf-9111-770ab4dc2989,,Author,Tijs,Slaats
e12ad2f8-60b2-4d15-b01a-6c3196c9d80b,d3b41838-e2bf-4735-b1cd-03f60b49c7e5,Author,Søren,Debois
e12ad2f8-60b2-4d15-b01a-6c3196c9d80b,d30b96a8-4f1e-44fa-9bf5-0209bedf0268,Author,Thomas,Hildebrandt
73adad41-a371-49c5-b50c-90e32dffd95f,d3b41838-e2bf-4735-b1cd-03f60b49c7e5,Author,Søren,Debois
73adad41-a371-49c5-b50c-90e32dffd95f,d30b96a8-4f1e-44fa-9bf5-0209bedf0268,Author,Thomas T.,Hildebrandt
73adad41-a371-49c5-b50c-90e32dffd95f,,Author,Tijs,Slaats
089a2087-8146-4cef-9581-8c41d9b8e227,d3b41838-e2bf-4735-b1cd-03f60b49c7e5,Author,Søren,Debois
089a2087-8146-4cef-9581-8c41d9b8e227,d30b96a8-4f1e-44fa-9bf5-0209bedf0268,Author,Thomas T.,Hildebrandt
765aee03-c92a-447e-9707-f20e4db7fbfe,d3b41838-e2bf-4735-b1cd-03f60b49c7e5,Author,Søren,Debois
765aee03-c92a-447e-9707-f20e4db7fbfe,d30b96a8-4f1e-44fa-9bf5-0209bedf0268,Author,Thomas,Hildebrandt
765aee03-c92a-447e-9707-f20e4db7fbfe,,Author,Tijs,Slaats
88834914-a51b-49fb-ae54-c06a45d5d2e5,d3b41838-e2bf-4735-b1cd-03f60b49c7e5,Author,Søren,Debois
88834914-a51b-49fb-ae54-c06a45d5d2e5,d30b96a8-4f1e-44fa-9bf5-0209bedf0268,Author,Thomas,Hildebrandt
75fcc402-0faa-4e33-93df-d46559a0acfc,d3b41838-e2bf-4735-b1cd-03f60b49c7e5,Author,Søren,Debois
e4794ed0-dccb-11dd-a259-000ea68e967b,d3b41838-e2bf-4735-b1cd-03f60b49c7e5,Author,Søren,Debois
77b2c5f5-5e38-4302-8554-d6668d0cc138,,Author,Oliver,Müller
bf8a739a-1c6f-40b7-808c-b164a1eede54,,Author,Oliver,Müller
3e60c75f-7836-4ee4-af04-bcb4e10d799c,,Author,Michael S.,Debus
3e60c75f-7836-4ee4-af04-bcb4e10d799c,c27ebbb6-7aae-41d4-b6fe-eb4a09024eca,Author,Ida Kathrine Hammeleff,Jørgensen
c9b8b097-1a4d-4571-88ad-f1381eb5e5be,,Author,Michael S.,Debus
7a09d586-52c3-4070-bab1-979f6a2c1dbc,,Author,Michael S.,Debus
4fe89c1c-b6ac-4072-920a-7258b2a21c99,,Author,Michael S.,Debus
4fe89c1c-b6ac-4072-920a-7258b2a21c99,42147e05-f94c-471d-a889-c57a01e4bdd0,Author,Pawel,Grabarczyk
b8fce1a0-2abf-4c66-9e34-9a12e15eaab5,,Author,Michael S.,Debus
416a1746-9e8a-4149-855f-f9f7eb0ea6df,,Author,Michael S.,Debus
12fe2a37-fa3e-41cc-9d52-927f38e7a5c8,,Author,Michael S.,Debus
1096c8c3-8917-4f15-9fed-ad1bb3fcf71e,,Author,Michael S.,Debus
d3ec6434-0437-429c-872e-845161e85fa9,,Author,Michael S.,Debus
abe85e48-2e40-411b-b5fe-3dfc3f848ed1,,Author,Peter,Eklund
ea60e9d4-ebe8-4a6a-81a1-ad18a4c069ec,f30d35c6-4320-476f-8506-481764e6009e,Author,Peter,Kun
ea60e9d4-ebe8-4a6a-81a1-ad18a4c069ec,,Author,Luca,Simeone
a6cc6834-5c47-4228-b559-0d94d460865d,efa39e70-a80a-4780-b151-ba31b01726bb,Author,Per B.,Brockhoff
d722f23e-1716-453d-a110-fb9226eca1c5,efa39e70-a80a-4780-b151-ba31b01726bb,Author,Per B.,Brockhoff
382365db-c586-4e70-87ad-9eb88cf09bb0,8e5f2a6c-c817-4a90-b48b-d9171743ad0f,Author,Rob,van der Goot
039f40d8-39a0-4aa3-b76b-99141937c6d8,a39b94ff-e1b6-4b96-8404-486167a9123d,Author,Andrzej,Wasowski
40bdf6b7-d8b7-40ee-8dfd-330b20de15c2,a39b94ff-e1b6-4b96-8404-486167a9123d,Author,Andrzej,Wasowski
697dd56a-7e0c-4289-a47b-0ea0a9ae16ec,a39b94ff-e1b6-4b96-8404-486167a9123d,Author,Andrzej,Wasowski
4f5abd05-d0ae-49a9-9b7f-08b3c9f6610c,a39b94ff-e1b6-4b96-8404-486167a9123d,Author,Andrzej,Wasowski
1238118e-18bb-4e23-9209-f9a510276430,a39b94ff-e1b6-4b96-8404-486167a9123d,Author,Andrzej,Wasowski
3fd534ef-4b8c-408f-9cf3-cebe2cbe0d50,a39b94ff-e1b6-4b96-8404-486167a9123d,Author,Andrzej,Wasowski
6c95463f-3f9d-4433-b1b8-32dee649f2b0,a39b94ff-e1b6-4b96-8404-486167a9123d,Author,Andrzej,Wasowski
cdd68bf3-b3d6-49a1-a91e-6081b55ed3b9,f2136570-f73c-446f-9fb0-6d9e461e2124,Author,Yvonne,Dittrich
f7a8c3d0-8038-11de-8664-000ea68e967b,,Author,Alberto,Delgado-Ortegon
f7a8c3d0-8038-11de-8664-000ea68e967b,4d7fda5a-3cf4-4d39-9daf-1ae192b0e0e7,Author,Rune Møller,Jensen
d8cf7762-5543-4dc5-8456-d1dfa31db72a,,Author,Alberto,Delgado-Ortegon
d8cf7762-5543-4dc5-8456-d1dfa31db72a,4d7fda5a-3cf4-4d39-9daf-1ae192b0e0e7,Author,Rune Møller,Jensen
fd28aea1-e66d-4d3b-a3a3-9959d3c8f39b,,Author,Alberto,Delgado-Ortegon
fd28aea1-e66d-4d3b-a3a3-9959d3c8f39b,4d7fda5a-3cf4-4d39-9daf-1ae192b0e0e7,Author,Rune Møller,Jensen
068ed494-e30d-4ab6-96de-661a65d5c6fd,,Author,Alberto,Delgado-Ortegon
068ed494-e30d-4ab6-96de-661a65d5c6fd,4d7fda5a-3cf4-4d39-9daf-1ae192b0e0e7,Author,Rune Møller,Jensen
71a2532e-71d2-47e2-946d-3b6ed60d2f6f,,Author,Alberto,Delgado-Ortegon
71a2532e-71d2-47e2-946d-3b6ed60d2f6f,4d7fda5a-3cf4-4d39-9daf-1ae192b0e0e7,Author,Rune Møller,Jensen
e3be0d31-291c-463b-b42d-ec64d72c6620,,Author,Alberto,Delgado-Ortegon
e3be0d31-291c-463b-b42d-ec64d72c6620,,Author,Dario,Pacino
e3be0d31-291c-463b-b42d-ec64d72c6620,4d7fda5a-3cf4-4d39-9daf-1ae192b0e0e7,Author,Rune Møller,Jensen
2e6c64ec-b2b3-4012-9eeb-a1dc886a2f3e,,Author,Alberto,Delgado-Ortegon
f92b3e5a-9db8-4b6b-9cd3-4b24e27bd5ef,d1be56b5-3ded-4aeb-9339-3af4d4c35035,Author,Amir,Nikabadi
e8be4a5a-dee9-4769-8406-2af820b66084,472021c7-73cc-44ba-a4ef-70cd2bed8601,Author,Thore,Husfeldt
0c67d9dd-eb0a-40bf-b565-073d93d06193,472021c7-73cc-44ba-a4ef-70cd2bed8601,Author,Thore,Husfeldt
0c67d9dd-eb0a-40bf-b565-073d93d06193,,Author,Nina Sofia ,Taslaman
a9f76fcb-e2c3-4388-ac72-2271e69ade49,ef9b447a-d6c4-4250-a506-093730db84d6,Author,Holger,Dell
b5b5c17f-c4e2-4969-aa5d-d99cf720266c,ef9b447a-d6c4-4250-a506-093730db84d6,Author,Holger,Dell
2f308edc-1bf7-4546-9917-3ad656594f47,ef9b447a-d6c4-4250-a506-093730db84d6,Author,Holger,Dell
4b051a07-c184-4915-aca3-b1bb154ece01,ef9b447a-d6c4-4250-a506-093730db84d6,Author,Holger,Dell
2060335e-5efe-4f36-a96d-9a894b185809,ef9b447a-d6c4-4250-a506-093730db84d6,Author,Holger,Dell
d1aca994-848a-49ed-985c-a0052d51930b,ef9b447a-d6c4-4250-a506-093730db84d6,Author,Holger,Dell
97d0f84f-f56f-4680-942a-b404e12b8760,ef9b447a-d6c4-4250-a506-093730db84d6,Author,Holger ,Dell
c50e138d-6d7d-40b2-b7dc-83357d82c22d,,Author,Giacomo,Poderi
36f67ce7-d466-4cdb-be48-9398ffa00afc,df52a23b-7109-4616-a59a-d6d90f777595,Author,Katja Sara Pape,de Neergaard
84aebba3-45da-4f9b-b20f-c9e90b81b2e8,df52a23b-7109-4616-a59a-d6d90f777595,Author,Katja Sara Pape,de Neergaard
fe4aa67f-5b7c-486e-9a70-4db5c963f0c3,df52a23b-7109-4616-a59a-d6d90f777595,Author,Katja Sara Pape,de Neergaard
e62d0cce-5b27-4822-965f-6c151091fa89,df52a23b-7109-4616-a59a-d6d90f777595,Author,Katja Sara Pape,de Neergaard
33ef37e8-dbb0-48cc-a926-1081ee1cbb84,df52a23b-7109-4616-a59a-d6d90f777595,Author,Katja Sara Pape,de Neergaard
b54a99f5-658b-4d72-916d-3a846c19a298,df52a23b-7109-4616-a59a-d6d90f777595,Author,Katja Sara Pape,de Neergaard
716fd777-c7c3-4420-bc73-3efdbdf842bc,cf6cfa0b-e3ac-4164-8de2-b956d8e23825,Author,Elisa,Mekler
5e354495-d8cf-4b6a-abea-85082a8c8fd2,a39b94ff-e1b6-4b96-8404-486167a9123d,Author,Andrzej,Wasowski
d4932e05-cd88-41d7-8a41-4384d20dfe88,5c50bbc9-ed3d-417f-ba4d-e484eaf536b3,Author,Alessandro,Bruni
9b2e2acd-d653-4324-ad54-ebefddd10ad8,,Author,Pablo González,de Prado Salas
9b2e2acd-d653-4324-ad54-ebefddd10ad8,a420ffb3-2ca6-4925-a25f-baaa5228fc15,Author,Sebastian,Risi
9b1c9ffd-9798-46d6-bff7-64e731a21955,785a7089-e58e-4aaa-986d-ae0e615ba508,Author,Leon,Derczynski
2f158a6e-3156-4a0f-a28c-a55b1556f1d0,785a7089-e58e-4aaa-986d-ae0e615ba508,Author,Leon,Derczynski
2f158a6e-3156-4a0f-a28c-a55b1556f1d0,,Author,Torben Oskar,Albert-Lindqvist
2f158a6e-3156-4a0f-a28c-a55b1556f1d0,,Author,Marius Venø,Bendsen
2f158a6e-3156-4a0f-a28c-a55b1556f1d0,e23e8096-59cb-4ef6-af48-ce9d806fd1eb,Author,Nanna,Inie
2f158a6e-3156-4a0f-a28c-a55b1556f1d0,,Author,Jens Egholm,Pedersen
2f158a6e-3156-4a0f-a28c-a55b1556f1d0,,Author,Viktor Due,Pedersen
d221244a-02c3-46c2-878a-297e1ebb3a14,785a7089-e58e-4aaa-986d-ae0e615ba508,Author,Leon,Derczynski
7732568a-3f3e-40ca-9dc1-a5b815d476aa,785a7089-e58e-4aaa-986d-ae0e615ba508,Author,Leon,Derczynski
a5de21af-c653-4895-9b1a-11e3a2e84cb0,785a7089-e58e-4aaa-986d-ae0e615ba508,Author,Leon,Derczynski
bfbf7f68-f45d-4875-8e1e-99e6f8584aca,785a7089-e58e-4aaa-986d-ae0e615ba508,Author,Leon,Derczynski
fba3300f-4eb5-4f20-ba9c-856479f10be8,785a7089-e58e-4aaa-986d-ae0e615ba508,Author,Leon,Derczynski
fba3300f-4eb5-4f20-ba9c-856479f10be8,,Author,Manuel Rafael,Ciosici
fba3300f-4eb5-4f20-ba9c-856479f10be8,,Author,Andreas Søeborg,Kirkedal
fba3300f-4eb5-4f20-ba9c-856479f10be8,,Author,Daniel,Varab
ac4b1bc7-a730-4ca6-9664-2cf4d31f6aaf,785a7089-e58e-4aaa-986d-ae0e615ba508,Author,Leon,Derczynski
52490679-7dc1-4490-bf85-380ea3eb5197,785a7089-e58e-4aaa-986d-ae0e615ba508,Author,Leon,Derczynski
52490679-7dc1-4490-bf85-380ea3eb5197,e23e8096-59cb-4ef6-af48-ce9d806fd1eb,Author,Nanna,Inie
f8e63996-a68f-4dcb-b565-e7332ac95fe3,e726f512-d3fd-4d89-962a-3aa9f532a52f,Author,Toine,Bogers
789df613-c5b0-4750-a67c-b7140d6a8877,,Author,Roman,Beck
4d1d5cd5-de44-436f-bfba-5454f30b342a,,Author,Roman,Beck
b87190ce-9759-4e19-a6b9-94447053d151,,Author,Roman,Beck
b80dc451-95f1-4b26-a790-47ba746c40cc,,Author,Roman,Beck
650b21c4-8550-46dd-a145-59b3acf3eb9a,,Author,Roman,Beck
4e7c8eb0-ff61-11de-a523-000ea68e967b,f2136570-f73c-446f-9fb0-6d9e461e2124,Editor,Yvonne,Dittrich
ec973916-8c66-476e-a0ed-87790107c0da,,Author,Adriana Araujo,de Souza e Silva
47b47189-fd1e-44ed-a0b6-5077a594bc2e,,Author,Adriana Araujo,de Souza e Silva
d819220a-bbbc-4baf-96c7-c453cff0cbf4,,Author,Adriana Araujo,de Souza e Silva
1bce12fd-c5ac-4745-a39c-c01db9a27d91,,Author,Adriana Araujo,de Souza e Silva
2eb08d46-4d95-4c30-b377-72377b245cf0,,Author,Adriana Araujo,de Souza e Silva
2736c79a-feef-4538-8064-b475041f27c1,,Author,Adriana Araujo,de Souza e Silva
2da9b87d-dd61-4823-afe8-a916baad75b9,,Author,Adriana Araujo,de Souza e Silva
5de715c6-d7e2-4d0b-9735-9d178fd0ba27,,Author,Adriana Araujo,de Souza e Silva
43799938-0894-4d8e-9c8f-6c794c3e7876,,Author,Adriana Araujo,de Souza e Silva
80f891a6-0bb9-41a7-9a30-b38f8c9bcda1,,Author,Adriana Araujo,de Souza e Silva
83018da3-09ae-49fc-84b4-e1db3f75bb50,,Author,Adriana ,de Souza e Silva
83018da3-09ae-49fc-84b4-e1db3f75bb50,,Author,Isabel Cristina G.,Froes
e8f95918-435f-46de-9081-3434ca8d0346,,Author,Rilla,Khaled
5397567f-7561-46b2-bcc6-8b45cadf1bc3,6aed9698-9a0c-4956-be0d-ec658bbfe09a,Author,Luca Maria,Aiello
bf9b6043-48e9-4b43-9265-681f55e28d46,,Author,Irina,Shklovski
cf5f931b-9480-46f9-81ab-80333cfefadc,1313519f-2074-41d6-8b79-589648e37211,Author,Carsten,Schürmann
9b4a2baa-344d-413d-9380-6fb9ad001e81,,Author,Louisa Jane,Di Felice
9b4a2baa-344d-413d-9380-6fb9ad001e81,8785f18a-1bf3-4c63-8d8b-d3e5d516ca40,Author,Payam ,Zahadat
677dc18f-488d-4be6-b0de-a9f9e0f65f40,1b45e3f5-b8cd-4c0d-a444-2901304f76ee,Author,Luca,Rossi
0654a1a2-d2cd-415f-9263-d26759319108,aabb6eb1-afb9-4570-8e8e-4725a423ee5f,Author,Aycan,Aslan
9d71df48-2544-4e26-8608-cb0ea77c742a,aabb6eb1-afb9-4570-8e8e-4725a423ee5f,Author,Aycan,Aslan
f5d5bc45-0ad8-47e4-a5c6-a2a0ec1a0025,aabb6eb1-afb9-4570-8e8e-4725a423ee5f,Author,Aycan,Aslan
7f8a7c3a-4eec-498c-a084-9e342b47576e,aabb6eb1-afb9-4570-8e8e-4725a423ee5f,Author,Aycan,Aslan
852b0b9f-1e9e-42a4-84e6-bcdd87cfda7c,aabb6eb1-afb9-4570-8e8e-4725a423ee5f,Author,Aycan,Aslan
46048940-8fc3-11dd-8006-000ea68e967b,,Author,Rasmus,Pagh
f21a571d-2b6a-444c-99f2-ce413cd6e310,,Author,Rasmus,Pagh
8e1a32d8-2463-4950-98e3-b58259d5d160,,Author,Rasmus,Pagh
a03a13b8-46dc-43f3-be49-b1e882ad8a38,,Author,Louisa Jane,Di Felice
edbc9d25-eb7c-4407-8b6d-b6a41d96fdac,,Author,Louisa Jane,Di Felice
edbc9d25-eb7c-4407-8b6d-b6a41d96fdac,8785f18a-1bf3-4c63-8d8b-d3e5d516ca40,Author,Payam,Zahadat
86fda646-8e98-49c3-9e06-5dad16ac6dbf,,Author,Louisa Jane,Di Felice
86fda646-8e98-49c3-9e06-5dad16ac6dbf,8785f18a-1bf3-4c63-8d8b-d3e5d516ca40,Author,Payam ,Zahadat
52bee473-87fb-4e78-9279-7ef66985969f,,Author,Roman,Beck
7b249a24-9ce3-4519-b68d-6a840c8a2f89,,Author,Georgios N.,Yannakakis
b15b1fd3-41cb-4bde-9f17-8c56b0f4e77a,,Author,Aleksandar,Dimovski
aed5cc3a-977e-4f5c-bc2e-d90682610d61,,Author,Aleksandar,Dimovski
130048e9-4472-4aa3-8049-192dc82c0374,,Author,Aleksandar,Dimovski
130048e9-4472-4aa3-8049-192dc82c0374,,Author,Ahmad Salim,Al-Sibahi
130048e9-4472-4aa3-8049-192dc82c0374,47a94200-3abe-4354-b5e3-c8ef6f1ba1f2,Author,Claus,Brabrand
130048e9-4472-4aa3-8049-192dc82c0374,a39b94ff-e1b6-4b96-8404-486167a9123d,Author,Andrzej,Wasowski
947bc26b-212e-4b9a-a54d-955ce339c09c,,Author,Aleksandar,Dimovski
947bc26b-212e-4b9a-a54d-955ce339c09c,47a94200-3abe-4354-b5e3-c8ef6f1ba1f2,Author,Claus,Brabrand
947bc26b-212e-4b9a-a54d-955ce339c09c,a39b94ff-e1b6-4b96-8404-486167a9123d,Author,Andrzej,Wasowski
e8d276b3-fd2b-427d-8079-e9ec01c7cf7a,,Author,Aleksandar,Dimovski
e8d276b3-fd2b-427d-8079-e9ec01c7cf7a,,Author,Ahmad Salim,Al-Sibahi
e8d276b3-fd2b-427d-8079-e9ec01c7cf7a,47a94200-3abe-4354-b5e3-c8ef6f1ba1f2,Author,Claus,Brabrand
e8d276b3-fd2b-427d-8079-e9ec01c7cf7a,a39b94ff-e1b6-4b96-8404-486167a9123d,Author,Andrzej,Wasowski
e2b3a912-d2da-44ba-b118-ccc889f9192d,,Author,Aleksandar,Dimovski
bf6a130f-a86a-4c5f-aa52-ff23c9fc302c,,Author,Aleksandar,Dimovski
bf6a130f-a86a-4c5f-aa52-ff23c9fc302c,47a94200-3abe-4354-b5e3-c8ef6f1ba1f2,Author,Claus,Brabrand
bf6a130f-a86a-4c5f-aa52-ff23c9fc302c,a39b94ff-e1b6-4b96-8404-486167a9123d,Author,Andrzej,Wasowski
70588a4a-8f3a-476a-9c6f-45566468b1df,,Author,Aleksandar,Dimovski
70588a4a-8f3a-476a-9c6f-45566468b1df,,Author,Ahmad Salim,Al-Sibahi
70588a4a-8f3a-476a-9c6f-45566468b1df,47a94200-3abe-4354-b5e3-c8ef6f1ba1f2,Author,Claus,Brabrand
70588a4a-8f3a-476a-9c6f-45566468b1df,a39b94ff-e1b6-4b96-8404-486167a9123d,Author,Andrzej,Wasowski
11df921a-22e6-480a-980b-625a692b8caa,,Author,Aleksandar,Dimovski
11df921a-22e6-480a-980b-625a692b8caa,a39b94ff-e1b6-4b96-8404-486167a9123d,Author,Andrzej,Wasowski
594b4edb-77a1-4357-9e28-2156c7b1eea5,,Author,Aleksandar,Dimovski
594b4edb-77a1-4357-9e28-2156c7b1eea5,a39b94ff-e1b6-4b96-8404-486167a9123d,Author,Andrzej,Wasowski
09e50a2b-5a8f-4715-8b49-f135adba9dab,,Author,Aleksandar,Dimovski
09e50a2b-5a8f-4715-8b49-f135adba9dab,47a94200-3abe-4354-b5e3-c8ef6f1ba1f2,Author,Claus,Brabrand
09e50a2b-5a8f-4715-8b49-f135adba9dab,a39b94ff-e1b6-4b96-8404-486167a9123d,Author,Andrzej,Wasowski
d3a90bab-4c76-4d90-a4e2-131f28722ba0,47a94200-3abe-4354-b5e3-c8ef6f1ba1f2,Author,Claus,Brabrand
d3a90bab-4c76-4d90-a4e2-131f28722ba0,a39b94ff-e1b6-4b96-8404-486167a9123d,Author,Andrzej,Wasowski
80e35763-2509-40d4-b962-291be4119e21,a39b94ff-e1b6-4b96-8404-486167a9123d,Author,Andrzej,Wasowski
10b086e3-2041-431d-b8ab-b73349019438,a39b94ff-e1b6-4b96-8404-486167a9123d,Author,Andrzej,Wasowski
3f4d168a-c6ec-4961-9aba-9fd9d29878d5,12698500-7fd8-4508-b86a-adafaeaf91a9,Author,David,Struthers
3f4d168a-c6ec-4961-9aba-9fd9d29878d5,,Author,Isabel,Fróes
d9b581e7-d962-4d11-898a-b894267cef6a,12698500-7fd8-4508-b86a-adafaeaf91a9,Author,David,Struthers
d9b581e7-d962-4d11-898a-b894267cef6a,,Author,Isabel,Fróes
b0330716-4363-4490-a838-86e8e8ec1d03,3ad26d6b-4619-4a9f-a1b6-8424aab1dd52,Author,Tom ,Jenkins
784f6940-b061-4390-b68e-9d27fdca01eb,3ad26d6b-4619-4a9f-a1b6-8424aab1dd52,Author,Tom ,Jenkins
8da4e7e2-70c0-4230-b7ba-a899e90f4b27,3ad26d6b-4619-4a9f-a1b6-8424aab1dd52,Author,Tom ,Jenkins
4b84492f-b716-4fa0-b142-11706a67bd7f,3ad26d6b-4619-4a9f-a1b6-8424aab1dd52,Author,Tom ,Jenkins
f314f343-ae67-4a0e-b491-bfa531b5406b,5e271e6a-7a91-47bd-9f12-3b73f4e0d7ac,Author,Patrick,Bahr
a6e7bc4f-f2d1-498f-a95b-17b1a245ae92,1e0534b4-fe3e-4c5e-ad6d-5f1c7df6a14e,Author,Erik,Gronvall
b5e5ec10-8ba2-11dd-8006-000ea68e967b,f2136570-f73c-446f-9fb0-6d9e461e2124,Author,Yvonne,Dittrich
2eb65fd0-8bad-11dd-8006-000ea68e967b,f2136570-f73c-446f-9fb0-6d9e461e2124,Author,Yvonne,Dittrich
2eb65fd0-8bad-11dd-8006-000ea68e967b,,Author,Sebastien,Vaucouleur
281a0510-e0b1-11dd-a259-000ea68e967b,f2136570-f73c-446f-9fb0-6d9e461e2124,Author,Yvonne,Dittrich
43605bb0-e3bf-11dd-a259-000ea68e967b,f2136570-f73c-446f-9fb0-6d9e461e2124,Author,Yvonne,Dittrich
3f03ae60-625d-11de-8664-000ea68e967b,f2136570-f73c-446f-9fb0-6d9e461e2124,Author,Yvonne,Dittrich
d1874f70-ff61-11de-a523-000ea68e967b,f2136570-f73c-446f-9fb0-6d9e461e2124,Author,Yvonne,Dittrich
616461a0-ff62-11de-a523-000ea68e967b,f2136570-f73c-446f-9fb0-6d9e461e2124,Author,Yvonne,Dittrich
616461a0-ff62-11de-a523-000ea68e967b,,Author,Sebastien,Vaucouleur
1b86d540-ff63-11de-a523-000ea68e967b,f2136570-f73c-446f-9fb0-6d9e461e2124,Author,Yvonne,Dittrich
e59b5e74-3fd6-474e-8bd2-27aceab2f4f5,f2136570-f73c-446f-9fb0-6d9e461e2124,Editor,Yvonne,Dittrich
ae1bb265-c4e4-48a7-9635-a9a3af95b37e,f2136570-f73c-446f-9fb0-6d9e461e2124,Author,Yvonne,Dittrich
c1e26e28-24d6-42f8-9d35-cd2da608bc69,f2136570-f73c-446f-9fb0-6d9e461e2124,Author,Yvonne,Dittrich
12adc215-1360-4e15-b50e-a470e647d9c5,f2136570-f73c-446f-9fb0-6d9e461e2124,Author,Y.,Dittrich
12adc215-1360-4e15-b50e-a470e647d9c5,,Author,Rosalba,Giuffrida
6eb567c5-2ba8-41fc-ab81-07737dcac1bc,f2136570-f73c-446f-9fb0-6d9e461e2124,Author,Yvonne,Dittrich
170e24b3-ccdd-45cb-be20-80aaa605cc79,f2136570-f73c-446f-9fb0-6d9e461e2124,Editor,Yvonne,Dittrich
30717198-a29b-4345-a2f8-c89c72f8c55b,f2136570-f73c-446f-9fb0-6d9e461e2124,Author,Yvonne,Dittrich
549d76f5-9e72-47ac-b46b-1166e29fd1dd,f2136570-f73c-446f-9fb0-6d9e461e2124,Author,Yvonne,Dittrich
c7e35659-b5ec-4241-a4d6-fce4e0060d5c,f2136570-f73c-446f-9fb0-6d9e461e2124,Author,Yvonne,Dittrich
5f063d8c-dc2c-4c39-b1eb-57a623f59e34,f2136570-f73c-446f-9fb0-6d9e461e2124,Author,Yvonne,Dittrich
802b1852-f84b-4131-997d-28e00bdb3f70,f2136570-f73c-446f-9fb0-6d9e461e2124,Author,Yvonne,Dittrich
bd31f438-a30d-407a-b391-2fe9490c8d3e,f2136570-f73c-446f-9fb0-6d9e461e2124,Author,Yvonne,Dittrich
937107f3-e343-4f4b-865c-37cc6f1ca7a8,f2136570-f73c-446f-9fb0-6d9e461e2124,Author,Yvonne,Dittrich
6b0845d9-11c4-4976-95d3-a6bfdf62074c,f2136570-f73c-446f-9fb0-6d9e461e2124,Author,Yvonne,Dittrich
301aa4d9-8aa9-40dd-85e2-06458f613aaf,f2136570-f73c-446f-9fb0-6d9e461e2124,Author,Yvonne,Dittrich
541dc284-0516-4e38-a9c1-f0341179e2ab,f2136570-f73c-446f-9fb0-6d9e461e2124,Author,Yvonne,Dittrich
541dc284-0516-4e38-a9c1-f0341179e2ab,2b8ff3a4-e9b0-403d-8bd8-1bf26121c234,Author,Paolo,Tell
541dc284-0516-4e38-a9c1-f0341179e2ab,,Author,Lars,Bendix
82e759e9-1c41-4dea-9d66-076e2bc261aa,f2136570-f73c-446f-9fb0-6d9e461e2124,Author,Yvonne,Dittrich
82e759e9-1c41-4dea-9d66-076e2bc261aa,,Author,Cathrine,Seidelin
82e759e9-1c41-4dea-9d66-076e2bc261aa,1e0534b4-fe3e-4c5e-ad6d-5f1c7df6a14e,Author,Erik,Grönvall
592aa720-2460-48c1-baa4-fada6e52e25c,f2136570-f73c-446f-9fb0-6d9e461e2124,Editor,Yvonne,Dittrich
b4a825f0-ba87-4cff-9855-6d947a3ad64c,f2136570-f73c-446f-9fb0-6d9e461e2124,Author,Yvonne,Dittrich
477045ae-ed39-4b83-9812-da0c73101d14,f2136570-f73c-446f-9fb0-6d9e461e2124,Author,Yvonne,Dittrich
477045ae-ed39-4b83-9812-da0c73101d14,2b8ff3a4-e9b0-403d-8bd8-1bf26121c234,Author,Paolo,Tell
477045ae-ed39-4b83-9812-da0c73101d14,,Author,Pernille,Lous
ce7a1ee0-200f-431a-89ce-f0467a11788e,f2136570-f73c-446f-9fb0-6d9e461e2124,Author,Yvonne,Dittrich
7c7dc9e1-fed3-40e4-9af7-927e88c9e5ae,f2136570-f73c-446f-9fb0-6d9e461e2124,Author,Yvonne,Dittrich
7c7dc9e1-fed3-40e4-9af7-927e88c9e5ae,0284519c-3320-48a2-8b0d-b4ae9351a403,Author,Qiuyu,Jiang
7c7dc9e1-fed3-40e4-9af7-927e88c9e5ae,605b59ab-91b4-4f8e-bb12-df68ce0491c5,Author,Cancan,Wang
7c7dc9e1-fed3-40e4-9af7-927e88c9e5ae,,Author,Laura,Juncker-Jensen
7c7dc9e1-fed3-40e4-9af7-927e88c9e5ae,,Author,Carsten Svarrer,Østerlund
6c147ef1-aaec-4661-a2d4-4b792142fd91,f2136570-f73c-446f-9fb0-6d9e461e2124,Author,Yvonne,Dittrich
402bda2b-0cb3-496c-b0de-497f583656ee,f2136570-f73c-446f-9fb0-6d9e461e2124,Author,Yvonne,Dittrich
8b70e5a6-4eac-4ca6-81a9-3d1d05b6a701,f2136570-f73c-446f-9fb0-6d9e461e2124,Author,Yvonne,Dittrich
7c9d27d5-d359-4167-8bba-3c12e5d3a302,f2136570-f73c-446f-9fb0-6d9e461e2124,Author,Yvonne,Dittrich
59af1c62-cc85-460c-b1a4-79eab6bf1c8f,f2136570-f73c-446f-9fb0-6d9e461e2124,Author,Yvonne,Dittrich
0c7b6df1-7950-4933-a6b7-495b908a0a4e,f2136570-f73c-446f-9fb0-6d9e461e2124,Author,Yvonne,Dittrich
4f665ee0-1b04-4a4c-bf7c-68c4d3cc2d3b,f2136570-f73c-446f-9fb0-6d9e461e2124,Author,Yvonne,Dittrich
5cab8263-4e40-41d4-a078-d1cca910cb12,f2136570-f73c-446f-9fb0-6d9e461e2124,Author,Yvonne,Dittrich
688b89d2-b08d-4f53-b417-af81447b6193,f2136570-f73c-446f-9fb0-6d9e461e2124,Author,Yvonne,Dittrich
7cb7268d-8882-4dee-98af-6a34149f986e,f2136570-f73c-446f-9fb0-6d9e461e2124,Author,Yvonne,Dittrich
032df58b-9290-410d-b065-e466cbac804c,f2136570-f73c-446f-9fb0-6d9e461e2124,Author,Yvonne,Dittrich
7bcedb0f-1332-480a-a8b7-3d9c3d11f57e,f2136570-f73c-446f-9fb0-6d9e461e2124,Author,Yvonne,Dittrich
7bcedb0f-1332-480a-a8b7-3d9c3d11f57e,79ebe3ed-0527-4160-9af6-be0b0853b00e,Author,Jan,Pries-Heje
c6cafa87-a891-4189-b1bb-04701a4a36b2,f2136570-f73c-446f-9fb0-6d9e461e2124,Author,Yvonne,Dittrich
1497b343-804f-438a-9186-f5ef39d31132,f2136570-f73c-446f-9fb0-6d9e461e2124,Author,Yvonne,Dittrich
fa348803-0f37-44a8-8164-97cee7ea02d7,8785f18a-1bf3-4c63-8d8b-d3e5d516ca40,Author,Payam,Zahadat
65008d59-2725-4f72-af0d-65781c75a91a,e20164d2-7e0c-4f05-88be-ca477dfc5f8c,Author,Laurits,Dixen
65008d59-2725-4f72-af0d-65781c75a91a,1abda59f-c493-4824-a7b1-7470d66f08d1,Author,Stefan,Heinrich
65008d59-2725-4f72-af0d-65781c75a91a,cf5e1d64-5489-4534-ba34-8dba5fd354a6,Author,Paolo,Burelli
ea675c34-69f4-4402-bfee-7e29dbdcbbe6,e20164d2-7e0c-4f05-88be-ca477dfc5f8c,Author,Laurits ,Dixen
5192a3dd-c213-49d4-8c5b-68a79b1bfe01,785a7089-e58e-4aaa-986d-ae0e615ba508,Author,Leon,Derczynski
35f3eb79-2846-4861-9789-cce7c6ad66e8,,Author,Ivan Luiz,Picoli
35f3eb79-2846-4861-9789-cce7c6ad66e8,,Author,Philippe,Bonnet
43c65b43-a662-44f7-9fed-c6c46e93282e,ceef6d97-26fe-4163-9538-6685e98bce2e,Author,Daniel,Fürstenau
2059a3e4-357a-41e0-ac76-adc739f76377,,Author,Daniel,Cermak-Sassnerath
02d56518-170f-485b-9adb-3aa3dea795e6,,Author,John Paulin,Hansen
02d56518-170f-485b-9adb-3aa3dea795e6,5ad9c220-e37f-443a-8a31-fc4abf365db5,Author,Dan,Witzner Hansen
9cab63bf-3d77-4565-9068-3507a893e38c,,Author,Matthew,Skala
b56fcbfa-26a0-44e1-9e61-11314dd916e1,,Author,Matthew,Skala
627693fa-09c3-43d4-b6e6-5fbbb44133fb,,Author,Afsaneh,Doryab
627693fa-09c3-43d4-b6e6-5fbbb44133fb,,Author,Jakob Eyvind,Bardram
8c6af230-a98e-4596-accd-38321feb2897,,Author,Afsaneh,Doryab
8c6af230-a98e-4596-accd-38321feb2897,,Author,Jakob Eyvind,Bardram
957260ad-32c4-444c-9f01-10faf6373109,,Author,Afsaneh,Doryab
957260ad-32c4-444c-9f01-10faf6373109,,Author,Julian,Togelius
957260ad-32c4-444c-9f01-10faf6373109,,Author,Jakob Eyvind,Bardram
62d2db53-4f10-487a-8eb3-c71fbe4120fd,,Author,Afsaneh,Doryab
62d2db53-4f10-487a-8eb3-c71fbe4120fd,,Author,Mads,Frost
62d2db53-4f10-487a-8eb3-c71fbe4120fd,,Author,Jakob,Bardram
aec8727e-3605-4e6d-bb5a-9c22a42102e5,,Author,Afsaneh,Doryab
8b7e02e1-b8e2-46b0-b933-4e7097c2bacc,,Author,John,Gøtze
da48d82e-abe1-4823-9e6b-88446b343c81,,Author,John,Gøtze
d26f4ae8-d1a0-46f8-8ad4-9efdb78ba84d,f11b0cc1-ad9f-4b12-b805-65b70e5bcd65,Author,Rachel,Douglas-Jones
3c900633-82f9-4e14-814e-192fc3971625,f11b0cc1-ad9f-4b12-b805-65b70e5bcd65,Author,Rachel,Douglas-Jones
50fe0c0f-7961-42cf-83a7-2059973d1482,f11b0cc1-ad9f-4b12-b805-65b70e5bcd65,Author,Rachel,Douglas-Jones
550fc457-f015-4cc2-a7fd-1bb36649028a,f11b0cc1-ad9f-4b12-b805-65b70e5bcd65,Author,Rachel,Douglas-Jones
f8d48ffe-77e4-4d1f-80e0-e9be849696ed,f11b0cc1-ad9f-4b12-b805-65b70e5bcd65,Author,Rachel,Douglas-Jones
334298af-8e3d-43e8-8328-18c671eea34a,f11b0cc1-ad9f-4b12-b805-65b70e5bcd65,Author,Rachel,Douglas-Jones
942e0403-59e7-444c-93ad-4777745747aa,f11b0cc1-ad9f-4b12-b805-65b70e5bcd65,Author,Rachel,Douglas-Jones
ab4ece3b-7d5d-4055-ab2a-b158353d8df4,f11b0cc1-ad9f-4b12-b805-65b70e5bcd65,Author,Rachel,Douglas-Jones
b042118f-c66d-4ecd-b08e-b03344afc0b9,f11b0cc1-ad9f-4b12-b805-65b70e5bcd65,Author,Rachel,Douglas-Jones
3bc31cd3-4b93-4231-8bbc-5da2dfdf24a7,f11b0cc1-ad9f-4b12-b805-65b70e5bcd65,Author,Rachel,Douglas-Jones
cd2b9d19-ed90-41b2-b137-5e5fbcf8f145,f11b0cc1-ad9f-4b12-b805-65b70e5bcd65,Author,Rachel,Douglas-Jones
9677d608-290e-4044-b48c-5a122e149f26,f11b0cc1-ad9f-4b12-b805-65b70e5bcd65,Author,Rachel,Douglas-Jones
434ca7be-fac7-4c44-a1d2-399ce958a1d1,f11b0cc1-ad9f-4b12-b805-65b70e5bcd65,Author,Rachel,Douglas-Jones
434ca7be-fac7-4c44-a1d2-399ce958a1d1,,Author,John Mark,Burnett
434ca7be-fac7-4c44-a1d2-399ce958a1d1,e9d14210-bc71-4824-b7cf-fd1448d022ab,Author,Marisa,Cohn
434ca7be-fac7-4c44-a1d2-399ce958a1d1,d55dab65-fffe-4da4-a383-cfcf5ee3a8cd,Author,Christopher,Gad
434ca7be-fac7-4c44-a1d2-399ce958a1d1,5041f387-908f-4845-9f79-3a6dbd527f4b,Author,Michael,Hockenhull
434ca7be-fac7-4c44-a1d2-399ce958a1d1,,Author,Bastian,Jørgensen
434ca7be-fac7-4c44-a1d2-399ce958a1d1,2efbc294-1ce4-4148-a403-93fe6450d879,Author,James,Maguire
434ca7be-fac7-4c44-a1d2-399ce958a1d1,,Author,Mace,Ojala
434ca7be-fac7-4c44-a1d2-399ce958a1d1,,Author,Brit Ross,Winthereik
36c717a2-393e-4de3-bc42-c26f101a29f5,f11b0cc1-ad9f-4b12-b805-65b70e5bcd65,Author,Rachel,Douglas-Jones
1205a86b-16a7-432d-824e-4fd77d20c7c9,f11b0cc1-ad9f-4b12-b805-65b70e5bcd65,Author,Rachel,Douglas-Jones
93a27b7a-d8eb-4668-b09d-db208e006143,f11b0cc1-ad9f-4b12-b805-65b70e5bcd65,Author,Rachel,Douglas-Jones
ceebaa47-9a30-4643-9ca4-c3a7ced31b6d,f11b0cc1-ad9f-4b12-b805-65b70e5bcd65,Author,Rachel,Douglas-Jones
0064c3c1-b2cc-44c7-bca3-fdd84be66b64,f11b0cc1-ad9f-4b12-b805-65b70e5bcd65,Author,Rachel,Douglas-Jones
4682a512-5041-4452-890d-ba679b6fc207,f11b0cc1-ad9f-4b12-b805-65b70e5bcd65,Author,Rachel,Douglas-Jones
ef59bfa8-a69e-49b8-98eb-29df7a0412fc,f11b0cc1-ad9f-4b12-b805-65b70e5bcd65,Editor,Rachel,Douglas-Jones
cc8621d8-7080-4bbf-a595-66d92cf5bcf5,f11b0cc1-ad9f-4b12-b805-65b70e5bcd65,Editor,Rachel,Douglas-Jones
cc8621d8-7080-4bbf-a595-66d92cf5bcf5,,Editor,Marie,Blønd
cc8621d8-7080-4bbf-a595-66d92cf5bcf5,,Editor,Luuk,Blum
b5c861e2-3c0c-420a-965f-d4775b7129dc,f11b0cc1-ad9f-4b12-b805-65b70e5bcd65,Author,Rachel,Douglas-Jones
761e3211-1789-4a5c-957d-c0c16017697f,f11b0cc1-ad9f-4b12-b805-65b70e5bcd65,Author,Rachel,Douglas-Jones
b67f8b25-9ce2-47b7-a5f7-5975926be07c,f11b0cc1-ad9f-4b12-b805-65b70e5bcd65,Author,Rachel,Douglas-Jones
b3a5b40f-46d4-44e4-b752-8f7ee20c1f8c,f11b0cc1-ad9f-4b12-b805-65b70e5bcd65,Editor,Rachel,Douglas-Jones
064edad1-564c-4322-ad87-950878b7d991,f11b0cc1-ad9f-4b12-b805-65b70e5bcd65,Author,Rachel,Douglas-Jones
cb552553-c5e8-4f10-8a71-a00ea1fff475,f11b0cc1-ad9f-4b12-b805-65b70e5bcd65,Author,Rachel,Douglas-Jones
86685709-2793-4f7a-aa1c-f80a8d57a86a,f11b0cc1-ad9f-4b12-b805-65b70e5bcd65,Author,Rachel,Douglas-Jones
e65bd343-7160-41c2-a37d-8d61c469821a,f11b0cc1-ad9f-4b12-b805-65b70e5bcd65,Author,Rachel,Douglas-Jones
711e4444-5f30-43d1-96a7-2c354602ea71,f11b0cc1-ad9f-4b12-b805-65b70e5bcd65,Author,Rachel,Douglas-Jones
711e4444-5f30-43d1-96a7-2c354602ea71,b614ac6f-eefa-44a3-8b9a-092b88d86d37,Author,Baki,Cakici
711e4444-5f30-43d1-96a7-2c354602ea71,e9d14210-bc71-4824-b7cf-fd1448d022ab,Author,Marisa,Cohn
711e4444-5f30-43d1-96a7-2c354602ea71,6c543b1d-8137-489d-b444-d17921fc9de9,Author,Simy Kaur,Gahoonia
711e4444-5f30-43d1-96a7-2c354602ea71,3ef9211c-34b2-4061-ba59-c5800d6a5b32,Author,Cæcilie Sloth,Laursen
e8ffa60b-ce20-4c20-ba5b-0467d694e80f,f11b0cc1-ad9f-4b12-b805-65b70e5bcd65,Author,Rachel,Douglas-Jones
fe3ae574-38a0-4d6f-bf09-9e91d8b5df53,f11b0cc1-ad9f-4b12-b805-65b70e5bcd65,Author,Rachel,Douglas-Jones
26796229-2aa4-491c-b755-5e0d441cadae,f11b0cc1-ad9f-4b12-b805-65b70e5bcd65,Editor,Rachel ,Douglas-Jones
4b5738ef-4f74-4c49-aaa1-045ea3652dbe,f11b0cc1-ad9f-4b12-b805-65b70e5bcd65,Author,Rachel ,Douglas-Jones
56986d8e-a353-4e00-9fde-51a96c6566de,f11b0cc1-ad9f-4b12-b805-65b70e5bcd65,Editor,Rachel ,Douglas-Jones
56986d8e-a353-4e00-9fde-51a96c6566de,605b59ab-91b4-4f8e-bb12-df68ce0491c5,Editor,Cancan ,Wang
8547ebcb-2437-4a56-aafe-95aa8c4e3d81,f11b0cc1-ad9f-4b12-b805-65b70e5bcd65,Author,Rachel ,Douglas-Jones
7824f390-e267-11de-a523-000ea68e967b,,Author,Anders,Drachen
7824f390-e267-11de-a523-000ea68e967b,,Author,Alessandro,Canossa
7824f390-e267-11de-a523-000ea68e967b,,Author,Georgios N.,Yannakakis
81ee2330-1e3d-11df-b794-000ea68e967b,,Author,Anders,Drachen
12e1ae70-1e3e-11df-b794-000ea68e967b,,Author,Anders,Drachen
1cf47540-1e3f-11df-b794-000ea68e967b,,Author,Anders,Drachen
dcd78910-1e3f-11df-b794-000ea68e967b,,Author,Anders,Drachen
dcd78910-1e3f-11df-b794-000ea68e967b,,Author,Georgios N.,Yannakakis
dcd78910-1e3f-11df-b794-000ea68e967b,,Author,Arnav Harish,Jhala
897990f0-1e40-11df-b794-000ea68e967b,,Author,Anders,Drachen
d5ae6d50-1e41-11df-b794-000ea68e967b,,Author,Anders,Drachen
4151f810-1e42-11df-b794-000ea68e967b,,Author,Anders,Drachen
dcfd0b10-1e42-11df-b794-000ea68e967b,,Author,Anders,Drachen
9dfbc810-1e43-11df-b794-000ea68e967b,,Author,Anders,Drachen
e7b58fcf-35af-4cf4-94fd-8286c2de963d,,Author,Anders,Drachen
e7b58fcf-35af-4cf4-94fd-8286c2de963d,,Author,Georgios N.,Yannakakis
65ded193-a440-4d60-b714-236e7a2f576c,cf5e1d64-5489-4534-ba34-8dba5fd354a6,Author,Paolo,Burelli
1a148f45-1a37-4266-a6d3-eca36d233c2c,e726f512-d3fd-4d89-962a-3aa9f532a52f,Author,Toine,Bogers
b48f4596-578e-4e33-804d-c344f1f59d81,1e0534b4-fe3e-4c5e-ad6d-5f1c7df6a14e,Author,Erik,Grönvall
444e9670-da0b-11de-b0f9-000ea68e967b,,Author,Lars,Birkedal
70f07c5d-4b33-40d8-8dda-c890d4e9b2f9,,Author,Lars,Birkedal
4c0d7896-5edf-44c2-a7f7-7bd2dcc0902f,,Author,Lars,Birkedal
cebc5ef9-02b8-4407-b40c-3f5c742b31f0,,Author,Lars,Birkedal
1a49105f-91fc-4903-939a-9a78702f0419,,Author,Lars,Birkedal
8749a9ec-084c-4de3-b526-698b3ec37eba,50d4bf89-8621-4bc3-bdce-6916656c12fa,Author,Ivor,van der Hoog
8749a9ec-084c-4de3-b526-698b3ec37eba,ab7600cd-0bd2-4d86-9def-2c6fd1ade1c5,Author,Eva,Rotenberg
f4dfe0ba-fcc6-41d1-a292-389e18faddef,c40e1e8a-50ee-4a7c-b7f0-2fc0fdd62adc,Author,Anna,Gladkova
660e85aa-5349-4ae5-b894-93ac233b0e9f,c40e1e8a-50ee-4a7c-b7f0-2fc0fdd62adc,Author,Anna,Gladkova
7e432bc3-ac47-4b5e-9173-98ff238ca5d6,c40e1e8a-50ee-4a7c-b7f0-2fc0fdd62adc,Author,Anna,Gladkova
082d49f1-9643-4c33-b82e-8f3cbd4bf5e8,,Author,Aaron,Duane
082d49f1-9643-4c33-b82e-8f3cbd4bf5e8,bd52cb95-025e-4106-9c13-1345c76dcbfe,Author,Björn Thór,Jónsson
1397a135-e602-454d-b6f6-7aeecec42ea0,,Author,Aaron,Duane
1397a135-e602-454d-b6f6-7aeecec42ea0,bd52cb95-025e-4106-9c13-1345c76dcbfe,Author,Björn Thór,Jónsson
efcef5e8-b1ae-4789-9657-4afdc7e8d31a,,Author,Aaron,Duane
efcef5e8-b1ae-4789-9657-4afdc7e8d31a,bd52cb95-025e-4106-9c13-1345c76dcbfe,Author,Björn Thór,Jónsson
5c269ef6-9fd9-48eb-a763-d6c941a5d94e,,Author,Thorsten,Berger
5b034e22-48dc-4d3e-a774-255516e5d3f9,a0f5a47c-1073-4c01-b62d-51b767f01d69,Author,Melanie,Duckert
5b034e22-48dc-4d3e-a774-255516e5d3f9,831421c0-027f-4a25-b795-ee2fce0c8d2a,Author,Louise,Barkhuus
b9104821-7633-45fd-96a4-6c9aead11a03,a0f5a47c-1073-4c01-b62d-51b767f01d69,Author,Melanie,Duckert
b9104821-7633-45fd-96a4-6c9aead11a03,831421c0-027f-4a25-b795-ee2fce0c8d2a,Author,Louise,Barkhuus
67add7ff-afc2-4544-954f-d68a862088fc,a0f5a47c-1073-4c01-b62d-51b767f01d69,Author,Melanie,Duckert
67add7ff-afc2-4544-954f-d68a862088fc,831421c0-027f-4a25-b795-ee2fce0c8d2a,Author,Louise,Barkhuus
d263e901-5a94-4320-843f-41b5be8dc229,a0f5a47c-1073-4c01-b62d-51b767f01d69,Author,Melanie,Duckert
085d38b9-f547-4c59-b544-2b5b8ca713b7,a0f5a47c-1073-4c01-b62d-51b767f01d69,Author,Melanie,Duckert
96573696-5893-4452-9ace-2c774c3ffeaf,a0f5a47c-1073-4c01-b62d-51b767f01d69,Author,Melanie,Duckert
96573696-5893-4452-9ace-2c774c3ffeaf,831421c0-027f-4a25-b795-ee2fce0c8d2a,Author,Louise,Barkhuus
ef55f0e5-5081-487b-a249-90f43ce18b4e,a0f5a47c-1073-4c01-b62d-51b767f01d69,Author,Melanie,Duckert
2d2a9345-5f09-44d0-b91b-c62f466fcd04,,Author,Peter,Eklund
bf3d6e96-c710-4e46-9b16-a3ccba4b3e2d,,Author,Peter,Eklund
87b5dd8b-3294-4ef5-90e3-8010f9181843,,Author,Peter,Eklund
394eb65f-abc5-4855-b152-22ff83f219a7,,Author,Peter,Eklund
08dbaa73-af5f-4ced-a310-a964a3f9d45f,,Author,Peter,Eklund
e9df9c4f-04b7-4b14-81bc-21bcaece2054,,Author,Peter,Eklund
bbf90d66-ac72-4bdc-bc8a-3ea92e978eb4,,Author,Pernille,Kræmmergaard
7117b1d2-8002-4304-9733-cec67a6907ce,,Author,Pernille,Kræmmergaard
d5aa09db-7ecb-4a69-aa00-6ea5cc6d2a6c,,Author,Daniel,Cermak-Sassenrath
6489aaa1-f740-45e8-91ed-860189318af2,,Author,Lene,Pries-Heje
58a42470-21e0-4566-a7f4-b5ed073329c8,,Author,Miguel Gonzalez,Duque
58a42470-21e0-4566-a7f4-b5ed073329c8,,Author,Rasmus,Berg Palm
58a42470-21e0-4566-a7f4-b5ed073329c8,a420ffb3-2ca6-4925-a25f-baaa5228fc15,Author,Sebastian,Risi
33b4764c-7f53-4b86-b4ba-bbfdc811435e,,Author,Miguel Gonzalez,Duque
988c235f-f7e6-4815-8928-ab6363f9c2e9,82f8ffa4-b7d6-490d-b3b4-2c68b79cd77a,Author,Megan Lynn,Maurer
ffb320f5-5c87-48cc-97a9-981b65324838,,Author,Matthew,Skala
d59f305b-8060-489e-b061-a0ad689f6dc2,,Author,Matthew,Skala
eb7f905c-2432-4e7c-a545-bf9675cd919a,,Author,Matthew,Skala
374cd2ef-1b97-4831-99d0-0cc506ea7b6a,,Author,Matthew,Skala
a98af4fb-efd1-456d-8bbc-b9ad8a3d05c9,,Author,Matthew,Skala
325a336b-c12e-435d-869d-5ab2120d054f,,Author,Matthew,Skala
2631031b-01e0-4fda-92eb-496599fe7289,,Author,Matthew,Skala
1570b3be-1452-43c4-9883-3dee6e9c50f7,,Author,Matthew,Skala
5a32e2fb-5a71-46e2-bcb6-209800314a24,,Author,Matthew,Skala
d4bbf2e3-ca45-4a3e-915c-82b333cb67a8,,Author,Matthew,Skala
89603ca3-5dd0-44ad-8f4a-3481e23b5db0,,Author,Matteo,Dusefante
89603ca3-5dd0-44ad-8f4a-3481e23b5db0,e6f70fb0-caf1-4736-b583-b0777bc1390f,Author,Riko,Jacob
797cfe1b-2eea-437a-90e5-869458fe0b28,,Author,Matteo,Dusefante
794a1826-1cdb-4657-862b-ef8d20b623d2,3ec363e3-83f0-4dd8-9b2d-b87a7d34dc55,Author,Eleni Tzirita,Zacharatou
ef94986d-6572-4fe0-8a9e-dbc302080cf5,63342b24-28ec-40c5-a7d9-ec49867dc75d,Author,Pınar,Tözün
5635b6e8-b84e-4ce1-9182-421908da4b83,,Author,Javier San,Agustin
5635b6e8-b84e-4ce1-9182-421908da4b83,,Author,John Paulin,Hansen
24bb8e70-cff5-4bff-bf8d-e9a904b1bb1e,39f7afe3-fd9c-4ac5-8ba1-fa2f2826ab8c,Author,Paloma,Thomé de Lima
84cedf4b-867d-4bf6-8aba-75f438e76ab7,50d4bf89-8621-4bc3-bdce-6916656c12fa,Author,Ivor,van der Hoog
7433b1be-ac3c-4b5e-b4fa-f46e77875ff8,785a7089-e58e-4aaa-986d-ae0e615ba508,Author,Leon,Derczynski
1d1e0ed0-13e2-11df-a523-000ea68e967b,,Author,Simon,Egenfeldt-Nielsen
052c3e30-1565-11df-a523-000ea68e967b,,Author,Simon,Egenfeldt-Nielsen
acff31d0-1565-11df-a523-000ea68e967b,,Author,Simon,Egenfeldt-Nielsen
236a49e0-1566-11df-a523-000ea68e967b,,Author,Simon,Egenfeldt-Nielsen
7f743660-8091-11df-b794-000ea68e967b,,Author,Simon,Egenfeldt-Nielsen
0ab3ebe2-daa1-4bb3-a4ed-f217fef0cc0e,,Author,Simon,Egenfeldt-Nielsen
0ab3ebe2-daa1-4bb3-a4ed-f217fef0cc0e,,Author,Susana,Pajares Tosca
5ca50da0-e3ff-11de-a523-000ea68e967b,10003d22-a201-4b64-88e3-b423bc76fcc2,Author,Rasmus Ejlers,Møgelberg
326c0b70-e403-11de-a523-000ea68e967b,10003d22-a201-4b64-88e3-b423bc76fcc2,Author,Rasmus Ejlers,Møgelberg
cfbfa68e-7db2-439e-9bd8-f846578d1ea6,2575c800-642d-4984-9c56-41601cf07a26,Author,Søren,Knudsen
9e6d557f-a9ca-48e7-a7a8-16624512b4ae,,Author,Joachim,Halse
9e6d557f-a9ca-48e7-a7a8-16624512b4ae,a4c1604d-b01f-46ef-baf3-74d2a8046d6b,Author,Jörn,Messeter
9e6d557f-a9ca-48e7-a7a8-16624512b4ae,,Author,Lone,Malmborg
54d4898f-ea9d-4391-b0c2-dec9ac0b42d9,,Author,Laura,Watts
b9588453-ad6f-4c76-86c0-d2c0da5fbc36,c90e23c6-5bf4-4d6f-97d8-b162b8a5b03e,Author,Thomas,Binder
e0d2c492-ca5b-457c-afd9-74d210ab69f6,1c4bfd79-4336-4b17-a672-9acb465f15c0,Author,Veronika,Cheplygina
3207380d-143d-42dc-83a8-59f655c4d42c,37d49222-56d7-4c65-8d52-3638544511cf,Author,Jens Christian,Godskesen
3207380d-143d-42dc-83a8-59f655c4d42c,,Author,Lei,Song
bfff5bed-3cd1-4809-a72d-3e99d0361818,6ec63914-1f4e-4708-8830-1b054c2ee03a,Author,Irina,Papazu
2962777d-80c6-4130-a6a6-82cfda3c026e,,Author,Peter,Eklund
9c2b63f9-c83e-4148-bceb-6784492d9c90,,Author,Peter,Eklund
8f50f3b3-8244-44ef-8b7a-4ff1d2f4e926,,Author,Peter,Eklund
9c35f35a-7fa7-4da6-9a0d-da659566db12,,Author,Peter,Eklund
d4086fe3-38aa-4a57-8216-d5d8edf47e1f,,Author,Peter,Eklund
6770190e-4196-417a-931a-ecc0b57fcf82,,Author,Peter,Eklund
ac8a36eb-430f-4757-ae57-8d29ed307735,,Author,Peter,Eklund
6d72671e-22be-4e02-89db-d61db6b4b799,,Author,Peter,Eklund
f9880028-bca7-4232-8e17-6c6c0941ab85,,Author,Peter,Eklund
418a1625-601f-4828-909f-701835c5580b,,Author,Peter,Eklund
ee4587e1-3a5e-4046-bd92-1ead4b3d3e98,,Author,Peter,Eklund
413d763c-938d-4e4a-ba1d-c925ea64fedd,,Author,Peter,Eklund
40da9590-60d1-4932-9205-5e0e1495ed8a,,Editor,Peter,Eklund
5f2f1568-8774-40fa-9019-0f34ba95cdcf,,Author,Peter,Eklund
27cf0a84-408e-4335-9166-185e5d263726,,Author,Peter,Eklund
0b265550-7f10-4544-bf8d-95c5f486bb51,,Author,Peter,Eklund
40bd54fc-2ebb-473c-a7fa-47ec7797df48,,Author,Peter,Eklund
c4ec5587-1fe7-41a4-be22-16ae80d21959,,Author,Roman,Beck
13e3c73f-2419-4f91-9e12-d5fd6dd8b302,,Author,Petros,Ioannidis
13e3c73f-2419-4f91-9e12-d5fd6dd8b302,22ec9269-2fff-4dbf-a9c7-5037559a15ee,Author,Anders Sundnes,Løvlie
9024e3e2-a0df-42e9-9663-c244f48ccdc9,,Editor,Peter,Eklund
b7e690e4-d34c-494a-8ce5-bbf212b5b81e,,Author,Peter,Eklund
764f2eec-6ded-446e-87da-a6b1a14788cb,efa39e70-a80a-4780-b151-ba31b01726bb,Author,Per B.,Brockhoff
345f4cdc-5a74-435a-aa13-7153d6be1015,,Author,Iman,Elghandour
31f3945d-99ee-4f26-afcd-4b69f4ae8b0a,1c4bfd79-4336-4b17-a672-9acb465f15c0,Author,Veronika,Cheplygina
38092945-382b-4ccd-a378-54a523b844a2,,Author,Pernille,Bjørn
40c3b42b-b258-47ce-92a6-263a0b553dfe,410df04c-bc1d-4cd3-9726-c35469ddab8c,Author,Aske,Mottelson
110796bb-478b-42bc-b416-aadb6386a4cc,e23e8096-59cb-4ef6-af48-ce9d806fd1eb,Author,Nanna,Inie
49c93299-9e78-4314-9578-1f4bee9e554c,02fbfd2f-9290-41dc-b82e-fcc2abcd9b2a,Author,Laura,Weihl
49c93299-9e78-4314-9578-1f4bee9e554c,1c4bfd79-4336-4b17-a672-9acb465f15c0,Author,Veronika,Cheplygina
5b1da47f-f39f-495a-b0b7-9ae420b511aa,,Author,Pernille,Kræmmergaard
0cccd640-e94c-11dd-8987-000ea68e967b,,Author,Ebbe,Elsborg
0cccd640-e94c-11dd-8987-000ea68e967b,d30b96a8-4f1e-44fa-9bf5-0209bedf0268,Author,Thomas,Hildebrandt
d7ea5840-e95e-11dd-8987-000ea68e967b,,Author,Ebbe,Elsborg
d7ea5840-e95e-11dd-8987-000ea68e967b,d30b96a8-4f1e-44fa-9bf5-0209bedf0268,Author,Thomas,Hildebrandt
ec647983-8d80-46b4-91e0-89f2a711bed6,,Author,Ebbe,Elsborg
842f19e0-1e3a-11df-b794-000ea68e967b,,Author,Ebbe,Elsborg
b424a4fa-a8f4-4aca-a1b7-9b6b3f23edca,,Author,Niels,Hallenberg
ccc1b7df-1d01-4f0e-8516-eb456fd617ba,,Author,Pernille,Kræmmergaard
44bf26c0-f2c5-11dd-8987-000ea68e967b,,Author,Jessica,Enevold
a6f2bc10-f8f3-11dd-9b71-000ea68e967b,,Author,Jessica,Enevold
1c3581f0-f90e-11dd-b964-000ea68e967b,,Author,Jessica,Enevold
1c3581f0-f90e-11dd-b964-000ea68e967b,,Author,Espen,Aarseth
a1de4620-f90e-11dd-b964-000ea68e967b,,Author,Jessica,Enevold
a1de4620-f90e-11dd-b964-000ea68e967b,,Author,Espen,Aarseth
5746b420-f90f-11dd-b964-000ea68e967b,,Author,Jessica,Enevold
2c3867f0-f910-11dd-b964-000ea68e967b,,Author,Jessica,Enevold
e189f290-f910-11dd-b964-000ea68e967b,,Author,Jessica,Enevold
9f17156f-eff9-4fef-9ac0-85c2b2618d4d,,Author,Felix Theodor,Engelmann
89d2d800-fefc-4de3-96b6-56d1aa2dad9b,,Author,Simeon,Keates
feb35dd6-335b-463a-a4a2-5c2ac6d11525,35dbc3d0-efc4-4935-960c-beff5c64a758,Author,Nicola,Ens
b1618320-77db-4c92-b34f-890edf39d18c,35dbc3d0-efc4-4935-960c-beff5c64a758,Author,Nicola,Ens
4aa8648f-d050-4346-ad9d-7f8ff735683b,35dbc3d0-efc4-4935-960c-beff5c64a758,Author,Nicola,Ens
141d8d61-0c31-4476-9cb7-159f29624f08,35dbc3d0-efc4-4935-960c-beff5c64a758,Author,Nicola,Ens
e11e287b-34da-4cfe-949b-14652bdae243,35dbc3d0-efc4-4935-960c-beff5c64a758,Author,Nicola,Ens
7fb1a1e1-5a80-401f-99a7-0503065e721a,35dbc3d0-efc4-4935-960c-beff5c64a758,Author,Nicola,Ens
217849c4-1b62-489d-91ee-5eb3f76e6579,35dbc3d0-efc4-4935-960c-beff5c64a758,Author,Nicola,Ens
e0971cc8-961a-412e-af6f-cce89ef14164,35dbc3d0-efc4-4935-960c-beff5c64a758,Author,Nicola,Ens
4c5cb892-ebc5-4b6c-b0a7-1d2fa7ea4db2,35dbc3d0-efc4-4935-960c-beff5c64a758,Author,Nicola,Ens
86550444-44b0-430d-8276-b0fa871d83cc,35dbc3d0-efc4-4935-960c-beff5c64a758,Author,Nicola,Ens
6cf9c84b-017f-4e9a-8a21-bc857685578a,35dbc3d0-efc4-4935-960c-beff5c64a758,Author,Nicola,Ens
8d40506a-785d-4905-9144-b1956f38751b,35dbc3d0-efc4-4935-960c-beff5c64a758,Author,Nicola ,Ens
b5e8bddb-1aad-41b2-bebc-611e728bf992,,Author,Lea,Enslev
b5e8bddb-1aad-41b2-bebc-611e728bf992,,Author,Brit Ross,Winthereik
7364ee8f-ca97-4f9d-936b-d3767c57943d,,Author,Lea,Enslev
7364ee8f-ca97-4f9d-936b-d3767c57943d,70f3c85a-9cd2-40b4-bed9-5e2a75609421,Author,Sisse,Finken
03b9fb51-1fba-413c-be03-f8296ae9c221,cf6cfa0b-e3ac-4164-8de2-b956d8e23825,Author,Elisa,Mekler
75e7a2fa-2ce2-4221-8955-19d6142e109b,efa39e70-a80a-4780-b151-ba31b01726bb,Author,Per B.,Brockhoff
45979084-4698-4057-8d33-a5a5b68727fe,50d4bf89-8621-4bc3-bdce-6916656c12fa,Author,Ivor,van der Hoog
ffdfd394-6ff5-43ca-8762-c7d052a8605a,50d4bf89-8621-4bc3-bdce-6916656c12fa,Author,Ivor,van der Hoog
f2765471-84d3-4928-988b-cba43e552363,f2136570-f73c-446f-9fb0-6d9e461e2124,Author,Yvonne,Dittrich
b7436e20-6257-11de-8664-000ea68e967b,f2136570-f73c-446f-9fb0-6d9e461e2124,Author,Yvonne,Dittrich
1d493f5f-d923-42e1-bd2d-2217dae53a92,,Author,Dag,Svanaes
54af2a01-e2b6-46dc-ae84-773a7a0de7f3,f2136570-f73c-446f-9fb0-6d9e461e2124,Author,Yvonne,Dittrich
dcf4870d-2b30-40c3-b077-8401f0ae1506,98276178-6706-48d0-8281-3bd487014112,Author,Inna,Ermilova
c6f2de96-fd25-44a3-8d43-9da31e9aa2b6,98276178-6706-48d0-8281-3bd487014112,Author,Inna,Ermilova
61d4cbf6-f63a-488a-9dd8-a9a030cbbfc2,98276178-6706-48d0-8281-3bd487014112,Author,Inna,Ermilova
d788dbd9-a45a-44de-aab6-6ba1660fa414,98276178-6706-48d0-8281-3bd487014112,Author,Inna,Ermilova
b997380f-e84b-47c4-a209-5a1cf6d3b0fe,98276178-6706-48d0-8281-3bd487014112,Author,Inna,Ermilova
42b2869d-cf6a-477e-a344-d1caf67c6cb9,98276178-6706-48d0-8281-3bd487014112,Author,Inna,Ermilova
d019f40b-7d7b-4d07-abe1-11dc1a95ddba,98276178-6706-48d0-8281-3bd487014112,Author,Inna,Ermilova
dffc0a36-bd01-4452-a909-eb3969f8ffe1,98276178-6706-48d0-8281-3bd487014112,Author,Inna,Ermilova
0e2b1430-ee4f-4ee0-a696-166632a8e9d9,98276178-6706-48d0-8281-3bd487014112,Author,Inna,Ermilova
be4ade71-fffb-4d7f-87ae-a644be8b9ec9,98276178-6706-48d0-8281-3bd487014112,Author,Inna,Ermilova
59971c74-be54-4bd5-af33-65a060cc38ec,98276178-6706-48d0-8281-3bd487014112,Author,Inna,Ermilova
5b8e64bd-a2ec-4ffa-b411-762efe914fb0,98276178-6706-48d0-8281-3bd487014112,Author,Inna,Ermilova
41190e0a-940a-4b68-9720-adc813cc9c52,98276178-6706-48d0-8281-3bd487014112,Author,Inna,Ermilova
1bd0d9ae-6947-467e-89d0-3275b8679bdd,98276178-6706-48d0-8281-3bd487014112,Author,Inna,Ermilova
0d06ba2e-6935-429e-89f3-d0b6a1e1c9a6,98276178-6706-48d0-8281-3bd487014112,Author,Inna,Ermilova
9a7d95e0-86b4-4013-8ac6-9afe8604d9d0,98276178-6706-48d0-8281-3bd487014112,Author,Inna,Ermilova
8c438f44-0472-41d5-a692-8bd8865318ce,98276178-6706-48d0-8281-3bd487014112,Author,Inna,Ermilova
c98dc056-7842-46d0-86d4-330cb5f9e0a5,98276178-6706-48d0-8281-3bd487014112,Author,Inna,Ermilova
f35c9c67-27c5-492c-ae26-eb6bdda3f510,98276178-6706-48d0-8281-3bd487014112,Author,Inna,Ermilova
a11ff040-30e3-4c1d-9d21-ebb5dcaed882,,Author,Martin,Ernst
2ada7d98-d985-4083-8eae-6d32b33ed864,,Author,Martin,Ernst
dceab61a-ddc7-4e10-8860-1b0a48a0bb25,,Author,Martin,Ernst
0e97bee0-24dd-405f-b865-4d6773c76b24,0cc78e11-da3d-4687-a49a-76a2ba39c292,Author,Sara Marie,Ertner
0e97bee0-24dd-405f-b865-4d6773c76b24,,Author,Lone,Malmborg
4a043461-7ba7-4c38-bbf8-c38bc7c8aed0,0cc78e11-da3d-4687-a49a-76a2ba39c292,Author,Sara Marie,Ertner
4a043461-7ba7-4c38-bbf8-c38bc7c8aed0,,Author,Lone,Malmborg
d4f0d340-8d18-4c3b-b962-79469148c192,0cc78e11-da3d-4687-a49a-76a2ba39c292,Author,Sara Marie,Ertner
d4f0d340-8d18-4c3b-b962-79469148c192,,Author,Lone,Malmborg
5ab3596e-12a8-4650-bb50-d75a791d4b16,0cc78e11-da3d-4687-a49a-76a2ba39c292,Author,Sara Marie,Ertner
7b567976-4512-4f84-9093-fecf64de9042,0cc78e11-da3d-4687-a49a-76a2ba39c292,Author,Sara Marie,Ertner
4400c5e3-0be8-453f-a282-0a9c6a8b1a6d,0cc78e11-da3d-4687-a49a-76a2ba39c292,Author,Sara Marie,Ertner
13375d82-44a2-4275-b522-65d71b5f91cd,0cc78e11-da3d-4687-a49a-76a2ba39c292,Author,Sara Marie,Ertner
5a453ef8-163c-413e-acc0-6fa6df15f09c,f6921641-1f0a-4e24-a3a9-546e3927ab72,Author,Signe Louise,Yndigegn
4284ee5a-fc24-412e-8ffe-f44963b4b12c,0cc78e11-da3d-4687-a49a-76a2ba39c292,Author,Sara Marie,Ertner
d5491450-527b-4bf3-87ea-4a38c3c74e08,0cc78e11-da3d-4687-a49a-76a2ba39c292,Author,Sara Marie,Ertner
870f4657-520c-4d91-a3d2-3b5be39ad59e,0cc78e11-da3d-4687-a49a-76a2ba39c292,Author,Sara Marie,Ertner
870f4657-520c-4d91-a3d2-3b5be39ad59e,,Author,Brit Ross,Winthereik
62b8ea0d-ab92-471a-ae9e-02c05cb1aa1a,0cc78e11-da3d-4687-a49a-76a2ba39c292,Author,Sara Marie,Ertner
62b8ea0d-ab92-471a-ae9e-02c05cb1aa1a,,Author,Stina Hasse,Jørgensen
62b8ea0d-ab92-471a-ae9e-02c05cb1aa1a,f6921641-1f0a-4e24-a3a9-546e3927ab72,Author,Signe Louise,Yndigegn
69b7cdb5-c1b2-47b1-b2f9-dd0a88587731,0cc78e11-da3d-4687-a49a-76a2ba39c292,Author,Sara Marie,Ertner
356ce93d-d91f-45e4-b870-c0945278c73f,0cc78e11-da3d-4687-a49a-76a2ba39c292,Author,Sara Marie,Ertner
356ce93d-d91f-45e4-b870-c0945278c73f,,Author,Stina Hasse,Jørgensen
356ce93d-d91f-45e4-b870-c0945278c73f,f6921641-1f0a-4e24-a3a9-546e3927ab72,Author,Signe Louise,Yndigegn
b16c52b5-2b57-4c4c-9f2f-7c3b10f3dc4b,0cc78e11-da3d-4687-a49a-76a2ba39c292,Author,Sara Marie,Ertner
0d795d6e-1fc9-48e6-871f-ffe793f42e5a,0cc78e11-da3d-4687-a49a-76a2ba39c292,Author,Sara Marie,Ertner
0d795d6e-1fc9-48e6-871f-ffe793f42e5a,f6921641-1f0a-4e24-a3a9-546e3927ab72,Author,Signe Louise,Yndigegn
0d795d6e-1fc9-48e6-871f-ffe793f42e5a,,Author,Giacomo,Poderi
0d795d6e-1fc9-48e6-871f-ffe793f42e5a,,Author,Joanna,Saad-Sulonen
0d795d6e-1fc9-48e6-871f-ffe793f42e5a,,Author,Helena,Karasti
356d9e1a-c065-44dc-9a7c-1664547f1bb5,91d18624-3489-48a8-834d-8737581b8ff2,Author,Magnus,Ibh
356d9e1a-c065-44dc-9a7c-1664547f1bb5,ad50bed7-77fd-4c7f-819c-54455506e3f0,Author,Stella,Graßhof
19f65a92-6bf6-4f4c-9806-d47033712585,0cc78e11-da3d-4687-a49a-76a2ba39c292,Author,Sara Marie,Ertner
91204033-b0c0-4a01-b352-9fbed7dd5864,0cc78e11-da3d-4687-a49a-76a2ba39c292,Author,Sara Marie,Ertner
df2683ca-4590-4e42-bfbb-99bf40096da7,,Author,Morten,Esbensen
df2683ca-4590-4e42-bfbb-99bf40096da7,,Author,Pernille,Bjørn
44046b21-7b03-4a69-9dea-aa2af6bf3028,,Author,Morten,Esbensen
44046b21-7b03-4a69-9dea-aa2af6bf3028,,Author,Jakob,Bardram
11f6202a-9863-448a-9633-f296349533ea,,Author,Morten,Esbensen
11f6202a-9863-448a-9633-f296349533ea,2b8ff3a4-e9b0-403d-8bd8-1bf26121c234,Author,Paolo,Tell
11f6202a-9863-448a-9633-f296349533ea,,Author,Jakob,Bardram
586588fb-1f33-43b8-bbec-bd6ee005b40e,,Author,Morten,Esbensen
586588fb-1f33-43b8-bbec-bd6ee005b40e,2b8ff3a4-e9b0-403d-8bd8-1bf26121c234,Author,Paolo,Tell
586588fb-1f33-43b8-bbec-bd6ee005b40e,,Author,Jacob Benjamin,Cholewa
586588fb-1f33-43b8-bbec-bd6ee005b40e,,Author,Mathias Kindsholm,Pedersen
586588fb-1f33-43b8-bbec-bd6ee005b40e,,Author,Jakob,Bardram
2b9440f1-a98c-47af-b8fb-189aeae78c43,,Author,Morten,Esbensen
1e9f566e-e736-4005-93ca-d319ba01b0bb,d3b41838-e2bf-4735-b1cd-03f60b49c7e5,Author,Søren,Debois
1e9f566e-e736-4005-93ca-d319ba01b0bb,d30b96a8-4f1e-44fa-9bf5-0209bedf0268,Author,Thomas,Hildebrandt
b9be6481-9342-419b-8f43-8d8400bd2811,,Author,Anton Mølbjerg,Eskildsen
b9be6481-9342-419b-8f43-8d8400bd2811,5ad9c220-e37f-443a-8a31-fc4abf365db5,Author,Dan Witzner,Hansen
baa5d995-0f21-430b-b589-86491fdd6599,,Author,Anton Mølbjerg,Eskildsen
baa5d995-0f21-430b-b589-86491fdd6599,5ad9c220-e37f-443a-8a31-fc4abf365db5,Author,Dan Witzner,Hansen
f5787c68-721d-45b8-8b1a-9b52f1d85e80,472021c7-73cc-44ba-a4ef-70cd2bed8601,Editor,Thore,Husfeldt
4e6292c3-335b-478e-a11e-090207d92a1e,472021c7-73cc-44ba-a4ef-70cd2bed8601,Author,Thore,Husfeldt
4c48dff1-f5aa-4cfd-9ae6-7d129782d1c9,472021c7-73cc-44ba-a4ef-70cd2bed8601,Author,Thore,Husfeldt
3ef73faa-4700-4be7-a9d3-1958327cd275,,Author,Troels Bjerre,Sørensen
ed36f9d6-475b-4166-a429-d1e64a12998e,ceef6d97-26fe-4163-9538-6685e98bce2e,Author,Daniel,Fürstenau
e98f716e-e34f-449c-ae30-f1baa04a9dec,,Author,Martin,Zachariasen
0c28634f-956f-43eb-b34f-5f7bff24874d,,Author,Martin Tvede,Zachariasen
a2ee796f-8cc0-42c0-8e77-aadbe05265f5,a39b94ff-e1b6-4b96-8404-486167a9123d,Author,Andrzej,Wasowski
c6721fcd-9910-4328-9fea-a4ff05051ca1,a39b94ff-e1b6-4b96-8404-486167a9123d,Author,Andrzej,Wasowski
93a1dd0f-9534-4e27-aea6-9849887945f0,7dd48cfe-3069-4563-bef4-ef661c18387a,Author,Andres,Faina
584b4e9b-e442-40db-b0fe-15de3ea843b5,7dd48cfe-3069-4563-bef4-ef661c18387a,Author,Andres,Faina
584b4e9b-e442-40db-b0fe-15de3ea843b5,,Author,Farzad,Nejatimoharrami
584b4e9b-e442-40db-b0fe-15de3ea843b5,2a9c0934-98ca-4101-b829-b88d77f6487e,Author,Kasper,Støy
46268fbb-aae9-4fdc-a8f4-78aa85621e5d,7dd48cfe-3069-4563-bef4-ef661c18387a,Author,Andres,Faina
8088bcfa-c179-4d3b-8ecd-868aa210de75,7dd48cfe-3069-4563-bef4-ef661c18387a,Author,Andres,Faina
10351349-c4af-4865-8965-d317fddbf1f6,7dd48cfe-3069-4563-bef4-ef661c18387a,Author,Andres,Faina
10351349-c4af-4865-8965-d317fddbf1f6,,Author,Farzad,Nejatimoharrami
10351349-c4af-4865-8965-d317fddbf1f6,2a9c0934-98ca-4101-b829-b88d77f6487e,Author,Kasper,Støy
12778aa0-01a5-46ea-b984-17eecfa4fcb4,7dd48cfe-3069-4563-bef4-ef661c18387a,Author,Andres,Faina
12778aa0-01a5-46ea-b984-17eecfa4fcb4,,Author,Lars Toft,Jacobsen
12778aa0-01a5-46ea-b984-17eecfa4fcb4,a420ffb3-2ca6-4925-a25f-baaa5228fc15,Author,Sebastian,Risi
e1f88b1b-fcd2-4e93-a144-042a7faf0927,7dd48cfe-3069-4563-bef4-ef661c18387a,Author,Andres,Faina
e1f88b1b-fcd2-4e93-a144-042a7faf0927,2a9c0934-98ca-4101-b829-b88d77f6487e,Author,Kasper,Støy
5a783546-923d-4a8b-ae00-65c1e6ec2ee0,7dd48cfe-3069-4563-bef4-ef661c18387a,Author,Andres,Faina
d647ce4e-1148-43d8-b878-151dc4c60ede,7dd48cfe-3069-4563-bef4-ef661c18387a,Author,Andres,Faina
024563e9-8f51-4a5e-8055-569b4061546f,7dd48cfe-3069-4563-bef4-ef661c18387a,Author,Andres,Faina
881b3521-20fe-4787-a543-c257783c51e0,bd52cb95-025e-4106-9c13-1345c76dcbfe,Author,Björn Thór,Jónsson
fb434896-3020-4174-aaa7-9c13d4821bf8,,Author,Alexander John,Faithfull
fb434896-3020-4174-aaa7-9c13d4821bf8,,Author,Gian David,Perrone
fb434896-3020-4174-aaa7-9c13d4821bf8,d30b96a8-4f1e-44fa-9bf5-0209bedf0268,Author,Thomas,Hildebrandt
6b9ab6df-a5d3-4612-9118-048708e55ab6,,Author,Alexander,Faithfull
6b9ab6df-a5d3-4612-9118-048708e55ab6,b2b68ce2-6257-45bf-ab48-dc17d05c885e,Author,Jesper,Bengtson
e9c3b0f8-a7f6-42be-af99-375f2df5088d,528393a3-e784-47a8-85be-c81d44c393bd,Author,Sanna,Marttila
a6a82e18-a52d-4b13-a251-4f4ff2ebece7,54728da8-274d-40e6-b119-23318d995721,Author,Hanne Westh,Nicolajsen
e0109bb3-1d35-4b42-88c7-6e0911cd59b1,54728da8-274d-40e6-b119-23318d995721,Author,Hanne Westh,Nicolajsen
541d5945-9459-40ce-a1c1-ae63ab622bfa,d4dc2c50-a749-4f5b-a3f1-763c1dc405fb,Author,Cecilie Caroline,Falch
541d5945-9459-40ce-a1c1-ae63ab622bfa,f14f4742-c9d8-4a34-b8e2-d713c3a1f437,Author,Oliver,Krancher
a2e230cf-080e-4904-a7fc-820f89a5b358,d4dc2c50-a749-4f5b-a3f1-763c1dc405fb,Author,Cecilie Caroline,Falch
a2e230cf-080e-4904-a7fc-820f89a5b358,f14f4742-c9d8-4a34-b8e2-d713c3a1f437,Author,Oliver,Krancher
b1194469-9574-4333-9651-e2da2018b6e0,d4dc2c50-a749-4f5b-a3f1-763c1dc405fb,Author,Cecilie Caroline,Falch
0e1042b6-d16d-4e39-9d08-0e149459c28d,,Author,Mia,Falch Yates
6bd62bc7-c8c1-4ca0-98a5-6881ff2efaac,,Author,Mia,Falch Yates
a5211307-6851-4fac-a225-e549d2fd0f63,,Author,Mia,Falch Yates
eb624d31-3bae-4f3a-94d1-6bf8d5f8b5ce,,Author,Mia,Falch Yates
a8627b43-517b-46d3-acad-10483434ecab,,Author,Mia,Falch Yates
bc028237-e5ee-4c45-bbe5-1487d50062f0,,Author,Mia,Falch Yates
ee95f824-72b8-4f89-bc48-aa0a0e629004,,Author,Mia,Falch Yates
c0851b38-def9-4ac3-be59-b589ac400bd1,,Author,Mia,Falch Yates
c0851b38-def9-4ac3-be59-b589ac400bd1,22ec9269-2fff-4dbf-a9c7-5037559a15ee,Author,Anders Sundnes,Løvlie
c47c346f-aed2-429c-b7f6-99d84ab1ca12,,Author,Mia,Falch Yates
6b905d65-8096-48d7-9cc9-88a9a22dc7ba,,Author,Muhammad,Ali Babar
b8402dbc-1e56-4666-9a2f-080d4af3cf6b,e23e8096-59cb-4ef6-af48-ce9d806fd1eb,Author,Nanna,Inie
38255c81-c20e-4ccd-b815-6ae4a9b22e70,,Author,Felix Theodor,Engelmann
302353c9-6d61-4538-bb09-93f203821251,,Author,Martin Tvede,Zachariasen
039c5387-d4ae-4ac8-b9fe-a1cbad861774,,Author,Martin Tvede,Zachariasen
f56097ab-92c6-4e81-93d9-9b78ec1088eb,1b45e3f5-b8cd-4c0d-a444-2901304f76ee,Author,Luca,Rossi
1c9a0790-2298-4708-9c76-0ea33d500aa2,,Author,Ahmad,Ghazawneh
7117ba3f-0761-4978-808e-cbfd687e04e2,6596de1d-ea29-4252-a22e-f98cf28090c6,Author,Dennis Thomas,Ulmer
abbcf666-f8de-49f9-b351-61bca6235e55,,Author,Johan,Farkas
abbcf666-f8de-49f9-b351-61bca6235e55,,Author,Jannick,Schou
cd1e8edc-177e-4aa3-b2a2-e56569ffcab1,,Author,Johan,Farkas
cd1e8edc-177e-4aa3-b2a2-e56569ffcab1,,Author,Jannick,Schou
cd1e8edc-177e-4aa3-b2a2-e56569ffcab1,,Author,Lisbeth,Klastrup
ceaeda02-d11b-4f01-bff6-ac24bf83285b,,Author,Johan Dam,Farkas
ceaeda02-d11b-4f01-bff6-ac24bf83285b,,Author,Jannick,Schou
ceaeda02-d11b-4f01-bff6-ac24bf83285b,,Author,Christina,Neumayer
f5fc7194-63a4-467a-bda7-602e2c677e78,,Author,Johan,Farkas
f5fc7194-63a4-467a-bda7-602e2c677e78,,Author,Jannick,Schou
f22f214e-9c6e-4acd-9496-34c36688d82f,,Author,Johan,Farkas
f22f214e-9c6e-4acd-9496-34c36688d82f,,Author,Christina,Neumayer
ec759534-079a-4df3-8906-06c62844de2c,,Author,Johan ,Farkas
ec759534-079a-4df3-8906-06c62844de2c,,Author,Jannick,Schou
0661d7af-2a1b-41e9-b87f-0184dcf07173,,Author,Jannick,Schou
0661d7af-2a1b-41e9-b87f-0184dcf07173,,Author,Christina,Neumayer
c8280da6-02ae-41b7-87ff-c51d324ca390,,Author,Christina,Neumayer
be54921b-11c1-445f-955d-922027ad9762,,Author,Christina,Neumayer
48cbc347-bea0-4f76-aff4-06b2042a9e50,,Author,Joseph Roland,Kiniry
e1f7bdd9-f12a-4ea3-a579-e0744eabc69a,ddcdfda8-c5ea-4e67-b0ea-21ba86966197,Author,Martin,Pichlmair
e1f7bdd9-f12a-4ea3-a579-e0744eabc69a,,Author,Christoffer,Holmgård
d93e4cbf-e314-4c07-9ab5-bb4e03035e19,db64c222-0674-4eab-9f09-7f9ea1c483e3,Author,Vedran,Sekara
39d8f327-da65-4392-b2c8-6c1a4a43836a,,Author,Mads,Frost
39d8f327-da65-4392-b2c8-6c1a4a43836a,,Author,Jakob,Bardram
7da3a0ec-6567-4341-9d4b-2238717c4288,,Author,Mads,Frost
7da3a0ec-6567-4341-9d4b-2238717c4288,,Author,Jakob,Bardram
04993252-c607-4f21-8344-ddabf1181374,,Author,Mads,Frost
04993252-c607-4f21-8344-ddabf1181374,,Author,Jakob,Bardram
2635972f-4393-42c7-ac45-bb18bb4fd842,,Author,M,Frost
b1aa7520-93b0-4a3f-b323-8e95faef5d90,,Author,Mads,Frost
041648df-be5f-4a21-8f66-7b71ce527ce9,,Author,Mads,Frost
9d81b261-e6ea-4392-bab7-6a005f04cae3,,Author,Mads,Frost
0b5cf54f-8c2c-4a1e-a779-86d9fc832a04,,Author,M.,Frost
d7e78396-5d17-4176-9819-232247c42d47,,Author,M,Frost
87b1ab59-e340-437d-b807-875454dc0f65,,Author,M.,Frost
5e0d643d-ffcc-4ee0-8e3b-0b57b9841df9,,Author,Mads,Frost
1fa42c02-f3d1-4422-93bd-8feba15f9319,,Author,Mads,Frost
4523c9a6-c786-4aaf-af61-18d46d822afe,3e584fc9-4b2e-4d6d-b200-994505d4e809,Author,Daniel ,Nickelsen
2b8d3863-af50-4e6f-b7dd-8221e9aa963d,,Author,Oliver,Müller
8979b659-ccbc-41f4-9027-394f56a3a013,1abda59f-c493-4824-a7b1-7470d66f08d1,Author,Stefan,Heinrich
8979b659-ccbc-41f4-9027-394f56a3a013,cf5e1d64-5489-4534-ba34-8dba5fd354a6,Author,Paolo,Burelli
08f0d7d0-a8c6-429d-919f-928ab8e15993,,Author,Troels Bjerre,Sørensen
1a9188d8-437e-4d89-ad3a-a61eac257cd5,b2431f12-bff1-4a97-af68-defe62b81aee,Author,Karl,Werder
2d4b5bf2-96f7-4226-9999-3d402a04d1b7,3ad26d6b-4619-4a9f-a1b6-8424aab1dd52,Author,Tom,Jenkins
442081bc-5047-4a4b-be67-b4a24760e2a7,dac0e506-da5d-4ee6-8783-5abd2a2096f3,Author,Feng,Feng
442081bc-5047-4a4b-be67-b4a24760e2a7,ca2a035e-64a1-4a75-9269-d6ee91496191,Author,Daniel,Bennett
442081bc-5047-4a4b-be67-b4a24760e2a7,cf6cfa0b-e3ac-4164-8de2-b956d8e23825,Author,Elisa,Mekler
8422b28e-a122-4c3b-847d-13c716bae1e0,dac0e506-da5d-4ee6-8783-5abd2a2096f3,Author,Feng,Feng
8422b28e-a122-4c3b-847d-13c716bae1e0,cf6cfa0b-e3ac-4164-8de2-b956d8e23825,Author,Elisa D.,Mekler
c8c1cfff-6811-4a62-b248-66b94dd2c386,80784458-06f6-4eff-b0c8-df982ffa9835,Author,Rune Kristian Lundedal,Nielsen
ce7da135-ee65-45ff-bba3-790d45cf4f2d,80784458-06f6-4eff-b0c8-df982ffa9835,Author,Rune Kristian Lundedal,Nielsen
92aba582-bacb-4e3f-a1a8-c99f5def546d,80784458-06f6-4eff-b0c8-df982ffa9835,Author,Rune Kristian Lundedal,Nielsen
be093edc-d28d-425e-ad4d-aabb97d2de4a,80784458-06f6-4eff-b0c8-df982ffa9835,Author,Rune Kristian Lundedal,Nielsen
609db83c-4e06-459e-9692-f7942bf11ab5,2fa5dc89-7d78-45d0-96c7-e8f39b78dd3e,Author,Anna,Vallgårda
0a20a9f5-6e9f-4cf7-91ee-47bfddc6b5b6,1b3cff7f-1549-4998-b52e-0ba9093e1d01,Author,Pedro,Ferreira
7bfb875e-3dd1-47d1-9edd-076dd4935849,1b3cff7f-1549-4998-b52e-0ba9093e1d01,Author,Pedro,Ferreira
e6f1a9bc-2fa0-49a0-8d46-e6f788610fa7,1b3cff7f-1549-4998-b52e-0ba9093e1d01,Author,Pedro,Ferreira
d2a53de4-c4c4-43a0-8e92-9679ae0b3755,1b3cff7f-1549-4998-b52e-0ba9093e1d01,Author,Pedro,Ferreira
fca3944c-1e1e-4a1e-b18d-6da6f84e8c75,1b3cff7f-1549-4998-b52e-0ba9093e1d01,Author,Pedro,Ferreira
f88d1567-467b-4fb4-a1a0-f6a2aab49229,cb1b6c5f-6206-4a35-b8aa-6a750f9c89a1,Author,Raquel,Robinson
7b6a7db1-a12c-4356-afe1-9dfe44ed6eee,1d2ee6fa-15cb-416a-b173-2486edca10b8,Author,Mikhail,Fiadotau
cf5f4e0e-af5a-4efd-b8b6-6d48533bd37a,ad50bed7-77fd-4c7f-819c-54455506e3f0,Author,Stella,Graßhof
20216050-02bb-4385-88ab-76293028ae71,70f3c85a-9cd2-40b4-bed9-5e2a75609421,Author,Sisse,Finken
3287f158-9547-4c7e-847d-ee2f01d4473b,70f3c85a-9cd2-40b4-bed9-5e2a75609421,Author,Sisse,Finken
ebda642b-37b7-4e5e-be5b-9cf7ab6d2dda,70f3c85a-9cd2-40b4-bed9-5e2a75609421,Author,Sisse,Finken
ae47d722-d058-42df-82d3-d22db163e47b,70f3c85a-9cd2-40b4-bed9-5e2a75609421,Author,Sisse,Finken
811a6628-84aa-42f8-bd25-807a1dcc1b8a,70f3c85a-9cd2-40b4-bed9-5e2a75609421,Author,Sisse,Finken
25aef658-b7ce-41ab-83d7-394e03e6b7f4,70f3c85a-9cd2-40b4-bed9-5e2a75609421,Author,Sisse,Finken
85f7b1db-34b3-4924-ba01-9217fe49465d,70f3c85a-9cd2-40b4-bed9-5e2a75609421,Author,Sisse,Finken
85f7b1db-34b3-4924-ba01-9217fe49465d,,Author,Laura,Beloff
85f7b1db-34b3-4924-ba01-9217fe49465d,528393a3-e784-47a8-85be-c81d44c393bd,Author,Sanna-Maria,Marttila
05069355-dbb5-437a-95e7-6826f0b53467,70f3c85a-9cd2-40b4-bed9-5e2a75609421,Author,Sisse,Finken
6388be6b-5d6d-49b2-920f-636773545df8,70f3c85a-9cd2-40b4-bed9-5e2a75609421,Author,Sisse,Finken
6c3e608f-586f-4bd1-a1c9-890bbcf1603a,a22e85da-82e3-410d-8ef1-31407362ba19,Author,Louise Harder,Fischer
6c3e608f-586f-4bd1-a1c9-890bbcf1603a,,Author,Lene,Pries-Heje
a58dd1be-c2bb-4533-b9c2-18c894ffc8e5,a22e85da-82e3-410d-8ef1-31407362ba19,Author,Louise Harder,Fischer
a58dd1be-c2bb-4533-b9c2-18c894ffc8e5,,Author,Lene,Pries-Heje
9a1add2e-8372-4b2b-95ce-bad785fca4f2,a22e85da-82e3-410d-8ef1-31407362ba19,Author,Louise Harder,Fischer
52b628fa-bdca-4329-b1a2-7f3918789b11,a22e85da-82e3-410d-8ef1-31407362ba19,Author,Louise Harder,Fischer
77853727-214a-48be-9993-9166b776f2d9,a22e85da-82e3-410d-8ef1-31407362ba19,Author,Louise Harder,Fischer
77853727-214a-48be-9993-9166b776f2d9,,Author,Lene,Pries-Heje
b4e656ef-35c7-4a97-942d-cf85f6ab9c1d,,Author,Julian,Togelius
b4e656ef-35c7-4a97-942d-cf85f6ab9c1d,a420ffb3-2ca6-4925-a25f-baaa5228fc15,Author,Sebastian,Risi
9fc64b4b-0c1a-4c0f-abad-6b3965997b14,a22e85da-82e3-410d-8ef1-31407362ba19,Author,Louise Harder,Fischer
dc571c67-9860-4d88-b5f4-95c52433c10f,a22e85da-82e3-410d-8ef1-31407362ba19,Author,Louise Harder,Fischer
ad63d399-7f99-4b15-a357-3b70c2ca89f0,a22e85da-82e3-410d-8ef1-31407362ba19,Author,Louise Harder,Fischer
ad63d399-7f99-4b15-a357-3b70c2ca89f0,,Author,Thomas Christian,Stadager
e9f67ae8-9fd5-4f71-95eb-0d26023bced0,a22e85da-82e3-410d-8ef1-31407362ba19,Author,Louise Harder,Fischer
dcbbbef1-a22d-4c62-9501-13db8e2bf2ce,a22e85da-82e3-410d-8ef1-31407362ba19,Author,Louise Harder,Fischer
f141eb80-7ca6-400c-bcf6-0a13633366ac,a22e85da-82e3-410d-8ef1-31407362ba19,Author,Louise Harder,Fischer
b301317e-fe8e-46f7-94c8-8935efd31c52,a22e85da-82e3-410d-8ef1-31407362ba19,Author,Louise Harder,Fischer
dc7e6bde-cbcc-4dbe-8429-97e36b37a87c,a22e85da-82e3-410d-8ef1-31407362ba19,Author,Louise Harder,Fischer
cdc1bf59-0a0c-4761-b0ad-ec484c91f51a,a22e85da-82e3-410d-8ef1-31407362ba19,Author,Louise Harder,Fischer
cdc1bf59-0a0c-4761-b0ad-ec484c91f51a,,Author,Nico,Wunderlich
b2bc6242-2556-4729-8434-850b991b86a9,a22e85da-82e3-410d-8ef1-31407362ba19,Editor,Louise Harder,Fischer
b2bc6242-2556-4729-8434-850b991b86a9,54728da8-274d-40e6-b119-23318d995721,Editor,Hanne Westh,Nicolajsen
4c9523bf-327b-44cf-b5b6-e5359a01dded,a22e85da-82e3-410d-8ef1-31407362ba19,Author,Louise Harder,Fischer
6aac332a-122b-4b49-a315-91b5cb88a459,a22e85da-82e3-410d-8ef1-31407362ba19,Author,Louise Harder,Fischer
6aac332a-122b-4b49-a315-91b5cb88a459,54728da8-274d-40e6-b119-23318d995721,Author,Hanne Westh,Nicolajsen
6aac332a-122b-4b49-a315-91b5cb88a459,528393a3-e784-47a8-85be-c81d44c393bd,Author,Sanna-Maria,Marttila
6aac332a-122b-4b49-a315-91b5cb88a459,06d038a4-f659-4c53-8a6d-58e295ab603f,Author,Sunniva,Sandbukt
4d97d171-1a90-496f-b53f-548220781e31,a22e85da-82e3-410d-8ef1-31407362ba19,Author,Louise Harder,Fischer
e909c130-5448-4cee-b7dd-ddff2c594e91,a22e85da-82e3-410d-8ef1-31407362ba19,Author,Louise Harder,Fischer
e909c130-5448-4cee-b7dd-ddff2c594e91,528393a3-e784-47a8-85be-c81d44c393bd,Author,Sanna,Marttila
2bd03165-d86f-4c19-a8fd-99255caef319,a22e85da-82e3-410d-8ef1-31407362ba19,Author,Louise Harder,Fischer
2bd03165-d86f-4c19-a8fd-99255caef319,528393a3-e784-47a8-85be-c81d44c393bd,Author,Sanna,Marttila
8d6467c4-841d-4597-8dff-bac461fda27b,c90e23c6-5bf4-4d6f-97d8-b162b8a5b03e,Author,Thomas,Binder
57366adf-c290-4642-bcb4-40c5a2c9572f,,Author,Anders,Fischer-Nielsen
57366adf-c290-4642-bcb4-40c5a2c9572f,,Author,Zhoulai,Fu
57366adf-c290-4642-bcb4-40c5a2c9572f,a39b94ff-e1b6-4b96-8404-486167a9123d,Author,Andrzej,Wasowski
74aac1eb-f6f2-4bd6-aea4-8f897012e335,2a9c0934-98ca-4101-b829-b88d77f6487e,Editor,Kasper,Støy
bbb2c5c3-29c5-41f7-8706-263da8f36b23,,Author,Lone,Malmborg
f554da08-524b-4fdf-b8db-e293e90a9918,9ba013db-4c4d-41dd-be12-dbe188f67f29,Author,Hanna Elina,Wirman
1df5fb90-ebda-4ed1-bd53-763dce4ab52a,,Author,Espen,Aarseth
48cc02f5-690d-4dc6-9ff1-c18d6a740d72,1dbd1112-eb47-4406-936c-6807e8845610,Author,Oksana,Kulyk
48cc02f5-690d-4dc6-9ff1-c18d6a740d72,ce1a5350-f645-4a53-a745-fca8d4f1f030,Author,Elda,Paja
07956911-caae-4f64-8f6a-18c0c6333ce5,6aed9698-9a0c-4956-be0d-ec658bbfe09a,Author,Luca Maria,Aiello
f23c605c-c0c4-42a9-882f-85963e64b545,20ad2ae0-df32-484d-84ed-f65810600cfa,Author,Konstantinos,Floros
1d0cc0d4-54ce-4dc3-bfe7-44c2aa8ce10e,20ad2ae0-df32-484d-84ed-f65810600cfa,Author,Konstantinos,Floros
e29e5159-0977-4b45-a878-7bed0f4c973a,20ad2ae0-df32-484d-84ed-f65810600cfa,Author,Konstantinos,Floros
44f0985f-9d2b-41a1-9b36-6ebc076a7385,20ad2ae0-df32-484d-84ed-f65810600cfa,Author,Konstantinos,Floros
b3a97afc-73f6-493a-be31-a6620c23898d,20ad2ae0-df32-484d-84ed-f65810600cfa,Author,Konstantinos,Floros
4fbc2c46-78f7-4f40-89ba-b1d4f549202b,20ad2ae0-df32-484d-84ed-f65810600cfa,Author,Konstantinos,Floros
1b6705ba-bcf3-4d75-b66e-356724aa38c4,20ad2ae0-df32-484d-84ed-f65810600cfa,Author,Konstantinos,Floros
e5aaf524-d54a-420c-8c18-754fe7555317,20ad2ae0-df32-484d-84ed-f65810600cfa,Author,Konstantinos,Floros
b706fa5f-7bf1-4548-b68a-cfde91d05771,20ad2ae0-df32-484d-84ed-f65810600cfa,Author,Konstantinos,Floros
360a8600-d4a8-4091-9807-8bc1070d245e,20ad2ae0-df32-484d-84ed-f65810600cfa,Author,Konstantinos,Floros
fc472255-d008-4c37-92f1-8431583bdc93,20ad2ae0-df32-484d-84ed-f65810600cfa,Author,Konstantinos,Floros
58a3b80c-6b48-4327-a47e-a63509604c53,20ad2ae0-df32-484d-84ed-f65810600cfa,Author,Konstantinos ,Floros
5c1754a5-09e3-4f20-bcd8-ccebe54fadbf,598de448-af84-43c8-9147-6134a63c9b3c,Author,Bent,Flyvbjerg
89d2df84-a6dc-4fb8-83de-44a48d575267,598de448-af84-43c8-9147-6134a63c9b3c,Author,Bent,Flyvbjerg
80302cd6-6a08-4133-be96-ab717ff33a15,598de448-af84-43c8-9147-6134a63c9b3c,Author,Bent,Flyvbjerg
b52fb0a9-562e-43e5-abaf-71868704ba63,598de448-af84-43c8-9147-6134a63c9b3c,Author,Bent,Flyvbjerg
73a1bdd1-23c0-4172-89b8-8cebb60e3334,598de448-af84-43c8-9147-6134a63c9b3c,Author,Bent,Flyvbjerg
2edf85c0-51c1-4352-b188-5cd2bcabe7af,598de448-af84-43c8-9147-6134a63c9b3c,Author,Bent,Flyvbjerg
d9120226-e4f9-459e-84f8-db433fbde4ba,598de448-af84-43c8-9147-6134a63c9b3c,Author,Bent,Flyvbjerg
0e210176-5ade-4d3c-92bc-7a4e36434d2c,598de448-af84-43c8-9147-6134a63c9b3c,Author,Bent,Flyvbjerg
e3ae6332-30de-4f9d-9f62-d444a00ee846,598de448-af84-43c8-9147-6134a63c9b3c,Author,Bent,Flyvbjerg
47e8bea2-5532-402f-a605-10e77065bf45,598de448-af84-43c8-9147-6134a63c9b3c,Author,Bent,Flyvbjerg
05a67f27-280d-42e2-af9b-9eb5bec6a3ed,598de448-af84-43c8-9147-6134a63c9b3c,Author,Bent,Flyvbjerg
a378a25a-6c04-45c4-a3bc-2ab04cd4eef7,598de448-af84-43c8-9147-6134a63c9b3c,Author,Bent,Flyvbjerg
6a7cf049-5900-4849-a4fc-6ea50e371804,598de448-af84-43c8-9147-6134a63c9b3c,Author,Bent,Flyvbjerg
928a985d-914b-47ee-8ac8-68d6417d5cee,598de448-af84-43c8-9147-6134a63c9b3c,Author,Bent,Flyvbjerg
efcd01ba-3542-48c4-9f62-a3f994fafee5,598de448-af84-43c8-9147-6134a63c9b3c,Author,Bent,Flyvbjerg
0ec0d1d8-3206-4869-b882-4bd94913223f,598de448-af84-43c8-9147-6134a63c9b3c,Author,Bent,Flyvbjerg
8fca6dde-db01-4a2e-b349-8d136f32379b,598de448-af84-43c8-9147-6134a63c9b3c,Author,Bent,Flyvbjerg
afc4f19c-d67b-45e1-8ef8-9c5f887d6da3,598de448-af84-43c8-9147-6134a63c9b3c,Author,Bent ,Flyvbjerg
afc4f19c-d67b-45e1-8ef8-9c5f887d6da3,6b81fcf4-173e-4e8b-86d6-2c9e7b4320c6,Author,Jon,Aaen
f53e83b1-ffbc-4bce-a76b-0fddc4596c09,598de448-af84-43c8-9147-6134a63c9b3c,Author,Bent ,Flyvbjerg
5cfe88bc-28c9-4b60-bdbd-e4c95fd8aea7,5417f888-9371-4933-8a2b-7679eb21bd84,Author,Doga Buse,Cavdir
5537187f-1723-459c-b70d-5bb592563a9d,d37cba38-dff2-4c27-a515-226cfadfd849,Author,Jonas,Fritsch
19d85e90-888e-4d72-a991-a664ad43977a,22ec9269-2fff-4dbf-a9c7-5037559a15ee,Author,Anders Sundnes,Løvlie
e88ef222-ace3-4f17-840f-b22940074fac,22ec9269-2fff-4dbf-a9c7-5037559a15ee,Author,Anders Sundnes,Løvlie
9477db99-e17b-4031-a51b-f803b2f9b12a,2ef641d0-bd79-425b-8b12-b58d74b993ae,Author,Michael,Szell
f6caaec7-c277-4d97-b074-230173933906,,Author,Martin Tvede,Zachariasen
35b4d241-93c2-43b6-b843-c38920d8487a,418f030f-2b26-4c74-a77b-c0c87d13f56d,Author,Roberta,Sinatra
50584a90-2ff1-4ca1-a020-b503ee499aab,6aed9698-9a0c-4956-be0d-ec658bbfe09a,Author,Luca Maria,Aiello
bc65ac1b-7bee-4bd4-9535-e7b8f6cc6cd5,d37cba38-dff2-4c27-a515-226cfadfd849,Author,Jonas,Fritsch
1a222aeb-7725-472d-8dff-f7929602967d,,Author,Dom,Ford
f5953879-adef-4fc2-82ae-3b248beadf7a,,Author,Dom,Ford
770e6d4f-feda-4064-b11d-c7c4b6af188d,,Author,Dom,Ford
75535698-8784-4756-aa0c-35c91c1c0f6c,,Author,Dom,Ford
5132543f-5f7a-4771-9db2-914fa0cad340,,Author,Dom,Ford
2dc993d3-0d41-4d2f-9945-545f6eefc148,,Author,Dom,Ford
c4cf7367-bed2-4f50-97b2-733f00f452e5,,Author,Dom,Ford
42a809b1-1510-47b6-ac44-b54e56a8f87b,,Author,Dom,Ford
ca965dd4-94b6-4bed-a354-09c1e6d1e196,,Author,Dom,Ford
bcc824da-1c96-499b-904d-3e272c2fc4d9,f073ebac-704d-4236-9206-d1d2ef2be9c3,Author,Barbara,Plank
e8d3d490-4194-40d3-8f5b-c2f598a63b50,,Author,Silvia,Fornos
a9dc0fb9-7947-4864-bcfe-a2523c4b156a,,Author,Silvia,Fornos
e5b1967c-6fe2-4845-b4b1-ab2124fd2b9f,,Developer,Silvia,Fornos
e5b1967c-6fe2-4845-b4b1-ab2124fd2b9f,,Developer,Daniel,Cermak-Sassenrath
e55bd220-fbd4-4b51-ae99-22fe2b14df82,,Author,Sílvia,Fornós
e55bd220-fbd4-4b51-ae99-22fe2b14df82,,Author,Daniel,Cermak
635ad54a-fd82-43a8-9e54-4aaf159d6d12,,Author,Sílvia,Fornós
635ad54a-fd82-43a8-9e54-4aaf159d6d12,,Author,Daniel,Cermak
0d23d79c-5aea-43a5-aa87-527c2cb45736,3f05e4ce-6433-4c5a-b72c-aa89422cf431,Author,Nutan,Limaye
e65024ce-6b16-49c5-affd-0f0b9e946864,c90e23c6-5bf4-4d6f-97d8-b162b8a5b03e,Author,Thomas,Binder
db65bb57-3c1b-44e9-8ee1-1ecff2ac3fa9,c90e23c6-5bf4-4d6f-97d8-b162b8a5b03e,Author,Thomas,Binder
c34776e7-9a99-43ff-b3a2-e7d913c7d717,5f3b7745-99be-4d1b-8ce1-a413325c2008,Author,Carsten Lund,Pedersen
5baca7b1-38c5-4273-9d86-65e83aefe005,efa39e70-a80a-4780-b151-ba31b01726bb,Author,Per B.,Brockhoff
4dc4c284-4ee5-4e40-ad5f-40f03e133e6e,,Author,Jesper,Larsson
de781a51-6903-48a7-bf43-816adb4c8147,fda8c630-1b0a-4910-ae2a-602850616275,Author,Christoph,Seidl
057663ad-eb2e-4b29-a8a9-fce341eb829b,7016a7a0-c187-4a62-baef-0780150912d1,Author,Morten Roed,Frederiksen
057663ad-eb2e-4b29-a8a9-fce341eb829b,2a9c0934-98ca-4101-b829-b88d77f6487e,Author,Kasper,Støy
327d48af-b282-4c0f-9148-598b0020e700,7016a7a0-c187-4a62-baef-0780150912d1,Author,Morten Roed,Frederiksen
ad2e6f1a-c149-40a1-aed6-855378d3e6ae,7016a7a0-c187-4a62-baef-0780150912d1,Author,Morten Roed,Frederiksen
ad2e6f1a-c149-40a1-aed6-855378d3e6ae,2a9c0934-98ca-4101-b829-b88d77f6487e,Author,Kasper,Støy
68b89e6a-b966-4696-afa6-162211e5479c,7016a7a0-c187-4a62-baef-0780150912d1,Author,Morten Roed,Frederiksen
68b89e6a-b966-4696-afa6-162211e5479c,2a9c0934-98ca-4101-b829-b88d77f6487e,Author,Kasper,Støy
7e17a686-380c-420f-9a08-c2cce05f8694,7016a7a0-c187-4a62-baef-0780150912d1,Inventor,Morten Roed,Frederiksen
7e17a686-380c-420f-9a08-c2cce05f8694,2a9c0934-98ca-4101-b829-b88d77f6487e,Inventor,Kasper,Støy
de1839b5-30f5-4095-8e99-785aa93d07d8,7016a7a0-c187-4a62-baef-0780150912d1,Author,Morten Roed,Frederiksen
de1839b5-30f5-4095-8e99-785aa93d07d8,2a9c0934-98ca-4101-b829-b88d77f6487e,Author,Kasper,Støy
57c559d3-0c84-4d4a-be28-a23e4fcdbcbf,7016a7a0-c187-4a62-baef-0780150912d1,Author,Morten Roed,Frederiksen
57c559d3-0c84-4d4a-be28-a23e4fcdbcbf,2a9c0934-98ca-4101-b829-b88d77f6487e,Author,Kasper,Støy
ee19a632-9f7d-42dd-af74-cd81aac9a375,7016a7a0-c187-4a62-baef-0780150912d1,Author,Morten Roed,Frederiksen
b386dd6f-87a0-4f87-a878-d3f80cdf097d,7016a7a0-c187-4a62-baef-0780150912d1,Author,Morten Roed,Frederiksen
b386dd6f-87a0-4f87-a878-d3f80cdf097d,2a9c0934-98ca-4101-b829-b88d77f6487e,Author,Kasper,Støy
63bd73e8-8270-43af-bc72-5aaeb00ddaed,7016a7a0-c187-4a62-baef-0780150912d1,Author,Morten Roed,Frederiksen
63bd73e8-8270-43af-bc72-5aaeb00ddaed,2a9c0934-98ca-4101-b829-b88d77f6487e,Author,Kasper,Støy
dcacdf23-9cc0-4a6d-8d14-4f09bdfa6439,7016a7a0-c187-4a62-baef-0780150912d1,Author,Morten Roed,Frederiksen
842f2b19-a7d2-4cb8-9784-6dcf9be5c4da,7016a7a0-c187-4a62-baef-0780150912d1,Author,Morten Roed,Frederiksen
842f2b19-a7d2-4cb8-9784-6dcf9be5c4da,2a9c0934-98ca-4101-b829-b88d77f6487e,Author,Kasper,Støy
296fffc1-0902-479b-a436-29e42579893e,7016a7a0-c187-4a62-baef-0780150912d1,Author,Morten Roed,Frederiksen
296fffc1-0902-479b-a436-29e42579893e,2a9c0934-98ca-4101-b829-b88d77f6487e,Author,Kasper,Støy
2126202a-b8cb-405d-81f0-98c49a376eb9,7016a7a0-c187-4a62-baef-0780150912d1,Author,Morten Roed,Frederiksen
2126202a-b8cb-405d-81f0-98c49a376eb9,2a9c0934-98ca-4101-b829-b88d77f6487e,Author,Kasper,Støy
9166568c-a8d0-447f-8e1b-106eacb24fa0,7016a7a0-c187-4a62-baef-0780150912d1,Author,Morten Roed,Frederiksen
9166568c-a8d0-447f-8e1b-106eacb24fa0,2a9c0934-98ca-4101-b829-b88d77f6487e,Author,Kasper,Støy
269e2a69-a10b-443c-82f6-64d903ae7ef1,,Author,Philippe,Bonnet
c116e67a-db25-4d95-b59a-17344c0b6e75,b614ac6f-eefa-44a3-8b9a-092b88d86d37,Author,Baki,Cakici
59a25f1f-b2ec-4603-8a3b-fc02c56d661d,e23e8096-59cb-4ef6-af48-ce9d806fd1eb,Author,Nanna,Inie
002d42e8-90ff-4c66-bb38-f081abf0155f,,Author,Oliver,Müller
76079eb5-24b0-47d7-bed2-2060f69e3be8,f11b0cc1-ad9f-4b12-b805-65b70e5bcd65,Author,Rachel,Douglas-Jones
d1cb1831-72bf-4d5a-8ba4-8b3114b45d42,140f881b-1540-455b-8066-f0bc9ac6d82c,Author,Henriette,Friis
d1cb1831-72bf-4d5a-8ba4-8b3114b45d42,528393a3-e784-47a8-85be-c81d44c393bd,Author,Sanna-Maria,Marttila
e471f005-fb3f-4fd9-aa7d-6e63422485cd,d37cba38-dff2-4c27-a515-226cfadfd849,Author,Jonas,Fritsch
22db398d-8f85-4dc0-a124-e6207384a104,d37cba38-dff2-4c27-a515-226cfadfd849,Author,Jonas,Fritsch
52bc36d0-bb36-4657-b5e1-6650a6842f53,d37cba38-dff2-4c27-a515-226cfadfd849,Author,Jonas,Fritsch
52bc36d0-bb36-4657-b5e1-6650a6842f53,d37cba38-dff2-4c27-a515-226cfadfd849,Author,Jonas,Fritsch
d1aa47c8-15b7-448b-afa5-7764ae4bb06a,d37cba38-dff2-4c27-a515-226cfadfd849,Author,Jonas,Fritsch
e75c9742-866c-45a9-9ce2-6df2c792a2d2,d37cba38-dff2-4c27-a515-226cfadfd849,Editor,Jonas,Fritsch
af4468ef-e071-4bbd-b1eb-4893819dc05e,d37cba38-dff2-4c27-a515-226cfadfd849,Author,Jonas,Fritsch
fb9c9bdf-e8b6-471c-89bc-12de6896ea2f,d37cba38-dff2-4c27-a515-226cfadfd849,Author,Jonas,Fritsch
b4811387-e35c-4ebc-9b91-bd8d1ee13622,d37cba38-dff2-4c27-a515-226cfadfd849,Author,Jonas,Fritsch
ee59698d-b223-41e6-8d5c-6d90f2f54a93,d37cba38-dff2-4c27-a515-226cfadfd849,Author,Jonas,Fritsch
5ac8b0ea-e0c5-40d5-99ce-fa70411113c8,d37cba38-dff2-4c27-a515-226cfadfd849,Author,Jonas,Fritsch
100e49d9-e0eb-4fa2-90d8-e03f0b8a6ea8,d37cba38-dff2-4c27-a515-226cfadfd849,Author,Jonas,Fritsch
b38412a3-55dc-4563-897f-c6119496e637,d37cba38-dff2-4c27-a515-226cfadfd849,Author,Jonas,Fritsch
638f7195-36c8-40f6-9802-4aee0aa99503,d37cba38-dff2-4c27-a515-226cfadfd849,Author,Jonas,Fritsch
edf1c505-7383-4159-92ee-dfe9ca4a6085,d37cba38-dff2-4c27-a515-226cfadfd849,Author,Jonas,Fritsch
63f7bb89-26ef-452f-9fc9-5c16ab1a882a,d37cba38-dff2-4c27-a515-226cfadfd849,Author,Jonas,Fritsch
a2765de5-af35-4c0d-8ad9-b742a8a91f7c,d37cba38-dff2-4c27-a515-226cfadfd849,Author,Jonas,Fritsch
443a0f18-161c-46c1-99df-dfc1c57fbf4a,d37cba38-dff2-4c27-a515-226cfadfd849,Author,Jonas,Fritsch
b45d1ec9-08ab-47b5-b687-22ca0c48e3c8,d37cba38-dff2-4c27-a515-226cfadfd849,Author,Jonas,Fritsch
76e12d30-46d1-4da5-b1c2-40a65e918938,d37cba38-dff2-4c27-a515-226cfadfd849,Author,Jonas,Fritsch
c1b28e7a-992d-4666-a785-dbe8d1d7eacf,d37cba38-dff2-4c27-a515-226cfadfd849,Author,Jonas,Fritsch
75c876ff-e479-4bcd-ac98-c9d5677d2baf,d37cba38-dff2-4c27-a515-226cfadfd849,Author,Jonas,Fritsch
75c876ff-e479-4bcd-ac98-c9d5677d2baf,1e0534b4-fe3e-4c5e-ad6d-5f1c7df6a14e,Author,Erik,Gronvall
0637a1d6-73ea-4ed6-85ca-b93e4a579af0,d37cba38-dff2-4c27-a515-226cfadfd849,Author,Jonas,Fritsch
0637a1d6-73ea-4ed6-85ca-b93e4a579af0,,Author,Mogens,Jacobsen
82ddc544-072e-4264-a30c-f6e82a03f7ea,d37cba38-dff2-4c27-a515-226cfadfd849,Author,Jonas,Fritsch
82ddc544-072e-4264-a30c-f6e82a03f7ea,1e0534b4-fe3e-4c5e-ad6d-5f1c7df6a14e,Author,Erik,Grönvall
220e170c-4b45-4cde-968d-3e7be0ef14e5,d37cba38-dff2-4c27-a515-226cfadfd849,Author,Jonas,Fritsch
f92131e4-369b-40da-9414-96956584cd18,,Author,Ester,Fritsch
f92131e4-369b-40da-9414-96956584cd18,,Author,Irina,Shklovski
f92131e4-369b-40da-9414-96956584cd18,f11b0cc1-ad9f-4b12-b805-65b70e5bcd65,Author,Rachel,Douglas-Jones
36e495b0-aa10-4c0f-bad2-a9c7c42a8afe,,Author,Ester,Fritsch
36e495b0-aa10-4c0f-bad2-a9c7c42a8afe,d37cba38-dff2-4c27-a515-226cfadfd849,Author,Jonas,Fritsch
f2f26e5a-5d85-4eb5-ad9c-933846af6cf9,,Author,Ester,Fritsch
f2f26e5a-5d85-4eb5-ad9c-933846af6cf9,,Author,Irina,Shklovski
f2f26e5a-5d85-4eb5-ad9c-933846af6cf9,f11b0cc1-ad9f-4b12-b805-65b70e5bcd65,Author,Rachel,Douglas-Jones
83f53b56-8062-459e-92e6-31a18fdd3f12,d37cba38-dff2-4c27-a515-226cfadfd849,Author,Jonas,Fritsch
5e5eccc0-cb50-47ea-a62b-18c663353b9c,d37cba38-dff2-4c27-a515-226cfadfd849,Author,Jonas,Fritsch
ae2ea32f-e0f1-49d3-964f-bd8b79197b22,d37cba38-dff2-4c27-a515-226cfadfd849,Author,Jonas,Fritsch
522d602b-69e1-47a5-9518-af64cc8d121d,d37cba38-dff2-4c27-a515-226cfadfd849,Author,Jonas,Fritsch
af7471bb-ccb5-4f52-a6b3-9d5024b76f09,d37cba38-dff2-4c27-a515-226cfadfd849,Author,Jonas,Fritsch
49280f14-5171-4331-ad6c-6003ae4b9f6a,d37cba38-dff2-4c27-a515-226cfadfd849,Author,Jonas,Fritsch
49280f14-5171-4331-ad6c-6003ae4b9f6a,,Author,Joanna,Saad-Sulonen
49280f14-5171-4331-ad6c-6003ae4b9f6a,,Author,Giacomo,Poderi
429d4005-4f94-484b-bbbc-fce96f5eb703,d37cba38-dff2-4c27-a515-226cfadfd849,Author,Jonas,Fritsch
429d4005-4f94-484b-bbbc-fce96f5eb703,805cae2a-3462-4130-88de-cc7d94aec0a5,Author,Vasiliki,Tsaknaki
429d4005-4f94-484b-bbbc-fce96f5eb703,,Author,Karin,Ryding
429d4005-4f94-484b-bbbc-fce96f5eb703,,Author,Stina Hasse,Jørgensen
d1899624-ed64-4bc6-8869-f3ae4f4b1c6a,d37cba38-dff2-4c27-a515-226cfadfd849,Author,Jonas,Fritsch
8de7e91c-e383-4604-b7cd-c6387a94bf62,d37cba38-dff2-4c27-a515-226cfadfd849,Author,Jonas,Fritsch
32f21c26-c69e-4c4a-a50f-8ada0e4fca8f,,Author,Ester,Fritsch
6d60a027-f9d1-473f-b7ef-d052d2793726,d37cba38-dff2-4c27-a515-226cfadfd849,Author,Jonas ,Fritsch
43c9e95f-8892-4e97-bc83-cdc656332721,d37cba38-dff2-4c27-a515-226cfadfd849,Author,Jonas,Fritsch
43c9e95f-8892-4e97-bc83-cdc656332721,805cae2a-3462-4130-88de-cc7d94aec0a5,Author,Vasiliki,Tsaknaki
2fbfd746-f730-409c-9100-f4d6cc4ed6c7,d37cba38-dff2-4c27-a515-226cfadfd849,Author,Jonas,Fritsch
2fbfd746-f730-409c-9100-f4d6cc4ed6c7,d9376c00-8047-4c1b-b86a-e2f5e00018b3,Author,Pelin,Karaturhan
2fbfd746-f730-409c-9100-f4d6cc4ed6c7,,Author,Søren Lyngsø,Knudsen
e5b68a92-db61-472f-8a8b-cddfe0c84994,,Author,Isabel Cristina G.,Froes
3717cf0b-4127-48f9-adc5-34c1a9bc86f0,,Author,Isabel Cristina G.,Froes
1c4ed4ff-4baa-4bed-8dce-959b82eaa3da,,Author,Isabel Cristina G.,Froes
1c4ed4ff-4baa-4bed-8dce-959b82eaa3da,,Author,Jarmo Matti,Laaksolahti
1c4ed4ff-4baa-4bed-8dce-959b82eaa3da,5ad9c220-e37f-443a-8a31-fc4abf365db5,Author,Dan,Witzner Hansen
1c4ed4ff-4baa-4bed-8dce-959b82eaa3da,,Author,Clint,Heyer
1c4ed4ff-4baa-4bed-8dce-959b82eaa3da,,Author,Nalini Panchita,Kotamraju
1c4ed4ff-4baa-4bed-8dce-959b82eaa3da,,Author,Lone,Malmborg
1c4ed4ff-4baa-4bed-8dce-959b82eaa3da,1052b289-f510-4c5a-9662-2db48c12ebc2,Author,Lene,Nielsen
1c4ed4ff-4baa-4bed-8dce-959b82eaa3da,,Author,Jens,Pedersen
1c4ed4ff-4baa-4bed-8dce-959b82eaa3da,,Author,Irina,Shklovski
0b5ce8ba-c6e5-40d5-abb1-bd77e68da101,,Author,Isabel Cristina G.,Froes
25fa6e1f-ad2f-44e9-9797-4eacd2b7c865,,Author,Isabel,Froes
cef0f8a8-c2f8-4392-ba67-86f973e0a084,,Author,Isabel,Froes
7b6aba4b-92d0-49b2-a5fa-44e577ce0e71,,Author,Isabel,Froes
e011fd9a-fd8c-4fe6-b831-b62afb38bc6f,,Author,Isabel,Froes
e011fd9a-fd8c-4fe6-b831-b62afb38bc6f,12698500-7fd8-4508-b86a-adafaeaf91a9,Author,David,Struthers
23135593-9c89-4f6f-8883-67277090c684,efa39e70-a80a-4780-b151-ba31b01726bb,Author,Per B.,Brockhoff
83011a41-6d31-4523-b378-3977ba8e15a8,,Author,Mads,Frost
83011a41-6d31-4523-b378-3977ba8e15a8,,Author,Jakob Eyvind,Bardram
b80907c3-95f5-4fa3-9bd3-2cf7b5949739,,Author,Mads,Frost
b80907c3-95f5-4fa3-9bd3-2cf7b5949739,,Author,Steven,Houben
049a56f4-ad4e-408b-8e01-a2d3b1f11a71,,Author,Mads,Frost
049a56f4-ad4e-408b-8e01-a2d3b1f11a71,,Author,Jakob,Bardram
049a56f4-ad4e-408b-8e01-a2d3b1f11a71,,Author,Afsaneh,Doryab
ea56a904-9431-413b-b2bb-9ac0f92a1306,,Author,Mads,Frost
ea56a904-9431-413b-b2bb-9ac0f92a1306,,Author,Afsaneh,Doryab
ea56a904-9431-413b-b2bb-9ac0f92a1306,,Author,Jakob,Bardram
8316a1f0-e8c8-49d2-8ba3-1a56d78666a7,,Author,Mads,Frost
f2378590-31b8-4e37-bf79-0c480fc8a37e,,Author,Mads,Frost
f2378590-31b8-4e37-bf79-0c480fc8a37e,,Author,Steven,Houben
8a882ba4-5d4f-433c-9ebd-5564952a7e44,,Author,Mads,Frost
8a882ba4-5d4f-433c-9ebd-5564952a7e44,dbf46bed-0956-47c4-95e9-d850c6f897d5,Author,Gabriela,Marcu
8a882ba4-5d4f-433c-9ebd-5564952a7e44,14396cd2-ae59-4ac5-8569-e0305c3a775b,Author,René,Hansen
8a882ba4-5d4f-433c-9ebd-5564952a7e44,55750491-d4d3-47d4-a473-7a2252edb685,Author,Károly,Szánto
8a882ba4-5d4f-433c-9ebd-5564952a7e44,,Author,Jakob,Bardram
cc612e35-0d33-437c-b245-62d56ff35822,,Author,Mads,Frost
cc612e35-0d33-437c-b245-62d56ff35822,,Author,Jakob,Bardram
80b915d7-9866-4b75-882d-a284883f45c2,,Author,Mads,Frost
80b915d7-9866-4b75-882d-a284883f45c2,,Author,Jakob,Bardram
e22c64bb-58be-4aeb-9d45-a5219ecd8fc9,,Author,Mads,Frost
29597394-8215-44c8-a76b-c58b6902b51e,,Author,Mads,Frost
bdf9b4f9-9914-4dde-9854-7fec5e4d1efd,e20164d2-7e0c-4f05-88be-ca477dfc5f8c,Author,Laurits,Dixen
bdf9b4f9-9914-4dde-9854-7fec5e4d1efd,cf5e1d64-5489-4534-ba34-8dba5fd354a6,Author,Paolo,Burelli
baa5959c-04d1-4d1c-b6ea-6584bf8f783b,a420ffb3-2ca6-4925-a25f-baaa5228fc15,Author,Sebastian,Risi
baa5959c-04d1-4d1c-b6ea-6584bf8f783b,,Author,Julian,Togelius
a90b27a9-513d-4754-aafa-fbbe40234377,,Author,Zhoulai,Fu
513c9c4d-290f-4f82-8b80-f0c26d7c6f41,3e584fc9-4b2e-4d6d-b200-994505d4e809,Author,Daniel ,Nickelsen
f4a7e77b-7474-436a-b51b-63e659bf0ed7,,Author,José,Abdelnour-Nocera
b86a0448-ea7d-4687-a928-1256f83eca08,,Author,Jonathan,Fürst
b86a0448-ea7d-4687-a928-1256f83eca08,,Author,Philippe,Bonnet
24bdb51c-0f9d-46ca-ac7d-77e6a11aeb8f,,Author,Jonathan,Fürst
24bdb51c-0f9d-46ca-ac7d-77e6a11aeb8f,,Author,Philippe,Bonnet
db707484-cfa9-4cc8-bf96-bb1d835ce37e,,Author,Jonathan,Fürst
db707484-cfa9-4cc8-bf96-bb1d835ce37e,,Author,Philippe,Bonnet
bc51a01c-b55c-4ace-9c97-5ad86c1ced77,,Author,Jonathan,Fürst
bc51a01c-b55c-4ace-9c97-5ad86c1ced77,,Author,Philippe,Bonnet
41f54554-f733-44c9-9952-0e1e60b6513b,,Author,Jonathan,Fürst
41f54554-f733-44c9-9952-0e1e60b6513b,,Author,Philippe,Bonnet
dd4d4e81-cc9e-4ec0-9b78-15d123de39d8,,Author,Jonathan,Fürst
c38ec30b-8c1c-4d6a-a138-a5aa9e80242e,,Author,J.,Fürst
c38ec30b-8c1c-4d6a-a138-a5aa9e80242e,,Author,P.,Bonnet
00cf2320-5da1-4555-a073-30a5baf3a960,,Author,Jonathan,Fürst
b7d061f6-1b66-4fb0-abd5-dac7cc2f9a30,,Author,Jonathan,Fürst
6ce82b49-6599-4dc3-8345-fa0a17939811,,Author,Jonathan,Fürst
a1ca51aa-da82-45b5-95da-1ab3c6c8537e,ceef6d97-26fe-4163-9538-6685e98bce2e,Author,Daniel,Fürstenau
d8bc3bb5-3c7b-4b8f-be76-ea3069a6ab35,ceef6d97-26fe-4163-9538-6685e98bce2e,Author,Daniel,Fürstenau
b986aa70-1413-4f2f-9942-8785757c0391,ceef6d97-26fe-4163-9538-6685e98bce2e,Author,Daniel,Fürstenau
7d770339-59c7-4419-a11f-18671824b4f6,,Author,Jakob Eyvind,Bardram
69917fc0-00e8-11df-a523-000ea68e967b,d55dab65-fffe-4da4-a383-cfcf5ee3a8cd,Author,Christopher,Gad
69cb7b80-00e8-11df-a523-000ea68e967b,d55dab65-fffe-4da4-a383-cfcf5ee3a8cd,Author,Christopher,Gad
6adcc470-00e8-11df-a523-000ea68e967b,d55dab65-fffe-4da4-a383-cfcf5ee3a8cd,Author,Christopher,Gad
6b173560-00e8-11df-a523-000ea68e967b,d55dab65-fffe-4da4-a383-cfcf5ee3a8cd,Author,Christopher,Gad
6b4438d0-00e8-11df-a523-000ea68e967b,d55dab65-fffe-4da4-a383-cfcf5ee3a8cd,Author,Christopher,Gad
6b7b2750-00e8-11df-a523-000ea68e967b,d55dab65-fffe-4da4-a383-cfcf5ee3a8cd,Author,Christopher,Gad
6bc94750-00e8-11df-a523-000ea68e967b,d55dab65-fffe-4da4-a383-cfcf5ee3a8cd,Author,Christopher,Gad
6be756a0-00e8-11df-a523-000ea68e967b,d55dab65-fffe-4da4-a383-cfcf5ee3a8cd,Author,Christopher,Gad
c2295d30-2b6b-11df-b794-000ea68e967b,d55dab65-fffe-4da4-a383-cfcf5ee3a8cd,Author,Christopher,Gad
cda91770-4ecc-11df-b794-000ea68e967b,d55dab65-fffe-4da4-a383-cfcf5ee3a8cd,Author,Christopher,Gad
9a2b2241-fa57-4ee8-8c27-bfef9f966cdf,d55dab65-fffe-4da4-a383-cfcf5ee3a8cd,Author,Christopher,Gad
d17878be-e048-47c3-8aca-016ecb705042,d55dab65-fffe-4da4-a383-cfcf5ee3a8cd,Author,Christopher,Gad
5ac7b1f3-0147-42ee-84aa-779f8fa30ea7,d55dab65-fffe-4da4-a383-cfcf5ee3a8cd,Author,Christopher,Gad
fc99f1d2-230a-43bb-a1a7-a5ec821ebb20,d55dab65-fffe-4da4-a383-cfcf5ee3a8cd,Author,Christopher,Gad
f60c027e-1099-4358-8a4b-2f4508a16185,d55dab65-fffe-4da4-a383-cfcf5ee3a8cd,Author,Christopher,Gad
d6476e5e-f49b-4eab-a829-9f2fa9140b11,d55dab65-fffe-4da4-a383-cfcf5ee3a8cd,Author,Christopher,Gad
8d407355-b7f9-45cd-a0a4-0f94b26340d4,d55dab65-fffe-4da4-a383-cfcf5ee3a8cd,Author,Christopher,Gad
8d407355-b7f9-45cd-a0a4-0f94b26340d4,,Author,Randi,Markussen
fa5579da-b035-4733-abe4-06bedfba9aa4,d55dab65-fffe-4da4-a383-cfcf5ee3a8cd,Author,Christopher,Gad
76ff07a2-6f41-4323-ace3-c0ff68913b5b,d55dab65-fffe-4da4-a383-cfcf5ee3a8cd,Author,Christopher,Gad
76ff07a2-6f41-4323-ace3-c0ff68913b5b,,Author,Casper Bruun,Jensen
76ff07a2-6f41-4323-ace3-c0ff68913b5b,,Author,Brit Ross,Winthereik
71469dcb-13d5-477b-b975-c587b73519f3,d55dab65-fffe-4da4-a383-cfcf5ee3a8cd,Author,Christopher,Gad
71469dcb-13d5-477b-b975-c587b73519f3,,Author,Casper Bruun,Jensen
71469dcb-13d5-477b-b975-c587b73519f3,,Author,Brit Ross,Winthereik
539a24c8-e329-49b6-9ad3-9f35591a6232,d55dab65-fffe-4da4-a383-cfcf5ee3a8cd,Author,Christopher,Gad
d39ea43e-1029-4c02-a6e9-3bdb0e1f3cbb,d55dab65-fffe-4da4-a383-cfcf5ee3a8cd,Author,Christopher,Gad
c638f3a7-168d-4840-8d2e-1042530cc627,d55dab65-fffe-4da4-a383-cfcf5ee3a8cd,Editor,Christopher,Gad
d7c5210b-93c0-435d-b657-5b8a2fb4a8be,d55dab65-fffe-4da4-a383-cfcf5ee3a8cd,Author,Christopher,Gad
d7c5210b-93c0-435d-b657-5b8a2fb4a8be,,Author,Casper Bruun,Jensen
1b2950c7-abfe-4ef6-8ff1-129d44aabff9,d55dab65-fffe-4da4-a383-cfcf5ee3a8cd,Author,Christopher,Gad
1b2950c7-abfe-4ef6-8ff1-129d44aabff9,,Author,Casper Bruun,Jensen
2d3f11bc-7ab8-4c63-a6cf-224a6c017089,d55dab65-fffe-4da4-a383-cfcf5ee3a8cd,Author,Christopher,Gad
2d3f11bc-7ab8-4c63-a6cf-224a6c017089,bc7a60f7-45a0-401f-813f-6b4aa700c849,Author,Steffen,Dalsgaard
ddc571f9-c881-4bba-b01e-ec330f52979d,d55dab65-fffe-4da4-a383-cfcf5ee3a8cd,Author,Christopher,Gad
ddc571f9-c881-4bba-b01e-ec330f52979d,f11b0cc1-ad9f-4b12-b805-65b70e5bcd65,Author,Rachel,Douglas-Jones
20dfff54-76e4-406a-a3b1-959cc5b5f72c,d55dab65-fffe-4da4-a383-cfcf5ee3a8cd,Author,Christopher,Gad
20dfff54-76e4-406a-a3b1-959cc5b5f72c,f11b0cc1-ad9f-4b12-b805-65b70e5bcd65,Author,Rachel,Douglas-Jones
155a2d64-f9d7-4511-a98b-20da239b92c3,d55dab65-fffe-4da4-a383-cfcf5ee3a8cd,Author,Christopher,Gad
155a2d64-f9d7-4511-a98b-20da239b92c3,bc7a60f7-45a0-401f-813f-6b4aa700c849,Author,Steffen,Dalsgaard
d720a33f-1058-466f-9d91-e75696253c77,d55dab65-fffe-4da4-a383-cfcf5ee3a8cd,Author,Christopher,Gad
d720a33f-1058-466f-9d91-e75696253c77,,Author,Brit Ross,Winthereik
b48158c6-4910-4359-a3a9-c92d318151a3,d55dab65-fffe-4da4-a383-cfcf5ee3a8cd,Author,Christopher,Gad
a7b700f4-9168-4e53-9d63-db82b4121e65,d55dab65-fffe-4da4-a383-cfcf5ee3a8cd,Author,Christopher,Gad
45b0b0ec-6c4e-40fd-8e45-ce86bebae331,d55dab65-fffe-4da4-a383-cfcf5ee3a8cd,Author,Christopher,Gad
1d69665c-727a-46ff-9c87-8c80367e11d3,d55dab65-fffe-4da4-a383-cfcf5ee3a8cd,Author,Christopher,Gad
1d69665c-727a-46ff-9c87-8c80367e11d3,,Author,Brit Ross,Winthereik
99796192-e937-47f6-b02f-d53a9d14b4f5,d55dab65-fffe-4da4-a383-cfcf5ee3a8cd,Author,Christopher,Gad
4f5511f1-001d-4c84-a292-8062ea821a18,d55dab65-fffe-4da4-a383-cfcf5ee3a8cd,Author,Christopher,Gad
4f5511f1-001d-4c84-a292-8062ea821a18,bc7a60f7-45a0-401f-813f-6b4aa700c849,Author,Steffen,Dalsgaard
856ac399-aabf-49f0-bde8-19de1ed2fba9,d55dab65-fffe-4da4-a383-cfcf5ee3a8cd,Author,Christopher,Gad
1af6cfce-bad8-4106-a390-eea2fdba7b75,d55dab65-fffe-4da4-a383-cfcf5ee3a8cd,Author,Christopher,Gad
9149613c-a9c5-4bb0-848b-0014d5bc2577,d55dab65-fffe-4da4-a383-cfcf5ee3a8cd,Editor,Christopher,Gad
9149613c-a9c5-4bb0-848b-0014d5bc2577,2efbc294-1ce4-4148-a403-93fe6450d879,Editor,James,Maguire
d81da763-64ee-43a2-bcb9-05819680a5cf,d55dab65-fffe-4da4-a383-cfcf5ee3a8cd,Editor,Christopher,Gad
bf759af1-dee2-4a14-98c3-091bcffb61db,d55dab65-fffe-4da4-a383-cfcf5ee3a8cd,Author,Christopher,Gad
d0d723a9-a4b5-4a87-9809-dd6cc3cc9a49,d55dab65-fffe-4da4-a383-cfcf5ee3a8cd,Author,Christopher,Gad
3301c9cf-4a59-43fd-9db3-1d036f4d5a32,d55dab65-fffe-4da4-a383-cfcf5ee3a8cd,Author,Christopher,Gad
3301c9cf-4a59-43fd-9db3-1d036f4d5a32,d37cba38-dff2-4c27-a515-226cfadfd849,Author,Jonas,Fritsch
3301c9cf-4a59-43fd-9db3-1d036f4d5a32,,Author,Mogens,Jacobsen
fff3f73b-15da-4639-8593-d5ef29f9c0ec,d55dab65-fffe-4da4-a383-cfcf5ee3a8cd,Author,Christopher,Gad
a0c1cec3-631b-4fc3-9d53-d562c8dfe0f6,d55dab65-fffe-4da4-a383-cfcf5ee3a8cd,Author,Christopher,Gad
a0c1cec3-631b-4fc3-9d53-d562c8dfe0f6,d37cba38-dff2-4c27-a515-226cfadfd849,Author,Jonas,Fritsch
a0c1cec3-631b-4fc3-9d53-d562c8dfe0f6,,Author,Mogens,Jacobsen
8e6a3a8a-c985-4e94-b96a-11dc3ebf22ef,d55dab65-fffe-4da4-a383-cfcf5ee3a8cd,Author,Christopher,Gad
8345fc8e-6e9c-481f-8c75-bfb6481419e0,d55dab65-fffe-4da4-a383-cfcf5ee3a8cd,Author,Christopher,Gad
0ab3de8e-0fe5-4542-bb42-b9a9ca947c5e,d55dab65-fffe-4da4-a383-cfcf5ee3a8cd,Author,Christopher,Gad
5a609e22-f3a9-43ab-90e4-158564ed88f4,d55dab65-fffe-4da4-a383-cfcf5ee3a8cd,Author,Christopher,Gad
5a609e22-f3a9-43ab-90e4-158564ed88f4,8aaf5ea6-92c2-4780-bba3-cdc171315e0b,Author,Katinka Amalie,Schyberg
f4a4b58a-122e-4db0-8731-62f4e040626b,d55dab65-fffe-4da4-a383-cfcf5ee3a8cd,Author,Christopher,Gad
f4a4b58a-122e-4db0-8731-62f4e040626b,d37cba38-dff2-4c27-a515-226cfadfd849,Author,Jonas,Fritsch
69b02b50-00e8-11df-a523-000ea68e967b,d55dab65-fffe-4da4-a383-cfcf5ee3a8cd,Author,Christopher,Gad
c0e7927b-be59-417c-a5ff-3406190a95d2,e726f512-d3fd-4d89-962a-3aa9f532a52f,Author,Toine,Bogers
6941efe1-bd34-4314-9827-c82d9eea72a8,e726f512-d3fd-4d89-962a-3aa9f532a52f,Author,Toine,Bogers
a8d5ba0b-f96c-4003-90c6-b851b67088aa,e726f512-d3fd-4d89-962a-3aa9f532a52f,Author,Toine,Bogers
f2bb9eb4-9e3b-4dbf-931d-82169f6adf4a,50d4bf89-8621-4bc3-bdce-6916656c12fa,Author,Ivor,van der Hoog
f2bb9eb4-9e3b-4dbf-931d-82169f6adf4a,ab7600cd-0bd2-4d86-9def-2c6fd1ade1c5,Author,Eva,Rotenberg
7aa23e7e-6fad-4559-90eb-f0f7b1bd6cd4,50d4bf89-8621-4bc3-bdce-6916656c12fa,Author,Ivor,van der Hoog
7aa23e7e-6fad-4559-90eb-f0f7b1bd6cd4,ab7600cd-0bd2-4d86-9def-2c6fd1ade1c5,Author,Eva,Rotenberg
f39b7fd5-7493-4bf3-a0f8-14dc03ecc282,6c543b1d-8137-489d-b444-d17921fc9de9,Author,Simy Kaur,Gahoonia
f39b7fd5-7493-4bf3-a0f8-14dc03ecc282,1b3cff7f-1549-4998-b52e-0ba9093e1d01,Author,Pedro,Ferreira
f39b7fd5-7493-4bf3-a0f8-14dc03ecc282,e9d14210-bc71-4824-b7cf-fd1448d022ab,Author,Marisa,Cohn
f39b7fd5-7493-4bf3-a0f8-14dc03ecc282,,Author,Line,Henriksen
f39b7fd5-7493-4bf3-a0f8-14dc03ecc282,0c46864b-a7f8-4439-aeda-0781f77bfe88,Author,Katrine Meldgaard,Kjær
f39b7fd5-7493-4bf3-a0f8-14dc03ecc282,5041f387-908f-4845-9f79-3a6dbd527f4b,Author,Michael,Hockenhull
f39b7fd5-7493-4bf3-a0f8-14dc03ecc282,b614ac6f-eefa-44a3-8b9a-092b88d86d37,Author,Baki,Cakici
f39b7fd5-7493-4bf3-a0f8-14dc03ecc282,,Author,Marie,Blønd
f39b7fd5-7493-4bf3-a0f8-14dc03ecc282,f11b0cc1-ad9f-4b12-b805-65b70e5bcd65,Author,Rachel,Douglas-Jones
f39b7fd5-7493-4bf3-a0f8-14dc03ecc282,3ef9211c-34b2-4061-ba59-c5800d6a5b32,Author,Cæcilie Sloth,Laursen
f39b7fd5-7493-4bf3-a0f8-14dc03ecc282,,Author,Sonja,Zell
abe568dd-605c-419f-8b00-3fbdfa39be6e,6c543b1d-8137-489d-b444-d17921fc9de9,Author,Simy Kaur,Gahoonia
abe568dd-605c-419f-8b00-3fbdfa39be6e,d55dab65-fffe-4da4-a383-cfcf5ee3a8cd,Author,Christopher,Gad
a5e7fcc2-f1f7-4386-a73b-2fbd9b6aa5fc,6c543b1d-8137-489d-b444-d17921fc9de9,Author,Simy Kaur,Gahoonia
23a31dba-bcc9-448a-abe6-4b7352357527,6c543b1d-8137-489d-b444-d17921fc9de9,Author,Simy Kaur,Gahoonia
23a31dba-bcc9-448a-abe6-4b7352357527,d55dab65-fffe-4da4-a383-cfcf5ee3a8cd,Author,Christopher,Gad
b173b415-b463-4a0c-a083-08f6e2d442d7,6c543b1d-8137-489d-b444-d17921fc9de9,Author,Simy Kaur,Gahoonia
302c95fe-9bb4-477d-9121-a99d9304ab2d,1c4bfd79-4336-4b17-a672-9acb465f15c0,Author,Veronika,Cheplygina
4bda2d0c-05a9-40e8-9490-0ad7ba36351d,39f7afe3-fd9c-4ac5-8ba1-fa2f2826ab8c,Author,Paloma,Thomé de Lima
4d725104-ace1-493e-b6b1-576532877a8e,410b0cad-d9fe-48d8-9edc-56ad6eb9c43b,Author,Ratish,Puduppully
92bce51d-1e3e-4ec0-908a-a699f41fcaf8,410b0cad-d9fe-48d8-9edc-56ad6eb9c43b,Author,Ratish,Puduppully
1d9a35cd-4b8f-46ef-b769-c6bc7cfec077,39f7afe3-fd9c-4ac5-8ba1-fa2f2826ab8c,Author,Paloma,Thomé de Lima
b93dd96c-c7ee-4530-9925-4589fb09bead,39f7afe3-fd9c-4ac5-8ba1-fa2f2826ab8c,Author,Paloma T.,Lima
b93dd96c-c7ee-4530-9925-4589fb09bead,d1be56b5-3ded-4aeb-9339-3af4d4c35035,Author,Amir,Nikabadi
26d02a5a-5df5-4f13-8c03-ab9f1a6b4859,39f7afe3-fd9c-4ac5-8ba1-fa2f2826ab8c,Author,Paloma T.,Lima
26d02a5a-5df5-4f13-8c03-ab9f1a6b4859,d1be56b5-3ded-4aeb-9339-3af4d4c35035,Author,Amir,Nikabadi
b3d484f2-5c8f-4f2c-987a-132dd7265672,cea9fe0e-2aa6-4a19-8a04-13cffe563626,Author,Alessia ,Galdeman
b3d484f2-5c8f-4f2c-987a-132dd7265672,6aed9698-9a0c-4956-be0d-ec658bbfe09a,Author,Luca Maria,Aiello
fb0f7f68-7c67-4db6-8b9f-5ba23a4fb2cb,e175684d-abc3-4ee4-9a12-af6c611e47c0,Author,Sebastian Mateos,Nicolajsen
d45c51b5-746f-42cf-aada-4168fd2a6012,443362d7-b255-460d-a559-0fa80a8d9fbc,Author,Vasilis,Galis
fbc026ac-d449-4c35-9d04-00a9ca6c75d8,443362d7-b255-460d-a559-0fa80a8d9fbc,Author,Vasilis,Galis
fbc026ac-d449-4c35-9d04-00a9ca6c75d8,,Author,Christina,Neumayer
a5c27000-dbea-4833-b10a-9a80b6f6d0d8,443362d7-b255-460d-a559-0fa80a8d9fbc,Author,Vasilis,Galis
ff33c9e0-887c-4cbf-9218-59328c7ba237,443362d7-b255-460d-a559-0fa80a8d9fbc,Author,Vasilis,Galis
c5eb7cc2-982a-428c-b075-9fc0dbe275cf,443362d7-b255-460d-a559-0fa80a8d9fbc,Author,Vasilis,Galis
3ec142c4-24a0-4565-8316-c53805d2b7c2,443362d7-b255-460d-a559-0fa80a8d9fbc,Author,Vasilis,Galis
300067f7-c229-44e5-af14-5aabf6900a92,443362d7-b255-460d-a559-0fa80a8d9fbc,Author,Vasilis,Galis
1fd992f0-91e0-45be-99e5-113c09d2abf6,443362d7-b255-460d-a559-0fa80a8d9fbc,Author,Vasilis,Galis
a64f4d20-afdb-46de-b2a7-c2d39d59f0c9,443362d7-b255-460d-a559-0fa80a8d9fbc,Author,Vasilis,Galis
a64f4d20-afdb-46de-b2a7-c2d39d59f0c9,,Author,Christina,Neumayer
59f0726a-0617-4a2d-b19d-ef40c10d37f1,443362d7-b255-460d-a559-0fa80a8d9fbc,Author,Vasilis,Galis
177051fa-d773-4940-9ee0-eaf7f8f282ce,443362d7-b255-460d-a559-0fa80a8d9fbc,Author,Vasilis,Galis
d6fe373c-39d0-4617-bcd0-37c338ba929e,443362d7-b255-460d-a559-0fa80a8d9fbc,Author,Vasilis,Galis
dedcea77-67fd-472b-a077-418adb65f769,443362d7-b255-460d-a559-0fa80a8d9fbc,Author,Vasilis,Galis
dedcea77-67fd-472b-a077-418adb65f769,,Author,Vasiliki,Makrygianni
f8d428b3-e6f0-45b5-86be-09f74fb5c390,443362d7-b255-460d-a559-0fa80a8d9fbc,Author,Vasilis,Galis
f8d428b3-e6f0-45b5-86be-09f74fb5c390,,Author,Vasiliki,Makrygianni
3ececbc4-fb00-47f6-a0d7-da56df56c593,443362d7-b255-460d-a559-0fa80a8d9fbc,Author,Vasilis,Galis
2cfd5bcb-21f1-4a4f-bc91-212d2ee5288b,443362d7-b255-460d-a559-0fa80a8d9fbc,Author,Vasilis,Galis
afe9ae19-f59a-4fbb-859f-40596a4d4a17,443362d7-b255-460d-a559-0fa80a8d9fbc,Author,Vasilis,Galis
162d4df5-ad7b-415a-ad30-3fb1bcd9ca8c,443362d7-b255-460d-a559-0fa80a8d9fbc,Author,Vasilis,Galis
162d4df5-ad7b-415a-ad30-3fb1bcd9ca8c,3d49de50-0620-46fe-ae15-53b12dfb8649,Author,Björn,Karlsson
6b32541b-ad05-46b1-853c-de8a6a210f2d,443362d7-b255-460d-a559-0fa80a8d9fbc,Author,Vasilis,Galis
9e13c780-44ec-46f6-8194-9e3bdf28094f,443362d7-b255-460d-a559-0fa80a8d9fbc,Author,Vasilis,Galis
7ca83646-d8a7-438b-bf3b-066d4df3e648,443362d7-b255-460d-a559-0fa80a8d9fbc,Author,Vasilis,Galis
7ca83646-d8a7-438b-bf3b-066d4df3e648,20ad2ae0-df32-484d-84ed-f65810600cfa,Author,Konstantinos,Floros
e7750171-8895-4d47-a730-3819785ba135,443362d7-b255-460d-a559-0fa80a8d9fbc,Author,Vasilis,Galis
889d153b-5327-4994-829b-3c9e6d663a4d,443362d7-b255-460d-a559-0fa80a8d9fbc,Author,Vasilis,Galis
bbc02e5e-cf2b-4afc-8296-cf752b277423,443362d7-b255-460d-a559-0fa80a8d9fbc,Author,Vasilis,Galis
011e4cae-aac1-4750-b1ff-27d6c17c0eb5,443362d7-b255-460d-a559-0fa80a8d9fbc,Author,Vasilis,Galis
011e4cae-aac1-4750-b1ff-27d6c17c0eb5,3d49de50-0620-46fe-ae15-53b12dfb8649,Author,Björn,Karlsson
3993639c-82aa-442c-b94f-e8c8f80263e6,443362d7-b255-460d-a559-0fa80a8d9fbc,Author,Vasilis,Galis
3993639c-82aa-442c-b94f-e8c8f80263e6,0537edb0-1a18-425e-8a82-c92b2882a597,Author,Vasilieos-Spyridon,Vlassis
c9247742-c8d3-4d87-9d85-3a3ef41534d2,443362d7-b255-460d-a559-0fa80a8d9fbc,Author,Vasilis ,Galis
4fa2e6be-b222-45ae-8cdc-407a1c3d0ac3,,Author,João Costa,Seco
4fa2e6be-b222-45ae-8cdc-407a1c3d0ac3,d3b41838-e2bf-4735-b1cd-03f60b49c7e5,Author,Søren,Debois
4fa2e6be-b222-45ae-8cdc-407a1c3d0ac3,d30b96a8-4f1e-44fa-9bf5-0209bedf0268,Author,Thomas T.,Hildebrandt
4fa2e6be-b222-45ae-8cdc-407a1c3d0ac3,,Author,Tijs,Slaats
822eaaca-3fe7-4f39-aedd-aedfbcb8fbb3,,Author,Henrique,Galvan Debarba
52dc42ae-df1d-4b9c-930d-6a6457b08d52,,Author,Joel Anthony,Lehman
b0a433a5-dd04-4481-b17c-5e2f3a15ebab,,Author,Carina Antonia,Hallin
4dbe548b-6320-4e73-a043-ed092ede44af,62db65c9-470c-472f-b039-6c4a704ef170,Author,Rosario,Giustolisi
4dbe548b-6320-4e73-a043-ed092ede44af,1313519f-2074-41d6-8b79-589648e37211,Author,Carsten,Schürmann
6327f4e1-ade7-494c-a3eb-2dce8efc095c,5e271e6a-7a91-47bd-9f12-3b73f4e0d7ac,Author,Patrick,Bahr
47b04530-453b-4df6-9f47-ae410aea6bf9,5e271e6a-7a91-47bd-9f12-3b73f4e0d7ac,Author,Patrick,Bahr
d54af445-d87a-4141-8214-2c25de0ea75d,2a9c0934-98ca-4101-b829-b88d77f6487e,Author,Kasper,Støy
c65475c1-799e-448c-b5ae-caad16cb6e7a,2a9c0934-98ca-4101-b829-b88d77f6487e,Author,Kasper,Støy
658213f8-6a46-4cde-ae39-b4b1c7d420aa,2a9c0934-98ca-4101-b829-b88d77f6487e,Author,Kasper,Støy
3b3af7bc-daa1-40b0-a225-956b9fe0b08f,2a9c0934-98ca-4101-b829-b88d77f6487e,Author,Kasper,Støy
2d4aa607-ca39-4b12-aa4d-e07fb243517d,5c54c44a-9eaa-4a97-a78a-e853dc73e9d9,Author,Rodrigo Moreno,Garcia
2d4aa607-ca39-4b12-aa4d-e07fb243517d,7dd48cfe-3069-4563-bef4-ef661c18387a,Author,Andres,Faina
2d4aa607-ca39-4b12-aa4d-e07fb243517d,2a9c0934-98ca-4101-b829-b88d77f6487e,Author,Kasper,Støy
e2ac1d81-9392-42e0-b4c6-f50b2eab02d2,5c54c44a-9eaa-4a97-a78a-e853dc73e9d9,Author,Rodrigo Moreno,Garcia
e2ac1d81-9392-42e0-b4c6-f50b2eab02d2,05788d6a-1042-4bf1-8ed7-b11224fb483e,Author,Jonas Haugaard,Jensen
e2ac1d81-9392-42e0-b4c6-f50b2eab02d2,7dd48cfe-3069-4563-bef4-ef661c18387a,Author,Andres,Faina
e2ac1d81-9392-42e0-b4c6-f50b2eab02d2,2a9c0934-98ca-4101-b829-b88d77f6487e,Author,Kasper ,Støy
9657650c-aa49-4caa-8b6b-2eb607ef8482,82f8ffa4-b7d6-490d-b3b4-2c68b79cd77a,Author,Megan,Maurer
3b042908-f74e-4816-be5d-e80e74d4df78,,Author,Daniel,Cermak-Sassenrath
3d1a7e6f-9b36-4a6d-9e9f-3bb4e7094941,ef9b447a-d6c4-4250-a506-093730db84d6,Author,Holger,Dell
c284e20a-d389-4975-8792-fb1ef7aeec1d,,Author,Rasmus,Pagh
8eaa64ec-13dd-4c7d-904a-fff1d7c84c9c,,Author,Marianne,Gauffriau
b7f5f981-5d93-4972-8409-6b76f6a95b12,,Author,Marianne,Gauffriau
fb2191fc-8209-48d7-b8cc-7580b9e88ca1,,Author,Marianne,Gauffriau
2ea7bb9c-0338-42d8-93eb-37d54d986407,,Author,Daniel,Cermak-Sassenrath
d0702053-353a-4f38-8505-0cc61916219a,3ec363e3-83f0-4dd8-9b2d-b87a7d34dc55,Author,Eleni Tzirita,Zacharatou
3530b55c-d52a-4341-ad1b-f97696351873,661b700e-7c1d-4e6d-b90b-4dbbfaab2adf,Author,Mylène,Tanferri
bd7051f7-93c8-478a-9718-6dcb220f1a12,,Author,Yun-Gyung,Cheong
bd7051f7-93c8-478a-9718-6dcb220f1a12,,Author,Mark,Nelson
b3e8637c-1b16-429a-972f-78595753f3d2,ce1a5350-f645-4a53-a745-fca8d4f1f030,Author,Elda,Paja
f69bddb1-dc91-485f-bf68-483cf0db3e1b,,Author,Adrian,Radziszewski
f69bddb1-dc91-485f-bf68-483cf0db3e1b,,Author,Henrique Galvan,Debarba
9d5e1378-f693-4fba-85e1-c0c20bf39afc,,Author,Lorenzo,Gentile
9d5e1378-f693-4fba-85e1-c0c20bf39afc,bdc2cd4a-df05-46ca-b027-b038039a58ec,Author,Bernardo,David
7587acec-0948-431a-87a6-1130c66ab70b,,Author,Lorenzo,Gentile
4eccda5d-4158-41ff-99d3-7878ffec414a,82f8ffa4-b7d6-490d-b3b4-2c68b79cd77a,Author,Megan Lynn,Maurer
a6d95b38-963b-41c4-9f54-bfae6d01948a,3ec363e3-83f0-4dd8-9b2d-b87a7d34dc55,Author,Eleni Tzirita,Zacharatou
c8f53119-39c1-4b90-be0a-2c1e513058d4,3ec363e3-83f0-4dd8-9b2d-b87a7d34dc55,Author,Eleni Tzirita,Zacharatou
cb646eb2-a0d5-43e1-8297-0d0d16891691,bc7a60f7-45a0-401f-813f-6b4aa700c849,Author,Steffen,Dalsgaard
986f0d0d-dc4b-45e1-a619-f1e522bb8422,c12518ce-b3ab-469c-81fb-e2178e6b87e3,Author,Mohsen,Ghaffari
88c1c61c-77db-4af8-84a0-1849c3c7660a,25a5a0d6-404b-419c-9502-b246525617a2,Author,Laurens,Boer
af1efa1c-b033-4e9b-94ed-85a4b572298c,,Author,Ahmad,Ghazawneh
8b5c7955-a49b-4df5-870e-06703d41056e,,Author,Ahmad,Ghazawneh
3c060bc3-eb9f-4e77-a2df-709b907e84ed,,Author,Ahmad,Ghazawneh
c3caf1d8-50c9-42d6-a7a4-099ddf43cf2d,,Author,Ahmad,Ghazawneh
f352240c-8444-432b-95d4-cbab58d19e07,,Author,Ahmad,Ghazawneh
0cb66fec-7120-426c-b583-ffedda650540,,Author,Ahmad,Ghazawneh
e0501e4d-1847-4d8c-b25f-f998e023746f,,Author,Rasmus,Pagh
bf9a1565-06ae-4583-95e1-b58337abc017,,Author,Rasmus,Pagh
ce0f40db-f1b2-4c99-9929-cb17ffaece5d,,Author,Rasmus,Pagh
b231c09f-a58e-4778-92fb-ef825e32ac41,,Author,José,Abdelnour-Nocera
f7a52ce2-7652-4523-8d85-fa2556141612,a39b94ff-e1b6-4b96-8404-486167a9123d,Author,Andrzej,Wasowski
ec8d40ee-9884-46dc-8d73-3633e81ff8b2,1bcb6a4e-4298-4ac7-bdc6-c936d3d45055,Author,Debasmita ,Lohar
1ea57259-7365-4f50-8643-492e33377cff,a39b94ff-e1b6-4b96-8404-486167a9123d,Author,Andrzej,Wasowski
85a3a74c-5fdb-4184-8738-b16dacaeafb9,a39b94ff-e1b6-4b96-8404-486167a9123d,Author,Andrzej,Wasowski
8a36f42d-602d-4df0-a1ae-142f8da7eb21,,Author,Mark Jason,Nelson
8a36f42d-602d-4df0-a1ae-142f8da7eb21,,Author,Yun-Gyung,Cheong
8a36f42d-602d-4df0-a1ae-142f8da7eb21,,Author,Georgios N.,Yannakakis
e89a1e00-1ebc-47a9-961f-e4c1a257b18b,,Author,Yun-Gyung,Cheong
e89a1e00-1ebc-47a9-961f-e4c1a257b18b,,Author,Mark Jason,Nelson
e89a1e00-1ebc-47a9-961f-e4c1a257b18b,,Author,Georgios N.,Yannakakis
f720c426-cf3b-4eec-b4f9-be186cb435f6,54e42219-4e3f-42cd-a19d-66c82ee60654,Author,Martin,Hentschel
f8bd4f54-bc25-45e3-9574-e98971f85ecc,2a9c0934-98ca-4101-b829-b88d77f6487e,Author,Kasper,Støy
f8bd4f54-bc25-45e3-9574-e98971f85ecc,7dd48cfe-3069-4563-bef4-ef661c18387a,Author,Andres,Faina
4a33fe80-3c7b-4d89-bba5-fd3b29e0ebb1,1b45e3f5-b8cd-4c0d-a444-2901304f76ee,Author,Luca,Rossi
3893b5e7-004a-4cd9-8869-267b6c40d8da,1b45e3f5-b8cd-4c0d-a444-2901304f76ee,Author,Luca,Rossi
dae0ce0d-5e91-4775-8752-947934ea8562,1b45e3f5-b8cd-4c0d-a444-2901304f76ee,Author,Luca,Rossi
e7f52179-9c81-430c-ae4b-e4a4a5b1ca04,1b45e3f5-b8cd-4c0d-a444-2901304f76ee,Author,Luca,Rossi
00650f54-dadd-49a6-8500-e17e837197cb,1b45e3f5-b8cd-4c0d-a444-2901304f76ee,Author,Luca,Rossi
ea280c2f-ac40-4049-a745-b1e127f8508e,1b45e3f5-b8cd-4c0d-a444-2901304f76ee,Author,Luca,Rossi
4c6d8740-a425-4378-b6df-b4543874972d,1b45e3f5-b8cd-4c0d-a444-2901304f76ee,Author,Luca,Rossi
855e2ac8-0b78-490d-851f-cea0c4b5f932,1b45e3f5-b8cd-4c0d-a444-2901304f76ee,Developer,Luca,Rossi
0ae40e5a-e136-4c32-9761-31dcad9544e4,7dd2f4fa-dd14-4676-8f1a-f719f213f64f,Author,Eduard,Kamburjan
b35503ae-c7bc-4550-b32b-503928068e71,bd52cb95-025e-4106-9c13-1345c76dcbfe,Author,Björn Thór,Jónsson
cd465947-8a29-4948-91f5-25b0cbb29f47,,Author,Rosalba,Giuffrida
cd465947-8a29-4948-91f5-25b0cbb29f47,f2136570-f73c-446f-9fb0-6d9e461e2124,Author,Yvonne,Dittrich
aa85d2ea-e26e-43f2-871f-30f578c55045,,Author,Rosalba,Giuffrida
aa85d2ea-e26e-43f2-871f-30f578c55045,f2136570-f73c-446f-9fb0-6d9e461e2124,Author,Y.,Dittrich
cbdc1fee-d3a6-4f49-8b09-dee2adfa48fa,,Author,Rosalba,Giuffrida
cbdc1fee-d3a6-4f49-8b09-dee2adfa48fa,f2136570-f73c-446f-9fb0-6d9e461e2124,Author,Yvonne,Dittrich
35d0cb3f-fce9-422c-a746-29394a0683f0,,Author,Rosalba,Giuffrida
35d0cb3f-fce9-422c-a746-29394a0683f0,f2136570-f73c-446f-9fb0-6d9e461e2124,Author,Yvonne,Dittrich
40258493-5244-4641-afb1-657815b599d3,,Author,Rosalba,Giuffrida
40258493-5244-4641-afb1-657815b599d3,f2136570-f73c-446f-9fb0-6d9e461e2124,Author,Yvonne,Dittrich
8dd9d27f-4592-4960-8555-9396884a8efc,,Author,Rosalba,Giuffrida
8dd9d27f-4592-4960-8555-9396884a8efc,f2136570-f73c-446f-9fb0-6d9e461e2124,Author,Yvonne,Dittrich
23a3709e-0b67-433b-b57b-fa26f8c835d5,,Author,Rosalba,Giuffrida
4f25c1dd-d9f7-4b5f-b30f-16b061954562,,Author,Joris,Baan
4f25c1dd-d9f7-4b5f-b30f-16b061954562,f073ebac-704d-4236-9206-d1d2ef2be9c3,Author,Barbara,Plank
a4ff5941-3541-42f9-b2ad-9b4a0317f7c8,f30d35c6-4320-476f-8506-481764e6009e,Author,Peter,Kun
1b36c9cc-eb7a-445a-ba40-c09af1c3b3f2,62db65c9-470c-472f-b039-6c4a704ef170,Author,Rosario,Giustolisi
fa5c331f-1ea4-47b8-be36-922327645033,62db65c9-470c-472f-b039-6c4a704ef170,Author,Rosario,Giustolisi
3e9614ea-b244-4d2e-9ebb-04726e3eddb6,62db65c9-470c-472f-b039-6c4a704ef170,Author,Rosario,Giustolisi
823488e9-6ba8-4a71-a858-aa6c455230cb,62db65c9-470c-472f-b039-6c4a704ef170,Author,Rosario,Giustolisi
94291cd7-8e7d-4de7-b54d-5e04da237792,62db65c9-470c-472f-b039-6c4a704ef170,Editor,Rosario,Giustolisi
a8ae9bd6-1b87-4897-9a47-e15cd6cb0a3c,62db65c9-470c-472f-b039-6c4a704ef170,Author,Rosario,Giustolisi
a8ae9bd6-1b87-4897-9a47-e15cd6cb0a3c,5c50bbc9-ed3d-417f-ba4d-e484eaf536b3,Author,Alessandro,Bruni
da220293-3f27-42cf-9a57-5a04bccd176b,62db65c9-470c-472f-b039-6c4a704ef170,Author,Rosario,Giustolisi
697ce86d-d411-4c89-acde-5859a816c7c0,62db65c9-470c-472f-b039-6c4a704ef170,Author,Rosario,Giustolisi
697ce86d-d411-4c89-acde-5859a816c7c0,1313519f-2074-41d6-8b79-589648e37211,Author,Carsten,Schürmann
d75000b8-d44d-417d-aae5-41e671baf6e9,62db65c9-470c-472f-b039-6c4a704ef170,Author,Rosario,Giustolisi
d75000b8-d44d-417d-aae5-41e671baf6e9,1313519f-2074-41d6-8b79-589648e37211,Author,Carsten,Schürmann
5ea1a142-1f33-4672-b8ad-c87b7c5a7618,62db65c9-470c-472f-b039-6c4a704ef170,Author,Rosario,Giustolisi
99292857-f687-4ea6-bbf3-d7a76e135345,62db65c9-470c-472f-b039-6c4a704ef170,Author,Rosario,Giustolisi
99292857-f687-4ea6-bbf3-d7a76e135345,1313519f-2074-41d6-8b79-589648e37211,Author,Carsten,Schürmann
99292857-f687-4ea6-bbf3-d7a76e135345,,Author,Maryam,Sheikhi Garjan
1b70fd09-15a6-46d3-9d43-6867748e4a0b,62db65c9-470c-472f-b039-6c4a704ef170,Author,Rosario,Giustolisi
1b70fd09-15a6-46d3-9d43-6867748e4a0b,bdc2cd4a-df05-46ca-b027-b038039a58ec,Author,Bernardo,David
cd32da0c-1acb-43c1-b64e-f06ac23f595e,62db65c9-470c-472f-b039-6c4a704ef170,Author,Rosario ,Giustolisi
63005afd-5964-4cdb-ae07-ebe2b77523b0,62db65c9-470c-472f-b039-6c4a704ef170,Author,R.,Giustolisi
63005afd-5964-4cdb-ae07-ebe2b77523b0,1313519f-2074-41d6-8b79-589648e37211,Author,C.,Schuermann
07f71c41-9c8d-4b65-882d-3a181d843d4a,62db65c9-470c-472f-b039-6c4a704ef170,Author,Rosario ,Giustolisi
fe6dec5c-8ad6-4eea-91b8-860d52d73425,62db65c9-470c-472f-b039-6c4a704ef170,Author,Rosario ,Giustolisi
ddce6c01-1c60-46d6-b4bb-f806b5f3a395,17d5f65c-93c4-4160-be62-e6fd9260e305,Author,Caroline Costa da Silva,Gaudeoso
ddce6c01-1c60-46d6-b4bb-f806b5f3a395,e8e88610-5144-41da-95bf-597abf1d7869,Author,Sami Sebastian,Brandt
6ca6451c-d081-43cf-8415-9065f0a77eac,c40e1e8a-50ee-4a7c-b7f0-2fc0fdd62adc,Author,Anna,Gladkova
c8a95397-04ef-493b-9c49-91fa5cce1378,c40e1e8a-50ee-4a7c-b7f0-2fc0fdd62adc,Author,Anna,Gladkova
6ffa67f0-032b-4178-b30c-978c419d706b,f2b81a70-1d6c-42d1-a3b5-1d4338be4b8c,Author,Claire,Glanois
5c351e3b-b546-48d1-85ab-dff6e6088b68,f2b81a70-1d6c-42d1-a3b5-1d4338be4b8c,Author,Claire,Glanois
0909e743-f4eb-4aa9-8085-2387f0d90cba,,Author,Torill Elvira,Mortensen
0909e743-f4eb-4aa9-8085-2387f0d90cba,1b45e3f5-b8cd-4c0d-a444-2901304f76ee,Author,Luca,Rossi
bc35ae90-1d53-11df-b794-000ea68e967b,,Author,Arne John,Glenstrup
f1dcf029-64f4-418f-b0ff-99d0d39a9821,,Author,Arne John,Glenstrup
f1dcf029-64f4-418f-b0ff-99d0d39a9821,,Author,Troels Christoffer,Damgaard
f1dcf029-64f4-418f-b0ff-99d0d39a9821,,Author,Lars,Birkedal
f1dcf029-64f4-418f-b0ff-99d0d39a9821,,Author,Espen,Højsgaard
b9004210-d017-11dd-a259-000ea68e967b,37d49222-56d7-4c65-8d52-3638544511cf,Author,Jens Christian,Godskesen
c217dbd0-d01f-11dd-a259-000ea68e967b,37d49222-56d7-4c65-8d52-3638544511cf,Author,Jens Christian,Godskesen
e5ae3690-ec88-11dd-8987-000ea68e967b,37d49222-56d7-4c65-8d52-3638544511cf,Editor,Jens Christian,Godskesen
78ff0720-9d1f-11de-b2ea-000ea68e967b,37d49222-56d7-4c65-8d52-3638544511cf,Author,Jens Christian,Godskesen
8c699c60-771e-11df-b794-000ea68e967b,37d49222-56d7-4c65-8d52-3638544511cf,Author,Jens Christian,Godskesen
fdbca93f-1b1c-49f9-8983-b9e2c5b848ca,37d49222-56d7-4c65-8d52-3638544511cf,Author,Jens Christian,Godskesen
fdbca93f-1b1c-49f9-8983-b9e2c5b848ca,,Author,Lei,Song
24453bcb-6c34-4e91-b55e-a4e48f457d02,37d49222-56d7-4c65-8d52-3638544511cf,Author,Jens Christian,Godskesen
b0963ff3-7bf8-46cd-837d-1d0594bbdcbc,37d49222-56d7-4c65-8d52-3638544511cf,Author,Jens Christian,Godskesen
b0963ff3-7bf8-46cd-837d-1d0594bbdcbc,d30b96a8-4f1e-44fa-9bf5-0209bedf0268,Author,Thomas,Hildebrandt
9dfb6508-c7a5-4640-b441-9b0808583466,37d49222-56d7-4c65-8d52-3638544511cf,Author,Jens Christian,Godskesen
9dfb6508-c7a5-4640-b441-9b0808583466,d30b96a8-4f1e-44fa-9bf5-0209bedf0268,Author,Thomas,Hildebrandt
586523d2-42f2-4415-b3c2-97b73eae412f,37d49222-56d7-4c65-8d52-3638544511cf,Author,Jens Christian,Godskesen
45a38080-e316-4031-8bca-9a7a247b80d4,bdc2cd4a-df05-46ca-b027-b038039a58ec,Author,Bernardo,David
45660302-2a47-4027-b8d8-e1624729b3aa,39f7afe3-fd9c-4ac5-8ba1-fa2f2826ab8c,Author,Paloma,Thomé de Lima
ca01a710-e4d0-11de-a523-000ea68e967b,,Author,Julian,Togelius
4738db88-e39a-495c-853b-e9d3904ce9aa,1ee9fda3-cb4e-4c06-82b1-7e248c20a700,Author,Willem,van der Maden
7262b9f7-0ce3-454c-a5ca-9aa30681ed85,5417f888-9371-4933-8a2b-7679eb21bd84,Author,Doga Buse,Cavdir
d6aa4377-77e5-4ccc-bc7a-b86d7427664c,f2136570-f73c-446f-9fb0-6d9e461e2124,Author,Yvonne,Dittrich
6a960aa1-cd24-401e-81cb-7a188dd94f0c,,Author,Javier,Gonzalez
6a960aa1-cd24-401e-81cb-7a188dd94f0c,,Author,Philippe,Bonnet
a7577922-218e-4c4b-99bb-3ab7c5756790,,Author,Javier,Gonzalez
a7577922-218e-4c4b-99bb-3ab7c5756790,,Author,Philippe,Bonnet
ab998603-f2e2-4e0f-80ea-630373d4f022,,Author,Javier,Gonzalez
ab998603-f2e2-4e0f-80ea-630373d4f022,,Author,Philippe,Bonnet
d2f0cfa3-7fa1-48fa-a2c3-4f76f9f612a9,,Author,Javier,Gonzalez
d2f0cfa3-7fa1-48fa-a2c3-4f76f9f612a9,,Author,Philippe,Bonnet
f70fbbae-3882-4197-80b1-2a0adfb18575,,Author,Javier,Gonzalez
f70fbbae-3882-4197-80b1-2a0adfb18575,,Author,Philippe,Bonnet
7db55531-7a13-4a05-9d00-77d4d0f2a3bf,,Author,Javier,Gonzalez
ce1e3af2-0019-4d8a-be11-bd55fad9412f,c40e1e8a-50ee-4a7c-b7f0-2fc0fdd62adc,Author,Anna,Rogers
b0bdf893-fe84-4b22-b2c9-5f66a9334637,,Author,Pablo,González de Prado Salas
b0bdf893-fe84-4b22-b2c9-5f66a9334637,a420ffb3-2ca6-4925-a25f-baaa5228fc15,Author,Sebastian,Risi
0f0235d8-01a3-4a16-926b-b96d15bbc241,,Author,Miguel,González-Duque
0f0235d8-01a3-4a16-926b-b96d15bbc241,,Author,Rasmus,Berg Palm
0f0235d8-01a3-4a16-926b-b96d15bbc241,a420ffb3-2ca6-4925-a25f-baaa5228fc15,Author,Sebastian,Risi
330da399-c53a-4398-af6d-f209b0ef5a71,,Author,Miguel,González-Duque
330da399-c53a-4398-af6d-f209b0ef5a71,,Author,Rasmus,Berg Palm
330da399-c53a-4398-af6d-f209b0ef5a71,a420ffb3-2ca6-4925-a25f-baaa5228fc15,Author,Sebastian,Risi
404d9d7a-ce20-4674-a3ba-0d4f38e8f7e9,,Author,Peter,Eklund
b655125a-d986-4feb-8b78-acb39a3645d0,,Author,Matthew,Skala
a4555d83-5f29-4b04-b0c3-13151f26d4c8,8e5f2a6c-c817-4a90-b48b-d9171743ad0f,Author,Rob van der,Goot
a4555d83-5f29-4b04-b0c3-13151f26d4c8,c6b67626-5ff8-4730-93a6-70ee08f6013e,Author,Elisa,Bassignana
8d3e621c-1479-452e-9e9b-6d8d18cb25ce,8e5f2a6c-c817-4a90-b48b-d9171743ad0f,Author,Rob Van Der,Goot
1c7b8ccc-fa02-4b8f-914b-39029c09d1bb,8e5f2a6c-c817-4a90-b48b-d9171743ad0f,Author,Rob Van Der,Goot
1c7b8ccc-fa02-4b8f-914b-39029c09d1bb,,Author,Tanja,Samardzic
cb830544-4547-488d-8b1b-3a77aedb9471,,Author,Oliver,Müller
fdec8034-e94f-48e3-a159-90b2b823dacb,,Author,Oliver,Müller
89d51980-ec86-11dd-8987-000ea68e967b,d30b96a8-4f1e-44fa-9bf5-0209bedf0268,Editor,Thomas,Hildebrandt
1c828948-693c-48e1-aaff-83894a1b75f7,e20164d2-7e0c-4f05-88be-ca477dfc5f8c,Author,Laurits,Dixen
1c828948-693c-48e1-aaff-83894a1b75f7,cf5e1d64-5489-4534-ba34-8dba5fd354a6,Author,Paolo,Burelli
0263c572-573b-43aa-90eb-f838e63ffbc0,,Author,Nanna,Gorm
0263c572-573b-43aa-90eb-f838e63ffbc0,,Author,Irina,Shklovski
a02da27c-4d51-4ec2-92da-dfa0588bfee9,,Author,Nanna,Gorm
a02da27c-4d51-4ec2-92da-dfa0588bfee9,,Author,Irina,Shklovski
8af2d48b-f36b-49b9-9f17-18ee5599a026,785a7089-e58e-4aaa-986d-ae0e615ba508,Author,Leon,Derczynski
c81902e6-50f9-4361-9d04-d2db57a4cac8,,Author,Rasmus,Pagh
9cf779b6-2baa-48cb-8558-3aebff80e531,,Author,Rasmus,Pagh
9cf779b6-2baa-48cb-8558-3aebff80e531,,Author,Francesco,Silvestri
9cf779b6-2baa-48cb-8558-3aebff80e531,,Author,Johan,Sivertsen
261aa4d2-051e-49bf-b9ab-336e3b73ff14,e6f70fb0-caf1-4736-b583-b0777bc1390f,Author,Riko,Jacob
261aa4d2-051e-49bf-b9ab-336e3b73ff14,,Author,Rasmus,Pagh
09cfa9c2-d937-4451-94fa-3a5f9cd0a16e,,Author,Stine,Gotved
ff92c49f-239d-4c63-b317-df8a2d17d8c8,,Author,Stine,Gotved
f881c0b9-4710-4166-b52c-748b0941c0e3,,Author,Stine,Gotved
1fd94df4-d25d-4ce1-bdb8-032f04277683,,Author,Stine,Gotved
a3067d20-9395-4c27-a589-33f82cfb3e35,,Author,Stine,Gotved
b61e0406-221e-4b42-80de-89e2fd06786f,,Author,Stine,Gotved
909fd3ab-4310-409d-8331-0edccdaec0d2,,Author,Stine,Gotved
8b3fc55d-df79-4b2c-a5b1-0edafcc15f8f,,Author,Stine,Gotved
8488cc2d-7c60-400b-8a61-5b1c10ecbccc,,Author,Stine,Gotved
cd2a23f9-09f3-418c-85a8-7c5316f6baab,,Author,Stine,Gotved
ecb8032b-f204-4cea-aad2-e648c60518db,,Author,Stine,Gotved
74f210bb-0a8f-4e4f-9267-f038b87e6e20,,Author,Stine,Gotved
74f210bb-0a8f-4e4f-9267-f038b87e6e20,,Author,Lisbeth,Klastrup
ac2980c2-7375-4ad8-8d78-92460baddfae,,Author,John,Gøtze
c113204c-fa55-46dd-8d82-206e12225c40,,Author,John,Gøtze
60b1ad5f-bdcc-46ee-a14b-dd307522f925,,Author,John,Gøtze
25d20606-4684-4d98-941a-4fa8569e4181,,Author,John,Gøtze
f2ec137b-1882-43c8-b322-23cd1601c3e9,,Author,John,Gøtze
0a874367-37d9-47c6-ae94-07b3a1c4c17c,,Author,John,Gøtze
ae397f01-8694-42b9-9590-939a6acde873,,Editor,John,Gøtze
57865f94-5bbf-44a9-a85b-1dcf75122380,,Editor,John,Gøtze
4dbdacb7-416f-41fa-a150-4c61b2d3c499,,Author,John,Gøtze
852c7f7b-8857-4b8c-8573-91db5d77f744,,Author,John,Gøtze
96404195-fe3d-409c-b169-230f373398a7,,Author,Joanna,Saad-Sulonen
955fea80-16c2-4a49-8859-edae92d04a94,,Author,Lisbeth,Klastrup
955fea80-16c2-4a49-8859-edae92d04a94,,Author,Stine,Gotved
5cbd4a88-810f-4d15-968e-c22fc4ac9c7a,42147e05-f94c-471d-a889-c57a01e4bdd0,Author,Pawel,Grabarczyk
5cbd4a88-810f-4d15-968e-c22fc4ac9c7a,,Author,Espen J.,Aarseth
b0ddf0b9-ae8c-4db1-84ae-89894e8125b9,42147e05-f94c-471d-a889-c57a01e4bdd0,Author,Pawel,Grabarczyk
322b2562-bab9-4d4b-ab89-8aa1b6f3750a,42147e05-f94c-471d-a889-c57a01e4bdd0,Author,Pawel,Grabarczyk
0caaae77-b56a-4dd4-be48-34497b837398,42147e05-f94c-471d-a889-c57a01e4bdd0,Editor,Pawel,Grabarczyk
f954b1e2-3cc0-4be6-99ba-2c9d41397040,42147e05-f94c-471d-a889-c57a01e4bdd0,Author,Pawel,Grabarczyk
d4576192-f7a7-416a-9edc-4e256ce41a4c,42147e05-f94c-471d-a889-c57a01e4bdd0,Author,Pawel,Grabarczyk
c93903bf-e96a-4692-88d8-ff6a50823075,42147e05-f94c-471d-a889-c57a01e4bdd0,Author,Pawel,Grabarczyk
2f0449b0-fc40-46f0-a435-1e4713108675,42147e05-f94c-471d-a889-c57a01e4bdd0,Author,Pawel,Grabarczyk
70412b80-2645-476f-b27a-377936bd617f,42147e05-f94c-471d-a889-c57a01e4bdd0,Author,Pawel,Grabarczyk
92c06ed4-886a-4c4b-a40d-6b6d94c6ee92,42147e05-f94c-471d-a889-c57a01e4bdd0,Author,Pawel,Grabarczyk
e9f61d95-9a56-4d32-a441-eba0865fabe4,42147e05-f94c-471d-a889-c57a01e4bdd0,Author,Pawel,Grabarczyk
01b15587-129e-4537-bb6b-61b24e61737d,42147e05-f94c-471d-a889-c57a01e4bdd0,Author,Pawel,Grabarczyk
37c8e5dd-58c4-4394-bc36-47e809504681,42147e05-f94c-471d-a889-c57a01e4bdd0,Author,Pawel,Grabarczyk
e6e7e940-5dc5-4020-8293-4d1c7988cde6,42147e05-f94c-471d-a889-c57a01e4bdd0,Author,Pawel,Grabarczyk
479d7fc4-dd98-489b-93e4-7cd095c11b62,42147e05-f94c-471d-a889-c57a01e4bdd0,Author,Pawel,Grabarczyk
54d66f03-122b-4e32-8acc-e9f0010e56b4,42147e05-f94c-471d-a889-c57a01e4bdd0,Author,Pawel,Grabarczyk
1ac39228-61ce-4dde-8659-5320b6dd06e2,42147e05-f94c-471d-a889-c57a01e4bdd0,Author,Pawel,Grabarczyk
c623c9ac-62f1-43fe-9da0-4598c3894002,42147e05-f94c-471d-a889-c57a01e4bdd0,Author,Pawel,Grabarczyk
966c5e60-ba48-498a-a526-5dddf82aa896,42147e05-f94c-471d-a889-c57a01e4bdd0,Author,Pawel,Grabarczyk
ad61a7f5-eb1b-4e6a-8853-53215ba040f6,42147e05-f94c-471d-a889-c57a01e4bdd0,Author,Pawel,Grabarczyk
1022cff1-8546-488c-b8c1-5658cca2b818,42147e05-f94c-471d-a889-c57a01e4bdd0,Author,Pawel,Grabarczyk
7f38a633-a285-4be7-ba66-aea2580624f0,42147e05-f94c-471d-a889-c57a01e4bdd0,Author,Pawel,Grabarczyk
57cc6701-ba3e-4478-8690-7a8a766dabd5,42147e05-f94c-471d-a889-c57a01e4bdd0,Author,Pawel,Grabarczyk
677cb5c1-54ca-4e16-a59d-94bd61e268dc,42147e05-f94c-471d-a889-c57a01e4bdd0,Author,Pawel,Grabarczyk
677cb5c1-54ca-4e16-a59d-94bd61e268dc,,Author,Espen J.,Aarseth
8f79a697-69a7-4a09-b3e5-c64b9536e10d,42147e05-f94c-471d-a889-c57a01e4bdd0,Author,Pawel,Grabarczyk
89c2954a-732c-48e0-ae05-da6d275403eb,42147e05-f94c-471d-a889-c57a01e4bdd0,Author,Pawel,Grabarczyk
32e84fd2-7c09-407e-ac42-e3ce57775bca,42147e05-f94c-471d-a889-c57a01e4bdd0,Author,Pawel,Grabarczyk
35365763-6baf-4156-b202-338563c6d86d,42147e05-f94c-471d-a889-c57a01e4bdd0,Author,Pawel,Grabarczyk
8eb4cd02-e5dc-4759-93a1-a0cfdd02c94d,42147e05-f94c-471d-a889-c57a01e4bdd0,Author,Pawel,Grabarczyk
0188e4c8-9b41-47cf-a479-beface5dd1fb,42147e05-f94c-471d-a889-c57a01e4bdd0,Author,Pawel,Grabarczyk
5cb7e261-83b0-439a-8362-c0841166e74e,42147e05-f94c-471d-a889-c57a01e4bdd0,Author,Pawel,Grabarczyk
5cb7e261-83b0-439a-8362-c0841166e74e,47a94200-3abe-4354-b5e3-c8ef6f1ba1f2,Author,Claus,Brabrand
9f5d636e-4b5e-4c7f-8528-219c53cee961,42147e05-f94c-471d-a889-c57a01e4bdd0,Author,Pawel,Grabarczyk
9f5d636e-4b5e-4c7f-8528-219c53cee961,e175684d-abc3-4ee4-9a12-af6c611e47c0,Author,Sebastian Mateos,Nicolajsen
9f5d636e-4b5e-4c7f-8528-219c53cee961,47a94200-3abe-4354-b5e3-c8ef6f1ba1f2,Author,Claus,Brabrand
d3b16731-9963-4ef3-a4a7-7ae43bbb8183,7c852728-c562-4df0-84c1-4488dde7c360,Author,Imke,Grabe
d3b16731-9963-4ef3-a4a7-7ae43bbb8183,e383647f-00d3-41b1-ad95-ff69bdfffb42,Author,Jichen,Zhu
b14bfa2e-0264-4e42-b1de-f003f53a913b,7c852728-c562-4df0-84c1-4488dde7c360,Author,Imke,Grabe
b14bfa2e-0264-4e42-b1de-f003f53a913b,,Author,Miguel Gonzalez,Duque
b14bfa2e-0264-4e42-b1de-f003f53a913b,a420ffb3-2ca6-4925-a25f-baaa5228fc15,Author,Sebastian,Risi
b14bfa2e-0264-4e42-b1de-f003f53a913b,e383647f-00d3-41b1-ad95-ff69bdfffb42,Author,Jichen,Zhu
23afff6a-a7a7-4ad4-b52a-f2fb9b042d52,7c852728-c562-4df0-84c1-4488dde7c360,Author,Imke,Grabe
23afff6a-a7a7-4ad4-b52a-f2fb9b042d52,,Author,Miguel Gonzalez,Duque
23afff6a-a7a7-4ad4-b52a-f2fb9b042d52,e383647f-00d3-41b1-ad95-ff69bdfffb42,Author,Jichen,Zhu
d7fc0a48-cc54-4ed6-acee-ae5ce9109db3,7c852728-c562-4df0-84c1-4488dde7c360,Author,Imke,Grabe
d7fc0a48-cc54-4ed6-acee-ae5ce9109db3,e383647f-00d3-41b1-ad95-ff69bdfffb42,Author,Jichen,Zhu
d06c585e-ba3f-4f60-98fe-914022575cb6,7c852728-c562-4df0-84c1-4488dde7c360,Author,Imke,Grabe
d06c585e-ba3f-4f60-98fe-914022575cb6,e383647f-00d3-41b1-ad95-ff69bdfffb42,Author,Jichen,Zhu
df8263bf-a937-44fa-856e-3264d504a602,7c852728-c562-4df0-84c1-4488dde7c360,Author,Imke,Grabe
df8263bf-a937-44fa-856e-3264d504a602,3ad26d6b-4619-4a9f-a1b6-8424aab1dd52,Author,Tom,Jenkins
af78b35b-057d-4247-a779-fcd4e7e988b9,7c852728-c562-4df0-84c1-4488dde7c360,Author,Imke,Grabe
41695d29-54c0-4310-945b-db279a5e587b,,Editor,Daniel,Cermak-Sassenrath
5905dce6-3ef5-4dd9-a66b-5ea4743f9fb0,,Author,Daniel,Cermak-Sassenrath
d1f1cea3-fdd6-4561-b69b-7c1f098537f7,,Author,Daniel,Cermak-Sassenrath
47a12ff8-75af-46e2-a36e-0604055830d7,efa39e70-a80a-4780-b151-ba31b01726bb,Author,Per B.,Brockhoff
b8534776-38ad-43b3-94da-48f07fd179b9,efa39e70-a80a-4780-b151-ba31b01726bb,Author,Per B.,Brockhoff
18a507a2-8b31-4dfb-8343-b3887d97eeff,59264501-60c6-4666-87c2-73d7a42a4ff0,Author,Mike Hyslop,Graham
8953de5b-9b0a-4ef7-84f4-60fb0591f428,59264501-60c6-4666-87c2-73d7a42a4ff0,Author,Mike Hyslop,Graham
8720986e-026e-4550-907a-14e6b4fa0a2a,59264501-60c6-4666-87c2-73d7a42a4ff0,Author,Mike Hyslop,Graham
de5ad2fd-dbb5-4ddd-9812-9b01d545d059,59264501-60c6-4666-87c2-73d7a42a4ff0,Author,Mike Hyslop,Graham
aff80745-b4a7-4895-90cc-ab86db72dae4,59264501-60c6-4666-87c2-73d7a42a4ff0,Author,Mike Hyslop,Graham
20a41d2e-90d4-4ad9-aab8-b58d5a3a7471,59264501-60c6-4666-87c2-73d7a42a4ff0,Author,Mike Hyslop,Graham
7bb6a450-5fcf-4866-9b7d-bb6dfa311601,,Author,Joel,Granados
7bb6a450-5fcf-4866-9b7d-bb6dfa311601,,Author,Philippe,Bonnet
c2f8832f-a91d-4d87-aa50-9d6703c51a27,,Author,Joel A.,Granados
c2f8832f-a91d-4d87-aa50-9d6703c51a27,,Author,Philippe,Bonnet
1c23f6ba-edff-442a-bc04-c1ef8e49db17,,Author,Henrique Galvan,Debarba
5ad70af0-da68-11de-b0f9-000ea68e967b,,Author,Maren Sander,Granlien
5ad70af0-da68-11de-b0f9-000ea68e967b,,Author,Pernille,Bjørn
5d92b60e-f7f9-4eac-a5e9-db09802054d6,,Author,Corrado,Grappiolo
5d92b60e-f7f9-4eac-a5e9-db09802054d6,,Author,Georgios N.,Yannakakis
d469e840-67d4-4ecc-adf0-d711664c818f,,Author,C.,Grappiolo
d469e840-67d4-4ecc-adf0-d711664c818f,,Author,Yun-Gyung,Cheong
d469e840-67d4-4ecc-adf0-d711664c818f,,Author,J.,Togelius
d469e840-67d4-4ecc-adf0-d711664c818f,,Author,Rilla,Khaled
d469e840-67d4-4ecc-adf0-d711664c818f,,Author,G.N.,Yannakakis
ebd0708f-d5d8-4ef1-ac47-0df838324738,,Author,Corrado,Grappiolo
ebd0708f-d5d8-4ef1-ac47-0df838324738,,Author,Yun-Gyung,Cheong
ebd0708f-d5d8-4ef1-ac47-0df838324738,,Author,Rilla,Khaled
ebd0708f-d5d8-4ef1-ac47-0df838324738,,Author,Georgios N.,Yannakakis
a5ab861e-b77c-4eb0-bef2-27a19eab272e,,Author,Corrado,Grappiolo
a5ab861e-b77c-4eb0-bef2-27a19eab272e,,Author,Georgios N.,Yannakakis
a4a5b9bb-d12c-478e-a506-9479c381e601,,Author,Corrado,Grappiolo
a4a5b9bb-d12c-478e-a506-9479c381e601,,Author,Julian,Togelius
a4a5b9bb-d12c-478e-a506-9479c381e601,,Author,Georgios N.,Yannakakis
0a929036-af7e-46de-87ab-ef85ae0c36e6,,Author,Corrado,Grappiolo
0a929036-af7e-46de-87ab-ef85ae0c36e6,,Author,Julian,Togelius
0a929036-af7e-46de-87ab-ef85ae0c36e6,,Author,Georgios N.,Yannakakis
0dd7b879-01ab-426d-a3f4-0c32343812a3,,Author,Corrado,Grappiolo
7aabbc12-7aeb-4bc2-8472-de92e1b3d9cd,ad50bed7-77fd-4c7f-819c-54455506e3f0,Author,Stella,Grasshof
7aabbc12-7aeb-4bc2-8472-de92e1b3d9cd,e8e88610-5144-41da-95bf-597abf1d7869,Author,Sami Sebastian,Brandt
53f9665d-f889-4f89-9598-964d2faf879b,ad50bed7-77fd-4c7f-819c-54455506e3f0,Author,Stella,Grasshof
53f9665d-f889-4f89-9598-964d2faf879b,e8e88610-5144-41da-95bf-597abf1d7869,Author,Sami Sebastian,Brandt
d3ce6ed3-057d-474c-8d1a-7247c7ef1ed4,ad50bed7-77fd-4c7f-819c-54455506e3f0,Author,Stella,Grasshof
d3ce6ed3-057d-474c-8d1a-7247c7ef1ed4,e8e88610-5144-41da-95bf-597abf1d7869,Author,Sami Sebastian,Brandt
8c0a4ba7-4c5a-4f80-ac2d-83a51ecaad6c,,Author,Christian Uldal,Graulund
67e3a152-95f7-4f90-a488-3ac16ae1fadd,2ef641d0-bd79-425b-8b12-b58d74b993ae,Author,Michael,Szell
d106340e-49af-41a6-97c7-bca4dbe1f737,,Author,Jakob,Bardram
d106340e-49af-41a6-97c7-bca4dbe1f737,,Author,Mads,Frost
3d0b8172-b483-4d63-b436-2a512822d4cd,e383647f-00d3-41b1-ad95-ff69bdfffb42,Author,Jichen,Zhu
05b19451-f59c-4b24-949a-0c706abb7b8d,,Author,Jennifer,Villareale
05b19451-f59c-4b24-949a-0c706abb7b8d,,Author,Thomas Boyd,Fox
05b19451-f59c-4b24-949a-0c706abb7b8d,e383647f-00d3-41b1-ad95-ff69bdfffb42,Author,Jichen,Zhu
0443d534-94a3-444f-9d4d-449aec2a9996,e383647f-00d3-41b1-ad95-ff69bdfffb42,Author,Jichen,Zhu
c6212d40-15e2-4332-b91f-3567cc5350ca,c596539b-3ceb-497c-9a43-e71d6b0f65a6,Author,Djordje,Grbic
c6212d40-15e2-4332-b91f-3567cc5350ca,a420ffb3-2ca6-4925-a25f-baaa5228fc15,Author,Sebastian,Risi
704b619d-f68e-4cf8-824d-39507d649551,c596539b-3ceb-497c-9a43-e71d6b0f65a6,Author,Djordje,Grbic
704b619d-f68e-4cf8-824d-39507d649551,a420ffb3-2ca6-4925-a25f-baaa5228fc15,Author,Sebastian,Risi
fefbb96e-cd02-4b75-a166-381a3295b91c,c596539b-3ceb-497c-9a43-e71d6b0f65a6,Author,Djordje,Grbic
fefbb96e-cd02-4b75-a166-381a3295b91c,a420ffb3-2ca6-4925-a25f-baaa5228fc15,Author,Sebastian,Risi
6e406c79-2b12-4d2d-a7ab-a2aa0aedef80,c596539b-3ceb-497c-9a43-e71d6b0f65a6,Author,Djordje,Grbic
6e406c79-2b12-4d2d-a7ab-a2aa0aedef80,,Author,Rasmus,Berg Palm
6e406c79-2b12-4d2d-a7ab-a2aa0aedef80,98a59a44-499e-4a6e-a8e8-24211f117b23,Author,Elias,Najarro
6e406c79-2b12-4d2d-a7ab-a2aa0aedef80,f2b81a70-1d6c-42d1-a3b5-1d4338be4b8c,Author,Claire,Glanois
6e406c79-2b12-4d2d-a7ab-a2aa0aedef80,a420ffb3-2ca6-4925-a25f-baaa5228fc15,Author,Sebastian,Risi
1e472bea-7f01-4e7a-a4ab-b9ac2c193e86,c596539b-3ceb-497c-9a43-e71d6b0f65a6,Author,Djordje,Grbic
1e472bea-7f01-4e7a-a4ab-b9ac2c193e86,a420ffb3-2ca6-4925-a25f-baaa5228fc15,Author,Sebastian,Risi
1aa65b20-105a-4bf4-a54d-8d10a1c993ab,f073ebac-704d-4236-9206-d1d2ef2be9c3,Author,Barbara,Plank
5cde5b18-5149-41d7-84d8-8ec7eb5557e8,f073ebac-704d-4236-9206-d1d2ef2be9c3,Author,Barbara,Plank
1f97c15a-9726-448b-b2b0-bcb5a67af7cc,2575c800-642d-4984-9c56-41601cf07a26,Author,Søren,Knudsen
aacf4134-e1de-4400-820d-64de78e16d5b,,Author,Oliver,Müller
2f944b0d-fc6d-44c2-b46c-eef06b6758b5,,Author,Roman,Beck
451515b9-f6cf-4a57-be3f-68d13ed7cb70,,Author,Roman,Beck
2214ecc1-9b04-4fd4-989d-536bdcfe9ef8,,Author,Roman,Beck
4cce3aa5-9219-4129-9752-f4259338541f,,Author,Roman,Beck
0f06a7f5-6fa4-433f-a6cc-c2d690692b27,,Author,Roman,Beck
c13fbdf2-0f61-4d4c-912d-2668cfaf68cb,,Author,Roman,Beck
e4831bb1-3b20-43b8-bc83-5de872e3b95c,,Author,Sandra,Greiner
e4831bb1-3b20-43b8-bc83-5de872e3b95c,,Author,Michael,Nieke
e4831bb1-3b20-43b8-bc83-5de872e3b95c,fda8c630-1b0a-4910-ae2a-602850616275,Author,Christoph,Seidl
cf046594-fab3-4569-8ff4-992c15f237ff,a420ffb3-2ca6-4925-a25f-baaa5228fc15,Author,Sebastian,Risi
c0cbce4b-ccb5-4b16-adb0-768912bf300f,aabb6eb1-afb9-4570-8e8e-4725a423ee5f,Author,Aycan,Aslan
16a7de59-c1ff-4d0e-b0d1-e0dbc95e59bd,f11b0cc1-ad9f-4b12-b805-65b70e5bcd65,Author,Rachel,Douglas-Jones
7713b0a4-e6f7-4afb-9cea-381b56a3f93f,,Author,Joseph Roland,Kiniry
493b8bd6-df2f-4e6c-b415-4a8c76b2bb67,6b81fcf4-173e-4e8b-86d6-2c9e7b4320c6,Author,Jon,Aaen
493b8bd6-df2f-4e6c-b415-4a8c76b2bb67,598de448-af84-43c8-9147-6134a63c9b3c,Author,Bent,Flyvbjerg
a14fa638-8ca8-48a2-9095-5dd72acd303b,bb404350-dc8d-4345-965f-a3602b726014,Author,Tim,Seppelt
68f239d5-8d89-491d-b962-da0733fbc220,b614ac6f-eefa-44a3-8b9a-092b88d86d37,Author,Baki,Cakici
2042db62-46b6-4223-a7b7-faf2ab68ca5c,b614ac6f-eefa-44a3-8b9a-092b88d86d37,Author,Baki,Cakici
f6018a7c-0052-40dc-9457-05ee702a7a0c,1e0534b4-fe3e-4c5e-ad6d-5f1c7df6a14e,Author,Erik,Gronvall
126b82cd-9e9e-4b05-9aa2-18d75c9e1477,1e0534b4-fe3e-4c5e-ad6d-5f1c7df6a14e,Author,Erik,Gronvall
126b82cd-9e9e-4b05-9aa2-18d75c9e1477,,Author,Naveen L.,Bagalkot
126b82cd-9e9e-4b05-9aa2-18d75c9e1477,,Author,Tomas,Sokoler
6fcced39-0691-4cd2-b71d-623b5f65d30e,1e0534b4-fe3e-4c5e-ad6d-5f1c7df6a14e,Author,Erik,Gronvall
6fcced39-0691-4cd2-b71d-623b5f65d30e,d37cba38-dff2-4c27-a515-226cfadfd849,Author,Jonas,Fritsch
6fcced39-0691-4cd2-b71d-623b5f65d30e,2fa5dc89-7d78-45d0-96c7-e8f39b78dd3e,Author,Anna,Vallgårda
1b890ac0-7098-4ace-af18-c10a614c5653,1e0534b4-fe3e-4c5e-ad6d-5f1c7df6a14e,Author,Erik,Gronvall
1b890ac0-7098-4ace-af18-c10a614c5653,,Author,Lone,Malmborg
1b890ac0-7098-4ace-af18-c10a614c5653,a4c1604d-b01f-46ef-baf3-74d2a8046d6b,Author,Jörn,Messeter
4698b9c1-11f3-4dd6-899e-f1411b094b3f,1e0534b4-fe3e-4c5e-ad6d-5f1c7df6a14e,Author,Erik,Gronvall
3a2f7734-f3e6-4d30-9fb9-1b43e5fc741d,1e0534b4-fe3e-4c5e-ad6d-5f1c7df6a14e,Author,Erik,Grönvall
37e6d00f-0642-4a88-a43d-2e67516bf428,1e0534b4-fe3e-4c5e-ad6d-5f1c7df6a14e,Author,Erik,Grönvall
1987fdc0-5910-40ad-bd33-0fa82a67810a,1e0534b4-fe3e-4c5e-ad6d-5f1c7df6a14e,Author,Erik,Grönvall
8f3b3a70-da98-4320-b0bf-4fa6c8d51e82,1e0534b4-fe3e-4c5e-ad6d-5f1c7df6a14e,Author,Erik,Grönvall
7121c6ab-8e79-42e1-a43b-3b967072e0dc,1e0534b4-fe3e-4c5e-ad6d-5f1c7df6a14e,Author,Erik,Grönvall
a55d7e13-b395-4c8c-8c3c-5c391f2e8225,1e0534b4-fe3e-4c5e-ad6d-5f1c7df6a14e,Author,Erik,Grönvall
2bf60fbf-892b-4220-a0e1-e58457850273,1e0534b4-fe3e-4c5e-ad6d-5f1c7df6a14e,Author,Erik,Grönvall
c74cc631-c0b8-450a-88bd-f9259843c8d5,1e0534b4-fe3e-4c5e-ad6d-5f1c7df6a14e,Author,Erik ,Grönvall
7153195b-dfe7-4759-8dda-eb706add78b9,ab7600cd-0bd2-4d86-9def-2c6fd1ade1c5,Author,Eva,Rotenberg
7153195b-dfe7-4759-8dda-eb706add78b9,50d4bf89-8621-4bc3-bdce-6916656c12fa,Author,Ivor,van der Hoog
7153195b-dfe7-4759-8dda-eb706add78b9,ad9a85fb-d2fc-4c47-a486-1cc30be3a555,Author,Juliette,Vlieghe
067c6702-fc32-4b64-9ad2-679a8eda81d3,,Author,Maria,Karampela
74036bf4-98b5-48b7-8e0c-7f7566cb4546,1052b289-f510-4c5a-9662-2db48c12ebc2,Author,Lene,Nielsen
5eb3f726-0a16-49a7-8aae-87e4f66d3aaa,6596de1d-ea29-4252-a22e-f98cf28090c6,Author,Dennis Thomas,Ulmer
e0d6bc46-8edf-4d25-81de-92292f721643,ceef6d97-26fe-4163-9538-6685e98bce2e,Author,Daniel,Fürstenau
1cee0417-b483-4b25-8e23-8a8ff3b3a5b2,,Author,Rasmus,Pagh
e2c887ee-38bc-4e48-a055-c6e2db13e3b4,bd52cb95-025e-4106-9c13-1345c76dcbfe,Author,Björn Thór,Jónsson
d3c4a71d-9318-43e5-907b-16f522253516,bd52cb95-025e-4106-9c13-1345c76dcbfe,Author,Björn Thór,Jónsson
2f3c5d3a-47a6-4fe8-ad88-b570d8b79fee,bd52cb95-025e-4106-9c13-1345c76dcbfe,Author,Björn Thór,Jónsson
e8e415cc-f05a-497b-bc43-b45ccb944ad3,,Author,Elin Rut,Gudnadottir
e8e415cc-f05a-497b-bc43-b45ccb944ad3,,Author,Yun-Gyung,Cheong
e8e415cc-f05a-497b-bc43-b45ccb944ad3,,Author,Julian,Togelius
e8e415cc-f05a-497b-bc43-b45ccb944ad3,,Author,Byung Chull,Bae
e8e415cc-f05a-497b-bc43-b45ccb944ad3,,Author,Christoffer Holmgård,Pedersen
917e5f12-4f77-421b-86aa-add2f1fdd64a,,Author,Nicolas,Guenot
f2bc94fa-4aed-496c-b75c-b0d7a9e6ac84,,Author,Nicolas,Guenot
b00d8c29-9ae7-455e-9434-7e23ce55b1f9,f11b0cc1-ad9f-4b12-b805-65b70e5bcd65,Author,Rachel,Douglas-Jones
4a36f8a1-5981-48ae-ba95-f7f5f32ffcdc,9504265d-0046-4e58-b529-256a656c012d,Author,Christian,Hardmeier
1e0235c8-091e-44ec-a522-f98be16f04f5,9504265d-0046-4e58-b529-256a656c012d,Author,Christian,Hardmeier
ad8d5d96-c7aa-4cf0-a3d2-e5f3229faf1b,9504265d-0046-4e58-b529-256a656c012d,Author,Christian,Hardmeier
67eb82a9-b6d8-434a-b43d-c74207318247,9504265d-0046-4e58-b529-256a656c012d,Author,Christian,Hardmeier
9dfb7292-0f23-44a5-9ffd-2195112ca12a,9504265d-0046-4e58-b529-256a656c012d,Author,Christian,Hardmeier
01a433a3-90c7-4b5e-b9ee-10476e875220,82f8ffa4-b7d6-490d-b3b4-2c68b79cd77a,Author,Megan,Maurer
f8eff663-14c9-4dd9-a8b5-8fe90d9824f2,a39b94ff-e1b6-4b96-8404-486167a9123d,Author,Andrzej,Wasowski
e88a1025-3d0c-48fa-9f72-b23d91e6e20d,a39b94ff-e1b6-4b96-8404-486167a9123d,Author,Andrzej,Wasowski
6c1b4840-193c-417e-a54f-b4ac8124eafc,bc8bcc0c-c956-451c-8f18-6caed523f6d6,Author,Vivian,Guo
f3f53e2a-97a4-4b56-bf5d-602213bcfc22,bc8bcc0c-c956-451c-8f18-6caed523f6d6,Author,Vivian,Guo
ee11b163-efb8-4490-b823-a41e98763fd1,bc8bcc0c-c956-451c-8f18-6caed523f6d6,Author,Vivian,Guo
efb44cda-b57c-4999-9a96-c2d39715497b,bc8bcc0c-c956-451c-8f18-6caed523f6d6,Author,Vivian,Guo
7bfd1b97-214d-4842-8b49-6e68e86700bb,bc8bcc0c-c956-451c-8f18-6caed523f6d6,Author,Vivian,Guo
125c6354-3fc4-4d3b-81f7-2c53856437ec,bc8bcc0c-c956-451c-8f18-6caed523f6d6,Author,Vivian,Guo
190469ea-0401-4a9f-97d6-96df5786d923,,Author,Daniel,Gustafsson
69714bfd-2305-4d70-86df-6f9d00e2767d,,Author,Julian,Togelius
0dd66b1c-8805-40ad-a80e-735df5be45c6,,Author,Julian,Togelius
2683ff21-33d2-4a8d-a409-d9f233b193e5,ad34a0be-1ed8-477e-a356-cbe1195ea315,Author,Arzu Burcu,Güven
2683ff21-33d2-4a8d-a409-d9f233b193e5,c40e1e8a-50ee-4a7c-b7f0-2fc0fdd62adc,Author,Anna,Rogers
2683ff21-33d2-4a8d-a409-d9f233b193e5,8e5f2a6c-c817-4a90-b48b-d9171743ad0f,Author,Rob Van Der,Goot
ab358e1b-7f72-4575-b194-517c00393cec,,Author,Pernille,Kræmmergaard
0931c2fc-e8d3-48d1-af65-e7433aca2b38,672280b6-17c9-4191-9b00-8f1322fc1d90,Author,Frederik,Haagensen
0931c2fc-e8d3-48d1-af65-e7433aca2b38,d3b41838-e2bf-4735-b1cd-03f60b49c7e5,Author,Søren,Debois
edc00d8d-8cb8-4d27-8ab0-45ce71a364e9,672280b6-17c9-4191-9b00-8f1322fc1d90,Author,Frederik,Haagensen
bbdb5329-7f6e-4775-a6af-c4a8a077febc,,Author,Rasmus Tyge,Haarløv
913b6ac9-1717-4452-b5b4-b963e2121c28,,Author,Rasmus Tyge,Haarløv
052dc5fd-e660-4d7b-a676-a2a3c120f29d,,Author,Rasmus Tyge,Haarløv
9d31bf14-54be-41ad-88a7-9396a2d681a5,,Author,René,Haas
9d31bf14-54be-41ad-88a7-9396a2d681a5,785a7089-e58e-4aaa-986d-ae0e615ba508,Author,Leon,Derczynski
932f1dd9-d173-4714-a623-bbccc7b41226,,Author,René,Haas
932f1dd9-d173-4714-a623-bbccc7b41226,ad50bed7-77fd-4c7f-819c-54455506e3f0,Author,Stella,Grasshof
932f1dd9-d173-4714-a623-bbccc7b41226,e8e88610-5144-41da-95bf-597abf1d7869,Author,Sami Sebastian,Brandt
eea42dca-6570-4bfe-ae45-18a9b15afdca,,Author,René,Haas
eea42dca-6570-4bfe-ae45-18a9b15afdca,ad50bed7-77fd-4c7f-819c-54455506e3f0,Author,Stella,Grasshof
eea42dca-6570-4bfe-ae45-18a9b15afdca,e8e88610-5144-41da-95bf-597abf1d7869,Author,Sami Sebastian,Brandt
9c146d5b-4be2-4a1c-9750-7232f5f4a1c6,,Author,René,Haas
9c146d5b-4be2-4a1c-9750-7232f5f4a1c6,ad50bed7-77fd-4c7f-819c-54455506e3f0,Author,Stella,Grasshof
9c146d5b-4be2-4a1c-9750-7232f5f4a1c6,e8e88610-5144-41da-95bf-597abf1d7869,Author,Sami Sebastian,Brandt
db60d9da-0207-4961-832b-587c2449946f,,Author,René,Haas
db60d9da-0207-4961-832b-587c2449946f,ad50bed7-77fd-4c7f-819c-54455506e3f0,Author,Stella,Graßhof
db60d9da-0207-4961-832b-587c2449946f,e8e88610-5144-41da-95bf-597abf1d7869,Author,Sami Sebastian,Brandt
0032477b-0150-4514-9127-a7fc4d36a426,,Author,René,Haas
304487a0-8bb2-11dd-8006-000ea68e967b,,Author,Peter,Tiedemann
8f4288a0-f6a2-11dd-9b71-000ea68e967b,,Author,Peter,Tiedemann
d2ffa584-72d6-4bea-ba77-7c1115ccf7d2,,Author,Sathiamoorthy, Subbarayan
d2ffa584-72d6-4bea-ba77-7c1115ccf7d2,4d7fda5a-3cf4-4d39-9daf-1ae192b0e0e7,Author,Rune Møller,Jensen
d2ffa584-72d6-4bea-ba77-7c1115ccf7d2,,Author,Henrik Reif,Andersen
4da2ff17-c03c-4b67-b991-36d7f34faf35,4d7fda5a-3cf4-4d39-9daf-1ae192b0e0e7,Author,Rune Møller,Jensen
4da2ff17-c03c-4b67-b991-36d7f34faf35,,Author,Henrik Reif,Andersen
ecddf1a2-70bf-49b7-bb6c-8927b6447686,,Author,Henrik Reif,Andersen
76c91cc1-3745-4144-93c3-9e1c8f23b328,,Author,Henrik Reif,Andersen
fcf822d6-b3ca-4e42-894b-15579ee2bca8,,Author,Henrik Reif,Andersen
33803518-0805-454d-aff1-0c7d018920b5,7dd2f4fa-dd14-4676-8f1a-f719f213f64f,Author,Eduard,Kamburjan
ceef471c-e97e-4688-90ca-1b68427d2545,3f05e4ce-6433-4c5a-b72c-aa89422cf431,Author,Nutan,Limaye
59d30430-76f1-45cb-8d5f-50aae16f9b8d,,Author,Christoph,Mueller-Bloch
b8b56961-b696-495a-9e90-a09e32c07ebb,,Author,Christoph,Mueller-Bloch
390fd2a8-9fc1-4630-98c7-e4691cf744ef,,Author,Andreas,Hald
390fd2a8-9fc1-4630-98c7-e4691cf744ef,,Author,Jeppe Theiss,Kristensen
390fd2a8-9fc1-4630-98c7-e4691cf744ef,cf5e1d64-5489-4534-ba34-8dba5fd354a6,Author,Paolo,Burelli
627afdc2-38b2-475a-bb7f-55e9bbc6d458,410b0cad-d9fe-48d8-9edc-56ad6eb9c43b,Author,Ratish,Puduppully
ee8af8b8-ba4d-462e-9e30-f51f826cf347,,Author,Diako,Mardanbeigi
beacbebd-9f5f-4f62-8557-9d743cf75b49,,Author,Philippe,Bonnet
e154f7b0-c125-43aa-930f-68b95e957c03,e726f512-d3fd-4d89-962a-3aa9f532a52f,Author,Toine,Bogers
6c4c17aa-fe5d-473f-955d-711894518075,,Author,Carina Antonia,Hallin
e2412ce0-fb73-4146-8b01-ab97a46e1cc0,,Author,Carina Antonia,Hallin
a005b7ec-ed14-49b8-b1ec-b33a9606a8d4,,Author,Carina Antonia,Hallin
4f78b39b-c859-46c3-a791-aa7bcd73f663,,Author,Carina Antonia,Hallin
76ec88ed-20df-48a7-8e10-a18339c2646d,,Author,Carina Antonia,Hallin
f4781844-1683-4b08-892f-9228ac9e3d54,,Author,Carina Antonia,Hallin
23035c90-f529-4f25-8a43-06a08c328f72,,Author,Carina Antonia,Hallin
b9680021-3066-4375-a56b-ffcf2d945b15,,Author,Carina Antonia,Hallin
8119266c-89c4-48eb-a65f-5605422d7e51,,Author,Carina Antonia,Hallin
937fe645-fd35-448e-98f3-11eee2dfc4c9,,Author,Carina Antonia,Hallin
20334637-e392-4854-b178-38f0cee71c2c,,Author,Carina Antonia,Hallin
be9260f8-3861-4cca-81e9-46d37fc15dad,,Author,Carina Antonia,Hallin
52ca5c84-a392-4f08-bd1f-e749bac8de87,,Author,Carina Antonia,Hallin
fb48610d-40d7-4cb8-97ba-9a9b05f39be8,,Author,Carina Antonia,Hallin
66f5c740-028d-4643-bb77-49876d3ef0dd,,Author,Carina Antonia,Hallin
f2b08196-c399-41d8-9c59-6ba4c18229a4,,Author,Carina Antonia,Hallin
f1d568ab-61fc-41a3-bd98-1ea116dbafb5,,Author,Carina Antonia,Hallin
696a1462-f329-4acb-868b-d1da42a50933,,Author,Carina Antonia,Hallin
a3dd3100-8e32-4611-82d0-bf59ea9209b5,,Author,Carina Antonia,Hallin
aac6009c-07b0-4bf3-ab56-d5391a0fefff,,Author,Carina Antonia,Hallin
9dae884e-f4e3-4b0f-a5da-add1185c3857,,Author,Carina Antonia,Hallin
7f111d19-b974-408b-a023-fbfa3a906d25,,Author,Carina Antonia,Hallin
8c08f6c5-afd5-44d6-90f9-b7eeb08cb47d,,Author,Carina Antonia,Hallin
36161c10-6119-4a5f-9d3c-e18c9b1116a2,,Author,Carina Antonia,Hallin
26dd837f-c4b9-4b6d-9346-938a5cec11b9,,Author,Carina Antonia,Hallin
879e9b85-ebac-48d7-bbb5-56e3e9192492,,Author,Carina Antonia,Hallin
3aff0294-87e8-4c49-a83b-1dbd02c04221,,Author,Carina Antonia,Hallin
396a1306-f063-47b6-bf2a-5e028869a2aa,,Author,Carina Antonia,Hallin
59bdc99a-ef47-457f-a93c-5f1a6e2ff80e,,Author,Carina Antonia,Hallin
8c6e2a22-53d5-421e-8b36-61e750a7c0e4,2575c800-642d-4984-9c56-41601cf07a26,Author,Søren,Knudsen
7efb1f15-b4a2-46a0-ba02-27164c343367,,Author,Tim,Hallwyl
7efb1f15-b4a2-46a0-ba02-27164c343367,,Author,Espen,Højsgaard
be3e1907-213f-4a41-a7b7-657eee77ad60,c90e23c6-5bf4-4d6f-97d8-b162b8a5b03e,Editor,Thomas,Binder
cb9033e0-f13c-11dd-8987-000ea68e967b,,Author,Joachim,Halse
e3a18ff2-9f7f-40c8-9f9d-fa7b532b4b07,,Author,Joachim,Halse
e3a18ff2-9f7f-40c8-9f9d-fa7b532b4b07,c90e23c6-5bf4-4d6f-97d8-b162b8a5b03e,Author,Thomas,Binder
80c021f6-5cac-4848-abe8-bafc4d7e3e73,9cf737ee-bd9a-4f7e-b865-b6ff6ed01fde,Author,Willard,Rafnsson
80c021f6-5cac-4848-abe8-bafc4d7e3e73,1dbd1112-eb47-4406-936c-6807e8845610,Author,Oksana,Kulyk
80c021f6-5cac-4848-abe8-bafc4d7e3e73,d05daa00-c3d6-4a89-ba14-cfd1847fb0cc,Author,Raúl,Pardo
4181dddd-1be3-4361-8109-ca1419e73d88,2a9c0934-98ca-4101-b829-b88d77f6487e,Author,Kasper,Støy
4181dddd-1be3-4361-8109-ca1419e73d88,a420ffb3-2ca6-4925-a25f-baaa5228fc15,Author,Sebastian,Risi
4181dddd-1be3-4361-8109-ca1419e73d88,7dd48cfe-3069-4563-bef4-ef661c18387a,Author,Andres,Faina
4181dddd-1be3-4361-8109-ca1419e73d88,,Author,Frank,Veenstra
6447ce0d-cb26-44ae-a22c-2808310babac,,Author,Frank,Veenstra
6447ce0d-cb26-44ae-a22c-2808310babac,,Author,Stig Anton,Nielsen
6447ce0d-cb26-44ae-a22c-2808310babac,a420ffb3-2ca6-4925-a25f-baaa5228fc15,Author,Sebastian,Risi
6447ce0d-cb26-44ae-a22c-2808310babac,8785f18a-1bf3-4c63-8d8b-d3e5d516ca40,Author,Payam,Zahadat
6447ce0d-cb26-44ae-a22c-2808310babac,2a9c0934-98ca-4101-b829-b88d77f6487e,Author,Kasper,Støy
b340b6a1-b668-4702-96a1-ccc30787b3d0,,Author,Emil,Hammar
0b8742eb-41c8-4f58-bd9a-6336207d11b9,,Author,Emil,Hammar
b51213e7-0385-47c5-9099-af521b0203e5,5ad9c220-e37f-443a-8a31-fc4abf365db5,Author,Dan Witzner,Hansen
134545bf-4063-41d6-9917-ea8d4747d338,5ad9c220-e37f-443a-8a31-fc4abf365db5,Author,Dan Witzner,Hansen
49e805bf-b0b8-460e-9bf3-1ed764ea2cca,,Author,Richard,Ling
f864a56b-b0aa-4695-ae59-a36753cf1b5c,2a9c0934-98ca-4101-b829-b88d77f6487e,Author,Kasper,Støy
b7809216-f180-407c-bdf5-46c6f0bfa66b,,Author,Irina,Shklovski
b088c5cf-b0ae-4f40-90dc-33d74e47e8b0,cf5e1d64-5489-4534-ba34-8dba5fd354a6,Author,Paolo,Burelli
c0b7747e-1d4c-4220-bf39-66baef72a8e9,,Author,Alexander,Richter
1021318f-3811-4df3-afee-970b20050023,6aed9698-9a0c-4956-be0d-ec658bbfe09a,Author,Luca Maria,Aiello
e82079c0-8e3b-11dd-8006-000ea68e967b,5ad9c220-e37f-443a-8a31-fc4abf365db5,Author,Dan Witzner,Hansen
e82079c0-8e3b-11dd-8006-000ea68e967b,,Author,Henrik Skovsgaard,Jensen
e82079c0-8e3b-11dd-8006-000ea68e967b,,Author,John Paulin,Hansen
b12a0320-8e3e-11dd-8006-000ea68e967b,,Author,Peter,Tiedemann
11a01870-f6ae-11dd-9b71-000ea68e967b,,Author,Esben Rune,Hansen
11a01870-f6ae-11dd-9b71-000ea68e967b,,Author,Peter,Tiedemann
0e7a8840-5bf5-11de-8664-000ea68e967b,,Author,John Paulin,Hansen
0e7a8840-5bf5-11de-8664-000ea68e967b,,Author,Lone,Malmborg
691b14e5-38a5-4cd7-9297-1ea209524d2c,,Author,John Paulin,Hansen
016094df-a07c-40e2-880b-00f996695fd8,,Author,John Paulin,Hansen
719f61b3-ac90-48a4-a128-fe9e0144b6e2,,Author,John Paulin,Hansen
719f61b3-ac90-48a4-a128-fe9e0144b6e2,,Author,Arne John,Glenstrup
0062acae-e3a3-4eb6-b158-73b19c8c1160,,Author,John Paulin,Hansen
0062acae-e3a3-4eb6-b158-73b19c8c1160,,Author,Irina,Shklovski
6f4226f0-f6b6-11dd-9b71-000ea68e967b,,Author,Esben Rune,Hansen
6f4226f0-f6b6-11dd-9b71-000ea68e967b,,Author,Peter,Tiedemann
48c53d41-6eff-46ac-8248-558de0292347,,Author,John Paulin,Hansen
48c53d41-6eff-46ac-8248-558de0292347,76ad912b-dbb1-45c6-93f5-b2fe7f1ec3e9,Author,Wusheng,Wang
48c53d41-6eff-46ac-8248-558de0292347,,Author,Irina,Shklovski
b47a7c6c-ec52-4dab-a7f4-1c3cfbeeba21,5ad9c220-e37f-443a-8a31-fc4abf365db5,Author,Dan Witzner,Hansen
073bcd33-57f4-4237-92d7-cd5d241d3d93,5ad9c220-e37f-443a-8a31-fc4abf365db5,Author,Dan Witzner,Hansen
073bcd33-57f4-4237-92d7-cd5d241d3d93,,Author,John Paulin,Hansen
bdb10dd0-6a4a-49f8-bc24-b1c9ccb44449,5ad9c220-e37f-443a-8a31-fc4abf365db5,Author,Dan Witzner,Hansen
bdb10dd0-6a4a-49f8-bc24-b1c9ccb44449,0e2c06ee-d065-4477-93e1-d5ccf2f48fec,Author,Fiona,Mulvey
0ff71353-0188-4b9b-98af-2815629ee801,,Author,Pernille,Kræmmergaard
c83de0f5-d2cc-4c08-bc25-1810c7aed230,,Author,Pernille Kræmmergaard,Jensen
01471187-59f2-491d-8ce8-f1cd82ec1345,,Author,Pernille,Kræmmergaard
9d003835-3ba5-4c5b-a9a2-415ed3e5daa1,,Author,Pernille,Kræmmergaard
eb79fe7f-e01b-41c8-8eaa-2c9701f9079d,,Author,Pernille,Kræmmergaard
dca91975-fd5d-4846-90d1-2b265fbe1b17,,Author,Pernille,Kræmmergaard
74bd823c-415b-4fdc-b19c-6723e88740df,,Author,Pernille,Kræmmergaard
418303e1-5e25-4956-94e4-34aded78a303,,Author,Pernille,Kræmmergaard
0e2bd049-18b4-40cd-b539-32558f96fc88,5ad9c220-e37f-443a-8a31-fc4abf365db5,Author,Dan Witzner,Hansen
976dc2b6-b7a1-4b6e-a272-0ddd5f6fcf1a,5ad9c220-e37f-443a-8a31-fc4abf365db5,Author,Dan Witzner,Hansen
c50b4e96-1efd-4886-b844-fa0330168ad1,5ad9c220-e37f-443a-8a31-fc4abf365db5,Author,Dan Witzner,Hansen
2e9e1c18-6117-4a7c-8090-7f95bad959e2,,Author,John Paulin,Hansen
2e9e1c18-6117-4a7c-8090-7f95bad959e2,,Author,Zaheer,Ahmed
2e9e1c18-6117-4a7c-8090-7f95bad959e2,,Author,Diako,Mardanbeigi
e4488774-4626-423a-9547-0dfd90849b3e,,Author,John Paulin,Hansen
e4488774-4626-423a-9547-0dfd90849b3e,,Author,Emilie,Møllenbach
d07eba6f-5777-41ec-a142-1a91e08520c8,,Author,John Paulin,Hansen
d07eba6f-5777-41ec-a142-1a91e08520c8,,Author,Florian,Biermann
d07eba6f-5777-41ec-a142-1a91e08520c8,,Author,Emilie,Møllenbach
d07eba6f-5777-41ec-a142-1a91e08520c8,,Author,Javier San Agustin,Lopez
123d8345-e659-4d85-9936-185c5d71d0a6,,Inventor,John Paulin,Hansen
123d8345-e659-4d85-9936-185c5d71d0a6,,Inventor,Javier San Agustin,Lopez
8510b846-2c60-4732-b89c-38719bc8858f,5ad9c220-e37f-443a-8a31-fc4abf365db5,Inventor,Dan Witzner,Hansen
8510b846-2c60-4732-b89c-38719bc8858f,,Inventor,Diako,Mardanbegi
aca9503b-190a-41e1-a7a9-dedd0b9431b1,5ad9c220-e37f-443a-8a31-fc4abf365db5,Inventor,Dan Witzner,Hansen
81f12f2e-6bc6-4565-b522-bba0ea824611,5ad9c220-e37f-443a-8a31-fc4abf365db5,Inventor,Dan Witzner,Hansen
bbfe6942-4854-4afa-86e6-c8743128eda4,,Author,Troels Bjerre,Lund
fa1e80dd-6bbc-441e-a5bc-352732cd1966,5ad9c220-e37f-443a-8a31-fc4abf365db5,Author,Dan Witzner,Hansen
4eb01ee6-9fd0-431e-83a2-f2a79ae3e0c0,,Author,Gitte,Tjørnehøj
e0df3bd5-afde-4e7a-a53e-61966056a502,ffc6db77-95ed-452f-92ac-ca143a9db73c,Author,Maria Jung,Barrett
e0df3bd5-afde-4e7a-a53e-61966056a502,523ffd96-f3b2-49cc-8f24-dc9215b84bed,Author,Max,Müller-Eberstein
e0df3bd5-afde-4e7a-a53e-61966056a502,8e5f2a6c-c817-4a90-b48b-d9171743ad0f,Author,Rob,van der Goot
08de88d4-b65d-4c84-9f2a-8916240747fd,22ec9269-2fff-4dbf-a9c7-5037559a15ee,Author,Anders Sundnes,Løvlie
64a51310-bbb8-4cf4-8ca1-b9697f8426e7,418f030f-2b26-4c74-a77b-c0c87d13f56d,Author,Roberta,Sinatra
64a51310-bbb8-4cf4-8ca1-b9697f8426e7,db64c222-0674-4eab-9f09-7f9ea1c483e3,Author,Vedran,Sekara
e21b8d51-1577-45ad-a888-f33394524c6b,5ad9c220-e37f-443a-8a31-fc4abf365db5,Author,Dan Witzner,Hansen
5cb1ce39-4af1-4052-8720-aee936bd1882,5ad9c220-e37f-443a-8a31-fc4abf365db5,Author,Dan Witzner,Hansen
a17dfaf0-f13d-11dd-8987-000ea68e967b,,Author,Esben Rune,Hansen
819f59a4-210a-4b5e-a23e-ad56d29b1d0d,2a0966cb-1bbd-4f5b-8d2e-d68f53acee87,Author,Ida,Schrøder
f94c1de6-34a5-4734-ad22-668d1662a96c,7dd2f4fa-dd14-4676-8f1a-f719f213f64f,Author,Eduard,Kamburjan
22234ff8-5786-4f75-b360-23087257cad4,,Author,Mads Cornelius,Hansen
22234ff8-5786-4f75-b360-23087257cad4,63342b24-28ec-40c5-a7d9-ec49867dc75d,Author,Pınar,Tözün
22234ff8-5786-4f75-b360-23087257cad4,54e42219-4e3f-42cd-a19d-66c82ee60654,Author,Martin ,Hentschel
3b104016-f729-43b3-9b3b-a7d14958c5a8,f2136570-f73c-446f-9fb0-6d9e461e2124,Author,Yvonne,Dittrich
4e12c140-97fc-4d42-98e8-0cf6ec879267,f2136570-f73c-446f-9fb0-6d9e461e2124,Author,Yvonne,Dittrich
43c63fd9-8c1a-420d-93f8-882e16e6898e,f2136570-f73c-446f-9fb0-6d9e461e2124,Author,Yvonne,Dittrich
8d118d7c-e686-491f-9b0e-80e9e9d890f5,,Author,Obaida,Hanteer
8d118d7c-e686-491f-9b0e-80e9e9d890f5,1b45e3f5-b8cd-4c0d-a444-2901304f76ee,Author,Luca,Rossi
0ac1995b-dafc-43a9-8ac4-eb503ce34164,,Author,Obaida,Hanteer
0ac1995b-dafc-43a9-8ac4-eb503ce34164,1b45e3f5-b8cd-4c0d-a444-2901304f76ee,Author,Luca,Rossi
4ea232c8-59df-4ed9-a5af-93292f5ce16c,,Author,Obaida,Hanteer
4ea232c8-59df-4ed9-a5af-93292f5ce16c,1b45e3f5-b8cd-4c0d-a444-2901304f76ee,Author,Luca,Rossi
4ed7eba5-4be0-4fe9-b03e-e9b29bf06a2b,,Author,Obaida,Hanteer
b34b705e-4f98-442b-9b72-a929fa704ab8,,Author,Minna,Isomursu
d81fd7ed-90fd-44bd-8d16-bf2358fbde6b,9504265d-0046-4e58-b529-256a656c012d,Author,Christian,Hardmeier
6133b4a5-ca47-4a3e-a62e-ff8b74a8f516,9504265d-0046-4e58-b529-256a656c012d,Editor,Christian,Hardmeier
50bc26ce-ebf5-4e15-a2f8-bcecf53276ef,9504265d-0046-4e58-b529-256a656c012d,Author,Christian,Hardmeier
8ca80adc-d234-4043-81e5-5b6c940c1ae8,9504265d-0046-4e58-b529-256a656c012d,Author,Christian,Hardmeier
1c5fd57d-6730-4e79-8b53-02650c02bcfd,9504265d-0046-4e58-b529-256a656c012d,Author,Christian,Hardmeier
007e0214-00d1-4401-a47b-59a7f65ec8bb,9504265d-0046-4e58-b529-256a656c012d,Author,Christian,Hardmeier
96d0f81a-50c6-4ddb-8ce8-c32d24c18bb4,9504265d-0046-4e58-b529-256a656c012d,Author,Christian,Hardmeier
04287575-ecdd-45de-a473-16fbf9549470,9504265d-0046-4e58-b529-256a656c012d,Author,Christian,Hardmeier
d6797a03-2066-48e2-9bc5-d737629aa800,9504265d-0046-4e58-b529-256a656c012d,Author,Christian,Hardmeier
eff48ee5-bde7-445b-bcec-f61dffa38502,9504265d-0046-4e58-b529-256a656c012d,Author,Christian,Hardmeier
251fb87c-075d-4920-abf0-e53082155a38,9504265d-0046-4e58-b529-256a656c012d,Author,Christian,Hardmeier
187fda8c-f926-4a2e-8827-6f000124efb1,9504265d-0046-4e58-b529-256a656c012d,Author,Christian,Hardmeier
bc189c02-69ec-4b0a-b9dd-3f60665f55d9,9504265d-0046-4e58-b529-256a656c012d,Author,Christian,Hardmeier
fd4ed53c-25ae-454b-9885-0f932c70ce38,9504265d-0046-4e58-b529-256a656c012d,Author,Christian,Hardmeier
bb36337b-0025-4e84-a9a2-514b1cedafa1,9504265d-0046-4e58-b529-256a656c012d,Author,Christian,Hardmeier
deae5d6a-b059-4753-9d73-f01d23c77dd2,9504265d-0046-4e58-b529-256a656c012d,Author,Christian,Hardmeier
e943e1fa-63be-4791-b399-9d4a8cad6180,9504265d-0046-4e58-b529-256a656c012d,Author,Christian,Hardmeier
90515cb4-54ea-4ae3-9b8e-59f26f691563,9504265d-0046-4e58-b529-256a656c012d,Author,Christian,Hardmeier
58d9f052-4ed8-4d31-94c3-92dc154b6383,9504265d-0046-4e58-b529-256a656c012d,Author,Christian,Hardmeier
dc98dfc8-8d4c-48d2-b85b-160c3a9ae037,9504265d-0046-4e58-b529-256a656c012d,Author,Christian,Hardmeier
2fff95a6-050d-4939-b353-dfa284091cb8,9504265d-0046-4e58-b529-256a656c012d,Author,Christian,Hardmeier
a1cbf766-a01d-4d83-8dd0-843dfce37871,9504265d-0046-4e58-b529-256a656c012d,Author,Christian,Hardmeier
ee21cda3-3ead-4ce2-9c9f-378e9d2f67b1,9504265d-0046-4e58-b529-256a656c012d,Author,Christian,Hardmeier
1f41e278-419e-46fd-a88a-3c5410cca76b,9504265d-0046-4e58-b529-256a656c012d,Author,Christian,Hardmeier
2c8f8988-f90b-4695-a913-1456dfebf612,9504265d-0046-4e58-b529-256a656c012d,Author,Christian ,Hardmeier
be45220b-23ca-4838-9fac-9ebfa9a1de98,,Author,Irina,Shklovski
be45220b-23ca-4838-9fac-9ebfa9a1de98,a39b94ff-e1b6-4b96-8404-486167a9123d,Author,Andrzej,Wasowski
1e22a358-282a-42d9-a0c5-4a4d1115f247,8e5f2a6c-c817-4a90-b48b-d9171743ad0f,Author,Rob,van der Goot
f3901320-f131-11dd-8987-000ea68e967b,,Author,Rasmus Bjørndal,Harr
bcbaeac2-f896-48a2-a4d8-3231d6be21df,8949ca8c-746d-4a53-b816-ec9ebf06764c,Author,Olivia Thomassen,Harre
bcbaeac2-f896-48a2-a4d8-3231d6be21df,1052b289-f510-4c5a-9662-2db48c12ebc2,Author,Lene,Nielsen
7508cc96-3863-4458-a3de-e15bbecef651,8949ca8c-746d-4a53-b816-ec9ebf06764c,Author,Olivia Thomassen,Harre
7508cc96-3863-4458-a3de-e15bbecef651,,Author,Luca,Simeone
7508cc96-3863-4458-a3de-e15bbecef651,1052b289-f510-4c5a-9662-2db48c12ebc2,Author,Lene,Nielsen
c3b53b41-8a1f-4e4a-b918-4e0f5f55cbb1,8949ca8c-746d-4a53-b816-ec9ebf06764c,Author,Olivia,Harre
c3b53b41-8a1f-4e4a-b918-4e0f5f55cbb1,,Author,Luca,Simeone
c3b53b41-8a1f-4e4a-b918-4e0f5f55cbb1,,Author,Cathrine,Seidelin
fed21b0d-8231-40e9-8329-ea7b5f034ed8,8949ca8c-746d-4a53-b816-ec9ebf06764c,Author,Olivia Thomassen,Harre
fed21b0d-8231-40e9-8329-ea7b5f034ed8,1052b289-f510-4c5a-9662-2db48c12ebc2,Author,Lene,Nielsen
1a3e5d94-9a76-45ee-b88e-e010eb4be269,8949ca8c-746d-4a53-b816-ec9ebf06764c,Author,Olivia T.,Harre
456ef80a-fd2d-4c33-8a73-d13124427b89,8949ca8c-746d-4a53-b816-ec9ebf06764c,Author,Olivia Thomassen,Harre
4a3f1e56-04e2-4923-8f77-c8541d38f7c2,8949ca8c-746d-4a53-b816-ec9ebf06764c,Author,Olivia Thomassen,Harre
b4f35432-08f5-46e8-b5c6-882ad01880f4,ddcdfda8-c5ea-4e67-b0ea-21ba86966197,Author,Martin,Pichlmair
ad41c9e6-5d63-4b76-96f0-b4c788ffefde,7dd2f4fa-dd14-4676-8f1a-f719f213f64f,Author,Eduard,Kamburjan
95f77fb2-3765-484e-b028-8bf8b0161269,f073ebac-704d-4236-9206-d1d2ef2be9c3,Editor,Barbara,Plank
19860f84-f174-496f-8ff0-a204fed98d8e,c4e4fa45-a84f-4422-a4f5-7cc5706782a2,Author,Mai ,Hartmann
19860f84-f174-496f-8ff0-a204fed98d8e,d37cba38-dff2-4c27-a515-226cfadfd849,Author,Jonas ,Fritsch
14c9e44e-dd7c-47d9-8d4e-58e4995cf658,39f7afe3-fd9c-4ac5-8ba1-fa2f2826ab8c,Author,Paloma,Thomé de Lima
5e9f3efe-aa78-4f09-b071-e51f6bd1252f,efa39e70-a80a-4780-b151-ba31b01726bb,Author,Per B.,Brockhoff
d0c75f68-bf89-4050-88aa-74028dc697ba,efa39e70-a80a-4780-b151-ba31b01726bb,Author,Per B.,Brockhoff
b3fac78f-0a45-4f6a-8423-b3b7285e88ee,a39b94ff-e1b6-4b96-8404-486167a9123d,Editor,Andrzej,Wasowski
d979f2ca-d21f-45a2-bc7e-1a1cdd78e263,a39b94ff-e1b6-4b96-8404-486167a9123d,Author,Andrzej,Wasowski
76c28385-c206-4cf0-90a4-cb6ea4653c9b,a39b94ff-e1b6-4b96-8404-486167a9123d,Author,Andrzej,Wasowski
8d1295b0-2430-4550-91b8-66f894830a7d,,Author,Joel,Lehman
168e395e-91c5-4d37-8276-9477539eab85,,Author,Thorsten,Berger
168e395e-91c5-4d37-8276-9477539eab85,a39b94ff-e1b6-4b96-8404-486167a9123d,Author,Andrzej,Wasowski
5efff7a9-6de2-4c42-bfa5-6e634d75e6fc,a39b94ff-e1b6-4b96-8404-486167a9123d,Author,Andrzej,Wasowski
8d8fe452-949e-4ecf-8b0d-e672fc939f86,,Author,Niclas,Hedam
8d8fe452-949e-4ecf-8b0d-e672fc939f86,63342b24-28ec-40c5-a7d9-ec49867dc75d,Author,Pinar,Tözün
d1953b19-ba10-4235-95df-99c69779df36,,Author,Niclas,Hedam
d6484671-b01d-4954-a04e-f594e27403fe,,Author,Niclas,Hedam
d6484671-b01d-4954-a04e-f594e27403fe,09813918-f2fa-46c2-a9b1-069b140c2903,Author,Morten Tychsen,Clausen
d6484671-b01d-4954-a04e-f594e27403fe,,Author,Philippe,Bonnet
bf1114a2-96ab-4e10-bca8-578fdc277be3,,Author,Niclas,Hedam
5f896c26-7ad3-4877-bdfc-69d53e3cb3cb,,Author,Gitte,Tjørnehøj
c7a73d9d-2dcd-4cbb-86e7-76b0639a56a4,e20164d2-7e0c-4f05-88be-ca477dfc5f8c,Author,Laurits,Dixen
c7a73d9d-2dcd-4cbb-86e7-76b0639a56a4,cf5e1d64-5489-4534-ba34-8dba5fd354a6,Author,Paolo,Burelli
2abaffe5-7752-481f-bc33-3d7b540ca990,74a08deb-18e1-48d0-a86e-ed6675da92ab,Author,Christian,Østergaard Madsen
68a63350-938c-11dd-8006-000ea68e967b,,Author,Susana Pajares,Tosca
68a63350-938c-11dd-8006-000ea68e967b,,Author,Simon,Egenfeldt-Nielsen
7adb3b37-0cf7-4a74-960f-4290822dc956,,Author,Alexander,Richter
7adb3b37-0cf7-4a74-960f-4290822dc956,92f6c3f3-0ad2-40fc-b278-69170f87567d,Author,Lars Rune,Christensen
5a1c82ee-9a3c-4fa6-9cc6-460b481faeb4,5ad9c220-e37f-443a-8a31-fc4abf365db5,Author,Dan Witzner,Hansen
acd3a16c-1836-4ff8-8447-34f1f3375642,2a9c0934-98ca-4101-b829-b88d77f6487e,Author,Kasper,Støy
41393738-5180-4eab-8eb2-1af6b4d08223,1abda59f-c493-4824-a7b1-7470d66f08d1,Author,Stefan,Heinrich
5229f62f-834f-46ee-9b2e-a16f459489a4,1abda59f-c493-4824-a7b1-7470d66f08d1,Author,Stefan,Heinrich
0d76ffc6-425e-4a39-a905-a70383582c74,1abda59f-c493-4824-a7b1-7470d66f08d1,Author,Stefan,Heinrich
6fed1cb7-b62c-4906-96b4-926762baf706,1abda59f-c493-4824-a7b1-7470d66f08d1,Author,Stefan,Heinrich
99ec4bc2-110b-4d8d-9e83-5cf37876319f,1abda59f-c493-4824-a7b1-7470d66f08d1,Author,Stefan,Heinrich
cee1fb92-3424-41c8-9735-80bb79d760bf,1abda59f-c493-4824-a7b1-7470d66f08d1,Author,Stefan,Heinrich
fdd67281-b361-44c8-bdff-90312c4dea5a,1abda59f-c493-4824-a7b1-7470d66f08d1,Author,Stefan,Heinrich
c77c8806-a5cc-43f1-80ae-74ac7774c737,1abda59f-c493-4824-a7b1-7470d66f08d1,Author,Stefan,Heinrich
1af21e96-7a6d-4b37-b16e-da1910b29eac,1abda59f-c493-4824-a7b1-7470d66f08d1,Author,Stefan,Heinrich
4f76212e-3d84-441a-bc63-cbc576c03d0d,1abda59f-c493-4824-a7b1-7470d66f08d1,Author,Stefan,Heinrich
df0ae692-43f8-47b0-bb8d-c971e31e5b17,1abda59f-c493-4824-a7b1-7470d66f08d1,Author,Stefan,Heinrich
3911520b-c282-430a-a131-beb91acd95ab,1abda59f-c493-4824-a7b1-7470d66f08d1,Author,Stefan,Heinrich
bddf40c1-3ad7-47f8-88e8-8c90287f1e05,1abda59f-c493-4824-a7b1-7470d66f08d1,Author,Stefan,Heinrich
e54edf4e-5f88-4ee4-80dc-aa2615e1c511,1abda59f-c493-4824-a7b1-7470d66f08d1,Author,Stefan,Heinrich
417efdbd-1d20-41d2-a17d-f15f8b619763,1abda59f-c493-4824-a7b1-7470d66f08d1,Author,Stefan,Heinrich
5dd20b7e-f6d3-457f-a677-4ece84f84e14,1abda59f-c493-4824-a7b1-7470d66f08d1,Author,Stefan,Heinrich
588d32e3-dc7d-4332-8bbd-5f135d6161b3,f14f4742-c9d8-4a34-b8e2-d713c3a1f437,Author,Oliver,Krancher
e87a1401-3c4a-4a31-ae50-7ee3ffd54f9e,8785f18a-1bf3-4c63-8d8b-d3e5d516ca40,Author,Payam,Zahadat
e87a1401-3c4a-4a31-ae50-7ee3ffd54f9e,2a9c0934-98ca-4101-b829-b88d77f6487e,Author,Kasper,Støy
82435fd5-42fd-402b-85fc-bed22fc3ae97,8785f18a-1bf3-4c63-8d8b-d3e5d516ca40,Author,Payam,Zahadat
82435fd5-42fd-402b-85fc-bed22fc3ae97,,Author,Jonas ,Jørgensen
82435fd5-42fd-402b-85fc-bed22fc3ae97,,Author,Søren Mørk,Petersen
324fe74c-aba2-40ef-b308-6d1c01c2cf07,cfd2eb14-8c3d-4c92-b6f4-acf076e82110,Author,Xiao,Li
324fe74c-aba2-40ef-b308-6d1c01c2cf07,d5c3a434-36d5-4861-862d-3c5b3e332121,Author,Zoi,Kaoudi
500f6dad-6d92-46f8-9a61-b5a8af41df43,,Author,Line,Henriksen
34e8240f-a34f-4475-ae6a-f2dc63a3d9e4,1b3cff7f-1549-4998-b52e-0ba9093e1d01,Author,Pedro,Ferreira
4d76f763-ee78-4781-8c99-5e9c618a1ced,b2431f12-bff1-4a97-af68-defe62b81aee,Author,Karl,Werder
93c8a24a-e3bf-4041-b91b-a667daf2be25,1dbd1112-eb47-4406-936c-6807e8845610,Author,Oksana,Kulyk
4bfe2952-8f5d-4536-a9c9-f5fb93d3749b,d30b96a8-4f1e-44fa-9bf5-0209bedf0268,Author,Thomas,Hildebrandt
26392fe0-13c0-47bd-b66e-e2bd444c68e1,54728da8-274d-40e6-b119-23318d995721,Author,Hanne Westh,Nicolajsen
c6faeee5-3f97-4975-b802-26ce102ad97d,54728da8-274d-40e6-b119-23318d995721,Author,Hanne Westh,Nicolajsen
ddc10d48-b0c7-4274-8345-27b201b06f73,,Author,Line,Henriksen
ddc10d48-b0c7-4274-8345-27b201b06f73,605b59ab-91b4-4f8e-bb12-df68ce0491c5,Author,Cancan,Wang
72bbf757-dd75-42a1-a8ca-b78f3361d612,,Author,Line,Henriksen
8b0bb36c-dcd1-437a-a582-b87f88294d59,,Author,Line,Henriksen
f5eef1bd-6e87-4632-84bd-bf792e6484d2,,Author,Line,Henriksen
77b09425-ab25-45a3-a529-e079f7352812,,Author,Line,Henriksen
ffb2e099-8f80-4ad6-b710-905c563718e5,,Author,Line,Henriksen
4423e8f1-80c3-468b-89cc-3bc886c244d6,,Author,Line,Henriksen
e6135262-bb4b-453e-8ab2-8d1c6d802e01,,Author,Line,Henriksen
c1fad42b-1f04-4570-8913-887d3c84b206,,Author,Line,Henriksen
7b789cc8-5d59-4f3e-b09c-0465a8f9b1d2,,Author,Line,Henriksen
1e464cfc-38bd-4bd3-a136-517bd4c99afa,,Author,Line,Henriksen
90ccfe1e-57f5-48b3-97df-e9825894f33a,,Author,Line,Henriksen
5636a880-fb9b-417b-ac32-dc80c991b2e7,,Author,Line,Henriksen
14c55d32-fea1-45e3-ac3f-39af04d93ccd,,Author,Line,Henriksen
14c55d32-fea1-45e3-ac3f-39af04d93ccd,0c46864b-a7f8-4439-aeda-0781f77bfe88,Author,Katrine Meldgaard,Kjær
8cefa2a4-32ce-4d3d-95d9-b2ecd4c3a25b,,Author,Line,Henriksen
8cefa2a4-32ce-4d3d-95d9-b2ecd4c3a25b,0c46864b-a7f8-4439-aeda-0781f77bfe88,Author,Katrine Meldgaard,Kjær
c803dfe5-723c-47ee-9bd9-08b7099827fe,,Author,Line,Henriksen
3135a70f-50b4-4266-9659-b5bc9b11c920,,Author,Line,Henriksen
7b7818dc-cf90-442f-826c-fe4264251f64,,Author,Line,Henriksen
7b7818dc-cf90-442f-826c-fe4264251f64,0c46864b-a7f8-4439-aeda-0781f77bfe88,Author,Katrine Meldgaard,Kjær
7b7818dc-cf90-442f-826c-fe4264251f64,,Author,Marie,Blønd
7b7818dc-cf90-442f-826c-fe4264251f64,e9d14210-bc71-4824-b7cf-fd1448d022ab,Author,Marisa,Cohn
7b7818dc-cf90-442f-826c-fe4264251f64,b614ac6f-eefa-44a3-8b9a-092b88d86d37,Author,Baki,Cakici
7b7818dc-cf90-442f-826c-fe4264251f64,f11b0cc1-ad9f-4b12-b805-65b70e5bcd65,Author,Rachel,Douglas-Jones
7b7818dc-cf90-442f-826c-fe4264251f64,1b3cff7f-1549-4998-b52e-0ba9093e1d01,Author,Pedro,Ferreira
7b7818dc-cf90-442f-826c-fe4264251f64,6c543b1d-8137-489d-b444-d17921fc9de9,Author,Simy Kaur,Gahoonia
7b7818dc-cf90-442f-826c-fe4264251f64,06d038a4-f659-4c53-8a6d-58e295ab603f,Author,Sunniva,Sandbukt
cd1c0662-0eca-4b15-9209-8362e4904954,,Author,Line,Henriksen
a371501a-52a4-4c6b-a41e-438fe6111763,8ee88b26-8053-4761-8c8d-91a2941a9df9,Author,Raha,Asadi
a371501a-52a4-4c6b-a41e-438fe6111763,1dbd1112-eb47-4406-936c-6807e8845610,Author,Oksana,Kulyk
a3602cd1-4658-4592-85ab-d7e3320699b4,,Author,Roman,Beck
f671f62c-3908-4267-8f17-9200345dfb6a,54728da8-274d-40e6-b119-23318d995721,Author,Hanne Westh,Nicolajsen
8851e2f1-2669-41bd-a74c-46a6829f7a10,54728da8-274d-40e6-b119-23318d995721,Author,Hanne Westh,Nicolajsen
683a8336-b690-4fa5-93ce-8e7c90d68b86,54e42219-4e3f-42cd-a19d-66c82ee60654,Author,Martin,Hentschel
7864bcd0-8119-411a-a014-b83a3a125b06,3ec363e3-83f0-4dd8-9b2d-b87a7d34dc55,Author,Eleni Tzirita,Zacharatou
44761c8b-25a8-4803-b9d9-1161ae8073ba,,Author,Oliver,Müller
157bd7d4-a3dd-4f0e-9b89-daa209aa9a79,2575c800-642d-4984-9c56-41601cf07a26,Author,Søren,Knudsen
fb8573d4-f069-4d90-9023-afdf12e8729e,2575c800-642d-4984-9c56-41601cf07a26,Author,Søren,Knudsen
a6304751-164a-4c16-9a8d-2699d98de296,5417f888-9371-4933-8a2b-7679eb21bd84,Author,Doga,Cavdir
db9e4d67-2bb7-4dec-862f-4ed0d92c55b1,c7fb29ef-b1ab-41d7-b4bf-4774178f9df1,Author,Kevin,Hermann
db9e4d67-2bb7-4dec-862f-4ed0d92c55b1,d43519a1-5bf4-4290-a053-fe55459ca88a,Author,Sven,Peldszus
db9e4d67-2bb7-4dec-862f-4ed0d92c55b1,,Author,Thorsten,Berger
1f3f8083-8af1-45dd-8e6d-f3aee5d70336,c7fb29ef-b1ab-41d7-b4bf-4774178f9df1,Author,Kevin,Hermann
1f3f8083-8af1-45dd-8e6d-f3aee5d70336,d43519a1-5bf4-4290-a053-fe55459ca88a,Author,Sven,Peldszus
1f3f8083-8af1-45dd-8e6d-f3aee5d70336,,Author,Thorsten,Berger
091d2eaf-afde-4136-917c-d4b69a08ff92,,Author,Paul,Rosero
34ab3a9c-9d61-4b3b-8ac5-0ee7b6e88cd6,7dd48cfe-3069-4563-bef4-ef661c18387a,Author,Andres,Faina
052171ec-fd6b-4d01-b5fb-6831b5fb5bd8,82f8ffa4-b7d6-490d-b3b4-2c68b79cd77a,Author,M.L.,Maurer
427a3428-e70d-41c1-a594-51f5be0dd4a6,fa03d816-cd99-4fea-b45b-efe7ecd3cb0a,Author,Jaike,van Twiller
427a3428-e70d-41c1-a594-51f5be0dd4a6,4d7fda5a-3cf4-4d39-9daf-1ae192b0e0e7,Author,Rune Møller,Jensen
1385691b-f148-4b2e-b46c-f76259b10908,,Author,Alexander,Richter
e6fe6d12-18a2-4443-9ddf-0747f0f7e830,,Author,Alexander,Richter
046dcc00-8ecc-11dd-8006-000ea68e967b,,Author,Anders,Hessellund
046dcc00-8ecc-11dd-8006-000ea68e967b,0ee7ba1e-3108-4db3-a908-97977980d032,Author,Peter,Sestoft
75d48640-c6b7-11dd-867b-000ea68e967b,,Author,Anders,Hessellund
75d48640-c6b7-11dd-867b-000ea68e967b,a39b94ff-e1b6-4b96-8404-486167a9123d,Author,Andrzej,Wasowski
e5eb780d-74d6-49e2-9f29-c9c85787e9f0,,Author,Anders,Hessellund
2851874d-a7f9-428a-94f8-6868c12af05d,,Author,Anders,Hessellund
0216a6a0-fd9b-11dd-b964-000ea68e967b,,Author,Anders,Hessellund
50101c25-22b7-4bf9-bc63-5b43a273a908,,Author,Clint,Heyer
a91b7724-d342-467d-b821-58f7b6a9b696,,Author,Clint,Heyer
a91b7724-d342-467d-b821-58f7b6a9b696,,Author,Irina,Shklovski
a91b7724-d342-467d-b821-58f7b6a9b696,,Author,Nanna,Gorm Jensen
4a3597b0-e7c6-11dd-a259-000ea68e967b,d30b96a8-4f1e-44fa-9bf5-0209bedf0268,Author,Thomas,Hildebrandt
4a3597b0-e7c6-11dd-a259-000ea68e967b,,Author,Arne John,Glenstrup
4a3597b0-e7c6-11dd-a259-000ea68e967b,,Author,Mikkel,Bundgaard
4a3597b0-e7c6-11dd-a259-000ea68e967b,,Author,Espen,Højsgaard
4a3597b0-e7c6-11dd-a259-000ea68e967b,,Author,Tim,Hallwyl
4a3597b0-e7c6-11dd-a259-000ea68e967b,,Author,Tijs,Slaats
4a3597b0-e7c6-11dd-a259-000ea68e967b,,Author,Magnus,Nilsson
4a3597b0-e7c6-11dd-a259-000ea68e967b,,Author,Kjeld,Schmidt
c38ed9a0-e75c-11de-a523-000ea68e967b,d30b96a8-4f1e-44fa-9bf5-0209bedf0268,Author,Thomas,Hildebrandt
4b010bb6-18f8-4cd4-a2f8-7f4c37444cfc,d30b96a8-4f1e-44fa-9bf5-0209bedf0268,Author,Thomas,Hildebrandt
4b010bb6-18f8-4cd4-a2f8-7f4c37444cfc,,Author,Raghava Rao,Mukkamala
347cc593-5e8f-4b6b-bee0-7212c9fe3711,d30b96a8-4f1e-44fa-9bf5-0209bedf0268,Author,Thomas,Hildebrandt
347cc593-5e8f-4b6b-bee0-7212c9fe3711,,Author,Raghava Rao,Mukkamala
347cc593-5e8f-4b6b-bee0-7212c9fe3711,,Author,Tijs,Slaats
ad2099fd-feb0-47a0-94eb-bba6ed2d85a8,d30b96a8-4f1e-44fa-9bf5-0209bedf0268,Author,Thomas,Hildebrandt
ad2099fd-feb0-47a0-94eb-bba6ed2d85a8,,Author,Raghava Rao,Mukkamala
ad2099fd-feb0-47a0-94eb-bba6ed2d85a8,,Author,Tijs,Slaats
6ef08ac6-df19-4e67-82ba-7954a4e87070,d30b96a8-4f1e-44fa-9bf5-0209bedf0268,Author,Thomas,Hildebrandt
6ef08ac6-df19-4e67-82ba-7954a4e87070,,Author,Raghava Rao,Mukkamala
6ef08ac6-df19-4e67-82ba-7954a4e87070,,Author,Tijs,Slaats
572706da-ddff-4c49-8635-2d25b794d0fc,d30b96a8-4f1e-44fa-9bf5-0209bedf0268,Author,Thomas,Hildebrandt
572706da-ddff-4c49-8635-2d25b794d0fc,,Author,Francesco,Zanitti
e1d355a9-e451-44d1-a02b-98f0ebb7097b,d30b96a8-4f1e-44fa-9bf5-0209bedf0268,Author,Thomas,Hildebrandt
e1d355a9-e451-44d1-a02b-98f0ebb7097b,,Author,Raghava Rao,Mukkamala
e1d355a9-e451-44d1-a02b-98f0ebb7097b,,Author,Tijs,Slaats
a1a7a4b7-d555-4de8-9aaa-31d2c799af0b,d30b96a8-4f1e-44fa-9bf5-0209bedf0268,Author,Thomas,Hildebrandt
a1a7a4b7-d555-4de8-9aaa-31d2c799af0b,,Author,Raghava Rao,Mukkamala
a1a7a4b7-d555-4de8-9aaa-31d2c799af0b,,Author,Tijs,Slaats
a1a7a4b7-d555-4de8-9aaa-31d2c799af0b,,Author,Francesco,Zanitti
52139d30-e308-4118-b716-a7c4978e08d1,d30b96a8-4f1e-44fa-9bf5-0209bedf0268,Author,Thomas,Hildebrandt
52139d30-e308-4118-b716-a7c4978e08d1,,Author,Raghava Rao,Mukkamala
52139d30-e308-4118-b716-a7c4978e08d1,,Author,Francesco,Zanitti
43ea1ce3-6d90-418d-a63f-97a7cf60efaa,d30b96a8-4f1e-44fa-9bf5-0209bedf0268,Author,Thomas,Hildebrandt
43ea1ce3-6d90-418d-a63f-97a7cf60efaa,,Author,Raghava Rao,Mukkamala
e13755cb-543f-471b-bf7b-6fb008f90cad,d30b96a8-4f1e-44fa-9bf5-0209bedf0268,Author,Thomas,Hildebrandt
e13755cb-543f-471b-bf7b-6fb008f90cad,,Author,Håkon,Norman
da166bf3-e02f-4ee9-a36e-e695d1053ae1,d30b96a8-4f1e-44fa-9bf5-0209bedf0268,Author,Thomas Troels,Hildebrandt
2cfbef8a-ca53-4e7b-8501-955bd7a6c323,d30b96a8-4f1e-44fa-9bf5-0209bedf0268,Author,Thomas,Hildebrandt
2cfbef8a-ca53-4e7b-8501-955bd7a6c323,d3b41838-e2bf-4735-b1cd-03f60b49c7e5,Author,Søren,Debois
2cfbef8a-ca53-4e7b-8501-955bd7a6c323,,Author,Tijs,Slaats
486fbcd3-85c7-42d1-9a66-809e6ade54d9,d30b96a8-4f1e-44fa-9bf5-0209bedf0268,Author,Thomas T.,Hildebrandt
486fbcd3-85c7-42d1-9a66-809e6ade54d9,,Author,Tijs,Slaats
486fbcd3-85c7-42d1-9a66-809e6ade54d9,,Author,Hugo A.,López
486fbcd3-85c7-42d1-9a66-809e6ade54d9,d3b41838-e2bf-4735-b1cd-03f60b49c7e5,Author,Søren,Debois
486fbcd3-85c7-42d1-9a66-809e6ade54d9,9027b41a-4159-4db7-9ddd-8fc8f41f1fb3,Author,Marco,Carbone
9298bc82-e885-4f85-84df-6ad29cf3c1bd,d30b96a8-4f1e-44fa-9bf5-0209bedf0268,Author,Thomas,Hildebrandt
9298bc82-e885-4f85-84df-6ad29cf3c1bd,,Author,Henning,Niss
4241702b-7a37-41f3-b09b-137ec15bb6ca,d30b96a8-4f1e-44fa-9bf5-0209bedf0268,Author,Thomas,Hildebrandt
4241702b-7a37-41f3-b09b-137ec15bb6ca,,Author,Henning,Niss
1bf1940c-2983-4b3c-afa5-adeadd14037d,d30b96a8-4f1e-44fa-9bf5-0209bedf0268,Author,Thomas,Hildebrandt
c471ff38-3050-4e70-83bb-1b44c867a4e2,d30b96a8-4f1e-44fa-9bf5-0209bedf0268,Author,Thomas,Hildebrandt
c471ff38-3050-4e70-83bb-1b44c867a4e2,37d49222-56d7-4c65-8d52-3638544511cf,Author,Jens Christian,Godskesen
c471ff38-3050-4e70-83bb-1b44c867a4e2,,Author,Mikkel,Bundgaard
3dedaa57-d2b1-4767-9d62-da10b9bee0c7,,Author,Jakob Eyvind,Bardram
e0ca79ce-0b42-4067-8098-e66ef04d0e1e,,Author,David,Kadish
02096e37-eafa-42d9-a67e-457fc51a4936,2575c800-642d-4984-9c56-41601cf07a26,Author,Søren,Knudsen
475db6ac-7a50-4f01-8c05-1a7e17de8d63,28ea45c1-7b56-4157-b0e4-ab92947065bc,Author,Jonas Kastberg,Hinrichsen
475db6ac-7a50-4f01-8c05-1a7e17de8d63,b2b68ce2-6257-45bf-ab48-dc17d05c885e,Author,Jesper,Bengtson
618f45a0-50de-43b2-a610-fe8b52212bdd,28ea45c1-7b56-4157-b0e4-ab92947065bc,Author,Jonas Kastberg,Hinrichsen
618f45a0-50de-43b2-a610-fe8b52212bdd,b2b68ce2-6257-45bf-ab48-dc17d05c885e,Author,Jesper,Bengtson
e9e0e0fd-c6ba-484e-8ba5-253c4561e264,28ea45c1-7b56-4157-b0e4-ab92947065bc,Author,Jonas Kastberg,Hinrichsen
f11b3444-7479-469e-807c-7f810616f4fd,,Author,Joel Anthony,Lehman
ebeef6a2-dbde-4888-9d93-ca661850ab26,,Author,Roman,Beck
aa15bff4-ce5c-41db-90f9-31d4d0d06afc,,Author,Roman,Beck
c1e838f2-29d4-4421-871d-ae0015a06cf7,1abda59f-c493-4824-a7b1-7470d66f08d1,Author,Stefan,Heinrich
4ba1055f-76e7-4930-a9b1-a6b488db4d4c,1abda59f-c493-4824-a7b1-7470d66f08d1,Author,Stefan,Heinrich
d7323870-e885-11dd-a259-000ea68e967b,,Author,Anders,Drachen
e0dc6cdb-98a2-4ea5-958b-8ab7b6626828,,Author,Aske,Kammer
8bd915ad-f424-4064-83ac-3167a9ada2db,10e4fc8e-556f-4104-b744-409caedc2276,Author,Morten,Hjelholt
df93db84-90a4-43cf-a1d5-3584da96d53a,10e4fc8e-556f-4104-b744-409caedc2276,Author,Morten,Hjelholt
24d3b278-c2a0-4718-8857-a5022874727c,10e4fc8e-556f-4104-b744-409caedc2276,Author,Morten,Hjelholt
4ad3d18b-b793-453c-9e40-e064de403719,10e4fc8e-556f-4104-b744-409caedc2276,Author,Morten,Hjelholt
558074df-0429-45e4-a481-b23dabef557d,10e4fc8e-556f-4104-b744-409caedc2276,Author,Morten,Hjelholt
3c0a5ff9-1bc6-4e17-ad16-8f611d4c27fa,10e4fc8e-556f-4104-b744-409caedc2276,Author,Morten,Hjelholt
969322e4-0908-4acf-aeb7-7f35f1e6fc15,10e4fc8e-556f-4104-b744-409caedc2276,Author,Morten,Hjelholt
f8343bfb-a172-4fc0-a5cd-708d4a0e7c41,10e4fc8e-556f-4104-b744-409caedc2276,Author,Morten,Hjelholt
547f4d5a-db69-4dd7-b3e6-709bca4adcf4,10e4fc8e-556f-4104-b744-409caedc2276,Author,Morten,Hjelholt
3cf225db-e194-4670-bc8b-f1dbef083f32,10e4fc8e-556f-4104-b744-409caedc2276,Author,Morten,Hjelholt
009f2bef-234b-4c34-995b-65615f1e61a0,10e4fc8e-556f-4104-b744-409caedc2276,Author,Morten,Hjelholt
009f2bef-234b-4c34-995b-65615f1e61a0,,Author,Johan,Farkas
009f2bef-234b-4c34-995b-65615f1e61a0,,Author,Jannick Schou,Hansen
81988dd7-d02a-4250-8a78-77a570cfb045,10e4fc8e-556f-4104-b744-409caedc2276,Author,Morten,Hjelholt
81988dd7-d02a-4250-8a78-77a570cfb045,,Author,Jannick,Schou
31bf1011-ca91-4427-acf3-0400848d3951,10e4fc8e-556f-4104-b744-409caedc2276,Author,Morten,Hjelholt
31bf1011-ca91-4427-acf3-0400848d3951,,Author,Jannick,Schou
bc78274b-d503-48a1-a26f-2876aef35e97,10e4fc8e-556f-4104-b744-409caedc2276,Author,Morten,Hjelholt
bc78274b-d503-48a1-a26f-2876aef35e97,,Author,Jannick,Schou
6d3a58db-7df6-4651-af20-c81201a58ed5,10e4fc8e-556f-4104-b744-409caedc2276,Author,Morten,Hjelholt
6d3a58db-7df6-4651-af20-c81201a58ed5,,Author,Jannick,Schou
9f1e769b-5a0e-4710-a885-443514977054,10e4fc8e-556f-4104-b744-409caedc2276,Author,Morten,Hjelholt
9f1e769b-5a0e-4710-a885-443514977054,,Author,Jannick,Schou
a86968c7-85c0-463a-8ebe-ba3c550f9556,10e4fc8e-556f-4104-b744-409caedc2276,Author,Morten,Hjelholt
a86968c7-85c0-463a-8ebe-ba3c550f9556,f6921641-1f0a-4e24-a3a9-546e3927ab72,Author,Signe Louise,Yndigegn
c3346bed-5797-4dc8-a201-1ff9eb8bcaaa,10e4fc8e-556f-4104-b744-409caedc2276,Author,Morten,Hjelholt
365c006a-e94a-4805-833d-9a496fdad962,10e4fc8e-556f-4104-b744-409caedc2276,Author,Morten,Hjelholt
365c006a-e94a-4805-833d-9a496fdad962,,Author,Louise,Jørring
624d92f6-c5ba-4d45-b7c4-a174ad7a976d,10e4fc8e-556f-4104-b744-409caedc2276,Author,Morten,Hjelholt
624d92f6-c5ba-4d45-b7c4-a174ad7a976d,,Author,Jari,Kickbusch
369fa652-a244-4cde-bdda-c613ca4a3b95,10e4fc8e-556f-4104-b744-409caedc2276,Author,Morten,Hjelholt
475446c2-c117-48d6-8a25-e66d40a63c49,10e4fc8e-556f-4104-b744-409caedc2276,Author,Morten,Hjelholt
475446c2-c117-48d6-8a25-e66d40a63c49,6ec63914-1f4e-4708-8830-1b054c2ee03a,Author,Irina,Papazu
3bc193a6-c5c5-4ef0-9964-0f1f2107f883,10e4fc8e-556f-4104-b744-409caedc2276,Author,Morten,Hjelholt
a25e3bb7-b7b8-4c2c-a55f-ed7d62f20c22,10e4fc8e-556f-4104-b744-409caedc2276,Author,Morten,Hjelholt
4da07e67-bdde-4f9f-9200-91798eaa21ff,10e4fc8e-556f-4104-b744-409caedc2276,Author,Morten,Hjelholt
9ca467ed-0dd8-4a85-a7db-3c9783a2c006,10e4fc8e-556f-4104-b744-409caedc2276,Author,Morten,Hjelholt
9d788d82-ecd0-4e8b-95d0-d55db8c95889,10e4fc8e-556f-4104-b744-409caedc2276,Author,Morten,Hjelholt
9d788d82-ecd0-4e8b-95d0-d55db8c95889,,Author,Mette Grønbæk,Rasmussen
88ad9307-7baa-4641-82aa-eb36321eb7ed,10e4fc8e-556f-4104-b744-409caedc2276,Author,Morten,Hjelholt
a78f2d1d-6ca5-456e-a0f0-153d1c3f43ed,10e4fc8e-556f-4104-b744-409caedc2276,Author,Morten,Hjelholt
216b8c68-ee99-4a9b-9654-bf7625c2ee88,10e4fc8e-556f-4104-b744-409caedc2276,Author,Morten,Hjelholt
0e629748-26cb-44ad-8cb4-090332f7ef10,10e4fc8e-556f-4104-b744-409caedc2276,Author,Morten,Hjelholt
50e4243c-e6f0-48bd-a6e1-535569678df8,10e4fc8e-556f-4104-b744-409caedc2276,Author,Morten,Hjelholt
5c67929a-f0b9-4c3f-b589-6324f47a992d,10e4fc8e-556f-4104-b744-409caedc2276,Author,Morten,Hjelholt
6fb698d0-207e-11df-b794-000ea68e967b,79ebe3ed-0527-4160-9af6-be0b0853b00e,Author,Jan,Pries-Heje
d5fb8f45-fae3-4ec3-98cd-e36fc92523e4,5041f387-908f-4845-9f79-3a6dbd527f4b,Author,Michael,Hockenhull
d5fb8f45-fae3-4ec3-98cd-e36fc92523e4,e9d14210-bc71-4824-b7cf-fd1448d022ab,Author,Marisa,Cohn
b7937331-5ab4-4ae6-810e-90c2cfc52cb4,5041f387-908f-4845-9f79-3a6dbd527f4b,Author,Michael,Hockenhull
b7937331-5ab4-4ae6-810e-90c2cfc52cb4,e9d14210-bc71-4824-b7cf-fd1448d022ab,Author,Marisa,Cohn
b3836f73-d2ae-478c-bbc8-1f951bee8d8d,5041f387-908f-4845-9f79-3a6dbd527f4b,Author,Michael,Hockenhull
1869b223-fb88-470b-adf7-6a69c4228888,5041f387-908f-4845-9f79-3a6dbd527f4b,Author,Michael,Hockenhull
db0469d9-68d8-46f4-98b0-f6664e4eec63,5041f387-908f-4845-9f79-3a6dbd527f4b,Author,Michael,Hockenhull
db0469d9-68d8-46f4-98b0-f6664e4eec63,2efbc294-1ce4-4148-a403-93fe6450d879,Author,James,Maguire
db0469d9-68d8-46f4-98b0-f6664e4eec63,c3ca425d-f0d9-493b-9012-7dee3b9e2dfb,Author,Felipe Silva,Figueiredo
97e7d269-3456-4642-86b8-9a992590ddce,5041f387-908f-4845-9f79-3a6dbd527f4b,Author,Michael,Hockenhull
97e7d269-3456-4642-86b8-9a992590ddce,1b3cff7f-1549-4998-b52e-0ba9093e1d01,Author,Pedro,Ferreira
7d5c9f9b-618a-49ad-a47a-9e0507256efb,5041f387-908f-4845-9f79-3a6dbd527f4b,Author,Michael,Hockenhull
d2d369cb-315b-4988-a629-bc1e45e3ed3b,,Author,Lisbeth,Klastrup
c1483451-6ccf-4f9a-a73d-3434cdb39246,6a57a243-af32-4e1d-849c-75146da60102,Author,Adrian,Hoff
c1483451-6ccf-4f9a-a73d-3434cdb39246,fda8c630-1b0a-4910-ae2a-602850616275,Author,Christoph,Seidl
1e24f8ee-a993-4388-b210-ed5fc39ba659,6a57a243-af32-4e1d-849c-75146da60102,Author,Adrian,Hoff
1e24f8ee-a993-4388-b210-ed5fc39ba659,,Author,Michael,Nieke
1e24f8ee-a993-4388-b210-ed5fc39ba659,fda8c630-1b0a-4910-ae2a-602850616275,Author,Christoph,Seidl
efee71b3-0de1-43c3-b84a-9dfedcf5b762,6a57a243-af32-4e1d-849c-75146da60102,Author,Adrian,Hoff
efee71b3-0de1-43c3-b84a-9dfedcf5b762,fda8c630-1b0a-4910-ae2a-602850616275,Author,Christoph,Seidl
49a2cfa5-d105-4ad3-95a1-eae83947fd09,6a57a243-af32-4e1d-849c-75146da60102,Author,Adrian,Hoff
49a2cfa5-d105-4ad3-95a1-eae83947fd09,fda8c630-1b0a-4910-ae2a-602850616275,Author,Christoph,Seidl
95253343-495f-41fe-baea-2c1c0140bde5,6a57a243-af32-4e1d-849c-75146da60102,Author,Adrian,Hoff
95253343-495f-41fe-baea-2c1c0140bde5,fda8c630-1b0a-4910-ae2a-602850616275,Author,Christoph,Seidl
95253343-495f-41fe-baea-2c1c0140bde5,02960d47-7677-4b2c-99d4-490a31fd6885,Author,Mircea,Lungu
4c8ae1c0-c775-4fe2-94cb-750ab52f8fa3,6a57a243-af32-4e1d-849c-75146da60102,Author,Adrian,Hoff
4c8ae1c0-c775-4fe2-94cb-750ab52f8fa3,fda8c630-1b0a-4910-ae2a-602850616275,Author,Christoph,Seidl
811cf3d3-78b1-4b95-9d62-bb9fe1d09121,6a57a243-af32-4e1d-849c-75146da60102,Author,Adrian,Hoff
811cf3d3-78b1-4b95-9d62-bb9fe1d09121,02960d47-7677-4b2c-99d4-490a31fd6885,Author,Mircea,Lungu
811cf3d3-78b1-4b95-9d62-bb9fe1d09121,fda8c630-1b0a-4910-ae2a-602850616275,Author,Christoph,Seidl
550e656b-4243-4bc9-8967-a34285c02d1a,6a57a243-af32-4e1d-849c-75146da60102,Author,Adrian,Hoff
550e656b-4243-4bc9-8967-a34285c02d1a,02960d47-7677-4b2c-99d4-490a31fd6885,Author,Mircea,Lungu
550e656b-4243-4bc9-8967-a34285c02d1a,fda8c630-1b0a-4910-ae2a-602850616275,Author,Christoph,Seidl
ac482465-faf3-49cc-b039-4e38a1ed2dfe,6a57a243-af32-4e1d-849c-75146da60102,Author,Adrian,Hoff
92f08369-cdce-4a0b-8c0a-67afb751dc65,74a08deb-18e1-48d0-a86e-ed6675da92ab,Author,Christian,Østergaard Madsen
8aa3e74b-ac58-43f3-931b-4bb4282c3f6d,74a08deb-18e1-48d0-a86e-ed6675da92ab,Author,Christian,Østergaard Madsen
f8e3c9a0-e07d-4d52-ba0b-76cdf22b949a,74a08deb-18e1-48d0-a86e-ed6675da92ab,Author,Christian,Østergaard Madsen
432bba3b-75ee-4222-9998-167f094c5e4f,e726f512-d3fd-4d89-962a-3aa9f532a52f,Author,Toine,Bogers
e1f0f147-5b7c-43c8-b8e6-ad53c3afe3d7,74a08deb-18e1-48d0-a86e-ed6675da92ab,Author,Christian Østergaard,Madsen
16f7c777-3021-4716-9f6d-cea2d638fc11,8785f18a-1bf3-4c63-8d8b-d3e5d516ca40,Author,Payam,Zahadat
063c1773-a128-49b2-8104-c98115b81373,,Author,Stig Anton,Nielsen
063c1773-a128-49b2-8104-c98115b81373,8785f18a-1bf3-4c63-8d8b-d3e5d516ca40,Author,Payam,Zahadat
5ddc2ca1-1b15-45a8-995e-213e7e4cd437,1ee9fda3-cb4e-4c06-82b1-7e248c20a700,Author,Willem,van der Maden
ed729df9-af0f-471d-9167-7139e9151e05,d3b41838-e2bf-4735-b1cd-03f60b49c7e5,Author,Søren,Debois
5dc49311-eb55-4609-8b5e-fab460ce130a,,Author,Marilena,Hohmann
5dc49311-eb55-4609-8b5e-fab460ce130a,90b501a9-4d44-460b-b193-4d7d524bb21b,Author,Michele,Coscia
05af91e1-40ce-483f-9d0d-fb04a8803bf9,,Author,Marilena,Hohmann
05af91e1-40ce-483f-9d0d-fb04a8803bf9,90b501a9-4d44-460b-b193-4d7d524bb21b,Author,Michele ,Coscia
03c0f5a1-235b-470a-9637-45630c03c4a3,363f336f-ee57-420f-990f-11e8c2f0e2c6,Author,Bertram,Højer
03c0f5a1-235b-470a-9637-45630c03c4a3,1abda59f-c493-4824-a7b1-7470d66f08d1,Author,Stefan,Heinrich
7b79a87e-93e1-4692-bd39-33e082c20ecd,363f336f-ee57-420f-990f-11e8c2f0e2c6,Author,Bertram,Højer
7b79a87e-93e1-4692-bd39-33e082c20ecd,c40e1e8a-50ee-4a7c-b7f0-2fc0fdd62adc,Author,Anna,Rogers
7b79a87e-93e1-4692-bd39-33e082c20ecd,1abda59f-c493-4824-a7b1-7470d66f08d1,Author,Stefan,Heinrich
d47093be-bcbb-4b7b-b969-cfb4402f02ee,363f336f-ee57-420f-990f-11e8c2f0e2c6,Author,Bertram ,Højer
3e7c7414-af39-4ddd-869c-7cf0007bf353,,Author,Espen,Højsgaard
3e7c7414-af39-4ddd-869c-7cf0007bf353,,Author,Arne John,Glenstrup
74b6d673-e66d-44d8-a2d7-8f3d4959744d,,Author,Espen,Højsgaard
c838f4c4-bc48-4e42-9d22-27fe652155d3,,Author,Espen,Højsgaard
c838f4c4-bc48-4e42-9d22-27fe652155d3,,Author,Troels Christoffer,Damgaard
d1e8fec9-2be0-4e7d-89d1-2b4e942e66c3,,Author,Espen,Højsgaard
d1e8fec9-2be0-4e7d-89d1-2b4e942e66c3,,Author,Tim,Hallwyl
1493d2f7-c375-43d5-bdbb-0910b2057aaf,bd52cb95-025e-4106-9c13-1345c76dcbfe,Author,Björn Thór,Jónsson
1493d2f7-c375-43d5-bdbb-0910b2057aaf,,Author,Philippe,Bonnet
66f5a8a8-0c34-4a55-a0d3-00caac53b7c5,,Author,Espen,Højsgaard
de645dd0-083e-47e4-8203-f1257b3a78df,,Author,Nanna,Holdgaard
0c6fa5de-282e-42b8-a485-9a1649672582,,Author,Nanna,Holdgaard
e34ccee8-a48f-4af7-9062-24148673da52,,Author,Nanna,Holdgaard
e34ccee8-a48f-4af7-9062-24148673da52,,Author,Lisbeth,Klastrup
9b34bd03-b36c-4076-90f6-1dbe03225bb3,,Author,Nanna,Holdgaard
a48a3f22-2fd6-43b2-bfaa-2d9c3d80cf21,,Author,Nanna,Holdgaard
3fce4745-32ed-4809-b71f-db1b0f5544d1,,Author,Nanna,Holdgaard
3fce4745-32ed-4809-b71f-db1b0f5544d1,,Author,Lisbeth,Klastrup
27e09384-70e9-4053-a8fa-d52925fd9c9e,,Author,Nanna,Holdgaard
e4c15268-51e2-4ee4-ba21-093070bf9b8b,,Author,Nanna,Holdgaard
5036fded-06da-4ba9-8660-38b8601f3ce7,,Author,Nanna,Holdgaard
5036fded-06da-4ba9-8660-38b8601f3ce7,f6921641-1f0a-4e24-a3a9-546e3927ab72,Author,Signe Louise,Yndigegn
13c275c8-616f-4203-91aa-e835049f5102,,Author,Nanna,Holdgaard
55b2f51e-77c9-481c-a9e6-0d9fb6ff1dde,ffc6db77-95ed-452f-92ac-ca143a9db73c,Author,Maria Jung,Barrett
54feda49-0fee-422d-92bf-44a1204108c7,ffc6db77-95ed-452f-92ac-ca143a9db73c,Author,Maria Jung,Barrett
54feda49-0fee-422d-92bf-44a1204108c7,,Author,Marina,Björnsdóttir
902fd0f2-99fa-4c3d-8865-d693ee1cd4d0,50d4bf89-8621-4bc3-bdce-6916656c12fa,Author,Ivor,van der Hoog
902fd0f2-99fa-4c3d-8865-d693ee1cd4d0,ab7600cd-0bd2-4d86-9def-2c6fd1ade1c5,Author,Eva,Rotenberg
10157950-2c74-4361-aa6e-f8279a93cba5,ab7600cd-0bd2-4d86-9def-2c6fd1ade1c5,Author,Eva,Rotenberg
854aae6c-4e47-44c2-84c3-bdd346dc4529,ab7600cd-0bd2-4d86-9def-2c6fd1ade1c5,Author,Eva,Rotenberg
28eb3a18-2aab-4b7d-b164-1f7788d5e060,,Author,Christoffer,Holmgård
28eb3a18-2aab-4b7d-b164-1f7788d5e060,,Author,Georgios,Yannakakis
d3b906dd-fe30-4183-9b87-5d69ef8685ef,,Author,Christoffer,Holmgård
d3b906dd-fe30-4183-9b87-5d69ef8685ef,,Author,Julian,Togelius
d3b906dd-fe30-4183-9b87-5d69ef8685ef,,Author,Georgios,Yannakakis
66da8012-de6d-4d85-b564-315b5989ca2d,,Author,Christoffer,Holmgård
66da8012-de6d-4d85-b564-315b5989ca2d,,Author,Antonios,Liapis
66da8012-de6d-4d85-b564-315b5989ca2d,,Author,Julian,Togelius
66da8012-de6d-4d85-b564-315b5989ca2d,,Author,Georgios,Yannakakis
a43faef0-b266-4f14-a5a9-5bcfe99778d9,,Author,Christoffer,Holmgård
a43faef0-b266-4f14-a5a9-5bcfe99778d9,,Author,Georgios,Yannakakis
ab7e7bd6-a728-4d97-9f61-d7b745ce1864,,Author,Christoffer,Holmgård
ab7e7bd6-a728-4d97-9f61-d7b745ce1864,,Author,Antonios,Liapis
ab7e7bd6-a728-4d97-9f61-d7b745ce1864,,Author,Julian,Togelius
ab7e7bd6-a728-4d97-9f61-d7b745ce1864,,Author,Georgios,Yannakakis
a012f70e-ca95-4641-8753-8ec49c603b94,2ef641d0-bd79-425b-8b12-b58d74b993ae,Author,Michael,Szell
0f6ef06e-bb4e-4b19-a7e6-b12dda74244a,,Author,Mark Jason,Nelson
0f6ef06e-bb4e-4b19-a7e6-b12dda74244a,,Author,Julian,Togelius
b69df332-bcbe-447f-895d-75aff7a31830,,Author,Sarah,Homewood
b69df332-bcbe-447f-895d-75aff7a31830,,Author,Clint,Heyer
987340b1-1b7d-4701-b51d-0b5ab4ca526a,,Author,Sarah,Homewood
dd9c4923-4ab7-425b-bffe-ebbe134d3426,,Author,Sarah,Homewood
c3cb9ff6-3710-495a-96f8-466a03acd654,,Author,Sarah,Homewood
1a301fea-adb8-4e5c-9dea-b9e943c1aeac,,Author,Sarah,Homewood
76a0e167-bd00-4f8c-8c7d-59aec835a69e,,Author,Sarah,Homewood
69335158-fa16-42a2-a9cc-963bd80e3b49,,Author,Sarah,Homewood
69335158-fa16-42a2-a9cc-963bd80e3b49,5d268f64-6963-4991-9ac4-e7510c0ae705,Author,Harvey,Bewley
69335158-fa16-42a2-a9cc-963bd80e3b49,25a5a0d6-404b-419c-9502-b246525617a2,Author,Laurens,Boer
d27df4f4-63e2-42e0-a63c-bd3bf82dd2ad,,Author,Sarah,Homewood
d27df4f4-63e2-42e0-a63c-bd3bf82dd2ad,25a5a0d6-404b-419c-9502-b246525617a2,Author,Laurens,Boer
d27df4f4-63e2-42e0-a63c-bd3bf82dd2ad,2fa5dc89-7d78-45d0-96c7-e8f39b78dd3e,Author,Anna,Vallgårda
ef02be36-c9a6-4ce7-ac28-268ea0c9fa63,,Author,Sarah,Homewood
ef02be36-c9a6-4ce7-ac28-268ea0c9fa63,2fa5dc89-7d78-45d0-96c7-e8f39b78dd3e,Author,Anna,Vallgårda
7f49aeef-99f2-4684-904f-521b15338745,,Author,Sarah,Homewood
7f49aeef-99f2-4684-904f-521b15338745,2fa5dc89-7d78-45d0-96c7-e8f39b78dd3e,Author,Anna,Vallgårda
9df8dc4d-e97c-4e37-856d-941d7adb3d24,,Author,Sarah,Homewood
f154b152-abd3-4f1e-a5d5-c0825f87ebd4,9027b41a-4159-4db7-9ddd-8fc8f41f1fb3,Author,Marco,Carbone
9aa19829-cc11-45fd-b4ed-7c6102e36ca4,805cae2a-3462-4130-88de-cc7d94aec0a5,Author,Vasiliki,Tsaknaki
5e32dcee-843d-44ce-b08c-cb82a27ef805,,Author,Pernille,Kræmmergaard
2f230353-2da1-4424-b0c4-afbc1165f296,,Editor,Pernille Kræmmergaard,Jensen
065af7e4-b593-4ec5-9ed1-2e30c9982775,,Author,Pernille Kræmmergaard,Jensen
f0f08fe8-df61-4e90-9226-acc98e148301,,Author,Pernille Kræmmergaard,Jensen
b6bbff3c-34fc-4e94-9073-3b96d2475d00,,Author,Noor,Shaker
b6bbff3c-34fc-4e94-9073-3b96d2475d00,,Author,Julian,Togelius
943b2b3c-4f35-4447-85b3-abf31daad356,410df04c-bc1d-4cd3-9726-c35469ddab8c,Author,Aske,Mottelson
33977d8f-7ad2-4026-bcea-9e8b728991a3,efa39e70-a80a-4780-b151-ba31b01726bb,Author,Per B.,Brockhoff
afb96594-0535-42a3-8705-60ba19b09f52,,Author,Irina,Shklovski
afa952e4-e07a-4e2a-96c3-90c3e30a7607,,Author,Steven,Houben
f3c3459e-4176-4b6c-8062-97b7aba079aa,,Author,Steven,Houben
f3c3459e-4176-4b6c-8062-97b7aba079aa,,Author,Morten,Esbensen
f3c3459e-4176-4b6c-8062-97b7aba079aa,,Author,Jakob,Bardram
58e458a4-9e4f-436b-bf28-bb104abb70f1,,Author,Steven,Houben
58e458a4-9e4f-436b-bf28-bb104abb70f1,,Author,Jakob Eyvind,Bardram
8e3a8297-5944-4a8b-a11f-16aac1c4b412,,Author,Steven,Houben
8e3a8297-5944-4a8b-a11f-16aac1c4b412,,Author,Jakob Eyvind,Bardram
c17db6ec-7631-4a90-9ee5-2b98a4fd2aad,,Author,Steven,Houben
dcb151f0-0000-4674-ac3e-173d205a1868,,Author,Steven,Houben
dcb151f0-0000-4674-ac3e-173d205a1868,545501c5-18f2-4cf9-84da-3348bbef27ed,Author,Søren,Nielsen
dcb151f0-0000-4674-ac3e-173d205a1868,,Author,Morten,Esbensen
dcb151f0-0000-4674-ac3e-173d205a1868,,Author,Jakob Eyvind,Bardram
f1e62e4f-e075-4612-931f-7609129f033b,,Author,Steven,Houben
107c6ac0-eea6-4488-acc3-92d90e61a154,,Author,Steven,Houben
107c6ac0-eea6-4488-acc3-92d90e61a154,2b8ff3a4-e9b0-403d-8bd8-1bf26121c234,Author,Paolo,Tell
107c6ac0-eea6-4488-acc3-92d90e61a154,,Author,Jakob E,Bardram
d3284836-c21b-4195-9bc6-851434a7665a,,Author,Steven,Houben
d3284836-c21b-4195-9bc6-851434a7665a,,Author,Mads,Frost
d3284836-c21b-4195-9bc6-851434a7665a,,Author,Jakob E,Bardram
5fc2868c-326f-498a-ae8f-69cdab50b150,,Author,Steven,Houben
5fc2868c-326f-498a-ae8f-69cdab50b150,,Author,Mads,Frost
5fc2868c-326f-498a-ae8f-69cdab50b150,,Author,Jakob E,Bardram
4bc0b01f-137d-49e5-9130-05257ad0d73e,,Author,Steven,Houben
4bc0b01f-137d-49e5-9130-05257ad0d73e,,Author,Mathias,Schmidt
4bc0b01f-137d-49e5-9130-05257ad0d73e,,Author,Mads,Frost
4bc0b01f-137d-49e5-9130-05257ad0d73e,,Author,Jakob,Bardram
0cf10860-b32a-41fc-862d-32057644f72a,,Author,Steven,Houben
60d18fc0-299b-419c-8e8f-61c30c08e620,,Author,Nina Patricia,Houe
fcb373d9-48e1-4567-8357-d06d45095b6d,,Author,Nina Patricia,Houe
48f7975d-4de4-4596-bf19-1eceb427fa91,,Author,Nina Patricia,Houe
48f7975d-4de4-4596-bf19-1eceb427fa91,,Author,Joleen,Blom
9e09a5b9-04db-485f-b5d5-6dcab809de78,63342b24-28ec-40c5-a7d9-ec49867dc75d,Author,Pınar,Tözün
3da1e794-956a-4168-ad42-7e8b66c63ce4,b2431f12-bff1-4a97-af68-defe62b81aee,Author,Karl,Werder
8eb53a80-fdbc-45fc-80ef-d659fc2b05d1,b2431f12-bff1-4a97-af68-defe62b81aee,Author,Karl,Werder
957608c8-c491-4b52-8d09-f0cf01d38286,598de448-af84-43c8-9147-6134a63c9b3c,Author,Bent ,Flyvbjerg
65a271b1-a0c5-4845-8752-6f9903b195b2,,Author,Brit Ross,Winthereik
325bd014-72d9-4b5d-86b6-0cfe93f38f63,,Author,Brit Ross,Winthereik
79935810-e411-11de-a523-000ea68e967b,,Author,Rasmus,Pagh
d113d377-ec14-4afe-8a64-7ae326e254af,3dac6e0e-2770-4c5e-b32a-d7750523516f,Author,Jonas Valbjørn,Andersen
2f139c85-25d1-4a4a-98dc-7c93cbba06f8,3dac6e0e-2770-4c5e-b32a-d7750523516f,Author,Jonas Valbjørn,Andersen
b702e712-98d0-4b85-b2f7-58fd282827dd,bdc2cd4a-df05-46ca-b027-b038039a58ec,Author,Bernardo,David
b702e712-98d0-4b85-b2f7-58fd282827dd,a0e31b8c-3d9c-4b68-834d-d4c06914b69f,Author,Christian Janos,Lebeda
60503c3c-e6f3-429f-942e-1ec895f2699e,bdc2cd4a-df05-46ca-b027-b038039a58ec,Author,Bernardo,David
36b76e4d-cbe8-44fa-a50b-9cd6d62885b4,,Author,Giacomo,Poderi
068e883a-c2d3-4d5f-b9a5-c9f012eb0f96,,Author,Giacomo,Poderi
5eb99b52-5d35-4d56-bfe6-8f594d3fb06b,418f030f-2b26-4c74-a77b-c0c87d13f56d,Author,Roberta,Sinatra
705f4ea8-f830-4d45-847b-c4d25cea2386,9ba013db-4c4d-41dd-be12-dbe188f67f29,Author,Hanna Elina,Wirman
b37e2f10-939e-11dd-8006-000ea68e967b,,Author,Hataichanok,Unphon
facc282c-373c-49a0-87a3-34bb903b425e,54728da8-274d-40e6-b119-23318d995721,Author,Hanne Westh,Nicolajsen
1e51d6bc-186a-4209-baaf-8b308b167e20,2575c800-642d-4984-9c56-41601cf07a26,Author,Søren,Knudsen
8711cf95-2862-45c8-8a36-27666544d955,e8e88610-5144-41da-95bf-597abf1d7869,Author,Sami Sebastian,Brandt
8711cf95-2862-45c8-8a36-27666544d955,bd52cb95-025e-4106-9c13-1345c76dcbfe,Author,Björn Thór,Jónsson
cce5e710-e427-11de-a523-000ea68e967b,,Author,Lisbeth,Klastrup
0c73c33b-73a7-467a-a50f-c41537ae302e,,Editor,Lisbeth,Klastrup
a0dbba8b-3f2a-4b45-b0fb-8812244ede95,6596de1d-ea29-4252-a22e-f98cf28090c6,Author,Dennis Thomas,Ulmer
06363b85-b765-413e-8737-ffe7ceca3bad,e6f70fb0-caf1-4736-b583-b0777bc1390f,Author,Riko,Jacob
6c04f647-d91c-4383-88e4-5b8cac5eb957,e6f70fb0-caf1-4736-b583-b0777bc1390f,Author,Riko,Jacob
759d597e-a716-4287-89c7-61adec41c8e9,f14f4742-c9d8-4a34-b8e2-d713c3a1f437,Author,Oliver,Krancher
284d56d7-dfb4-4840-b9c1-f137ba261c56,f14f4742-c9d8-4a34-b8e2-d713c3a1f437,Author,Oliver,Krancher
f3645995-e746-47ff-9db1-ec4e40734aa4,410b0cad-d9fe-48d8-9edc-56ad6eb9c43b,Author,Ratish,Puduppully
1cb35c34-bcbe-4ae0-9de2-02766e781d4f,472021c7-73cc-44ba-a4ef-70cd2bed8601,Author,Thore,Husfeldt
1cb35c34-bcbe-4ae0-9de2-02766e781d4f,,Author,Nina Sofia ,Taslaman
43a903d3-82aa-4b6d-8d27-2f4823def700,472021c7-73cc-44ba-a4ef-70cd2bed8601,Author,Thore,Husfeldt
38e112df-32cf-429a-9999-af40714b8503,472021c7-73cc-44ba-a4ef-70cd2bed8601,Author,Thore,Husfeldt
bc763567-5f2e-46a6-85dd-ddb10fae873f,472021c7-73cc-44ba-a4ef-70cd2bed8601,Author,Thore,Husfeldt
bc763567-5f2e-46a6-85dd-ddb10fae873f,,Author,Jesper,Larsson
bc763567-5f2e-46a6-85dd-ddb10fae873f,,Author,Rasmus,Pagh
bc59e873-c5f7-4606-9817-75ddb66e95d6,472021c7-73cc-44ba-a4ef-70cd2bed8601,Author,Thore,Husfeldt
353f1145-a9e9-431c-a550-f7da46675ae2,472021c7-73cc-44ba-a4ef-70cd2bed8601,Author,Thore,Husfeldt
783757ef-beca-45a3-9c54-2df29294c16c,472021c7-73cc-44ba-a4ef-70cd2bed8601,Author,Thore,Husfeldt
4868829e-d52d-4fcf-a39a-78fd6462e2fe,472021c7-73cc-44ba-a4ef-70cd2bed8601,Author,Thore,Husfeldt
90035769-ce12-477b-8212-49339f6ba307,472021c7-73cc-44ba-a4ef-70cd2bed8601,Author,Thore,Husfeldt
3cc97c24-72c5-47b7-a746-ca90df98c21a,472021c7-73cc-44ba-a4ef-70cd2bed8601,Author,Thore,Husfeldt
fa8eea64-b703-461c-be99-7faffc769d40,472021c7-73cc-44ba-a4ef-70cd2bed8601,Author,Thore,Husfeldt
7d5d6e30-f469-4bcf-877a-464430147211,f11b0cc1-ad9f-4b12-b805-65b70e5bcd65,Author,Rachel,Douglas-Jones
00497cf7-6363-4287-8c78-1294747afa18,9027b41a-4159-4db7-9ddd-8fc8f41f1fb3,Author,Marco,Carbone
8cab18fe-199b-482f-bf51-56386904986e,5e271e6a-7a91-47bd-9f12-3b73f4e0d7ac,Author,Patrick,Bahr
7b9732ba-f3dc-4100-be0c-027cd975a4e5,f6921641-1f0a-4e24-a3a9-546e3927ab72,Author,Signe Louise,Yndigegn
7b9732ba-f3dc-4100-be0c-027cd975a4e5,,Author,Lone,Malmborg
61da2450-73d5-4378-a898-51b1a074d828,2575c800-642d-4984-9c56-41601cf07a26,Author,Søren,Knudsen
85cb3e36-2759-47d7-80b1-49455c72aeae,,Author,Martin,Zachariasen
432ed0cb-2549-467d-aaa7-f32f5c93d5f0,,Author,Kristian,Møller
c03b6db0-15b8-4e3b-b243-118f2bebeb75,,Author,Kristian,Møller
9148d498-3e43-4f33-8831-4c45782c16fa,410b0cad-d9fe-48d8-9edc-56ad6eb9c43b,Author,Ratish,Puduppully
58a650f2-6364-44eb-9aa8-76ed122ad3d4,,Author,Hissu,Hyvärinen
7ff0b848-8d43-47e3-908b-dde371a79b2b,,Author,Hissu,Hyvärinen
7ff0b848-8d43-47e3-908b-dde371a79b2b,,Author,Roman,Beck
05586302-d741-469e-930c-bdabfc0dfceb,,Author,Hissu,Hyvärinen
05586302-d741-469e-930c-bdabfc0dfceb,,Author,Roman,Beck
68f0485e-7fee-42fa-b88c-2a070fe7f5b4,,Author,Hissu,Hyvärinen
68f0485e-7fee-42fa-b88c-2a070fe7f5b4,,Author,Roman,Beck
35f67c57-e706-4e1c-8e66-dee19f77b380,,Author,Hissu,Hyvärinen
fa77121a-62f8-4a5e-85fc-48bb84fb978b,e6f70fb0-caf1-4736-b583-b0777bc1390f,Author,Riko,Jacob
28b9032b-b396-4512-9694-91dcea9803f0,cf6cfa0b-e3ac-4164-8de2-b956d8e23825,Author,Elisa D.,Mekler
c322a33d-264a-4dcc-aa33-f499dba17ccc,1b45e3f5-b8cd-4c0d-a444-2901304f76ee,Author,Luca,Rossi
fddae596-5117-4ea3-b737-b1382bad78ca,977ec015-b047-44f1-8aa9-bda7d606c977,Author,Olga,Iarygina
fddae596-5117-4ea3-b737-b1382bad78ca,410df04c-bc1d-4cd3-9726-c35469ddab8c,Author,Aske,Mottelson
97013898-f506-45c3-afa3-980898eb3eee,977ec015-b047-44f1-8aa9-bda7d606c977,Author,Olga,Iarygina
97013898-f506-45c3-afa3-980898eb3eee,410df04c-bc1d-4cd3-9726-c35469ddab8c,Author,Aske,Mottelson
5076f290-7230-4304-a933-247cf1f20c86,977ec015-b047-44f1-8aa9-bda7d606c977,Author,Olga,Iarygina
5076f290-7230-4304-a933-247cf1f20c86,410df04c-bc1d-4cd3-9726-c35469ddab8c,Author,Aske,Mottelson
95001c8e-b9e9-44c4-b654-ca8bf98db9e2,977ec015-b047-44f1-8aa9-bda7d606c977,Author,Olga,Iarygina
95001c8e-b9e9-44c4-b654-ca8bf98db9e2,410df04c-bc1d-4cd3-9726-c35469ddab8c,Author,Aske,Mottelson
16f426ca-0930-4f93-9a5b-2c6aab8a8c52,977ec015-b047-44f1-8aa9-bda7d606c977,Author,Olga ,Iarygina
9a261136-6fc2-4890-b9a7-a3582afc6757,977ec015-b047-44f1-8aa9-bda7d606c977,Author,Olga ,Iarygina
9a261136-6fc2-4890-b9a7-a3582afc6757,410df04c-bc1d-4cd3-9726-c35469ddab8c,Author,Aske ,Mottelson
904a4314-ec77-4601-b2d6-5809a2b83adc,91d18624-3489-48a8-834d-8737581b8ff2,Author,Magnus,Ibh
904a4314-ec77-4601-b2d6-5809a2b83adc,ad50bed7-77fd-4c7f-819c-54455506e3f0,Author,Stella,Grasshof
904a4314-ec77-4601-b2d6-5809a2b83adc,5ad9c220-e37f-443a-8a31-fc4abf365db5,Author,Dan Witzner,Hansen
467a45c0-0c66-4182-aa1f-8ac89dc0bac7,91d18624-3489-48a8-834d-8737581b8ff2,Author,Magnus,Ibh
467a45c0-0c66-4182-aa1f-8ac89dc0bac7,ad50bed7-77fd-4c7f-819c-54455506e3f0,Author,Stella,Graßhof
467a45c0-0c66-4182-aa1f-8ac89dc0bac7,5ad9c220-e37f-443a-8a31-fc4abf365db5,Author,Dan Witzner,Hansen
d8c08fb7-3b86-48aa-8044-e51e91225e87,91d18624-3489-48a8-834d-8737581b8ff2,Author,Magnus,Ibh
75fd5b8b-1107-440e-9b68-b3d47376503c,8e5f2a6c-c817-4a90-b48b-d9171743ad0f,Author,Rob,van der Goot
68143207-93cf-4968-b4d4-536994c1c540,,Author,Tim,Wray
68143207-93cf-4968-b4d4-536994c1c540,22ec9269-2fff-4dbf-a9c7-5037559a15ee,Author,Anders Sundnes,Løvlie
08e8d6dc-0956-4093-956d-58374f797f69,8141993a-b522-4f30-8e3c-626566a037b4,Author,Pratik,Ingle
08e8d6dc-0956-4093-956d-58374f797f69,2a9c0934-98ca-4101-b829-b88d77f6487e,Author,Kasper,Støy
08e8d6dc-0956-4093-956d-58374f797f69,7dd48cfe-3069-4563-bef4-ef661c18387a,Author,Andres,Faiña
47d245ed-0f89-4543-a0f8-9bbd972bfd91,8141993a-b522-4f30-8e3c-626566a037b4,Author,Pratik,Ingle
47d245ed-0f89-4543-a0f8-9bbd972bfd91,2a9c0934-98ca-4101-b829-b88d77f6487e,Author,Kasper,Støy
47d245ed-0f89-4543-a0f8-9bbd972bfd91,7dd48cfe-3069-4563-bef4-ef661c18387a,Author,Andrés,Faiña
48d2f9f1-e8f1-46b1-90ae-c49afa14a6cf,3dac6e0e-2770-4c5e-b32a-d7750523516f,Author,Jonas Valbjørn,Andersen
80060fdb-b029-4e80-b46a-6c82cfd1dc12,3dac6e0e-2770-4c5e-b32a-d7750523516f,Author,Jonas Valbjørn,Andersen
30d6e14b-6bd1-4a7d-a504-30234cdefaa5,3dac6e0e-2770-4c5e-b32a-d7750523516f,Author,Jonas Valbjørn,Andersen
b98507ba-915b-4693-99b1-aed46bda27ef,3dac6e0e-2770-4c5e-b32a-d7750523516f,Author,Jonas Valbjørn,Andersen
53df7ddd-c0b7-454b-8fd4-d790383b3696,e23e8096-59cb-4ef6-af48-ce9d806fd1eb,Author,Nanna,Inie
9f9816b0-08df-46ca-9496-7f2049f6e02c,e23e8096-59cb-4ef6-af48-ce9d806fd1eb,Author,Nanna,Inie
6592dd0b-278e-4543-85a1-f9c6ea2732b0,e23e8096-59cb-4ef6-af48-ce9d806fd1eb,Author,Nanna,Inie
7ea7dedd-1fa0-4844-95e6-1f69c65465f3,e23e8096-59cb-4ef6-af48-ce9d806fd1eb,Author,Nanna,Inie
4b53290f-ee75-4dd6-97d5-58e225cc6a35,e23e8096-59cb-4ef6-af48-ce9d806fd1eb,Author,Nanna,Inie
472705ce-0e79-4f50-898f-847771c1d6ca,e23e8096-59cb-4ef6-af48-ce9d806fd1eb,Author,Nanna,Inie
472705ce-0e79-4f50-898f-847771c1d6ca,785a7089-e58e-4aaa-986d-ae0e615ba508,Author,Leon,Derczynski
e913383e-ccde-45df-8dd6-f307b9f6f0b0,e23e8096-59cb-4ef6-af48-ce9d806fd1eb,Author,Nanna,Inie
ffe0cf16-be5c-4cb0-8a2e-1b4caeffaa30,e23e8096-59cb-4ef6-af48-ce9d806fd1eb,Author,Nanna,Inie
ffe0cf16-be5c-4cb0-8a2e-1b4caeffaa30,785a7089-e58e-4aaa-986d-ae0e615ba508,Author,Leon,Derczynski
bd5b2ca4-00d7-470d-9d48-128c55c46593,e23e8096-59cb-4ef6-af48-ce9d806fd1eb,Author,Nanna,Inie
bd5b2ca4-00d7-470d-9d48-128c55c46593,02960d47-7677-4b2c-99d4-490a31fd6885,Author,Mircea,Lungu
2407420d-8136-4e85-95c9-23edf33d8c1a,e23e8096-59cb-4ef6-af48-ce9d806fd1eb,Author,Nanna,Inie
2407420d-8136-4e85-95c9-23edf33d8c1a,831421c0-027f-4a25-b795-ee2fce0c8d2a,Author,Louise,Barkhuus
c8877010-89b2-41dd-8f9f-b07f03b2724e,e23e8096-59cb-4ef6-af48-ce9d806fd1eb,Author,Nanna,Inie
c8877010-89b2-41dd-8f9f-b07f03b2724e,831421c0-027f-4a25-b795-ee2fce0c8d2a,Author,Louise,Barkhuus
c8877010-89b2-41dd-8f9f-b07f03b2724e,47a94200-3abe-4354-b5e3-c8ef6f1ba1f2,Author,Claus,Brabrand
f0993937-fb00-4d91-83e2-ca3bfd0f6185,e23e8096-59cb-4ef6-af48-ce9d806fd1eb,Author,Nanna,Inie
bab400b1-fa4a-4ced-91ad-b48af92d8f82,e23e8096-59cb-4ef6-af48-ce9d806fd1eb,Author,Nanna,Inie
bab400b1-fa4a-4ced-91ad-b48af92d8f82,,Author,Bjørn Hjorth,Westh
b9fa3d23-72b0-44ce-8fe9-017ed1ffe579,e23e8096-59cb-4ef6-af48-ce9d806fd1eb,Author,Nanna,Inie
8dbec46b-156c-4d77-be71-b54b7ab6df38,e23e8096-59cb-4ef6-af48-ce9d806fd1eb,Author,Nanna,Inie
8dbec46b-156c-4d77-be71-b54b7ab6df38,,Author,Bjørn Hjorth,Westh
8dbec46b-156c-4d77-be71-b54b7ab6df38,,Author,John Henrik,Muller
8dbec46b-156c-4d77-be71-b54b7ab6df38,02960d47-7677-4b2c-99d4-490a31fd6885,Author,Mircea,Lungu
a23063f1-2983-40aa-ad79-64c53cc08225,e23e8096-59cb-4ef6-af48-ce9d806fd1eb,Author,Nanna,Inie
820a9387-38ad-4056-93ca-7d24d10a4111,e23e8096-59cb-4ef6-af48-ce9d806fd1eb,Author,Nanna,Inie
820a9387-38ad-4056-93ca-7d24d10a4111,785a7089-e58e-4aaa-986d-ae0e615ba508,Author,Leon,Derczynski
465eda63-6655-47da-a0a6-94fb19abc1d4,e23e8096-59cb-4ef6-af48-ce9d806fd1eb,Author,Nanna,Inie
d9422328-1042-4f1a-a15c-a1c8065a41ce,e23e8096-59cb-4ef6-af48-ce9d806fd1eb,Author,Nanna,Inie
a9a65002-870b-4e16-97de-d2401ed5305f,e23e8096-59cb-4ef6-af48-ce9d806fd1eb,Author,Nanna,Inie
225657f2-ad42-4557-a5b5-df59cb223bca,e23e8096-59cb-4ef6-af48-ce9d806fd1eb,Author,N.,Inie
225657f2-ad42-4557-a5b5-df59cb223bca,831421c0-027f-4a25-b795-ee2fce0c8d2a,Author,L.,Barkhuus
225657f2-ad42-4557-a5b5-df59cb223bca,47a94200-3abe-4354-b5e3-c8ef6f1ba1f2,Author,C.,Brabrand
c585695b-c26e-4418-a2ab-264d0e29fce7,,Author,Petros,Ioannidis
42d98f82-ded0-44be-9dae-6ccade90857c,,Author,Petros,Ioannidis
42d98f82-ded0-44be-9dae-6ccade90857c,22ec9269-2fff-4dbf-a9c7-5037559a15ee,Author,Anders Sundnes,Løvlie
83b6cd5c-e3fa-4f3d-b7fd-862dd794fce2,,Author,Petros,Ioannidis
b3ab69ab-7e80-4193-83e7-01a470f6e4ed,,Author,Petros,Ioannidis
fb45146c-311d-4f33-bfad-f5cd167b9c51,,Author,Petros,Ioannidis
fb45146c-311d-4f33-bfad-f5cd167b9c51,22ec9269-2fff-4dbf-a9c7-5037559a15ee,Author,Anders Sundnes,Løvlie
3712d0e3-ebdb-4515-ac6c-e637c8218da4,,Author,Petros,Ioannidis
3712d0e3-ebdb-4515-ac6c-e637c8218da4,22ec9269-2fff-4dbf-a9c7-5037559a15ee,Author,Anders Sundnes,Løvlie
c4ba34bf-18b4-4c41-a2d2-43a802f5da1b,,Author,Petros,Ioannidis
8b16b6f1-b726-4270-9384-db65d8d417b0,,Author,Alexandru Florin,Iosif-Lazar
8b16b6f1-b726-4270-9384-db65d8d417b0,,Author,Jean,Melo
8b16b6f1-b726-4270-9384-db65d8d417b0,,Author,Aleksandar,Dimovski
8b16b6f1-b726-4270-9384-db65d8d417b0,47a94200-3abe-4354-b5e3-c8ef6f1ba1f2,Author,Claus,Brabrand
8b16b6f1-b726-4270-9384-db65d8d417b0,a39b94ff-e1b6-4b96-8404-486167a9123d,Author,Andrzej,Wasowski
81b21660-9dd0-4e0f-92bd-31115497b226,,Author,Alexandru Florin,Iosif-Lazar
f193f42d-cdba-46df-a0ec-442f8381864f,,Author,Alexandru Florin,Iosif-Lazăr
f193f42d-cdba-46df-a0ec-442f8381864f,a39b94ff-e1b6-4b96-8404-486167a9123d,Author,Andrzej,Wasowski
fe8b7d65-1933-4d86-8a5d-8c25823df0be,,Author,Alexandru Florin,Iosif-Lazăr
fe8b7d65-1933-4d86-8a5d-8c25823df0be,a39b94ff-e1b6-4b96-8404-486167a9123d,Author,Andrzej,Wasowski
527091fc-8b1e-41c4-bf3c-73a85ebfdc3b,,Author,Alexandru Florin,Iosif-Lazăr
527091fc-8b1e-41c4-bf3c-73a85ebfdc3b,a39b94ff-e1b6-4b96-8404-486167a9123d,Author,Andrzej,Wasowski
01576122-848a-409c-b6b6-741c086e8d2e,,Author,Alexandru Florin,Iosif-Lazăr
01576122-848a-409c-b6b6-741c086e8d2e,,Author,Ahmad Salim,Al-Sibahi
01576122-848a-409c-b6b6-741c086e8d2e,,Author,Aleksandar,Dimovski
01576122-848a-409c-b6b6-741c086e8d2e,a39b94ff-e1b6-4b96-8404-486167a9123d,Author,Andrzej,Wasowski
c8004310-f852-11dd-9b71-000ea68e967b,,Author,Katherine,Isbister
3d180020-f853-11dd-9b71-000ea68e967b,,Author,Katherine,Isbister
9ce31b97-868a-4b55-84c1-015c2a5029dd,9ba013db-4c4d-41dd-be12-dbe188f67f29,Author,Hanna Elina,Wirman
1d7f23da-d7cf-4dfe-a09a-936a5abba06b,,Author,Minna,Isomursu
b105200d-f2e4-4058-8fcb-08e7d7fe4185,,Author,Zsolt,István
92295d7b-2c4a-4b47-9e57-7f99c032abe2,1bcb6a4e-4298-4ac7-bdc6-c936d3d45055,Author,Debasmita,Lohar
a3c24598-8e1a-4fd1-acfa-74f963851fdf,f14a5893-8cba-4ed5-b066-55c2ea626d24,Author,Ask Greve,Johansen
34eac941-4c09-47d1-9d4f-8235fa3eca8b,,Author,Mate,Bestek
14631e3b-8d1c-42e2-aa15-1fed22e7b14d,09ec1bda-4550-4a83-8480-fe742d77e882,Author,Asger Balle,Pedersen
14631e3b-8d1c-42e2-aa15-1fed22e7b14d,,Author,Roman,Beck
ead2551d-07e0-40ca-943f-2b1b640bb26b,,Author,Oliver,Müller
78111c3a-8891-4dd9-9e45-173d6e02ec81,e726f512-d3fd-4d89-962a-3aa9f532a52f,Author,Toine,Bogers
3b829c20-2687-4bd2-b436-7f814ee7afc2,b2431f12-bff1-4a97-af68-defe62b81aee,Author,Karl,Werder
d0e6ffe8-22c2-4bda-b8f5-c3e68ea7d066,b2431f12-bff1-4a97-af68-defe62b81aee,Author,Karl,Werder
99e78c38-6564-4d7a-ad78-2b1eaff8e713,,Author,Milan,Jacevic
58c9d079-f8ac-4c4a-b675-badbcd125c36,,Author,Milan,Jaćević
a1e27e41-8953-451e-b096-63e34aad77a6,e6f70fb0-caf1-4736-b583-b0777bc1390f,Author,Riko,Jacob
ea4003a3-8c22-4a40-8847-2cd6e2868d9e,e6f70fb0-caf1-4736-b583-b0777bc1390f,Author,Riko,Jacob
5c572d41-079a-46e5-a3cb-cd9be64b4c6f,e6f70fb0-caf1-4736-b583-b0777bc1390f,Author,Riko,Jacob
5f0a648c-07e3-4728-afd7-db539373117a,e6f70fb0-caf1-4736-b583-b0777bc1390f,Author,Riko,Jacob
af9ea194-c21a-407c-bb5d-8a636b19044c,e6f70fb0-caf1-4736-b583-b0777bc1390f,Author,Riko,Jacob
b096b2bc-e2f6-4fc3-b7f6-460c13d33ae1,e6f70fb0-caf1-4736-b583-b0777bc1390f,Author,Riko,Jacob
2882662a-bc42-4374-b671-d809ffa2759e,e6f70fb0-caf1-4736-b583-b0777bc1390f,Author,Riko,Jacob
28e3d92b-0fb2-4001-a253-653ea80fc6a7,e6f70fb0-caf1-4736-b583-b0777bc1390f,Author,Riko,Jacob
cc6e37cb-c41f-4dff-beba-b298cac82e80,e6f70fb0-caf1-4736-b583-b0777bc1390f,Author,Riko,Jacob
5b5d49bc-0b97-46ba-9343-88a246d1c281,e6f70fb0-caf1-4736-b583-b0777bc1390f,Author,Riko,Jacob
f66f2f78-0ae0-4f6f-ac54-202e37adb329,e6f70fb0-caf1-4736-b583-b0777bc1390f,Author,Riko,Jacob
f66f2f78-0ae0-4f6f-ac54-202e37adb329,672280b6-17c9-4191-9b00-8f1322fc1d90,Author,Frederik,Haagensen
1288d220-caca-4d38-876f-54963e44adb9,e6f70fb0-caf1-4736-b583-b0777bc1390f,Author,Riko,Jacob
078bec53-402e-4bbc-b6b7-fe049ff06129,e6f70fb0-caf1-4736-b583-b0777bc1390f,Author,Riko,Jacob
078bec53-402e-4bbc-b6b7-fe049ff06129,,Author,Francesco,Silvestri
7012da00-34f0-4455-851c-3caaeecae447,e6f70fb0-caf1-4736-b583-b0777bc1390f,Author,Riko ,Jacob
a2e6f10d-a7d9-40be-a531-de05c7f4593c,831421c0-027f-4a25-b795-ee2fce0c8d2a,Author,Louise,Barkhuus
68f949a6-d01c-47c3-8507-ca3712b14d5f,f14a5893-8cba-4ed5-b066-55c2ea626d24,Author,Ask Greve,Johansen
1bfb9d65-b8ec-4435-a8a5-00ce31b44b22,2a0966cb-1bbd-4f5b-8d2e-d68f53acee87,Author,Ida,Schrøder
fb367daf-a9e6-4d7e-8ce0-a19e89dfc112,,Author,Mads,Frost
fb367daf-a9e6-4d7e-8ce0-a19e89dfc112,,Author,Jakob,Bardram
e3b6e6e4-177e-4c43-9756-5b375c047349,,Author,M,Frost
e3b6e6e4-177e-4c43-9756-5b375c047349,,Author,Jakob,Bardram
d58b1fab-41a3-4e78-bb32-4c272021a1f9,25a5a0d6-404b-419c-9502-b246525617a2,Author,Laurens,Boer
2daa7a8f-4aec-41bc-b9bc-016428e0a08c,39f7afe3-fd9c-4ac5-8ba1-fa2f2826ab8c,Author,Paloma,Thomé de Lima
83fe7323-3b23-4bef-81c5-82cf23aaae58,39f7afe3-fd9c-4ac5-8ba1-fa2f2826ab8c,Author,Paloma,Thomé de Lima
c6f9e82c-0b0d-4d6a-8775-367130b1014a,39f7afe3-fd9c-4ac5-8ba1-fa2f2826ab8c,Author,Paloma,Thomé de Lima
9132abe6-1ebe-4584-ad33-1cc3e34d4016,,Author,Muhammad,Ali Babar
d47e41bf-566a-40b5-8f96-134263318a1d,,Author,Geetika,Jain
82d01fed-6a73-450b-b51f-8e00f60c6910,,Author,Troels Bjerre,Sørensen
8be89742-8509-4cd8-93f4-de05f5aa6218,2575c800-642d-4984-9c56-41601cf07a26,Author,Søren,Knudsen
570ddab9-2881-4aca-8395-6adfd7714b9b,ffc6db77-95ed-452f-92ac-ca143a9db73c,Author,Maria Jung,Barrett
e73576c1-5ee1-471f-873b-8e260c1c6a62,ffc6db77-95ed-452f-92ac-ca143a9db73c,Author,Maria Jung,Barrett
20e3df9b-3ac7-4f02-95e2-960fd7b439c3,,Author,Shahram,Jalaliniya
20e3df9b-3ac7-4f02-95e2-960fd7b439c3,,Author,Thomas,Pederson
210600ca-7007-4671-93e2-9f246bf9506c,,Author,Shahram,Jalaliniya
210600ca-7007-4671-93e2-9f246bf9506c,,Author,Thomas,Pederson
dbca1cc3-adfe-41ee-9791-f3802df5fa65,,Author,Shahram,Jalaliniya
dbca1cc3-adfe-41ee-9791-f3802df5fa65,,Author,Diako,Mardanbeigi
dbca1cc3-adfe-41ee-9791-f3802df5fa65,,Author,Thomas,Pederson
dbca1cc3-adfe-41ee-9791-f3802df5fa65,5ad9c220-e37f-443a-8a31-fc4abf365db5,Author,Dan Witzner,Hansen
88fa6eb7-3264-4196-9f8a-24b5ca12c9a5,,Author,Shahram,Jalaliniya
88fa6eb7-3264-4196-9f8a-24b5ca12c9a5,,Author,Thomas,Pederson
88fa6eb7-3264-4196-9f8a-24b5ca12c9a5,,Author,Steven,Houben
08272fc0-7aaa-4e23-a85e-97ccb54da01d,,Author,Shahram,Jalaliniya
08272fc0-7aaa-4e23-a85e-97ccb54da01d,,Author,Thomas,Pederson
626e19fd-e2ed-4ffb-8dbb-5bd557e73dc9,,Author,Shahram,Jalaliniya
626e19fd-e2ed-4ffb-8dbb-5bd557e73dc9,,Author,Diako,Mardanbeigi
626e19fd-e2ed-4ffb-8dbb-5bd557e73dc9,bbe8cff1-639c-4226-ac23-9a569470722d,Author,Ioannis,Sintos
158e9d64-a1fc-47f7-bb08-ee6bce3b216e,,Author,Shahram,Jalaliniya
158e9d64-a1fc-47f7-bb08-ee6bce3b216e,,Author,Diako,Mardanbegi
158e9d64-a1fc-47f7-bb08-ee6bce3b216e,,Author,Thomas,Pederson
9c8bed11-838d-43ac-977d-980f80ff2963,,Author,Shahram,Jalaliniya
9c8bed11-838d-43ac-977d-980f80ff2963,,Author,Diako,Mardanbeigi
9ac6729a-c0b1-4aee-b3cb-0d3ed0a4bb99,,Author,Shahram,Jalaliniya
9ac6729a-c0b1-4aee-b3cb-0d3ed0a4bb99,,Author,Diako,Mardanbegi
27d7260f-c6fb-40c7-bc22-72132c2c323d,,Author,Shahram,Jalaliniya
27d7260f-c6fb-40c7-bc22-72132c2c323d,,Author,Thomas,Pederson
af031629-6ba0-4f64-9966-aea0f09f8773,,Author,Shahram,Jalaliniya
9d575104-b465-4923-bd5b-e59838b893b0,a420ffb3-2ca6-4925-a25f-baaa5228fc15,Author,S.,Risi
9d575104-b465-4923-bd5b-e59838b893b0,,Author,J.,Togelius
0499d9b8-f040-4fe7-a1f2-e79f8a8f97af,,Author,Aakash,Ahmad
59c3a9e9-588e-4bc1-8075-ca871f41e036,,Author,Oliver,Müller
3f9e43b9-b345-4d97-95fa-17d439099df2,605b59ab-91b4-4f8e-bb12-df68ce0491c5,Author,Cancan,Wang
07b4c815-7a38-4fa9-b82f-16991bb4caab,418f030f-2b26-4c74-a77b-c0c87d13f56d,Author,Roberta,Sinatra
622fa810-c6ba-11dd-867b-000ea68e967b,a39b94ff-e1b6-4b96-8404-486167a9123d,Author,Andrzej,Wasowski
3402bc00-062f-4b44-a3ce-af1aa1ebdba3,,Author,Dermot,Cochran
3402bc00-062f-4b44-a3ce-af1aa1ebdba3,,Author,Joseph Roland,Kiniry
4c776c57-f7a3-40ba-9513-072a9c653f2f,,Author,Joseph Roland,Kiniry
e035d0a4-a008-4f2a-b884-2eddf7d8be35,1052b289-f510-4c5a-9662-2db48c12ebc2,Author,Lene,Nielsen
ad3af1ee-b60e-4a80-bb14-5c52e604eb17,1052b289-f510-4c5a-9662-2db48c12ebc2,Author,Lene,Nielsen
7cbfc7ef-81e0-4fee-94c8-3f67d37549b0,,Author,Farzad,Nejatimoharrami
7cbfc7ef-81e0-4fee-94c8-3f67d37549b0,7dd48cfe-3069-4563-bef4-ef661c18387a,Author,Andres,Faina
7cbfc7ef-81e0-4fee-94c8-3f67d37549b0,2a9c0934-98ca-4101-b829-b88d77f6487e,Author,Kasper,Støy
927d88cc-81da-4991-aff7-48cbe6ecfae7,4d7fda5a-3cf4-4d39-9daf-1ae192b0e0e7,Author,Rune Møller,Jensen
b90a9932-08e1-4638-a4cc-d5fa36e76be7,,Author,Anders,Hessellund
187b2733-5a1b-4311-876c-5c7e2b83f1bd,,Author,Miguel Gonzalez,Duque
88379b90-10be-465f-a44f-1ac25765ca35,22ec9269-2fff-4dbf-a9c7-5037559a15ee,Author,Anders Sundnes,Løvlie
ec1489c5-ab39-4c50-8260-d5ae87615aac,,Author,Teresa,Almeida
6b8e5fb0-e6fd-11dd-a259-000ea68e967b,,Author,Aki,Järvinen
15eb38e0-5754-11de-8664-000ea68e967b,,Author,Aki Sakari,Järvinen
45552a40-f91d-11dd-b964-000ea68e967b,,Author,Aki Sakari,Järvinen
632c8b5d-962a-4555-931b-38f91cb38c0e,,Author,Nino,Javakhishvili-Larsen
12eb4efa-f725-4f04-90c8-443966e144be,,Author,Nino,Javakhishvili-Larsen
c74de1cd-d50c-4265-a80c-f56f16187ce0,,Author,Nino,Javakhishvili-Larsen
8cfa83f2-b2d7-489f-a2cd-2dca0d4e8e5b,,Author,Nino,Javakhishvili-Larsen
144ddab1-dc28-469b-a3b8-084276367ac9,,Author,Nino,Javakhishvili-Larsen
144ddab1-dc28-469b-a3b8-084276367ac9,,Author,Carina Antonia,Hallin
4245882b-c405-4125-8627-a97f05472ae0,,Author,Henrik Reif,Andersen
bb7443c2-74b6-4847-9aab-1c7384fce428,2fa5dc89-7d78-45d0-96c7-e8f39b78dd3e,Author,Anna,Vallgårda
78c8d1f3-8918-48dd-bef2-f250ce1fc89f,2fa5dc89-7d78-45d0-96c7-e8f39b78dd3e,Author,Anna,Vallgårda
1d48c387-26c3-4e2b-a76f-02f1df828968,3ad26d6b-4619-4a9f-a1b6-8424aab1dd52,Author,Tom,Jenkins
02cc008c-840a-417f-9f81-b42ee744c0d7,3ad26d6b-4619-4a9f-a1b6-8424aab1dd52,Author,Tom,Jenkins
02cc008c-840a-417f-9f81-b42ee744c0d7,2fa5dc89-7d78-45d0-96c7-e8f39b78dd3e,Author,Anna,Vallgårda
02cc008c-840a-417f-9f81-b42ee744c0d7,25a5a0d6-404b-419c-9502-b246525617a2,Author,Laurens,Boer
02cc008c-840a-417f-9f81-b42ee744c0d7,,Author,Sarah,Homewood
02cc008c-840a-417f-9f81-b42ee744c0d7,,Author,Teresa,Almeida
61083787-8580-43d8-98e8-17fccdce9ba9,3ad26d6b-4619-4a9f-a1b6-8424aab1dd52,Author,Tom,Jenkins
61083787-8580-43d8-98e8-17fccdce9ba9,25a5a0d6-404b-419c-9502-b246525617a2,Author,Laurens,Boer
861bac2d-ff73-4c06-922a-f6599c7bf05d,3ad26d6b-4619-4a9f-a1b6-8424aab1dd52,Author,Tom,Jenkins
861bac2d-ff73-4c06-922a-f6599c7bf05d,25a5a0d6-404b-419c-9502-b246525617a2,Author,Laurens,Boer
861bac2d-ff73-4c06-922a-f6599c7bf05d,,Author,Sarah,Homewood
861bac2d-ff73-4c06-922a-f6599c7bf05d,2fa5dc89-7d78-45d0-96c7-e8f39b78dd3e,Author,Anna,Vallgårda
dfedc8ee-9cab-4297-ac94-f37aa792bb95,3ad26d6b-4619-4a9f-a1b6-8424aab1dd52,Author,Tom,Jenkins
bba90c58-cf75-4782-8f7d-485a3ba93f02,3ad26d6b-4619-4a9f-a1b6-8424aab1dd52,Author,Tom,Jenkins
8c307203-7f4e-4edc-8514-f3cf70b8c2cd,3ad26d6b-4619-4a9f-a1b6-8424aab1dd52,Author,Tom,Jenkins
8c307203-7f4e-4edc-8514-f3cf70b8c2cd,805cae2a-3462-4130-88de-cc7d94aec0a5,Author,Vasiliki,Tsaknaki
8c307203-7f4e-4edc-8514-f3cf70b8c2cd,25a5a0d6-404b-419c-9502-b246525617a2,Author,Laurens,Boer
91abe117-12cd-4c3b-9943-34ab75c4ac66,3ad26d6b-4619-4a9f-a1b6-8424aab1dd52,Author,Tom,Jenkins
91abe117-12cd-4c3b-9943-34ab75c4ac66,805cae2a-3462-4130-88de-cc7d94aec0a5,Author,Vasiliki,Tsaknaki
91abe117-12cd-4c3b-9943-34ab75c4ac66,25a5a0d6-404b-419c-9502-b246525617a2,Author,Laurens,Boer
91abe117-12cd-4c3b-9943-34ab75c4ac66,f30d35c6-4320-476f-8506-481764e6009e,Author,Peter,Kun
36f98c62-1269-42c1-bc20-0df2bc889ef5,3ad26d6b-4619-4a9f-a1b6-8424aab1dd52,Author,Tom,Jenkins
36f98c62-1269-42c1-bc20-0df2bc889ef5,805cae2a-3462-4130-88de-cc7d94aec0a5,Author,Vasiliki,Tsaknaki
0d1004e0-7ad7-4c61-85eb-07d58b8c5281,3ad26d6b-4619-4a9f-a1b6-8424aab1dd52,Author,Tom ,Jenkins
47553c9d-227f-47e8-a54d-20560a5356bc,3ad26d6b-4619-4a9f-a1b6-8424aab1dd52,Author,Tom ,Jenkins
c2095ca0-1bb8-45f4-9433-e00028606f24,3ad26d6b-4619-4a9f-a1b6-8424aab1dd52,Author,Tom ,Jenkins
13eedb99-b2fc-4868-9f10-c53812cd233d,3ad26d6b-4619-4a9f-a1b6-8424aab1dd52,Author,Tom ,Jenkins
bf081195-c9e8-4d73-aaf8-70733576fd2d,3ad26d6b-4619-4a9f-a1b6-8424aab1dd52,Author,Tom ,Jenkins
5482b90a-c1ea-403f-8018-5ae01ced4260,3ad26d6b-4619-4a9f-a1b6-8424aab1dd52,Author,Tom ,Jenkins
f34ba7e4-fb01-44bd-8a9a-d5400f485a56,3ad26d6b-4619-4a9f-a1b6-8424aab1dd52,Author,Tom ,Jenkins
eec17807-d112-4055-8315-035f89878bf2,3ad26d6b-4619-4a9f-a1b6-8424aab1dd52,Author,Tom ,Jenkins
45c6be2d-cdad-4e1e-8145-bad6f097480a,3ad26d6b-4619-4a9f-a1b6-8424aab1dd52,Author,Tom ,Jenkins
4de6b880-8ed4-11dd-8006-000ea68e967b,4d7fda5a-3cf4-4d39-9daf-1ae192b0e0e7,Author,Rune Møller,Jensen
852d9d40-913b-11dd-8006-000ea68e967b,,Author,Henrik Skovsgaard,Jensen
852d9d40-913b-11dd-8006-000ea68e967b,,Author,John Paulin,Hansen
f97dd660-c606-11dd-867b-000ea68e967b,,Author,Morten Skaarup,Jensen
f97dd660-c606-11dd-867b-000ea68e967b,,Author,Rasmus,Pagh
70c0af30-d02b-11dd-a259-000ea68e967b,,Author,Lisbeth,Klastrup
42a76e60-dbdc-11dd-a259-000ea68e967b,,Author,Casper Bruun,Jensen
7871fc40-dbe6-11dd-a259-000ea68e967b,,Author,Casper Bruun,Jensen
98d0e090-dbf1-11dd-a259-000ea68e967b,,Author,Casper Bruun,Jensen
338f7e70-dbf7-11dd-a259-000ea68e967b,,Author,Casper Bruun,Jensen
338f7e70-dbf7-11dd-a259-000ea68e967b,d55dab65-fffe-4da4-a383-cfcf5ee3a8cd,Author,Christopher,Gad
fd3f4f60-dbf8-11dd-a259-000ea68e967b,,Author,Casper Bruun,Jensen
934c8510-dbfc-11dd-a259-000ea68e967b,,Author,Casper Bruun,Jensen
720ace50-fc10-11dd-b964-000ea68e967b,,Author,Henrik Tomra Skovsgaard Hegner,Jensen
720ace50-fc10-11dd-b964-000ea68e967b,,Author,John Paulin,Hansen
5a6ff3b0-6493-11de-8664-000ea68e967b,,Author,Casper Bruun,Jensen
f95d8870-654c-11de-8664-000ea68e967b,,Author,Casper Bruun,Jensen
9911eeb0-654d-11de-8664-000ea68e967b,,Author,Casper Bruun,Jensen
9911eeb0-654d-11de-8664-000ea68e967b,,Author,Randi,Markussen
039c4140-654e-11de-8664-000ea68e967b,,Author,Casper Bruun,Jensen
82974620-654e-11de-8664-000ea68e967b,,Author,Casper Bruun,Jensen
0416d300-654f-11de-8664-000ea68e967b,,Author,Casper Bruun,Jensen
0416d300-654f-11de-8664-000ea68e967b,,Author,Brit Ross,Winthereik
884bbbe0-654f-11de-8664-000ea68e967b,,Author,Casper Bruun,Jensen
884bbbe0-654f-11de-8664-000ea68e967b,d55dab65-fffe-4da4-a383-cfcf5ee3a8cd,Author,Christopher,Gad
f3282610-654f-11de-8664-000ea68e967b,,Author,Casper Bruun,Jensen
3dd95ea0-de71-11de-a523-000ea68e967b,,Author,Casper Bruun,Jensen
7af65bd0-de71-11de-a523-000ea68e967b,,Author,Casper Bruun,Jensen
d537aff0-de75-11de-a523-000ea68e967b,,Author,Casper Bruun,Jensen
faf7e5e0-e3f0-11de-a523-000ea68e967b,,Author,Randi,Markussen
36ff0970-e666-11de-a523-000ea68e967b,,Author,Henrik Tomra Skovsgaard Hegner,Jensen
36ff0970-e666-11de-a523-000ea68e967b,,Author,John Paulin,Hansen
36ff0970-e666-11de-a523-000ea68e967b,,Author,Martin,Tall
eaf23000-25f5-11df-b794-000ea68e967b,,Author,Casper Bruun,Jensen
48f76ed0-581f-11df-b794-000ea68e967b,,Author,Henrik Tomra Skovsgaard Hegner,Jensen
48f76ed0-581f-11df-b794-000ea68e967b,,Author,John Paulin,Hansen
e99b361a-0a7b-4525-9a78-9973afee4aaf,,Author,Casper Bruun,Jensen
dd01a560-581e-11df-b794-000ea68e967b,,Author,Henrik Tomra Skovsgaard Hegner,Jensen
dd01a560-581e-11df-b794-000ea68e967b,,Author,John Paulin,Hansen
126a32bb-b678-44e9-9fd0-b3634b16ade5,,Author,Casper Bruun,Jensen
126a32bb-b678-44e9-9fd0-b3634b16ade5,,Editor,Brit Ross,Winthereik
9d96c412-7fa6-41be-a428-1ff069415f42,,Author,Jonas Braband,Jensen
9d96c412-7fa6-41be-a428-1ff069415f42,,Author,Lars,Birkedal
9d96c412-7fa6-41be-a428-1ff069415f42,0ee7ba1e-3108-4db3-a908-97977980d032,Author,Peter,Sestoft
7a35fb00-5820-11df-b794-000ea68e967b,,Author,Henrik Tomra Skovsgaard Hegner,Jensen
f17e55b0-7342-4890-9cd6-51aa408af784,,Author,Jonas Braband,Jensen
f17e55b0-7342-4890-9cd6-51aa408af784,,Author,Lars,Birkedal
f17e55b0-7342-4890-9cd6-51aa408af784,0ee7ba1e-3108-4db3-a908-97977980d032,Author,Peter,Sestoft
2879da45-629d-4927-85dc-7c32cb6d7fae,,Author,Casper Bruun,Jensen
ca693af5-0620-4027-9599-88dd2d919d48,,Author,Casper Bruun,Jensen
78293403-c426-4d56-b3fd-b73b2a95741f,,Author,Casper Bruun,Jensen
78293403-c426-4d56-b3fd-b73b2a95741f,,Author,Brit Ross,Winthereik
12e93caa-d30c-4141-b612-90068b9a6551,,Author,Mika Yasuoka,Jensen
12e93caa-d30c-4141-b612-90068b9a6551,,Author,Pernille,Bjørn
f1a37215-6829-4c00-a419-a2facfb3e566,,Author,Jonas Buhrkal,Jensen
f1a37215-6829-4c00-a419-a2facfb3e566,,Author,Lars,Birkedal
efdef97f-f52b-47ee-9a61-257ebecf16a7,,Author,Casper Bruun,Jensen
a34168ba-fa8b-4f9a-ae0f-e56b9d0479d8,,Author,Casper Bruun,Jensen
7294f92e-6ed7-4a20-bf15-e8a0cff732ab,,Author,Casper Bruun,Jensen
566d1317-68c9-4fdc-a9bd-90f69ca47bbd,,Author,Casper Bruun,Jensen
566d1317-68c9-4fdc-a9bd-90f69ca47bbd,d55dab65-fffe-4da4-a383-cfcf5ee3a8cd,Author,Christopher,Gad
37f387c4-08ce-49b0-b8b4-8d71d42351e8,,Author,Casper Bruun,Jensen
3db4843a-2ff5-4cd7-b5de-6e8be27766c5,,Author,Jonas Buhrkal,Jensen
773b2d10-fcc4-4f1b-97f2-18d036101820,,Author,Rasmus Eskild,Jensen
773b2d10-fcc4-4f1b-97f2-18d036101820,,Author,Pernille ,Bjørn
ad4744f8-010a-4cae-88e4-0b78f341aaff,,Author,Casper Bruun,Jensen
b22143e2-a4c8-467a-a684-d3683aab695f,,Author,Casper Bruun,Jensen
b22143e2-a4c8-467a-a684-d3683aab695f,d55dab65-fffe-4da4-a383-cfcf5ee3a8cd,Author,Christopher,Gad
4c57bcf9-78d3-45cb-b4f6-495c54297ca9,,Author,Casper Bruun,Jensen
4b5aa057-a047-4bc0-9a77-74036649bed5,,Author,Casper Bruun,Jensen
3c88e297-63ea-4f0c-ab34-47416a4ad487,,Author,Casper Bruun,Jensen
b4b995b7-a001-4899-9449-b2735c18a390,,Author,Rasmus Eskild,Jensen
09e558b2-d841-4800-a8a6-3dad52b62754,,Author,Casper Bruun,Jensen
09e558b2-d841-4800-a8a6-3dad52b62754,,Author,Brit Ross,Winthereik
cb3f6669-591f-47b0-a6aa-0c333d0fa877,,Author,Casper Bruun,Jensen
9ec57f7c-9e4d-491e-b439-78bcf648c09a,,Author,Rasmus Eskild,Jensen
bc7ce582-4082-45f3-9a21-65f95474a559,,Author,Pernille Kræmmergaard,Jensen
30a61351-e75e-48c8-9291-ed700cf4e20f,,Author,Pernille Kræmmergaard,Jensen
6b2335ef-46cd-4a82-ae2e-15b7736f58fc,,Author,Pernille Kræmmergaard,Jensen
fb6c118d-e149-4e70-a9ea-86149c8ea2ce,,Author,Pernille Kræmmergaard,Jensen
00cebc7f-2dbf-4ca6-ad43-5a997c9b06af,,Author,Pernille Kræmmergaard,Jensen
af4d2c1a-f8e6-4589-b4b3-56910ee7a66e,,Author,Pernille Kræmmergaard,Jensen
c1fa51a2-59e1-4854-9297-df729176c4fa,,Author,Pernille,Kræmmergaard
1630eaa1-0245-4765-b976-65029390dd36,,Author,Pernille Kræmmergaard,Jensen
456dc801-6458-40df-a292-5dfc79e342bd,,Author,Pernille Kræmmergaard,Jensen
836c4f0e-844c-49a8-b4f0-96068248fffa,,Author,Pernille Kræmmergaard,Jensen
2e654a62-2d6c-4973-b5b0-c5436626c34e,,Author,Pernille Kræmmergaard,Jensen
fea123c3-8bba-4a0a-ad63-f4833a162b9f,,Author,Pernille Kræmmergaard,Jensen
3dc3598e-e7c6-41c1-bfd6-f9602bbec696,,Author,Pernille Kræmmergaard,Jensen
c8e018e9-2eac-464e-9d62-5167ea41065b,,Author,Pernille Kræmmergaard,Jensen
456c6e11-e53c-46a6-83ea-0eda1125901e,,Author,Pernille Kræmmergaard,Jensen
81bd73a9-a0db-43cf-ae5c-44600cde7828,,Author,Pernille Kræmmergaard,Jensen
6b7ec3ef-8f52-4c0b-8ab9-1376df96afbc,,Author,Pernille Kræmmergaard,Jensen
fcefe3c2-59dd-44f0-b519-9c392c214575,,Author,Pernille Kræmmergaard,Jensen
7fef03ba-c80d-4357-9903-0b82a3f29de4,,Author,Pernille Kræmmergaard,Jensen
54dabe06-9955-4cf9-a121-c3d735c1e7d6,,Author,Pernille Kræmmergaard,Jensen
c7e0ce74-a545-46cf-a566-99ec91f0bac8,,Author,Pernille Kræmmergaard,Jensen
2cd646a2-3b65-4b96-984f-ff88e4afeefc,,Author,Pernille Kræmmergaard,Jensen
9eb5e634-7966-4d55-a8b9-69cb77d5303e,,Author,Rasmus Eskild,Jensen
18a7df1f-2f3d-4ea0-b30d-321cfa1d1302,4d7fda5a-3cf4-4d39-9daf-1ae192b0e0e7,Author,Rune Møller,Jensen
6f26fd93-e380-48bb-88b9-12dc3d2af6cd,4d7fda5a-3cf4-4d39-9daf-1ae192b0e0e7,Author,Rune Møller,Jensen
b8843107-c620-481f-8afc-e3eec9e7ed78,,Author,Mika Yasuoka,Jensen
1e350d81-16c7-4294-a29e-d4b005a1cd19,,Author,Mika Yasuoka,Jensen
034410fe-8bf8-4eaa-ad30-5c43359bbae8,,Author,Mika Yasuoka,Jensen
3c9a0ff0-c4d6-49c0-a8c5-37e0e11bea6f,,Author,Mika Yasuoka,Jensen
44183c04-4357-46aa-b88e-43f28492d577,,Author,Mika Yasuoka,Jensen
4d27d12d-36ba-48b5-9c89-e9c2b56effcf,,Author,Mika Yasuoka,Jensen
4d27d12d-36ba-48b5-9c89-e9c2b56effcf,,Author,Takahito,Kamihira
9d136123-fbd3-48af-ae35-89222730cfc3,,Author,Mika Yasuoka,Jensen
51bd0b02-f312-4cfc-adbb-01fd36892ef6,,Author,Nanna Gorm,Jensen
51bd0b02-f312-4cfc-adbb-01fd36892ef6,,Author,Irina,Shklovski
3143cfb0-842b-4f3c-9051-bfebb0293553,,Author,Mika Yasuoka,Jensen
2c9771c9-7298-41d9-8d79-e58e01bd3cdc,,Author,Mika Yasuoka,Jensen
338f492f-ebee-4799-a6d1-cca90d7d7d73,,Author,Mika Yasuoka,Jensen
e0286092-b3a4-4b3b-a127-5fa7d24d1b20,,Author,Mika Yasuoka,Jensen
03168b0d-969b-426d-b286-8c0ef8c774c4,,Author,Mika Yasuoka,Jensen
7adc704a-43ef-41bf-a77c-52a4efef61fe,,Author,Mika Yasuoka,Jensen
c38b8d7b-7f3d-4212-b2f6-e1f65aa6e900,,Author,Mika Yasuoka,Jensen
94ad5f98-6424-4f65-9924-600936062fdc,,Author,Mika Yasuoka,Jensen
6bfafdc5-e1ef-4522-b6f2-9897e452acca,,Author,Mika Yasuoka,Jensen
2fdc72b0-03c3-438e-8fcf-999a75cc8341,,Author,Mika Yasuoka,Jensen
2fdc72b0-03c3-438e-8fcf-999a75cc8341,1052b289-f510-4c5a-9662-2db48c12ebc2,Author,Lene,Nielsen
0a8ff635-8c5c-4ea7-842f-f4b2e9abcc5f,,Author,Mika Yasuoka,Jensen
c1c07854-5cc8-4b1f-87c8-48db7c278c57,,Author,Mika Yasuoka,Jensen
7271a616-fd95-45f1-a40a-0d0006e3107c,,Author,Mika Yasuoka,Jensen
89647259-0505-4e66-ae9d-3a3e0237649a,,Author,Mika Yasuoka,Jensen
03e263c0-0044-4ea0-b675-93f71952eabb,,Author,Mika Yasuoka,Jensen
b8d45604-4763-4795-9759-3c1b64329205,,Author,Mika Yasuoka,Jensen
975b10c9-97c4-438b-8978-72aa452db36d,,Author,Mika Yasuoka,Jensen
3f16d1c2-5dd3-45e7-9c99-2b858b3f41d5,,Author,Mika Yasuoka,Jensen
7c272f00-9fca-41eb-9366-e1040b9e768b,,Author,Pernille Kræmmergaard,Jensen
6ff4c918-260f-40fe-8735-080183c21c88,,Author,Casper Bruun,Jensen
6ff4c918-260f-40fe-8735-080183c21c88,,Author,Brit Ross,Winthereik
49ae27a6-61c3-4ee3-94f6-986c01fb3d50,,Author,Nanna Gorm,Jensen
49ae27a6-61c3-4ee3-94f6-986c01fb3d50,,Author,Irina,Shklovski
de0c3330-6650-48cc-8b49-7f37e331e916,,Author,Heidi,Hautopp
de0c3330-6650-48cc-8b49-7f37e331e916,1052b289-f510-4c5a-9662-2db48c12ebc2,Author,Lene,Nielsen
de0c3330-6650-48cc-8b49-7f37e331e916,,Author,Sabine,Madsen
63c43606-a25c-4c31-83ab-82601fd349f1,,Author,Minna,Jensen
63c43606-a25c-4c31-83ab-82601fd349f1,,Author,Christina,Neumayer
63c43606-a25c-4c31-83ab-82601fd349f1,1b45e3f5-b8cd-4c0d-a444-2901304f76ee,Author,Luca,Rossi
5595c6c8-f433-472b-b704-5b689ef1f901,4d7fda5a-3cf4-4d39-9daf-1ae192b0e0e7,Author,Rune Møller,Jensen
c73ef480-0ea2-44d2-84e1-49b73b3532d4,4d7fda5a-3cf4-4d39-9daf-1ae192b0e0e7,Author,Rune Møller,Jensen
c73ef480-0ea2-44d2-84e1-49b73b3532d4,,Author,Mai Lise,Ajspur
572a637b-da71-45cd-8e9a-a0ad43b19634,,Author,Gitte,Tjørnehøj
4cecc8ae-b3db-4a37-b01e-dbb700caec50,04344edd-2f02-45d5-ad45-baffe4c08898,Author,Kristian Nørgaard,Jensen
4cecc8ae-b3db-4a37-b01e-dbb700caec50,f073ebac-704d-4236-9206-d1d2ef2be9c3,Author,Barbara,Plank
4e400a88-6fcb-4ba1-ae10-675b004fd96f,04344edd-2f02-45d5-ad45-baffe4c08898,Author,Kristian Nørgaard,Jensen
4e400a88-6fcb-4ba1-ae10-675b004fd96f,78a992d3-b8eb-4fd6-8a5e-18c464d0b254,Author,Mike,Zhang
4e400a88-6fcb-4ba1-ae10-675b004fd96f,f073ebac-704d-4236-9206-d1d2ef2be9c3,Author,Barbara,Plank
623b569b-f6b0-4b7e-8016-fe096c5182cb,4d7fda5a-3cf4-4d39-9daf-1ae192b0e0e7,Author,Rune Møller,Jensen
623b569b-f6b0-4b7e-8016-fe096c5182cb,,Author,Mai Lise,Ajspur
763aec9e-d533-4f72-9bda-d5b22c341477,4d7fda5a-3cf4-4d39-9daf-1ae192b0e0e7,Author,Rune Møller,Jensen
763aec9e-d533-4f72-9bda-d5b22c341477,,Author,Mai Lise,Ajspur
49df1f42-9c2e-45ff-b87c-fb5f231d697f,4d7fda5a-3cf4-4d39-9daf-1ae192b0e0e7,Inventor,Rune Møller,Jensen
a69b0543-72f5-44c4-a749-5f076eaaa4a9,4d7fda5a-3cf4-4d39-9daf-1ae192b0e0e7,Inventor,Rune Møller,Jensen
3d1a4de3-811a-4f79-88be-b1c6d1f7f7ba,05788d6a-1042-4bf1-8ed7-b11224fb483e,Author,Jonas Haugaard,Jensen
3d1a4de3-811a-4f79-88be-b1c6d1f7f7ba,2a9c0934-98ca-4101-b829-b88d77f6487e,Author,Kasper,Støy
4b0bba95-5243-4c9e-9ca3-ff294e43ec23,4d7fda5a-3cf4-4d39-9daf-1ae192b0e0e7,Author,Rune Møller,Jensen
0b055209-adb4-4d61-9c95-e7e4dc9c5e76,4d7fda5a-3cf4-4d39-9daf-1ae192b0e0e7,Author,Rune Møller,Jensen
99d0bcf7-dc41-4cd4-bc32-52b341abc073,4d7fda5a-3cf4-4d39-9daf-1ae192b0e0e7,Author,Rune Møller,Jensen
4bcc0277-2fd5-424f-83c0-7957565592b9,4d7fda5a-3cf4-4d39-9daf-1ae192b0e0e7,Author,Rune Møller,Jensen
6fe71903-d0fd-4e86-b14d-de7fe92eb304,4d7fda5a-3cf4-4d39-9daf-1ae192b0e0e7,Author,Rune Møller,Jensen
cbb176ad-32ce-4a18-a5ea-b41a9d7c5734,4d7fda5a-3cf4-4d39-9daf-1ae192b0e0e7,Author,Rune Møller,Jensen
96950f2d-dc66-4d45-8453-c32543dfa569,4d7fda5a-3cf4-4d39-9daf-1ae192b0e0e7,Author,Rune Møller,Jensen
eb8701ba-2093-4cd9-8e4f-3c42b896d0b2,4d7fda5a-3cf4-4d39-9daf-1ae192b0e0e7,Author,Rune Møller,Jensen
bca3d744-9229-4cf8-9d72-ef741d2cdc44,4d7fda5a-3cf4-4d39-9daf-1ae192b0e0e7,Author,Rune Møller,Jensen
c943b0bb-9622-494d-8e4c-2c2b3492da86,4d7fda5a-3cf4-4d39-9daf-1ae192b0e0e7,Author,Rune Møller,Jensen
9c0f1acd-1aad-4f58-8cac-34e4fbff7eef,4d7fda5a-3cf4-4d39-9daf-1ae192b0e0e7,Author,Rune Møller,Jensen
1113a8ef-cf84-4467-b071-dc394829497e,4d7fda5a-3cf4-4d39-9daf-1ae192b0e0e7,Author,Rune Møller,Jensen
00f39a18-fc56-417b-88d9-04bd8fa3b580,4d7fda5a-3cf4-4d39-9daf-1ae192b0e0e7,Author,Rune Møller,Jensen
befe32b2-2bb4-41b2-b9c8-97b91e4dafe9,4d7fda5a-3cf4-4d39-9daf-1ae192b0e0e7,Author,Rune Møller,Jensen
14847cba-be77-453f-bec3-f94daecbb0c0,4d7fda5a-3cf4-4d39-9daf-1ae192b0e0e7,Author,Rune Møller,Jensen
14847cba-be77-453f-bec3-f94daecbb0c0,,Author,Henrik Reif,Andersen
db6b69ac-d60c-444c-a496-81257df8b63f,4d7fda5a-3cf4-4d39-9daf-1ae192b0e0e7,Author,Rune Møller,Jensen
77cf37b2-422c-4e9a-ab82-d394c6edbca8,4d7fda5a-3cf4-4d39-9daf-1ae192b0e0e7,Author,Rune Møller,Jensen
c8de6cf5-05ab-49bc-bf65-cd4f168db886,4d7fda5a-3cf4-4d39-9daf-1ae192b0e0e7,Author,Rune Møller,Jensen
a001fc4c-c236-4b9f-a898-8264a4791036,4d7fda5a-3cf4-4d39-9daf-1ae192b0e0e7,Author,Rune Møller,Jensen
c4ebfd2f-4be9-499e-b44f-4d08f477737a,4d7fda5a-3cf4-4d39-9daf-1ae192b0e0e7,Author,Rune Møller,Jensen
af38c002-3529-46cc-a16c-f07865fe421c,4d7fda5a-3cf4-4d39-9daf-1ae192b0e0e7,Author,Rune Møller,Jensen
7d81815b-098a-424a-96f9-b1be02b7a999,4d7fda5a-3cf4-4d39-9daf-1ae192b0e0e7,Author,Rune Møller,Jensen
706149f0-4b1e-4bde-a779-e5dafbb9c74b,4d7fda5a-3cf4-4d39-9daf-1ae192b0e0e7,Author,Rune Møller,Jensen
11023037-90c0-4f74-9737-525198719500,4d7fda5a-3cf4-4d39-9daf-1ae192b0e0e7,Author,Rune Møller,Jensen
97156a8b-5933-4f3b-ac43-b58b88d524f0,e726f512-d3fd-4d89-962a-3aa9f532a52f,Author,Toine,Bogers
aa74c611-ead4-458f-817b-72f687fb9fc2,efa39e70-a80a-4780-b151-ba31b01726bb,Author,Per B.,Brockhoff
563925d2-eb81-4145-8507-b716217dbdd3,efa39e70-a80a-4780-b151-ba31b01726bb,Author,Per B.,Brockhoff
3b330294-8f2b-49a5-96dd-2ae7aa75a68b,efa39e70-a80a-4780-b151-ba31b01726bb,Author,Per B.,Brockhoff
d1362a83-db03-4cb0-8bfc-d03fb8687ea5,efa39e70-a80a-4780-b151-ba31b01726bb,Author,Per B.,Brockhoff
7c188390-fda7-11dd-b964-000ea68e967b,2ee8e2e0-7fe6-4b8c-a104-509c46e7b45b,Author,Morten Bach,Jensen
93b7abf0-13aa-4b14-b9d1-c3ee2b3c313a,,Author,Jonas Buhrkal,Jensen
ea3945e6-83e6-4c89-9ba4-559a395ff1cb,,Author,Rasmus Eskild,Jensen
231c35c8-369a-484c-b991-5482a8520f04,,Author,Nanna Gorm,Jensen
164f7194-0bcf-4ede-b277-e1a2f48d7f87,4d7fda5a-3cf4-4d39-9daf-1ae192b0e0e7,Author,Rune Møller,Jensen
89ee912a-14fb-479c-abd4-d9875b186ab2,f14a5893-8cba-4ed5-b066-55c2ea626d24,Author,Ask Greve,Johansen
4468c5be-95bb-4678-8aa7-9fd35405ee79,c40e1e8a-50ee-4a7c-b7f0-2fc0fdd62adc,Author,Anna,Rogers
e912ee4f-8e77-42ad-b5cf-e3b3572bf30a,,Author,Anker Helms,Jørgensen
8e0b4969-9b49-4cec-8f83-e931c0ca86e7,,Author,Steven,Jeuris
8e0b4969-9b49-4cec-8f83-e931c0ca86e7,,Author,Steven,Houben
b03e1f50-4ba5-45f6-b671-0d7306f20e63,,Author,Steven,Jeuris
b03e1f50-4ba5-45f6-b671-0d7306f20e63,,Author,Steven,Houben
b03e1f50-4ba5-45f6-b671-0d7306f20e63,,Author,Jakob,Bardram
fd531f9a-c12e-40c8-84d6-9e97407990eb,,Author,Steven,Jeuris
fd531f9a-c12e-40c8-84d6-9e97407990eb,,Author,Jakob E.,Bardram
ad1f6194-1116-4217-9adc-3ce21df3829f,,Author,Steven,Jeuris
ad1f6194-1116-4217-9adc-3ce21df3829f,2b8ff3a4-e9b0-403d-8bd8-1bf26121c234,Author,Paolo,Tell
ad1f6194-1116-4217-9adc-3ce21df3829f,,Author,Jakob,Bardram
7a48bb8b-82d2-4465-8657-9acf4dcab7b4,2b8ff3a4-e9b0-403d-8bd8-1bf26121c234,Author,Paolo,Tell
a0a3f05f-433d-4739-b233-f8b0ade65485,,Author,Steven,Jeuris
5c3a8900-e638-11dd-a259-000ea68e967b,,Author,Arnav,Jhala
555bb550-e63d-11dd-a259-000ea68e967b,,Author,Arnav,Jhala
d92aba46-2a9b-4790-952d-5239bf5f6bab,0284519c-3320-48a2-8b0d-b4ae9351a403,Author,Qiuyu,Jiang
d92aba46-2a9b-4790-952d-5239bf5f6bab,f11b0cc1-ad9f-4b12-b805-65b70e5bcd65,Author,Rachel,Douglas-Jones
03b3d051-0aea-4c8a-99cd-dd282ffc85f4,d05daa00-c3d6-4a89-ba14-cfd1847fb0cc,Author,Raúl Pardo,Jimenez
03b3d051-0aea-4c8a-99cd-dd282ffc85f4,9cf737ee-bd9a-4f7e-b865-b6ff6ed01fde,Author,Willard,Rafnsson
03b3d051-0aea-4c8a-99cd-dd282ffc85f4,a39b94ff-e1b6-4b96-8404-486167a9123d,Author,Andrzej,Wasowski
e86f1bd5-2e81-4309-ae58-c373376add80,64730011-f493-4dbb-abf6-b48924ddc794,Author,Amelia,Jiménez Sánchez
f2c817e8-d3ac-4fe3-b5f4-3f012b02e44c,64730011-f493-4dbb-abf6-b48924ddc794,Author,Amelia,Jiménez Sánchez
3b3f7164-98cc-4cdd-aa5b-9d99d2a23a0e,64730011-f493-4dbb-abf6-b48924ddc794,Author,Amelia,Jiménez Sánchez
dc4ecb14-f7dc-4558-989b-45020e0f7059,64730011-f493-4dbb-abf6-b48924ddc794,Author,Amelia,Jiménez Sánchez
41cdbb8d-c446-4874-ab2d-1347f597abda,64730011-f493-4dbb-abf6-b48924ddc794,Author,Amelia,Jiménez Sánchez
e8acb255-4527-4e9b-90e7-38d3c7feda56,64730011-f493-4dbb-abf6-b48924ddc794,Author,Amelia,Jiménez Sánchez
e8acb255-4527-4e9b-90e7-38d3c7feda56,6800c64b-0e54-49cb-a703-384b4987b70c,Author,Dovile,Juodelyte
e8acb255-4527-4e9b-90e7-38d3c7feda56,,Author,Bethany,Chamberlain
e8acb255-4527-4e9b-90e7-38d3c7feda56,1c4bfd79-4336-4b17-a672-9acb465f15c0,Author,Veronika,Cheplygina
1732a5a6-64e1-44e9-9d36-fe4367fcc30c,64730011-f493-4dbb-abf6-b48924ddc794,Author,Amelia,Jiménez Sánchez
1732a5a6-64e1-44e9-9d36-fe4367fcc30c,6800c64b-0e54-49cb-a703-384b4987b70c,Author,Dovile,Juodelyte
1732a5a6-64e1-44e9-9d36-fe4367fcc30c,ea2d2480-46fb-493d-8dd4-6f054f58098a,Author,Théo,Sourget
1732a5a6-64e1-44e9-9d36-fe4367fcc30c,c40e1e8a-50ee-4a7c-b7f0-2fc0fdd62adc,Author,Anna,Rogers
1732a5a6-64e1-44e9-9d36-fe4367fcc30c,1c4bfd79-4336-4b17-a672-9acb465f15c0,Author,Veronika,Cheplygina
ec47b956-ba63-4061-b2b8-1f35a14d7513,64730011-f493-4dbb-abf6-b48924ddc794,Author,Amelia,Jiménez Sánchez
fa7d9628-df39-4c9c-a3cb-12c4d097b590,64730011-f493-4dbb-abf6-b48924ddc794,Author,Amelia,Jiménez-Sánchez
fa7d9628-df39-4c9c-a3cb-12c4d097b590,6800c64b-0e54-49cb-a703-384b4987b70c,Author,Dovile,Juodelyte
fa7d9628-df39-4c9c-a3cb-12c4d097b590,ea2d2480-46fb-493d-8dd4-6f054f58098a,Author,Théo,Sourget
fa7d9628-df39-4c9c-a3cb-12c4d097b590,1c4bfd79-4336-4b17-a672-9acb465f15c0,Author,Veronika,Cheplygina
688b4446-a006-46e7-a043-d85f73104303,2a9c0934-98ca-4101-b829-b88d77f6487e,Author,Kasper,Støy
9b194290-1e38-11df-b794-000ea68e967b,,Author,Nis,Johannsen
5ce2a8a0-830b-11dd-b116-000ea68e967b,,Author,Sune Alstrup,Johansen
dbe003e0-cdbc-11dd-a259-000ea68e967b,0ee7ba1e-3108-4db3-a908-97977980d032,Author,Peter,Sestoft
6046e3db-ff99-41f0-9c10-c21fee275f37,,Author,Sune Alstrup,Johansen
6046e3db-ff99-41f0-9c10-c21fee275f37,,Author,Javier,San Agustin
6046e3db-ff99-41f0-9c10-c21fee275f37,,Author,Henrik Tomra Skovsgaard Hegner,Jensen
6046e3db-ff99-41f0-9c10-c21fee275f37,,Author,John Paulin,Hansen
2f4ff712-c581-4cff-bda8-50c7c5615229,,Author,Aslak,Johansen
2f4ff712-c581-4cff-bda8-50c7c5615229,,Author,Philippe,Bonnet
911c6c3c-967b-40f0-9669-0bc18ae75b5b,,Author,Mads,Johansen
911c6c3c-967b-40f0-9669-0bc18ae75b5b,ddcdfda8-c5ea-4e67-b0ea-21ba86966197,Author,Martin,Pichlmair
911c6c3c-967b-40f0-9669-0bc18ae75b5b,a420ffb3-2ca6-4925-a25f-baaa5228fc15,Author,Sebastian,Risi
ccbd50e4-4265-4f31-b3f8-426241b47d99,,Author,Mads,Johansen
ccbd50e4-4265-4f31-b3f8-426241b47d99,ddcdfda8-c5ea-4e67-b0ea-21ba86966197,Author,Martin,Pichlmair
ccbd50e4-4265-4f31-b3f8-426241b47d99,a420ffb3-2ca6-4925-a25f-baaa5228fc15,Author,Sebastian,Risi
df08584e-7194-4928-a511-b6bda2e0f54f,0c46864b-a7f8-4439-aeda-0781f77bfe88,Author,Katrine Meldgaard,Kjær
92eafb4f-70ba-42f8-a317-90746d2b4d4f,,Author,Mads,Johansen
92eafb4f-70ba-42f8-a317-90746d2b4d4f,ddcdfda8-c5ea-4e67-b0ea-21ba86966197,Author,Martin,Pichlmair
92eafb4f-70ba-42f8-a317-90746d2b4d4f,a420ffb3-2ca6-4925-a25f-baaa5228fc15,Author,Sebastian,Risi
3a57f8c2-3147-4b97-a71b-45505715bd3d,,Author,Mads,Johansen
510c885f-759d-4ace-b758-a4c5ef7d0ac0,,Author,Mads,Johansen
af2619e7-5409-4db0-9843-6892e5ce0a78,f14a5893-8cba-4ed5-b066-55c2ea626d24,Author,Ask Greve,Johansen
f88f7f07-f56a-4c3d-a2f4-8456dc055769,f14a5893-8cba-4ed5-b066-55c2ea626d24,Author,Ask Greve,Johansen
0017ec7e-6f75-41a7-bddb-2bb273212d03,f14a5893-8cba-4ed5-b066-55c2ea626d24,Author,Ask Greve,Johansen
9b49f91f-554c-4d07-9727-3f0eed2ada9b,f14a5893-8cba-4ed5-b066-55c2ea626d24,Author,Ask Greve,Johansen
26f738d5-05be-4d3e-8f2d-f91badc8425a,ab7600cd-0bd2-4d86-9def-2c6fd1ade1c5,Author,Eva,Rotenberg
4c6bce60-8068-499a-9e6c-9fc292753638,c90e23c6-5bf4-4d6f-97d8-b162b8a5b03e,Author,Thomas,Binder
daa9f953-ee63-4290-837a-1e16ade94133,a4c1604d-b01f-46ef-baf3-74d2a8046d6b,Author,Jörn ,Christiansson
75de0cb3-3a88-4a4d-810a-27c5b6962315,f2136570-f73c-446f-9fb0-6d9e461e2124,Author,Yvonne,Dittrich
fe546730-7e37-4f20-bf85-2ad15813058a,fea53dc2-758b-4dc3-962c-68e0b52d2925,Author,Mahya,Mohammadi Kashani
fe546730-7e37-4f20-bf85-2ad15813058a,a39b94ff-e1b6-4b96-8404-486167a9123d,Author,Andrzej,Wasowski
f9ef31b4-1a65-4ebc-8d2c-4f3d1d47eb2f,7dd2f4fa-dd14-4676-8f1a-f719f213f64f,Author,Eduard,Kamburjan
f4e375cc-2149-446a-9702-af92223d828e,7dd2f4fa-dd14-4676-8f1a-f719f213f64f,Author,Eduard,Kamburjan
8aab03d1-9f1c-477d-bdbe-4f6d4fe7ec99,7dd2f4fa-dd14-4676-8f1a-f719f213f64f,Author,Eduard,Kamburjan
60b7772c-cc33-47e0-86c8-3e09c609153f,7dd2f4fa-dd14-4676-8f1a-f719f213f64f,Author,Eduard,Kamburjan
60b7772c-cc33-47e0-86c8-3e09c609153f,d05daa00-c3d6-4a89-ba14-cfd1847fb0cc,Author,Raul,Pardo
60b7772c-cc33-47e0-86c8-3e09c609153f,a39b94ff-e1b6-4b96-8404-486167a9123d,Author,Andrzej,Wąsowski
057ee5a3-84cf-458e-aed2-9089b9444df3,5f52759c-418a-41b7-bbdb-050492677284,Author,Martin,Aumüller
a08023b6-a36b-4128-9972-9c1bfafaf884,,Author,Georgios N.,Yannakakis
a08023b6-a36b-4128-9972-9c1bfafaf884,,Author,Julian,Togelius
eb7938a9-a9a3-4b4d-92e7-91ebf40ce60a,9ba013db-4c4d-41dd-be12-dbe188f67f29,Author,Hanna Elina,Wirman
0f672843-8394-4d21-97ab-ad3b11e82e42,a420ffb3-2ca6-4925-a25f-baaa5228fc15,Author,Sebastian,Risi
8158e626-79ce-41d9-b74e-5fd03095be03,bd52cb95-025e-4106-9c13-1345c76dcbfe,Author,Björn Thór,Jónsson
8158e626-79ce-41d9-b74e-5fd03095be03,,Author,Philippe,Bonnet
d490db62-1553-4890-b6cd-acf547bbd234,bd52cb95-025e-4106-9c13-1345c76dcbfe,Author,Björn Thór,Jónsson
d490db62-1553-4890-b6cd-acf547bbd234,857b3b5b-92d4-43b3-861c-d8efbdbe3b16,Author,Omar Shahbaz,Khan
2db9de83-cdb3-49bf-b3a8-f4468a1e1800,bd52cb95-025e-4106-9c13-1345c76dcbfe,Author,Björn Thór,Jónsson
2db9de83-cdb3-49bf-b3a8-f4468a1e1800,e23e8096-59cb-4ef6-af48-ce9d806fd1eb,Author,Nanna,Inie
2db9de83-cdb3-49bf-b3a8-f4468a1e1800,47a94200-3abe-4354-b5e3-c8ef6f1ba1f2,Author,Claus,Brabrand
2c914060-8ee3-11dd-8006-000ea68e967b,,Author,Anker Helms,Jørgensen
5d7eed70-8ee4-11dd-8006-000ea68e967b,,Author,Anker Helms,Jørgensen
c8f94170-ca91-11dd-a259-000ea68e967b,,Author,Anker Helms,Jørgensen
c93c4930-d2d2-11de-8daf-000ea68e967b,,Author,Anker Helms,Jørgensen
ff098540-d2d3-11de-8daf-000ea68e967b,,Author,Anker Helms,Jørgensen
782369a0-d2d4-11de-8daf-000ea68e967b,,Author,Anker Helms,Jørgensen
f3a83380-d2d4-11de-8daf-000ea68e967b,,Author,Anker Helms,Jørgensen
8f4c2520-d2d6-11de-8daf-000ea68e967b,,Author,Anker Helms,Jørgensen
a75e6540-f943-11de-a523-000ea68e967b,,Author,Anker Helms,Jørgensen
c0e6c813-c9dc-4194-8618-e5fb88d26d60,,Author,Anker Helms,Jørgensen
198d1050-e4b1-408e-a766-7d71936de2f5,,Author,Anker Helms,Jørgensen
1f718550-c17e-4345-a5d3-924cf4fdff99,,Performer,Anker Helms,Jørgensen
84c5c1e0-ff16-459a-9361-db3f969b9c24,,Author,Anker Helms,Jørgensen
21b17ee6-7a10-403d-ab07-969438fb42e1,,Author,Anker Helms,Jørgensen
533670ed-dd76-4f43-a9ab-f8f25176a0ef,,Author,Anker Helms,Jørgensen
0c5ede1f-264e-4151-aff9-00e63f355139,,Author,Anker Helms,Jørgensen
855e566d-62fd-48a4-96cf-fb1e45dc8742,,Author,Anker Helms,Jørgensen
c22e9c6c-eac0-4f8d-acfd-e5a0c7bea736,,Author,Anker Helms,Jørgensen
e9a6e631-e423-4054-ae0d-5a3e9007ce35,,Author,Anker Helms,Jørgensen
02ba6b6d-33c1-45bc-ae02-ed11267185dc,,Author,Jonas,Jørgensen
175a52fb-54b8-4166-849d-c6e306cf31a4,,Author,Jonas,Jørgensen
841fae48-4a90-48af-a422-78a895c5110b,c27ebbb6-7aae-41d4-b6fe-eb4a09024eca,Author,Ida Kathrine Hammeleff,Jørgensen
841fae48-4a90-48af-a422-78a895c5110b,9ba013db-4c4d-41dd-be12-dbe188f67f29,Author,Hanna Elina,Wirman
abdb1b9e-44d9-4a7c-91af-18eaba8f3e53,c27ebbb6-7aae-41d4-b6fe-eb4a09024eca,Author,Ida Kathrine Hammeleff,Jørgensen
000177dc-6740-42b4-b458-4a22d9838047,,Author,Jonas,Jørgensen
7e47eebd-6049-4dce-97f2-ff8ced765e39,,Author,Jonas,Jørgensen
1253dffc-c46e-4093-89ed-bc955af36e83,c27ebbb6-7aae-41d4-b6fe-eb4a09024eca,Author,Ida Kathrine Hammeleff,Jørgensen
f0251c5d-3830-48c7-9bf7-e1c60a99efcc,c27ebbb6-7aae-41d4-b6fe-eb4a09024eca,Author,Ida Kathrine Hammeleff,Jørgensen
2f1aa66a-fff5-4cfb-95fb-baf26da292c0,c27ebbb6-7aae-41d4-b6fe-eb4a09024eca,Author,Ida Kathrine Hammeleff,Jørgensen
2f1aa66a-fff5-4cfb-95fb-baf26da292c0,,Author,Johanna,Blom
9357d72a-24dd-4ea8-a2e2-e019abadee64,,Author,Jonas,Jørgensen
2733be6b-aaac-49b1-8857-330ef2dbefa1,,Author,Jonas,Jørgensen
d8d46a50-aad0-4e44-bef4-20daa6b2d4de,,Author,Jonas,Jørgensen
0d7e4ca2-c028-4a57-b016-517938bde363,,Author,Jonas,Jørgensen
704e3bc5-e41f-4fd3-aea8-08f8b55224ed,,Author,Bastian,Jørgensen
704e3bc5-e41f-4fd3-aea8-08f8b55224ed,,Author,Jannick,Schou
a3eaedf3-5dc7-4940-aaa8-58d29ffc1d5c,,Author,Stina Hasse,Jørgensen
a3eaedf3-5dc7-4940-aaa8-58d29ffc1d5c,528393a3-e784-47a8-85be-c81d44c393bd,Author,Sanna-Maria,Marttila
a3eaedf3-5dc7-4940-aaa8-58d29ffc1d5c,,Author,Sarah,Homewood
dfbd4a51-8205-4637-978c-fcec6b4a8c9b,,Author,Jonas,Jørgensen
5f01682b-4a19-4f78-9512-febe48743a58,,Author,Jonas,Jørgensen
283b5ed6-a049-405e-b71c-fceefd8c5c87,,Author,Jonas,Jørgensen
9b05e2a2-e7e5-4052-ae35-46917ea20ece,c27ebbb6-7aae-41d4-b6fe-eb4a09024eca,Author,Ida Kathrine Hammeleff,Jørgensen
06b4c152-8e1d-4b09-ba43-282bdc60a14e,,Author,Bastian,Jørgensen
06b4c152-8e1d-4b09-ba43-282bdc60a14e,d55dab65-fffe-4da4-a383-cfcf5ee3a8cd,Author,Christopher,Gad
06b4c152-8e1d-4b09-ba43-282bdc60a14e,,Author,Brit Ross,Winthereik
bdb2a5b0-aa3e-4c81-903b-c2ff782e647f,c27ebbb6-7aae-41d4-b6fe-eb4a09024eca,Author,Ida Kathrine Hammeleff,Jørgensen
f45b62bb-4eae-413f-9c98-3f3fab36907a,c27ebbb6-7aae-41d4-b6fe-eb4a09024eca,Author,Ida Kathrine Hammeleff,Jørgensen
daba3bd6-2cc5-4d7a-8619-e7402b7d149e,c27ebbb6-7aae-41d4-b6fe-eb4a09024eca,Author,Ida Kathrine Hammeleff,Jørgensen
77ad5237-9079-452a-a1dc-b1f8564a5e5b,,Author,Stina Hasse,Jørgensen
f554c258-1d27-4e71-9f8b-07a7225d85cb,,Author,Stina Hasse,Jørgensen
180ac191-a8bc-4b48-aaaf-e5b4ca55185d,,Author,Stina Hasse,Jørgensen
d17500aa-6244-4196-88ba-3961ada15940,,Author,Stina Hasse,Jørgensen
07d9c64e-23b3-46c4-abf5-5ef73b2e1c9e,c27ebbb6-7aae-41d4-b6fe-eb4a09024eca,Author,Ida Kathrine Hammeleff,Jørgensen
07d9c64e-23b3-46c4-abf5-5ef73b2e1c9e,9ba013db-4c4d-41dd-be12-dbe188f67f29,Author,Hanna Elina,Wirman
e9c4bdb3-0d7e-45da-a5a4-d0732b97c519,,Author,Stina Hasse,Jørgensen
1117002e-233d-464b-9244-3564cac287f0,,Author,Kristian Møller ,Jørgensen
b9e10739-8b6a-4181-8969-61c253db35c3,c27ebbb6-7aae-41d4-b6fe-eb4a09024eca,Author,Ida Kathrine Hammeleff,Jørgensen
b9e10739-8b6a-4181-8969-61c253db35c3,,Author,Michael S.,Debus
9e912784-fdf2-416b-8368-491e8db79fe6,,Author,Kim Peiter,Jørgensen
9e912784-fdf2-416b-8368-491e8db79fe6,,Author,Roman,Beck
d24bb672-88af-4023-b4e3-9c031a48efb4,c27ebbb6-7aae-41d4-b6fe-eb4a09024eca,Author,Ida Kathrine Hammeleff,Jørgensen
8bfea36a-5642-44bf-801a-6e976951ddd6,,Author,Torill Elvira,Mortensen
4eae46b3-f4ac-49a7-aa01-9a72449a819e,c27ebbb6-7aae-41d4-b6fe-eb4a09024eca,Author,Ida Kathrine Hammeleff,Jørgensen
4eae46b3-f4ac-49a7-aa01-9a72449a819e,,Author,Espen J.,Aarseth
feaaa722-5e1b-46ba-b040-d096fa946eb3,,Author,Stina Hasse,Jørgensen
785417ff-a894-45f4-be54-d8404730a249,,Author,Stina Hasse,Jørgensen
662b9ff6-75e7-4b30-81c8-ec20ef4e08f7,,Author,Kim Peiter,Jørgensen
77295d99-4abc-4f11-8029-b2888f69f042,,Author,Kim Peiter,Jørgensen
4bef3484-779b-41a2-b32b-9db20db9e659,,Author,Stina Hasse,Jørgensen
4bef3484-779b-41a2-b32b-9db20db9e659,0cc78e11-da3d-4687-a49a-76a2ba39c292,Author,Sara Marie,Ertner
4bef3484-779b-41a2-b32b-9db20db9e659,f6921641-1f0a-4e24-a3a9-546e3927ab72,Author,Signe Louise,Yndigegn
62b86b48-de53-4c3b-8cb2-59edd0a9b0bd,3ad26d6b-4619-4a9f-a1b6-8424aab1dd52,Author,Tom,Jenkins
d28e1066-de22-43cd-bdc3-d12d500f321a,efa39e70-a80a-4780-b151-ba31b01726bb,Author,Per B.,Brockhoff
c34b95b4-2386-4e80-9631-bf225f0dab21,efa39e70-a80a-4780-b151-ba31b01726bb,Author,Per B.,Brockhoff
451cdc5b-e5e8-4fa5-8e75-d99aa7a9166c,efa39e70-a80a-4780-b151-ba31b01726bb,Author,Per B.,Brockhoff
1f3ae4b4-056c-4a8b-8c02-b9237d51d8a0,,Author,Jonas,Jørgensen
046bb469-1582-404b-8f3c-62de5836d3f5,c27ebbb6-7aae-41d4-b6fe-eb4a09024eca,Author,Ida Kathrine Hammeleff,Jørgensen
70c3cd7c-1e5a-45dd-99d9-8a702335d022,,Author,Bastian,Jørgensen
9d1853e7-be41-4f7a-b16d-b0d6236b23a4,,Author,Stina Hasse,Jørgensen
a4ec054b-e4f0-43dd-adb7-d67191aa89bf,,Author,Martin Tvede,Zachariasen
c216e971-a7ed-46aa-b4f2-d2b0d69a851e,,Author,Martin Tvede,Zachariasen
a026a867-0b71-405e-9366-a6ad713e157d,1052b289-f510-4c5a-9662-2db48c12ebc2,Author,Lene,Nielsen
c9f06d63-b1ee-4883-83b8-ad6ae9d01e06,6800c64b-0e54-49cb-a703-384b4987b70c,Author,Dovile,Juodelyte
c9f06d63-b1ee-4883-83b8-ad6ae9d01e06,1c4bfd79-4336-4b17-a672-9acb465f15c0,Author,Veronika,Cheplygina
c9f06d63-b1ee-4883-83b8-ad6ae9d01e06,1578b20c-b5d0-466f-b114-2582529ddc53,Author,Therese,Graversen
c9f06d63-b1ee-4883-83b8-ad6ae9d01e06,,Author,Philippe,Bonnet
263bd8e8-e131-4fd1-892c-ca18f8175ec7,6800c64b-0e54-49cb-a703-384b4987b70c,Author,Dovile,Juodelyte
263bd8e8-e131-4fd1-892c-ca18f8175ec7,64730011-f493-4dbb-abf6-b48924ddc794,Author,Amelia,Jiménez Sánchez
263bd8e8-e131-4fd1-892c-ca18f8175ec7,1c4bfd79-4336-4b17-a672-9acb465f15c0,Author,Veronika,Cheplygina
89ecc976-4117-4ca8-bd92-fedd8afabe5a,6800c64b-0e54-49cb-a703-384b4987b70c,Author,Dovile,Juodelyte
89ecc976-4117-4ca8-bd92-fedd8afabe5a,1c4bfd79-4336-4b17-a672-9acb465f15c0,Author,Veronika,Cheplygina
89ecc976-4117-4ca8-bd92-fedd8afabe5a,64730011-f493-4dbb-abf6-b48924ddc794,Author,Amelia,Jiménez Sánchez
89ecc976-4117-4ca8-bd92-fedd8afabe5a,864e737f-8deb-4b43-8403-8edb558e8567,Author,Yucheng,Lu
989755ae-5afc-4bf0-bd49-9657a745fb2b,6800c64b-0e54-49cb-a703-384b4987b70c,Author,Dovile,Juodelyte
7ae8926b-5bda-4642-bf55-6eef2e0a631c,4158ccb2-0c9d-44eb-a71b-3b30a7294786,Author,Paulius,Juodisius
7ae8926b-5bda-4642-bf55-6eef2e0a631c,a39b94ff-e1b6-4b96-8404-486167a9123d,Author,Andrzej,Wasowski
c1763688-224e-4c3d-919a-1261bc739192,,Author,Mateusz,Jurewicz
c1763688-224e-4c3d-919a-1261bc739192,785a7089-e58e-4aaa-986d-ae0e615ba508,Author,Leon,Derczynski
50a2fe24-3383-40c9-82fc-09225a500aa3,,Author,Mateusz,Jurewicz
50a2fe24-3383-40c9-82fc-09225a500aa3,785a7089-e58e-4aaa-986d-ae0e615ba508,Author,Leon,Derczynski
a52390d8-f039-4666-9641-9d5c6ddb4eb7,,Author,Mateusz,Jurewicz
a52390d8-f039-4666-9641-9d5c6ddb4eb7,785a7089-e58e-4aaa-986d-ae0e615ba508,Author,Leon,Derczynski
571c2746-bec4-4a56-9369-f1dbb6bec799,,Author,Mateusz,Jurewicz
4599b235-2bce-4dd2-9d23-e8eb0dcaab76,81de28ef-db46-405c-a49b-79af67660d89,Author,Kai,Budrikas
3b3bdc37-d0f9-473f-a594-77b411d92bb2,,Author,Julian,Togelius
3b3bdc37-d0f9-473f-a594-77b411d92bb2,a420ffb3-2ca6-4925-a25f-baaa5228fc15,Author,Sebastian,Risi
50e65fca-100b-4702-a8e0-89d65f058ee5,,Author,Niels Orsleff,Justesen
50e65fca-100b-4702-a8e0-89d65f058ee5,,Author,Tobias,Mahlmann
50e65fca-100b-4702-a8e0-89d65f058ee5,,Author,Julian,Togelius
0ea9a6be-d106-46bd-8d1c-de77b358f870,,Author,Niels Orsleff,Justesen
0ea9a6be-d106-46bd-8d1c-de77b358f870,a420ffb3-2ca6-4925-a25f-baaa5228fc15,Author,Sebastian,Risi
6e7acde3-44fa-4be0-985f-cd20893638f7,,Author,Niels,Justesen
6e7acde3-44fa-4be0-985f-cd20893638f7,a420ffb3-2ca6-4925-a25f-baaa5228fc15,Author,Sebastian,Risi
7db68d4d-c0c0-4055-87d5-1e6dc179797e,,Author,Niels,Justesen
7db68d4d-c0c0-4055-87d5-1e6dc179797e,,Author,Tobias,Mahlmann
7db68d4d-c0c0-4055-87d5-1e6dc179797e,a420ffb3-2ca6-4925-a25f-baaa5228fc15,Author,Sebastian,Risi
7db68d4d-c0c0-4055-87d5-1e6dc179797e,,Author,Julian,Togelius
0eaa5511-f8a3-4b04-88e6-85fb89437c0d,,Author,Niels,Justesen
0eaa5511-f8a3-4b04-88e6-85fb89437c0d,a420ffb3-2ca6-4925-a25f-baaa5228fc15,Author,Sebastian,Risi
6841e3f6-92c6-47cf-bec0-f4a8d530e6bf,,Author,Niels,Justesen
6841e3f6-92c6-47cf-bec0-f4a8d530e6bf,a420ffb3-2ca6-4925-a25f-baaa5228fc15,Author,Sebastian,Risi
6841e3f6-92c6-47cf-bec0-f4a8d530e6bf,,Author,Julian,Togelius
f4257e35-25e5-43de-b492-a2c6d4796ef7,,Author,Niels,Justesen
f4257e35-25e5-43de-b492-a2c6d4796ef7,,Author,Julian,Togelius
f4257e35-25e5-43de-b492-a2c6d4796ef7,a420ffb3-2ca6-4925-a25f-baaa5228fc15,Author,Sebastian,Risi
041da0bf-54eb-4b89-8d9e-adba4979c620,,Author,Niels Orsleff,Justesen
041da0bf-54eb-4b89-8d9e-adba4979c620,,Author,Michael S.,Debus
041da0bf-54eb-4b89-8d9e-adba4979c620,a420ffb3-2ca6-4925-a25f-baaa5228fc15,Author,Sebastian,Risi
23cd9f7a-3dba-4fa3-88da-76dcbf6e7057,,Author,Niels,Justesen
23cd9f7a-3dba-4fa3-88da-76dcbf6e7057,,Author,Julian,Togelius
23cd9f7a-3dba-4fa3-88da-76dcbf6e7057,a420ffb3-2ca6-4925-a25f-baaa5228fc15,Author,Sebastian,Risi
6a50a489-18e3-4519-923f-4bb795b4478f,,Author,Niels,Justesen
6a50a489-18e3-4519-923f-4bb795b4478f,a420ffb3-2ca6-4925-a25f-baaa5228fc15,Author,Sebastian,Risi
1f8e3adb-9f2a-4e25-b8ca-f2783f422f59,,Author,Niels,Justesen
1f8e3adb-9f2a-4e25-b8ca-f2783f422f59,,Author,Julian,Togelius
1f8e3adb-9f2a-4e25-b8ca-f2783f422f59,a420ffb3-2ca6-4925-a25f-baaa5228fc15,Author,Sebastian,Risi
196966ed-c6bd-4e5b-ab4f-cf62826b0ff2,,Author,Niels,Justesen
196966ed-c6bd-4e5b-ab4f-cf62826b0ff2,,Author,Miguel,González-Duque
196966ed-c6bd-4e5b-ab4f-cf62826b0ff2,a420ffb3-2ca6-4925-a25f-baaa5228fc15,Author,Sebastian,Risi
d81a5b93-a9cb-46de-92a1-c8cbe256d015,,Author,Niels Orsleff,Justesen
cba58821-c003-4f70-90b5-26aebc6cb5b4,,Author,Alessandro,Canossa
cba58821-c003-4f70-90b5-26aebc6cb5b4,,Author,Julian,Togelius
0b6ed031-218c-42f7-8c25-605dbfe9ecad,13f2be7b-37ab-4ab3-b5c3-90d54e1515dc,Author,Jonas L.,Juul
66e488d1-6fae-414f-85a9-bed88baa8ddd,13f2be7b-37ab-4ab3-b5c3-90d54e1515dc,Author,Jonas L.,Juul
36cd4b7a-fea1-4be3-b92b-dc4763809dda,13f2be7b-37ab-4ab3-b5c3-90d54e1515dc,Author,Jonas,Juul
d4e12f94-3d6c-4c88-91ec-13bb91abd2c2,13f2be7b-37ab-4ab3-b5c3-90d54e1515dc,Author,Jonas,Juul
0312f1d4-4f73-4fc9-bf8a-0bcff838b2d6,13f2be7b-37ab-4ab3-b5c3-90d54e1515dc,Author,Jonas L.,Juul
a27c1e61-c622-4695-a59c-ee5595fb6551,13f2be7b-37ab-4ab3-b5c3-90d54e1515dc,Author,Jonas L.,Juul
1737a352-8b1c-48da-8f7e-b4db453740c3,13f2be7b-37ab-4ab3-b5c3-90d54e1515dc,Author,Jonas L.,Juul
794409b0-502e-42ca-bb19-3b249e5092bd,13f2be7b-37ab-4ab3-b5c3-90d54e1515dc,Author,Jonas S.,Juul
23250fc5-7c76-42f5-99b2-53d7f06dbf0d,13f2be7b-37ab-4ab3-b5c3-90d54e1515dc,Author,Jonas L.,Juul
33e32522-4c6b-4faf-a899-8896256c65b2,13f2be7b-37ab-4ab3-b5c3-90d54e1515dc,Author,Jonas L.,Juul
8f06e561-02e4-4c20-b7ed-d8a84be4b1b8,13f2be7b-37ab-4ab3-b5c3-90d54e1515dc,Author,Jonas L.,Juul
f26eb720-ee3a-479e-b312-17a364c19d1f,13f2be7b-37ab-4ab3-b5c3-90d54e1515dc,Author,Jonas L.,Juul
70a1c99c-8cc8-4e31-86c4-828bfee68c69,13f2be7b-37ab-4ab3-b5c3-90d54e1515dc,Author,Jonas L.,Juul
feeceff0-4ef8-44a1-a7f3-e1b018220b2f,,Author,Carina Antonia,Hallin
283bc493-322d-4fdc-abc6-4a5c9cb35fa4,,Author,Carina Antonia,Hallin
00fb8c31-46d8-444f-9392-d3593c24f816,,Author,Carina Antonia,Hallin
b56801b2-7852-4e9c-ba35-2ce2a8a16a4d,,Author,Carina Antonia,Hallin
0d6135ff-58df-4d89-90da-de51a74c27ca,,Author,Carina Antonia,Hallin
26d32f27-6271-4eb4-b153-958ab2d3b767,,Author,Carina Antonia,Hallin
d21ad067-34d1-4cd8-9a5a-a73fdb183025,,Author,Carina Antonia,Hallin
d2cdd24b-1c04-4094-a8e7-1c480e885a51,805cae2a-3462-4130-88de-cc7d94aec0a5,Author,Vasiliki,Tsaknaki
d2cdd24b-1c04-4094-a8e7-1c480e885a51,3ad26d6b-4619-4a9f-a1b6-8424aab1dd52,Author,Tom,Jenkins
f13bfdad-47c2-4462-b8c8-75d4674c0e1a,09ec1bda-4550-4a83-8480-fe742d77e882,Author,Asger Balle,Pedersen
f13bfdad-47c2-4462-b8c8-75d4674c0e1a,,Author,Signe,Agerskov
f13bfdad-47c2-4462-b8c8-75d4674c0e1a,,Author,Roman,Beck
fd6687c5-80d6-4da3-8ca7-ee57fa40da26,f073ebac-704d-4236-9206-d1d2ef2be9c3,Author,Barbara,Plank
1d095318-717e-4667-a609-7813683f29ea,,Author,David,Kadish
43dcb2ab-3f78-4af7-87c0-e179d5310bbf,,Author,David,Kadish
c3154676-7aa3-4ec7-9657-5cf5952a374a,,Author,David,Kadish
c3154676-7aa3-4ec7-9657-5cf5952a374a,a420ffb3-2ca6-4925-a25f-baaa5228fc15,Author,Sebastian,Risi
c3154676-7aa3-4ec7-9657-5cf5952a374a,,Author,Laura,Beloff
39f7df2e-9892-44e1-80b5-e91d78a1d8b7,,Author,David,Kadish
15b1c19a-a981-48d2-9e38-ee95ff8c994a,,Author,David,Kadish
0498c018-9fad-4cdb-985a-4a7e1856cf66,,Author,David,Kadish
0498c018-9fad-4cdb-985a-4a7e1856cf66,a420ffb3-2ca6-4925-a25f-baaa5228fc15,Author,Sebastian,Risi
bd809908-eab1-4a12-b3dd-7b7cd8083554,,Author,David,Kadish
ee82d876-099e-49b9-9242-97630fda59ab,,Author,David,Kadish
a07ad16c-0e45-4cd3-8072-087fbfb01c93,,Author,David,Kadish
a07ad16c-0e45-4cd3-8072-087fbfb01c93,2a9c0934-98ca-4101-b829-b88d77f6487e,Author,Kasper,Støy
0bc7e113-9fb8-4316-b763-ec7529e03c2d,,Author,David,Kadish
0bc7e113-9fb8-4316-b763-ec7529e03c2d,a420ffb3-2ca6-4925-a25f-baaa5228fc15,Author,Sebastian,Risi
0bc7e113-9fb8-4316-b763-ec7529e03c2d,22ec9269-2fff-4dbf-a9c7-5037559a15ee,Author,Anders Sundnes,Løvlie
f7b93f61-ede4-47fb-bbe0-5dcb1dbb0e04,,Author,David,Kadish
fb286952-5514-47bd-92cd-5c6a5d659f54,c40e1e8a-50ee-4a7c-b7f0-2fc0fdd62adc,Author,Anna,Rogers
cba86635-6472-4a70-ac4f-7c4ccd771497,cf6cfa0b-e3ac-4164-8de2-b956d8e23825,Author,Elisa D.,Mekler
b923ac18-0251-4424-a4c4-4b87c4376a1b,,Author,Pernille Kræmmergaard,Jensen
19f9a558-e01f-4434-ab26-8e9e3710a66b,7dd2f4fa-dd14-4676-8f1a-f719f213f64f,Author,Eduard,Kamburjan
34cc44ab-bcd8-41ab-b80e-2145d70b8e27,7dd2f4fa-dd14-4676-8f1a-f719f213f64f,Author,Eduard,Kamburjan
d8b88320-31e7-445d-aaab-37979e5cb88a,7dd2f4fa-dd14-4676-8f1a-f719f213f64f,Author,Eduard,Kamburjan
965a7900-5f32-4c5d-b270-0221b7569d04,7dd2f4fa-dd14-4676-8f1a-f719f213f64f,Author,Eduard,Kamburjan
8611d8d8-fcb6-4e80-ad3f-fdf27e6bdc68,7dd2f4fa-dd14-4676-8f1a-f719f213f64f,Author,Eduard,Kamburjan
1d7a3624-1b13-4959-b158-4b1133babdbc,7dd2f4fa-dd14-4676-8f1a-f719f213f64f,Author,Eduard,Kamburjan
d859d7ae-52ea-4bf1-9866-b11e8621e59e,7dd2f4fa-dd14-4676-8f1a-f719f213f64f,Author,Eduard,Kamburjan
4fb9a206-20d5-4ef1-a63f-56fd801cc395,,Author,Aske,Kammer
2d66a492-766d-4d89-bae3-27de1da6ad74,,Author,Aske,Kammer
ca33fe33-57a2-4ca0-aee1-5f82bd99b834,,Author,Aske,Kammer
a2d330bd-8e07-4af5-81c5-5a078602b2ca,,Author,Aske,Kammer
6fa6eb6c-7b32-484a-bcf6-de6b09b9f9f9,,Author,Aske,Kammer
266fdf49-cde1-4b46-b20a-24cc45b60100,,Author,Aske,Kammer
29eed350-c3c0-41c1-acf8-78bfba365263,,Author,Aske,Kammer
4be686b1-e849-4f32-a635-117bb638d4c6,,Author,Aske,Kammer
fee493cf-420c-4084-ae31-1004703bdf15,,Author,Aske,Kammer
9e71d1af-3969-4900-8200-47a1cb128941,,Author,Aske,Kammer
816036a9-57f9-40e1-aaec-e95053d49326,,Author,Aske,Kammer
f6a1b8bb-c824-4925-960a-b095c6575e52,,Author,Aske,Kammer
c37110b3-2dc0-45d3-a76e-d2e3b46bed70,,Author,Aske,Kammer
b050542b-aa53-433c-bb45-3e12d3093758,,Author,Aske,Kammer
fac47962-6e64-483b-acb9-d8aa55ac1c7d,,Author,Aske,Kammer
0bef0f25-d078-4567-9b0d-b05e77ba920c,,Author,Aske,Kammer
0a22c56f-093b-4996-a139-7323aa912470,,Author,Aske,Kammer
5f67b61b-aeea-462a-ae04-076fc9c84691,,Author,Aske,Kammer
0fd1b426-e93f-4520-95ac-7b80137b21c0,cf5e1d64-5489-4534-ba34-8dba5fd354a6,Author,Paolo,Burelli
e7843e81-689d-430c-89b0-39032a17606e,f073ebac-704d-4236-9206-d1d2ef2be9c3,Author,Barbara,Plank
1e299c0a-d3e0-48f1-a332-034868a0ec54,b611f406-3531-4b9a-a511-831d28cf62ef,Author,Anna,Brynskov
3e5831d0-e272-11de-a523-000ea68e967b,,Author,Georgios N.,Yannakakis
b086e617-99ca-4a0f-b4a1-bfd638245058,d5c3a434-36d5-4861-862d-3c5b3e332121,Author,Zoi,Kaoudi
b086e617-99ca-4a0f-b4a1-bfd638245058,,Author,Niv,Dayan
2183f256-22fe-4f67-a419-8a135e3cd81f,,Author,Helena,Karasti
e2a833a0-7f5a-469b-9a39-00e7112122be,20ad2ae0-df32-484d-84ed-f65810600cfa,Author,Konstantinos,Floros
471162bd-173d-497a-a70a-d0e4630a3539,bb404350-dc8d-4345-965f-a3602b726014,Author,Tim,Seppelt
83364856-9986-4439-a98b-109375865923,bb404350-dc8d-4345-965f-a3602b726014,Author,Tim,Seppelt
f23c8b0d-14f0-4224-b7e4-dd38061cbdc3,2fa5dc89-7d78-45d0-96c7-e8f39b78dd3e,Author,Anna,Vallgårda
12f1f119-c294-4a4d-b446-a4033090ff85,,Author,Julian,Togelius
9e9f5cf1-c395-49a1-81ab-682e5e6a7227,,Author,Maria,Karampela
9e9f5cf1-c395-49a1-81ab-682e5e6a7227,,Author,Minna,Isomursu
96cb67e6-b197-4c0e-a27f-423bb32b7eac,,Author,Maria,Karampela
96cb67e6-b197-4c0e-a27f-423bb32b7eac,,Author,Minna,Isomursu
1715cbac-433b-4028-9b61-9981529033a0,,Author,Maria,Karampela
1715cbac-433b-4028-9b61-9981529033a0,,Author,Minna,Isomursu
de43ac26-61d6-4406-b59e-63c95b252bf0,,Author,Maria,Karampela
de43ac26-61d6-4406-b59e-63c95b252bf0,,Author,Minna,Isomursu
83da0d2e-5b4e-44fb-9b20-063c1b8b73e4,,Author,Maria,Karampela
d390cf62-2656-4b7d-8d9b-1b95c623769f,,Author,Maria,Karampela
d390cf62-2656-4b7d-8d9b-1b95c623769f,,Author,Minna,Isomursu
0ec0f98c-d310-4bf6-8c40-4333b4a165ca,,Author,Maria,Karampela
0ec0f98c-d310-4bf6-8c40-4333b4a165ca,,Author,Minna,Isomursu
0b7fd76f-a46b-483f-8ac0-2ac59dfd282d,,Author,Maria,Karampela
0b7fd76f-a46b-483f-8ac0-2ac59dfd282d,,Author,Minna,Isomursu
9bc532b7-4acd-4c03-935c-ca3ff330d1d6,528393a3-e784-47a8-85be-c81d44c393bd,Author,Sanna-Maria,Marttila
9bc532b7-4acd-4c03-935c-ca3ff330d1d6,,Author,Joanna,Saad-Sulonen
4c06c283-150a-494b-817d-1112711b6868,,Author,Helena,Karasti
4c06c283-150a-494b-817d-1112711b6868,,Author,Andrea,Botero
4c06c283-150a-494b-817d-1112711b6868,,Author,Joanna,Saad-Sulonen
6e438a86-5925-4ed4-8b19-0d150aa3887b,d9376c00-8047-4c1b-b86a-e2f5e00018b3,Author,Pelin,Karaturhan
6e438a86-5925-4ed4-8b19-0d150aa3887b,f2b81a70-1d6c-42d1-a3b5-1d4338be4b8c,Author,Claire,Glanois
6e438a86-5925-4ed4-8b19-0d150aa3887b,d37cba38-dff2-4c27-a515-226cfadfd849,Author,Jonas,Fritsch
d1936a80-6116-4d83-84b3-952ad6d30e19,d9376c00-8047-4c1b-b86a-e2f5e00018b3,Author,Pelin,Karaturhan
d1936a80-6116-4d83-84b3-952ad6d30e19,,Author,Søren Lyngsø,Knudsen
d1936a80-6116-4d83-84b3-952ad6d30e19,d37cba38-dff2-4c27-a515-226cfadfd849,Author,Jonas,Fritsch
7f570915-0a8c-40db-9faa-3d0595612e20,44c88dce-966d-46f3-88a8-2014e39197b9,Author,Hans-Joachim,Backe
baf583e9-6995-42c0-922a-f4c490678e35,ac400e55-5188-4efd-872a-12df089e7068,Author,Ehsan,Yousefzadeh-Asl-Miandoab
baf583e9-6995-42c0-922a-f4c490678e35,63342b24-28ec-40c5-a7d9-ec49867dc75d,Author,Pinar,Tözün
db219f4f-aa9c-43d5-8f71-32a3b971757e,22ec9269-2fff-4dbf-a9c7-5037559a15ee,Author,Anders Sundnes,Løvlie
04dbe54c-f97b-4c5b-8450-d66b32441671,3dac6e0e-2770-4c5e-b32a-d7750523516f,Author,Jonas Valbjørn,Andersen
926818e6-6f45-4641-b684-d46490059993,3d49de50-0620-46fe-ae15-53b12dfb8649,Author,Björn,Karlsson
7ab4c71c-5a57-4d63-99e4-03f1c7eba8ea,3d49de50-0620-46fe-ae15-53b12dfb8649,Author,Björn,Karlsson
7ab4c71c-5a57-4d63-99e4-03f1c7eba8ea,443362d7-b255-460d-a559-0fa80a8d9fbc,Author,Vasilis,Galis
2ba486b1-0f8e-4656-ac3a-2cd659eb0edf,805cae2a-3462-4130-88de-cc7d94aec0a5,Author,Vasiliki,Tsaknaki
c016d87e-1895-4d50-a2ff-9695b3a5536e,c40e1e8a-50ee-4a7c-b7f0-2fc0fdd62adc,Author,Anna,Rogers
617e0a9c-71cf-4423-9580-557f5b7c11bc,5041f387-908f-4845-9f79-3a6dbd527f4b,Author,Michael,Hockenhull
72af3413-c476-4a58-be63-b8b62eb9d712,fea53dc2-758b-4dc3-962c-68e0b52d2925,Author,Mahya Mohammadi,Kashani
72af3413-c476-4a58-be63-b8b62eb9d712,,Author,Jeremy P.,Coffelt
72af3413-c476-4a58-be63-b8b62eb9d712,a39b94ff-e1b6-4b96-8404-486167a9123d,Author,Andrzej,Wasowski
33bb2a1c-f899-4c6e-a13b-2c343742cb09,e726f512-d3fd-4d89-962a-3aa9f532a52f,Author,Toine,Bogers
ad06e813-d0b2-45da-8fa8-44ed4d82e235,e726f512-d3fd-4d89-962a-3aa9f532a52f,Author,Toine,Bogers
5e708384-33d2-4d16-b5ee-3cfa80600055,e726f512-d3fd-4d89-962a-3aa9f532a52f,Author,Toine,Bogers
51dcda29-f7d5-4d66-aa54-c314590eca98,e726f512-d3fd-4d89-962a-3aa9f532a52f,Author,Toine,Bogers
1c75aad1-cda8-4521-b602-7752016af5c1,9dd22344-26d5-46f4-9c29-9623e4cc73b5,Author,Mesut,Kaya
1c75aad1-cda8-4521-b602-7752016af5c1,e726f512-d3fd-4d89-962a-3aa9f532a52f,Author,Toine,Bogers
b1c4f2bf-9517-4858-bb91-3c8881d9a192,ddcdfda8-c5ea-4e67-b0ea-21ba86966197,Author,Martin,Pichlmair
c0b93b8e-581c-4b52-a049-4f01bbb30185,,Author,Erol,Kazan
f3a12148-3d30-4514-805a-873ffa3ce7dc,,Author,Erol,Kazan
897b75ec-bebe-4bad-9c74-a66ff33fa1e8,64730011-f493-4dbb-abf6-b48924ddc794,Author,Amelia,Jiménez Sánchez
22b3b200-8ef0-11dd-8006-000ea68e967b,,Author,Simeon,Keates
42c15820-8ef2-11dd-8006-000ea68e967b,,Author,Simeon,Keates
2b8693e0-8ef3-11dd-8006-000ea68e967b,,Author,Simeon,Keates
580f8740-8ef4-11dd-8006-000ea68e967b,,Author,Simeon,Keates
6cd3137b-3710-4209-93a5-630f18a24050,,Author,Simeon,Keates
218b94ab-eb68-4f04-b3b2-d7cd43936f87,,Author,Simeon,Keates
f12709d4-9be5-42f3-8a3e-6bc6a4d24f8e,,Author,Simeon,Keates
72a601d9-bf24-4017-9911-3131c6bc2468,,Author,Martin,Zachariasen
9b69984e-c79a-4308-96e0-02d8148e3790,,Author,Martin Tvede,Zachariasen
61453a2f-5ebb-4688-88c8-fd9c094f0c33,8785f18a-1bf3-4c63-8d8b-d3e5d516ca40,Author,Payam,Zahadat
7514e3a6-a903-4e3f-97a9-5ad80d1cd07c,8785f18a-1bf3-4c63-8d8b-d3e5d516ca40,Author,Payam,Zahadat
59f5cbc1-d2fd-4cdb-b91a-65ec79b39c73,8785f18a-1bf3-4c63-8d8b-d3e5d516ca40,Author,Payam,Zahadat
b65310a3-743a-4c91-98a6-14e8e8a30cf4,,Author,Roman,Beck
ccd69fb5-e205-4068-b4e2-b23d129adce8,,Author,Julian,Togelius
ccd69fb5-e205-4068-b4e2-b23d129adce8,,Author,Georgios N.,Yannakakis
d4c31049-89a0-472b-b7e5-7f048c246c24,1abda59f-c493-4824-a7b1-7470d66f08d1,Author,Stefan,Heinrich
c1138ecd-927b-4050-b59c-5be0ae45812e,1abda59f-c493-4824-a7b1-7470d66f08d1,Author,Stefan,Heinrich
11074d82-e10a-4f3e-828c-737bff3fae76,1abda59f-c493-4824-a7b1-7470d66f08d1,Author,Stefan,Heinrich
66e34fd1-d714-434d-99ce-78ac5a0983a3,,Author,Pietari,Keskinen
66e34fd1-d714-434d-99ce-78ac5a0983a3,f2136570-f73c-446f-9fb0-6d9e461e2124,Author,Yvonne,Dittrich
fa01f2cb-f4a7-4f41-8b8b-73eb0b8186bc,,Author,Mads,Frost
8723c998-7a3e-48c2-86a4-7ed0e268c5a0,a4c1604d-b01f-46ef-baf3-74d2a8046d6b,Author,Jörn ,Christiansson
33e37f53-c888-4952-baf0-0bf7613e1fe9,,Author,Rilla,Khaled
a892da4e-b609-4484-b6ce-86e68d3b9752,,Author,Rilla,Khaled
d5d4128b-3406-453f-a075-9149112d9393,,Author,Rilla,Khaled
d5d4128b-3406-453f-a075-9149112d9393,e4e94078-69c9-4ea3-92fe-6266f55511ea,Author,Pippin James,Barr
5b776f66-ae1d-48ab-825d-34b12035bf75,,Author,Rilla,Khaled
20bd62c8-84ef-4a88-ac5f-e2589ed81dca,,Author,Rilla,Khaled
37d75436-9f08-4e65-bfb1-ab3d8ea32e3d,,Author,Rilla,Khaled
ccccbfc3-230d-4189-9026-15537e384372,,Author,Rilla,Khaled
ccccbfc3-230d-4189-9026-15537e384372,,Author,Mark Jason,Nelson
ccccbfc3-230d-4189-9026-15537e384372,e4e94078-69c9-4ea3-92fe-6266f55511ea,Author,Pippin James,Barr
aad410d1-f0d6-4450-959d-2ec9ea0e886e,857b3b5b-92d4-43b3-861c-d8efbdbe3b16,Author,Omar Shahbaz,Khan
aad410d1-f0d6-4450-959d-2ec9ea0e886e,bd52cb95-025e-4106-9c13-1345c76dcbfe,Author,Björn Thór,Jónsson
6b7f17cf-0e65-4a51-ac45-b6568c687027,857b3b5b-92d4-43b3-861c-d8efbdbe3b16,Author,Omar Shahbaz,Khan
6b7f17cf-0e65-4a51-ac45-b6568c687027,bd52cb95-025e-4106-9c13-1345c76dcbfe,Author,Björn Thór,Jónsson
6943f898-477c-471c-9455-0a24859d386b,857b3b5b-92d4-43b3-861c-d8efbdbe3b16,Author,Omar Shahbaz,Khan
66fc16df-78c4-401c-ba6e-4550d89c57c9,857b3b5b-92d4-43b3-861c-d8efbdbe3b16,Author,Omar Shahbaz,Khan
66fc16df-78c4-401c-ba6e-4550d89c57c9,,Author,Mathias Dybkjær,Larsen
66fc16df-78c4-401c-ba6e-4550d89c57c9,bd52cb95-025e-4106-9c13-1345c76dcbfe,Author,Björn Thór,Jónsson
79c2de12-30d8-4d62-ae3b-76c49de1dfa1,857b3b5b-92d4-43b3-861c-d8efbdbe3b16,Author,Omar Shahbaz,Khan
79c2de12-30d8-4d62-ae3b-76c49de1dfa1,bd52cb95-025e-4106-9c13-1345c76dcbfe,Author,Björn Thór,Jónsson
c0a27fae-e788-4cc8-bcb0-38ae1c739a7f,857b3b5b-92d4-43b3-861c-d8efbdbe3b16,Author,Omar Shahbaz,Khan
c0a27fae-e788-4cc8-bcb0-38ae1c739a7f,,Author,Aaron,Duane
c0a27fae-e788-4cc8-bcb0-38ae1c739a7f,bd52cb95-025e-4106-9c13-1345c76dcbfe,Author,Björn Thór,Jónsson
b9c3dac2-c79e-4d6c-8326-bcf082afd8e4,857b3b5b-92d4-43b3-861c-d8efbdbe3b16,Author,Omar Shahbaz,Khan
b9c3dac2-c79e-4d6c-8326-bcf082afd8e4,bd52cb95-025e-4106-9c13-1345c76dcbfe,Author,Björn Thór,Jónsson
b9c3dac2-c79e-4d6c-8326-bcf082afd8e4,,Author,Mathias Dybkjær,Larsen
c338cde4-7b5e-47f9-8998-00be5f62567f,857b3b5b-92d4-43b3-861c-d8efbdbe3b16,Author,Omar Shahbaz,Khan
c338cde4-7b5e-47f9-8998-00be5f62567f,bd52cb95-025e-4106-9c13-1345c76dcbfe,Author,Björn Thór,Jónsson
4fcd052b-482e-41fa-a452-9cb3be1b4dc3,857b3b5b-92d4-43b3-861c-d8efbdbe3b16,Author,Omar Shahbaz,Khan
b94b9508-dcb6-43e0-b289-b15dbf92e28f,857b3b5b-92d4-43b3-861c-d8efbdbe3b16,Author,Omar Shahbaz,Khan
b94b9508-dcb6-43e0-b289-b15dbf92e28f,,Author,Aaron,Duane
36144fab-8304-4ab9-91d8-34d77a4d63b5,857b3b5b-92d4-43b3-861c-d8efbdbe3b16,Author,Omar Shahbaz,Khan
1d14af87-3eb3-419c-867d-72e4420b7f5f,857b3b5b-92d4-43b3-861c-d8efbdbe3b16,Author,Omar Shahbaz,Khan
1d14af87-3eb3-419c-867d-72e4420b7f5f,,Author,Aaron,Duane
cd2c43d2-031b-4e20-9861-c65de4a6ae56,857b3b5b-92d4-43b3-861c-d8efbdbe3b16,Author,Omar Shahbaz,Khan
4854effc-2344-4980-9679-6338ba5f6500,857b3b5b-92d4-43b3-861c-d8efbdbe3b16,Author,Omar Shahbaz,Khan
738ed2db-7cd2-4f82-940d-95d01fbdbeda,857b3b5b-92d4-43b3-861c-d8efbdbe3b16,Author,Omar Shahbaz,Khan
ae39e909-82c9-4c4e-9686-c86547f948ab,857b3b5b-92d4-43b3-861c-d8efbdbe3b16,Author,Omar Shahbaz,Khan
ee7265c9-f992-40c4-80a8-8023634e0be6,857b3b5b-92d4-43b3-861c-d8efbdbe3b16,Author,Omar Shahbaz,Khan
c60481f5-3b1d-4378-91fc-40a7273df9e1,9ccc3d10-9e1d-4947-bd62-5d789604477e,Author,Emily Laue,Christensen
c60481f5-3b1d-4378-91fc-40a7273df9e1,,Author,Maria,Paasivaara
baae1bb0-2fd8-42a1-b4b6-271787f6ab84,13f2be7b-37ab-4ab3-b5c3-90d54e1515dc,Author,Jonas L.,Juul
baae1bb0-2fd8-42a1-b4b6-271787f6ab84,,Author,Anders,Jensen
d5fc1b95-950c-422e-b09f-761a0282465d,,Author,Jari,Kickbusch
d5fc1b95-950c-422e-b09f-761a0282465d,,Author,Lone,Malmborg
dcbf8603-1ba5-4a72-b58b-8d469cb15c03,3ec363e3-83f0-4dd8-9b2d-b87a7d34dc55,Author,Eleni Tzirita,Zacharatou
aedf4cf5-f14d-47fe-a99b-b0dcfc0d8fa2,8e5f2a6c-c817-4a90-b48b-d9171743ad0f,Author,Rob van der,Goot
21b27e3c-aedb-4f98-9f59-2dd86ae055f3,,Author,Teresa,Almeida
0c090424-296c-4c96-9e07-a912604dbdd6,,Inventor,Yun-Gyung,Cheong
9a084045-a52c-4c36-8e43-0673628dc05b,,Inventor,Byung Chull,Bae
9a084045-a52c-4c36-8e43-0673628dc05b,,Inventor,Yun-Gyung,Cheong
8130b28a-dc83-4fb8-9f6f-678fc6a2eb65,1e0534b4-fe3e-4c5e-ad6d-5f1c7df6a14e,Author,Erik,Grönvall
9807b8e4-fa0b-4d65-b752-f04d17c4c1db,,Author,Thomas,Pederson
7df64fa6-2110-4a9b-b886-8361da635319,,Author,Jakob,Bardram
7df64fa6-2110-4a9b-b886-8361da635319,,Author,Morten,Esbensen
7df64fa6-2110-4a9b-b886-8361da635319,,Author,Steven,Houben
7df64fa6-2110-4a9b-b886-8361da635319,,Author,Rilla,Khaled
7df64fa6-2110-4a9b-b886-8361da635319,,Author,Thomas,Pederson
7df64fa6-2110-4a9b-b886-8361da635319,,Author,Gian David,Perrone
7df64fa6-2110-4a9b-b886-8361da635319,,Author,Juan David Hincapie,Ramos
25e1798b-219a-466b-b835-311e6734ae17,f11b0cc1-ad9f-4b12-b805-65b70e5bcd65,Author,Rachel,Douglas-Jones
851ba76c-b2c3-4dc8-84da-6bafc0172c54,,Author,Joseph Roland,Kiniry
fcc5c284-521a-424a-9657-c7addfd4d6de,,Author,Joseph Roland,Kiniry
d49037db-db32-403c-9234-c2dcf7c70af2,,Author,Joseph Roland,Kiniry
93e2935d-9e21-42b2-9d61-e68c3059cf4b,,Author,Joseph Roland,Kiniry
33e65534-1384-45c6-bbb6-ca1b6a4f1610,,Author,Joseph Roland,Kiniry
33e65534-1384-45c6-bbb6-ca1b6a4f1610,,Author,Daniel ,Zimmerman
2cca7e98-e054-49c9-977d-8c9fc1272834,,Author,Joseph Roland,Kiniry
2cca7e98-e054-49c9-977d-8c9fc1272834,,Author,Daniel ,Zimmerman
51cd0968-7b30-4b50-b2ee-1da5f4ba889f,,Author,Joseph Roland,Kiniry
51cd0968-7b30-4b50-b2ee-1da5f4ba889f,,Author,Josu,Martinez
d6cc7ff5-fdb1-434c-baac-baa668e39f62,,Author,Joseph Roland,Kiniry
d6cc7ff5-fdb1-434c-baac-baa668e39f62,,Author,Dermot,Cochran
d6cc7ff5-fdb1-434c-baac-baa668e39f62,,Author,Joseph Roland,Kiniry
0ea18c38-9577-474f-a231-7b7760b95960,785a7089-e58e-4aaa-986d-ae0e615ba508,Author,Leon,Derczynski
78aa13f7-5150-4002-8315-a99a097fd890,a4c1604d-b01f-46ef-baf3-74d2a8046d6b,Author,Jörn,Christiansson
78aa13f7-5150-4002-8315-a99a097fd890,1e0534b4-fe3e-4c5e-ad6d-5f1c7df6a14e,Author,Erik,Grönvall
c4ada506-a42e-465f-88b3-4007eccdc03e,,Author,Andreas Søeborg,Kirkedal
c4ada506-a42e-465f-88b3-4007eccdc03e,f073ebac-704d-4236-9206-d1d2ef2be9c3,Author,Barbara,Plank
c4ada506-a42e-465f-88b3-4007eccdc03e,785a7089-e58e-4aaa-986d-ae0e615ba508,Author,Leon,Derczynski
c4ada506-a42e-465f-88b3-4007eccdc03e,879e7ac4-e64c-4c5f-9591-421e56cd0678,Author,Natalie,Schluter
592b099d-7681-4c81-bfc5-7b9ce5ac7d7b,,Author,Andreas Søeborg,Kirkedal
592b099d-7681-4c81-bfc5-7b9ce5ac7d7b,d2ab0b30-780c-495a-abfe-963f1dfaddd3,Author,Marija,Stepanovic
592b099d-7681-4c81-bfc5-7b9ce5ac7d7b,f073ebac-704d-4236-9206-d1d2ef2be9c3,Author,Barbara,Plank
421b9e27-2e97-4f3e-b59e-120bf2cf9fe9,0c46864b-a7f8-4439-aeda-0781f77bfe88,Author,Katrine Meldgaard,Kjær
421b9e27-2e97-4f3e-b59e-120bf2cf9fe9,,Author,Mace,Ojala
421b9e27-2e97-4f3e-b59e-120bf2cf9fe9,,Author,Line,Henriksen
4a0c7930-e17d-4f1c-a5d8-abf5cc36e06e,0c46864b-a7f8-4439-aeda-0781f77bfe88,Author,Katrine Meldgaard,Kjær
8f6fbbf1-8efe-43a4-96d4-6f5bc2f710f5,0c46864b-a7f8-4439-aeda-0781f77bfe88,Author,Katrine Meldgaard,Kjær
4ffd7216-c5ff-4765-940a-518cb6a1ac35,0c46864b-a7f8-4439-aeda-0781f77bfe88,Author,Katrine Meldgaard,Kjær
e1f5737f-6ae7-47d8-9cb1-7992f06c6628,0c46864b-a7f8-4439-aeda-0781f77bfe88,Author,Katrine Meldgaard,Kjær
a102656d-628f-43fc-83e8-b264029e3953,0c46864b-a7f8-4439-aeda-0781f77bfe88,Author,Katrine Meldgaard,Kjær
a3657337-d630-431b-8b1f-6486a4456739,0c46864b-a7f8-4439-aeda-0781f77bfe88,Author,Katrine Meldgaard,Kjær
290520b1-65c7-485f-a536-4c822d6bb036,5ad9c220-e37f-443a-8a31-fc4abf365db5,Author,Dan Witzner,Hansen
2fa7f3ef-7ff0-44cb-a2ea-e57925008452,25a5a0d6-404b-419c-9502-b246525617a2,Author,Laurens,Boer
dea6e5fc-467c-4c89-aefb-f11783e83b44,,Author,Mille Edith,Kjærsgaard Hansen
57aff91f-239c-45c1-ace2-8a6129a80ffa,2ef641d0-bd79-425b-8b12-b58d74b993ae,Author,Michael,Szell
bfb11b60-d027-11dd-a259-000ea68e967b,,Author,Lisbeth,Klastrup
64be1bc0-d029-11dd-a259-000ea68e967b,,Author,Lisbeth,Klastrup
9b24edd0-d02c-11dd-a259-000ea68e967b,,Author,Lisbeth,Klastrup
c8940730-e429-11de-a523-000ea68e967b,,Author,Lisbeth,Klastrup
9c6d4620-e42a-11de-a523-000ea68e967b,,Author,Lisbeth,Klastrup
624be040-e42b-11de-a523-000ea68e967b,,Author,Lisbeth,Klastrup
c19f9a90-e42c-11de-a523-000ea68e967b,,Author,Lisbeth,Klastrup
9ee45b70-e43c-11de-a523-000ea68e967b,,Author,Lisbeth,Klastrup
20bdc110-336e-11df-b794-000ea68e967b,,Author,Lisbeth,Klastrup
20bdc110-336e-11df-b794-000ea68e967b,b752c464-c7fb-4a52-a0c3-3b2d3db5d62f,Author,Gitte Bang,Stald
a6ae8183-4de9-4d49-86eb-a38910b5f389,,Author,Lisbeth,Klastrup
aa36dc80-b08d-4187-b13c-07ef35113746,,Author,Lisbeth,Klastrup
e7278919-3993-42a6-9efd-2d3ccddf33bd,,Author,Lisbeth,Klastrup
08e7e196-536c-4cf9-b6d3-ca0e020e3223,,Author,Lisbeth,Klastrup
08e7e196-536c-4cf9-b6d3-ca0e020e3223,,Author,Sander Andreas,Schwartz
37e7730d-4284-46b7-bef0-e55281355f78,,Author,Lisbeth,Klastrup
74c6c370-bae5-423d-83de-4205825026c2,,Author,Lisbeth,Klastrup
603f12cb-5041-4446-9527-d7dcf1f886be,,Author,Lisbeth,Klastrup
4a462ea2-eb49-4bbc-8e07-80857891e8c3,,Author,Lisbeth,Klastrup
4a462ea2-eb49-4bbc-8e07-80857891e8c3,,Author,Susana,Tosca
5fe2b8f6-d3e0-4301-abb8-d83e9c082fb0,,Author,Lisbeth,Klastrup
1691e12d-2820-4b9d-9603-4a2233d8272e,,Author,Lisbeth,Klastrup
9307a04b-de7c-4fad-ab87-20c71d0e058a,,Author,Lisbeth,Klastrup
df3ca241-1c6d-49e4-aa94-6eda5a0ba60d,,Author,Lisbeth,Klastrup
7126d184-7de6-4635-ae3a-3754cd36a228,,Author,Lisbeth,Klastrup
7126d184-7de6-4635-ae3a-3754cd36a228,,Author,Susana,Pajares Tosca
797bdecb-060e-43d5-b4b1-3589dcd5d40b,,Author,Lisbeth,Klastrup
4b5b293c-a780-4bba-bea5-b4ffdecb97f1,,Author,Lisbeth,Klastrup
0275f3c9-906f-4f90-b6ea-e4be5b9ec05f,,Author,Lisbeth,Klastrup
d1f11d33-f24c-4102-8259-3735b926b345,,Author,Lisbeth,Klastrup
a2adcaa6-1b14-4fe6-9dbd-8357abb7352a,,Author,Lisbeth,Klastrup
df1e2ee7-dd29-41a9-a68c-348bf3a832bf,,Author,Lisbeth,Klastrup
88dc107c-c932-4c15-b1c7-b001b9e505b1,,Author,Lisbeth,Klastrup
88dc107c-c932-4c15-b1c7-b001b9e505b1,,Author,Susana,Pajares Tosca
48e995af-4da7-4b24-8f51-cf5982aa7e17,,Author,Lisbeth,Klastrup
2cf7151c-679a-45da-a1de-778d189a1ed3,,Author,Lisbeth,Klastrup
0e568b96-9466-4848-b376-6cbc0db1f268,,Author,Lisbeth,Klastrup
9781c741-1195-4ecb-bd73-6356a334a9d1,,Author,Lisbeth,Klastrup
ef331671-7171-49b1-8bd2-a97a970a8fb1,,Author,Lisbeth,Klastrup
0b73b23e-7846-4136-a250-e2515c3a12a0,,Author,Lisbeth,Klastrup
edeb2b15-8f91-4867-b3e7-a9760ec4cb6b,,Author,Lisbeth,Klastrup
8d8fd9d9-4ec4-447e-a139-2cbe8e4ac800,,Author,Lisbeth,Klastrup
8d8fd9d9-4ec4-447e-a139-2cbe8e4ac800,,Author,Susana,Pajares Tosca
79de22c2-0a79-4dd1-932c-f0c0cc3cf8a3,,Author,Lisbeth,Klastrup
c6467a4d-a32f-4f7c-8748-8ed79fc00822,,Author,Lisbeth,Klastrup
8cd0ad34-cdc8-4d4f-9f78-46feb9969b4b,,Author,Lisbeth,Klastrup
1ff5ff4d-ed21-4b4d-8dc9-5b03d7dc7be8,,Author,Lisbeth,Klastrup
5794fb08-2d50-40da-b48f-2fa29c22ce72,,Author,Lisbeth,Klastrup
fb243ffa-d21b-47f8-bab8-62a6fccae125,,Author,Lisbeth,Klastrup
4ca5c387-e2c0-4872-a11e-a6701c988591,,Author,Lisbeth,Klastrup
bc4dcadc-779c-40c7-993c-fba3db7265c1,,Author,Lisbeth,Klastrup
7041ecc0-18ce-4cfd-9896-951ca423c135,,Author,Pernille,Kræmmergaard
75c65c91-8ca9-44be-bcc4-8ed68cdc5c8f,5f3b7745-99be-4d1b-8ce1-a413325c2008,Author,Carsten Lund,Pedersen
e9a28161-7ee8-4000-91ff-821497a6063b,e383647f-00d3-41b1-ad95-ff69bdfffb42,Author,Jichen,Zhu
9979c49b-1a86-48e5-a2dd-fa06227b9b6e,e383647f-00d3-41b1-ad95-ff69bdfffb42,Author,Jichen,Zhu
24fbb0b8-cc44-45d2-b812-a4a245adb3f8,,Author,Jennifer,Villareale
24fbb0b8-cc44-45d2-b812-a4a245adb3f8,e383647f-00d3-41b1-ad95-ff69bdfffb42,Author,Jichen,Zhu
41f102c8-2823-4890-8f5c-7520ab13e2af,,Author,Georgios N.,Yannakakis
41f102c8-2823-4890-8f5c-7520ab13e2af,e383647f-00d3-41b1-ad95-ff69bdfffb42,Author,Jichen,Zhu
9eda14b3-4ce2-4b30-8675-11a1ee9e49fc,efa39e70-a80a-4780-b151-ba31b01726bb,Author,Per B.,Brockhoff
87f2f924-1a7f-4d15-ada1-5c1483da5462,,Author,Sigrid,Klerke
87f2f924-1a7f-4d15-ada1-5c1483da5462,f073ebac-704d-4236-9206-d1d2ef2be9c3,Author,Barbara,Plank
a42e228a-17df-444b-802d-b8266bd911c9,,Author,Sigrid,Klerke
a42e228a-17df-444b-802d-b8266bd911c9,f073ebac-704d-4236-9206-d1d2ef2be9c3,Author,Barbara,Plank
b897645c-d216-41e0-83af-74aa6a836ba4,,Editor,Alexander,Richter
a75ae19a-3c5f-4b7b-82fe-a7a553bff2cb,,Author,Alexander,Richter
d83d745b-f450-4f79-841a-172c264eae23,410df04c-bc1d-4cd3-9726-c35469ddab8c,Author,Aske,Mottelson
38bf6b7d-05d7-4ee0-ba9a-8636e3029c18,e8e88610-5144-41da-95bf-597abf1d7869,Author,Sami Sebastian,Brandt
ef9f205d-da32-4d64-a22f-a61164c9b11f,2b8ff3a4-e9b0-403d-8bd8-1bf26121c234,Author,Paolo,Tell
0330aa10-87d7-488d-b6ae-16d9f5e625de,2b8ff3a4-e9b0-403d-8bd8-1bf26121c234,Author,P.,Tell
a7ead784-151e-4179-b7e2-88913414a4f8,,Author,Oliver,Müller
f773dee8-ec31-4cdc-8ee4-90aeafafad16,,Author,Morten,Stöckel
ab0d0f7c-06ac-4bb7-b4d3-a3983219977f,,Author,Emilie,Møllenbach
6245fc09-1ca6-4f17-a63d-a437da6aaeec,,Author,Anne Rørbæk,Olesen
bfb9722a-e0c3-4471-a873-46ce92cb20db,2575c800-642d-4984-9c56-41601cf07a26,Author,Søren,Knudsen
a34a71a5-b004-4d8a-9702-2f7d029dc876,2575c800-642d-4984-9c56-41601cf07a26,Author,Søren,Knudsen
64348b9a-b690-4f18-8f9a-25361ad3bec5,2575c800-642d-4984-9c56-41601cf07a26,Author,Søren,Knudsen
766c2329-6a3b-45fb-8103-b84ad94217fd,2575c800-642d-4984-9c56-41601cf07a26,Author,Søren,Knudsen
396eda2d-d655-4af8-a5c6-3a9c807a790b,2575c800-642d-4984-9c56-41601cf07a26,Author,Søren,Knudsen
10384638-5bcc-4cc4-af70-679efee3532a,2575c800-642d-4984-9c56-41601cf07a26,Author,Søren,Knudsen
f0c00cf7-fb10-4d04-b6e6-22745d4b5753,2575c800-642d-4984-9c56-41601cf07a26,Author,Søren,Knudsen
03609b25-e9f5-48c9-8150-84d365071e8e,2575c800-642d-4984-9c56-41601cf07a26,Author,Søren,Knudsen
95688371-c628-444d-9536-273916a82749,2575c800-642d-4984-9c56-41601cf07a26,Author,Søren,Knudsen
f07754be-f456-42c2-b8c1-ffce251bee0a,2575c800-642d-4984-9c56-41601cf07a26,Author,Søren,Knudsen
57141431-5d1b-43ba-a6ca-b9f31d620bf5,857b3b5b-92d4-43b3-861c-d8efbdbe3b16,Author,Omar Shahbaz,Khan
57141431-5d1b-43ba-a6ca-b9f31d620bf5,bd52cb95-025e-4106-9c13-1345c76dcbfe,Author,Björn Thór,Jónsson
17125be2-af86-4be9-b3d2-c0b243479d23,2575c800-642d-4984-9c56-41601cf07a26,Author,Søren,Knudsen
38a5b1f6-9a2c-4962-9665-ef460e6461a1,2575c800-642d-4984-9c56-41601cf07a26,Author,Søren,Knudsen
7bba1891-8bf3-4a71-a10f-984c3442bef8,2575c800-642d-4984-9c56-41601cf07a26,Author,Søren,Knudsen
2ff8fba8-4a53-42cd-97db-4829dfc2fe5f,9504265d-0046-4e58-b529-256a656c012d,Author,Christian ,Hardmeier
ea8ecf01-5d35-4abb-b5c4-8ba0c5407da2,,Author,Roman,Beck
54a376f2-543c-407f-8145-3045db248b4f,d3b41838-e2bf-4735-b1cd-03f60b49c7e5,Author,Søren,Debois
aaacaeac-cca3-4610-8210-88fe9278377c,,Author,Mace,Ojala
d889ede3-ff55-42c3-a72d-506f1c81bcb4,0ee7ba1e-3108-4db3-a908-97977980d032,Author,Peter,Sestoft
cf94aeeb-dd26-4d02-9196-d64a56050562,,Author,Erol,Kazan
e0379795-4d3e-487f-a300-a2e5ea3edb7d,785a7089-e58e-4aaa-986d-ae0e615ba508,Author,Leon,Derczynski
655aabb1-a1c8-4f7c-8f6b-5ae3aaad2523,,Author,Roman,Beck
06d04d45-09bd-4fa0-81c2-f1616430885f,,Author,Anders,Konring
66d1dfc6-fd5d-42ea-97d2-a6fcd2de0177,e726f512-d3fd-4d89-962a-3aa9f532a52f,Author,Toine,Bogers
30e1b8e3-1faa-40f3-ab24-438323abf7b4,e726f512-d3fd-4d89-962a-3aa9f532a52f,Author,Toine,Bogers
bc231f1a-48db-4819-84de-b4f04b712042,e726f512-d3fd-4d89-962a-3aa9f532a52f,Author,Toine,Bogers
494fada2-8a3b-444e-94c1-527aa2646cf0,e726f512-d3fd-4d89-962a-3aa9f532a52f,Author,Toine,Bogers
a5db0ad3-828d-448f-9d28-506d86090428,e726f512-d3fd-4d89-962a-3aa9f532a52f,Author,Toine,Bogers
93ab5e6b-ecd1-4b47-8c05-7e0b1528ce5b,e726f512-d3fd-4d89-962a-3aa9f532a52f,Author,Toine,Bogers
47b6f7b9-aedc-4dd9-b557-e4a6ffe654d4,e726f512-d3fd-4d89-962a-3aa9f532a52f,Author,Toine,Bogers
4f43e212-c84e-40d5-9c6a-d4a4290c2ffe,e726f512-d3fd-4d89-962a-3aa9f532a52f,Author,Toine,Bogers
c5e0f92f-60ca-4a3a-bcbe-4a6a4becae3b,e726f512-d3fd-4d89-962a-3aa9f532a52f,Author,Toine,Bogers
88e8c496-2ccd-404f-8d6e-5cc013e73614,e726f512-d3fd-4d89-962a-3aa9f532a52f,Author,Toine,Bogers
39befe4d-ea9a-4737-a10a-033b850509c3,e726f512-d3fd-4d89-962a-3aa9f532a52f,Author,Toine,Bogers
e8a95a58-5147-44fb-be16-c3858f95c009,e726f512-d3fd-4d89-962a-3aa9f532a52f,Author,Toine,Bogers
72153ef7-b443-4db3-b706-93930b0cd7ac,ceef6d97-26fe-4163-9538-6685e98bce2e,Author,Daniel,Fürstenau
95d7b8ad-ca0e-4917-b28d-ae549e3d22fb,4d7fda5a-3cf4-4d39-9daf-1ae192b0e0e7,Author,Rune Møller,Jensen
19cd43e3-c76f-46ac-a7ca-9a3567c8f759,,Author,Carina Antonia,Hallin
7867d4f7-456d-4702-aaec-93bd2a60abc8,,Author,Carina Antonia,Hallin
1038f08f-d711-4cac-8881-d00a5b542786,,Author,Carina Antonia,Hallin
261e78b2-cd73-4a72-a665-2b416c64b4f2,,Author,Minna,Isomursu
9787cc0d-5f4d-4b97-9281-512cf9e6ff7f,,Author,Minna,Isomursu
2b4f4426-d572-4abe-a16b-443715c1282e,1abda59f-c493-4824-a7b1-7470d66f08d1,Author,Stefan,Heinrich
853038d9-254f-4682-a0fc-bef5852fcce9,f2136570-f73c-446f-9fb0-6d9e461e2124,Author,Yvonne,Dittrich
424628aa-66cf-440e-a2dd-95fa2f32eaa4,cf5e1d64-5489-4534-ba34-8dba5fd354a6,Author,Paolo,Burelli
9a0aca1e-d680-445a-bd7e-d4d35af72d55,,Author,Joanna,Saad-Sulonen
920dc64d-ff76-4e07-988d-1490db2853d1,,Author,Pernille ,Bjørn
a1c26168-2dab-423d-b2ef-fa52b7cf5c6d,90b501a9-4d44-460b-b193-4d7d524bb21b,Author,Michele,Coscia
f71ee64d-6b70-440d-ab85-e948f20f2647,c90e23c6-5bf4-4d6f-97d8-b162b8a5b03e,Author,Thomas,Binder
30f910dd-3cdb-478c-8ac9-7bf523f731c9,c90e23c6-5bf4-4d6f-97d8-b162b8a5b03e,Author,Thomas,Binder
39f8e5de-10d4-4017-b19d-86ac50e70f88,c90e23c6-5bf4-4d6f-97d8-b162b8a5b03e,Author,Thomas,Binder
1f6a6569-54b3-4eb2-a140-d0db829c911f,2575c800-642d-4984-9c56-41601cf07a26,Author,Søren,Knudsen
4b32dc28-1605-4ee0-9fee-3563cf7233a7,1b45e3f5-b8cd-4c0d-a444-2901304f76ee,Author,Luca,Rossi
4b32dc28-1605-4ee0-9fee-3563cf7233a7,,Author,Irina,Shklovski
2be382f1-d709-4b73-8a0d-735b346b1325,,Author,Pernille,Rydén
9000f173-87d3-47fa-89ad-a1e4d1d731d7,efa39e70-a80a-4780-b151-ba31b01726bb,Author,Per B.,Brockhoff
c07d8615-895a-4622-bbe4-560d78dd8935,,Author,Muhammad,Ali Babar
c07d8615-895a-4622-bbe4-560d78dd8935,9adee782-0246-4b19-88ed-c41d1056e0d8,Author,Amit,Sangroya
5e28a7c5-71b7-4a14-a8fc-b0a3a1ed6153,2f6e4cae-9002-4aff-a562-526705e850af,Author,David-Levente ,Kovacs
5e28a7c5-71b7-4a14-a8fc-b0a3a1ed6153,5ad9c220-e37f-443a-8a31-fc4abf365db5,Author,Dan Witzner,Hansen
5e28a7c5-71b7-4a14-a8fc-b0a3a1ed6153,5e0b9262-e80c-4eb3-9d39-47d0121454ca,Author,Ingrid Jakobi Wolff,Madsen
3ec033a5-b6aa-4268-8fca-ad93977d6249,c40e1e8a-50ee-4a7c-b7f0-2fc0fdd62adc,Author,Anna,Rogers
fb0e2ee7-a86b-4d27-90ff-2dfdf6a5fa4e,c40e1e8a-50ee-4a7c-b7f0-2fc0fdd62adc,Author,Anna,Rogers
f094bf02-14bf-43eb-97ee-03ba72210523,,Author,Pernille,Kræmmergaard
c03f4647-56ec-4ec5-acfd-d61d2723678e,,Author,Pernille,Kræmmergaard
b59bd8d8-4b14-4b97-afdf-b241eb06566d,,Author,Pernille,Kræmmergaard
907f6ab3-6805-4940-91c3-f9167490de29,,Author,Pernille,Kræmmergaard
f5566bb6-c6cd-45cf-96c6-f6671a228e33,,Author,Pernille,Kræmmergaard
37ac2bef-25d6-45f4-b7a8-5d8a496ba425,,Author,Pernille,Kræmmergaard
705706a9-f71d-4635-87ba-a892dbf69864,,Author,Pernille,Kræmmergaard
9e26afe0-5142-4cb4-a2c4-7824ffd1525d,,Author,Pernille,Kræmmergaard
ebeeb252-9c38-486a-8804-03b5cdf36fc0,,Author,Pernille,Kræmmergaard
9011c46a-7c55-442a-8fae-a062e8ef7ece,,Author,Pernille,Kræmmergaard
73dce0db-ac8f-408c-b6b5-8b02b38cc26f,,Author,Pernille,Kræmmergaard
98b38ba0-6d56-4b3e-a1bd-e62dd05a544f,,Author,Pernille,Kræmmergaard
8b6209ca-3b48-4093-b88a-40ad3b7f4588,,Author,Pernille,Kræmmergaard
6fa469ea-a1fc-498a-8a8a-c469cb8a95c1,,Author,Pernille,Kræmmergaard
d63f5b24-22f5-497d-9758-c9f0a9fd8c16,,Author,Pernille,Kræmmergaard
cd3a4baa-9a5d-4b0c-89ff-6bd47d12c131,,Author,Pernille,Kræmmergaard
ff03e17c-3671-45ce-8bff-266cd98bd117,,Author,Pernille,Kræmmergaard
0995b4b9-ba47-499a-853b-27229fb8bf37,,Author,Pernille,Kræmmergaard
928adf79-a89e-48ba-be7a-e53e6b258e41,,Author,Pernille,Kræmmergaard
543f4929-5135-4bc6-8bae-12067dc4016e,,Author,Pernille,Kræmmergaard
3d8f6e16-3ad9-4ca1-8295-2d72303674d9,,Author,Pernille,Kræmmergaard
a518b684-0394-49ac-bfc4-efb7a146bca4,,Author,Pernille,Kræmmergaard
2b7a8147-5900-4c23-b73c-2cd218cbfc39,,Author,Pernille,Kræmmergaard
08f0fe69-5692-4267-af48-3222e937e9df,,Author,Pernille,Kræmmergaard
26affde3-c643-485c-a015-1f7b954099d2,,Author,Pernille,Kræmmergaard
2451416f-41df-402f-8882-4693263d5b80,,Author,Pernille,Kræmmergaard
aae07f19-6f9a-4a52-817f-6f14faea0628,,Author,Pernille,Kræmmergaard
74063c2f-6338-4949-8bfd-16837485240a,,Author,Pernille,Kræmmergaard
3302b3fb-5ced-413b-88ec-7e0c153bb853,,Author,Pernille,Kræmmergaard
828afd92-280e-46a2-9351-d74cba437101,,Author,Pernille,Kræmmergaard
4dd70d45-7916-429b-b3fd-18ce16e2ffad,,Author,Pernille,Kræmmergaard
9a77d4ae-5239-457b-9f26-2b620bc2c8e8,,Author,Pernille,Kræmmergaard
05a160bf-f968-4293-b6f9-ba9566c2830b,,Author,Pernille,Kræmmergaard
912b244a-d1d0-40e7-8275-019906661789,,Author,Pernille,Kræmmergaard
ce43222d-fb6c-4f89-be90-e229e3f56bee,,Author,Pernille,Kræmmergaard
dc46bb20-bab3-4bda-9524-8b564ec6b55f,,Author,Pernille,Kræmmergaard
39d29fd1-4ac4-41e7-ae6f-1f3231d1ee19,,Author,Pernille,Kræmmergaard
b27595fb-ee8f-4316-ae47-db183a6756c1,,Author,Pernille,Kræmmergaard
fb19071d-d057-4891-ab26-41a6be6eeafe,f14f4742-c9d8-4a34-b8e2-d713c3a1f437,Author,Oliver,Krancher
9faebd0e-5d15-4911-baf7-8e18c17f7b5a,f14f4742-c9d8-4a34-b8e2-d713c3a1f437,Author,Oliver,Krancher
bbb5acd9-9337-44a6-8496-f41e8c501d56,f14f4742-c9d8-4a34-b8e2-d713c3a1f437,Author,Oliver,Krancher
5ee57cd4-8d09-4f5f-bfb6-6a6d1afe7415,f14f4742-c9d8-4a34-b8e2-d713c3a1f437,Author,Oliver,Krancher
0d341240-3d36-4310-980b-d1e1d7e33052,f14f4742-c9d8-4a34-b8e2-d713c3a1f437,Author,Oliver,Krancher
3afe18a6-cb85-4d1d-b998-00f6e3e6fdea,f14f4742-c9d8-4a34-b8e2-d713c3a1f437,Author,Oliver,Krancher
e72e1295-956a-4b85-b909-83de87d9d2bb,f14f4742-c9d8-4a34-b8e2-d713c3a1f437,Author,Oliver,Krancher
031534ea-0282-4a37-88f3-c3e77b9671a1,f14f4742-c9d8-4a34-b8e2-d713c3a1f437,Author,Oliver,Krancher
7592acbf-ec81-40fa-980d-9e12c0313458,f14f4742-c9d8-4a34-b8e2-d713c3a1f437,Author,Oliver,Krancher
a46f6d9c-575f-4424-a295-116f41129851,f14f4742-c9d8-4a34-b8e2-d713c3a1f437,Author,Oliver,Krancher
0a1c6652-73ed-49cd-8547-7a1f3e6ced4f,f14f4742-c9d8-4a34-b8e2-d713c3a1f437,Author,Oliver,Krancher
cdd2b993-4ce3-44a9-9937-31ee83615c32,f14f4742-c9d8-4a34-b8e2-d713c3a1f437,Author,Oliver,Krancher
1c7f8ea9-2194-4e91-8aed-eeab50322500,f14f4742-c9d8-4a34-b8e2-d713c3a1f437,Author,Oliver,Krancher
e5287e6e-8c71-4091-aa0c-543475141187,f14f4742-c9d8-4a34-b8e2-d713c3a1f437,Author,Oliver,Krancher
aad68d5f-078e-485d-a244-bdb81864e58a,f14f4742-c9d8-4a34-b8e2-d713c3a1f437,Author,Oliver,Krancher
1576ec27-e157-4970-abfb-8fbc072d3d5a,f14f4742-c9d8-4a34-b8e2-d713c3a1f437,Author,Oliver,Krancher
38f31d93-60af-436d-a97b-c5190bc3cc11,f14f4742-c9d8-4a34-b8e2-d713c3a1f437,Author,Oliver,Krancher
adafe546-ed56-4012-a36a-cad8c27ac21c,f14f4742-c9d8-4a34-b8e2-d713c3a1f437,Author,Oliver,Krancher
d1fe77f9-ac95-4904-84bc-1eebdabc9a62,f14f4742-c9d8-4a34-b8e2-d713c3a1f437,Author,Oliver,Krancher
d1b4479b-ca72-4496-8e78-adda3b4b8346,f14f4742-c9d8-4a34-b8e2-d713c3a1f437,Author,Oliver,Krancher
d1b4479b-ca72-4496-8e78-adda3b4b8346,74a08deb-18e1-48d0-a86e-ed6675da92ab,Author,Christian,Østergaard Madsen
d1b4479b-ca72-4496-8e78-adda3b4b8346,,Author,Connie,Petersson
7f1a758a-6078-4ac9-80f5-48869b8b30e2,f14f4742-c9d8-4a34-b8e2-d713c3a1f437,Author,Oliver,Krancher
afde28d4-5c50-41b1-8bfa-ee8680529b87,f14f4742-c9d8-4a34-b8e2-d713c3a1f437,Author,Oliver,Krancher
d30c2c90-7d9e-4db6-9b8d-f0de7151bae9,f14f4742-c9d8-4a34-b8e2-d713c3a1f437,Author,Oliver,Krancher
80bd5d83-8460-4c61-9729-4a57033c66fe,f14f4742-c9d8-4a34-b8e2-d713c3a1f437,Author,Oliver,Krancher
80bd5d83-8460-4c61-9729-4a57033c66fe,,Author,Per Rådberg,Nagbøl
27b3262c-5dce-48fe-af77-ea129ad8c9bd,,Author,Roman,Beck
0fb891d5-314c-459f-bd9b-99014fc9c227,,Author,Roman,Beck
be0323b9-e678-4417-b402-f19d96aaae2e,,Author,Michael,Nieke
be0323b9-e678-4417-b402-f19d96aaae2e,fda8c630-1b0a-4910-ae2a-602850616275,Author,Christoph,Seidl
4b5c312e-6f05-4376-b8ae-a400a72a36c3,1dbd1112-eb47-4406-936c-6807e8845610,Author,Oksana,Kulyk
019dbff2-f7a5-430f-917b-85e22076800e,,Author,Amrith,Krishna
fbed4e89-2157-49e0-a6c3-30f9c34a9058,,Author,Amrith,Krishna
c8ad0f99-92d7-47b2-a450-28dfdcbadf6c,,Author,Amrith,Krishna
6e16d3b8-3c19-4987-8506-7ccc4f498be4,,Author,Peter,Eklund
71a305a0-5b64-11de-8664-000ea68e967b,,Author,Lars,Birkedal
71a305a0-5b64-11de-8664-000ea68e967b,,Author,Kasper,Svendsen
71a305a0-5b64-11de-8664-000ea68e967b,,Author,Alexandre,Buisse
c34b4887-8b4f-46a2-aeae-f9b2e2e695e0,,Author,Lars,Birkedal
40c7a9b8-5a08-4b25-a0ec-224b94c825d4,,Author,Aske,Kammer
4f546298-469b-429e-b029-13d5f25e23b6,,Author,Nanna,Holdgaard
53485f37-441b-42c4-aadb-3bed8975b104,,Author,Jeppe Theiss,Kristensen
53485f37-441b-42c4-aadb-3bed8975b104,cf5e1d64-5489-4534-ba34-8dba5fd354a6,Author,Paolo,Burelli
0ac5f325-7672-47b3-9155-60527ae15661,,Author,Jeppe Theiss,Kristensen
0ac5f325-7672-47b3-9155-60527ae15661,cf5e1d64-5489-4534-ba34-8dba5fd354a6,Author,Paolo,Burelli
00e4b270-e1e6-4b80-9752-30103614f7b4,,Author,Jeppe Theiss,Kristensen
00e4b270-e1e6-4b80-9752-30103614f7b4,cf5e1d64-5489-4534-ba34-8dba5fd354a6,Author,Paolo,Burelli
469ec823-eb1d-43ec-b77c-8969371865f3,,Author,Jeppe Theiss,Kristensen
469ec823-eb1d-43ec-b77c-8969371865f3,cf5e1d64-5489-4534-ba34-8dba5fd354a6,Author,Paolo,Burelli
74f074f4-8d80-454c-b05a-7c3afcff1d8e,,Author,Jeppe Theiss,Kristensen
74f074f4-8d80-454c-b05a-7c3afcff1d8e,cf5e1d64-5489-4534-ba34-8dba5fd354a6,Author,Paolo,Burelli
67ea5bcd-daf9-4f77-b2f0-5519c55900a1,,Author,Jeppe Theiss,Kristensen
67ea5bcd-daf9-4f77-b2f0-5519c55900a1,cf5e1d64-5489-4534-ba34-8dba5fd354a6,Author,Paolo,Burelli
5a4e8bf3-158b-420f-9edb-163d8f9a1f70,,Author,Magnus Baunsgaard,Kristensen
5a4e8bf3-158b-420f-9edb-163d8f9a1f70,10003d22-a201-4b64-88e3-b423bc76fcc2,Author,Rasmus Ejlers,Møgelberg
5a4e8bf3-158b-420f-9edb-163d8f9a1f70,,Author,Andrea,Vezzosi
bd84c92b-35a3-45b5-978b-5be913169114,,Author,Magnus Baunsgaard,Kristensen
d8d9a785-6f2a-4a48-a404-70ac05be0fb1,,Author,Jeppe Theiss,Kristensen
d1460d41-220d-4d9d-beee-fe6c69e37fac,79ebe3ed-0527-4160-9af6-be0b0853b00e,Author,Jan,Pries-Heje
73bdc3b1-ff2f-4547-bcf0-9feb2aa022de,e175684d-abc3-4ee4-9a12-af6c611e47c0,Author,Sebastian Mateos,Nicolajsen
73bdc3b1-ff2f-4547-bcf0-9feb2aa022de,47a94200-3abe-4354-b5e3-c8ef6f1ba1f2,Author,Claus,Brabrand
4dd26dd5-00a3-4079-aee4-0870ec842bf6,e175684d-abc3-4ee4-9a12-af6c611e47c0,Author,Sebastian Mateos,Nicolajsen
4dd26dd5-00a3-4079-aee4-0870ec842bf6,47a94200-3abe-4354-b5e3-c8ef6f1ba1f2,Author,Claus,Brabrand
385c3c05-30a7-41f2-b9ad-7c0553dd8c60,90b501a9-4d44-460b-b193-4d7d524bb21b,Author,Michele,Coscia
d2cbc67e-ed95-467b-8966-ede48fbf1d75,,Author,Martin Kjær,Svendsen
d2cbc67e-ed95-467b-8966-ede48fbf1d75,4d7fda5a-3cf4-4d39-9daf-1ae192b0e0e7,Author,Rune Møller,Jensen
d2cbc67e-ed95-467b-8966-ede48fbf1d75,,Author,Joseph Roland,Kiniry
d82e5256-b462-4a1d-bb79-88231a34a00e,3ad26d6b-4619-4a9f-a1b6-8424aab1dd52,Author,Tom,Jenkins
a1881a58-c2f1-49ae-b21c-179f0854feab,f073ebac-704d-4236-9206-d1d2ef2be9c3,Author,Barbara,Plank
77d2e556-b99e-48c8-bd4c-c30283b16ea5,,Author,Nico,Wunderlich
77d2e556-b99e-48c8-bd4c-c30283b16ea5,,Author,Roman,Beck
871a0302-dfcd-44f1-9310-e08410cb3b1e,2575c800-642d-4984-9c56-41601cf07a26,Author,Søren,Knudsen
ad7fe37d-c52d-4f19-a03c-31279493405d,,Author,Mohammad Amin,Kuhail
ad7fe37d-c52d-4f19-a03c-31279493405d,ea6d10cf-6bb5-4414-8966-f1ed2591f794,Author,Søren,Lauesen
d8eb1e8f-538f-43f2-97bb-b232646290d2,,Author,Mohammad Amin,Kuhail
d8eb1e8f-538f-43f2-97bb-b232646290d2,,Author,Kostas,Pantazos
d8eb1e8f-538f-43f2-97bb-b232646290d2,ea6d10cf-6bb5-4414-8966-f1ed2591f794,Author,Søren,Lauesen
4f38ee1b-a4e6-4929-86fb-8baaa54b7d34,,Author,Mohammad Amin,Kuhail
4f38ee1b-a4e6-4929-86fb-8baaa54b7d34,ea6d10cf-6bb5-4414-8966-f1ed2591f794,Author,Søren,Lauesen
d21346e8-c3f1-4be3-8b30-a8ca111dbe71,,Author,Mohammad Amin,Kuhail
0ca36e3f-44d6-4a63-8629-6e8510349c87,7d7aa141-f716-4165-a057-f49e3f5d5b1e,Author,Lena,Kühn
0ca36e3f-44d6-4a63-8629-6e8510349c87,25a5a0d6-404b-419c-9502-b246525617a2,Author,Laurens,Boer
ded5b5ed-01c7-4c36-a207-212a1efc1f7b,7d7aa141-f716-4165-a057-f49e3f5d5b1e,Author,Lena,Kühn
ded5b5ed-01c7-4c36-a207-212a1efc1f7b,25a5a0d6-404b-419c-9502-b246525617a2,Author,Laurens,Boer
ded5b5ed-01c7-4c36-a207-212a1efc1f7b,d37cba38-dff2-4c27-a515-226cfadfd849,Author,Jonas,Fritsch
0c5727b1-efbd-4d13-8601-9242c96a06fd,2b8ff3a4-e9b0-403d-8bd8-1bf26121c234,Author,Paolo,Tell
b3a77171-fdb9-4ee8-a8a7-d84341dd6a42,2b8ff3a4-e9b0-403d-8bd8-1bf26121c234,Author,Paolo,Tell
c4c392e6-43ed-4065-9227-062a0fd21138,2b8ff3a4-e9b0-403d-8bd8-1bf26121c234,Author,Paolo,Tell
15511540-0b44-4691-87be-ddd765ee6d6d,2b8ff3a4-e9b0-403d-8bd8-1bf26121c234,Author,Paolo,Tell
64c83607-c69d-4e9a-80c9-d34c25ec8366,51cfa226-5179-4a05-aa13-4a53f8de6404,Author,Helge R.,Pfeiffer
64c83607-c69d-4e9a-80c9-d34c25ec8366,2b8ff3a4-e9b0-403d-8bd8-1bf26121c234,Author,P.,Tell
4c37f65c-b8d0-46ec-9507-a1cc5ac0e40d,2b8ff3a4-e9b0-403d-8bd8-1bf26121c234,Author,P.,Tell
df83e492-acad-48ce-80a1-dc67c532b229,2b8ff3a4-e9b0-403d-8bd8-1bf26121c234,Author,Paolo,Tell
038dfce3-a8d6-47cd-bf20-d59006a02a4f,d43519a1-5bf4-4290-a053-fe55459ca88a,Author,Sven,Peldszus
cfefa5c4-b490-403b-b315-452bbbd93b58,1dbd1112-eb47-4406-936c-6807e8845610,Author,Oksana,Kulyk
36a98801-1d39-47c6-87ba-fbd03aa9c91f,1dbd1112-eb47-4406-936c-6807e8845610,Author,Oksana,Kulyk
cc303fbc-a6ab-446e-b9df-070be79e4bab,1dbd1112-eb47-4406-936c-6807e8845610,Author,Oksana,Kulyk
f8ab566b-09eb-4d84-8c1d-712eab5f94af,1dbd1112-eb47-4406-936c-6807e8845610,Author,Oksana,Kulyk
2808f8f1-b5cb-46f5-bf47-295982cd0a8e,1dbd1112-eb47-4406-936c-6807e8845610,Author,Oksana,Kulyk
cf186474-1024-4ffb-8eed-8826d1370a19,1dbd1112-eb47-4406-936c-6807e8845610,Author,Oksana,Kulyk
b45f9b9e-3d1c-4f24-a955-2633f04c9979,1dbd1112-eb47-4406-936c-6807e8845610,Author,Oksana,Kulyk
5f76d955-a971-4b22-b938-94274795150b,1dbd1112-eb47-4406-936c-6807e8845610,Author,Oksana,Kulyk
34616c01-4287-4d1d-9c17-7a55f427890f,1dbd1112-eb47-4406-936c-6807e8845610,Author,Oksana,Kulyk
34616c01-4287-4d1d-9c17-7a55f427890f,ce1a5350-f645-4a53-a745-fca8d4f1f030,Author,Elda,Paja
34616c01-4287-4d1d-9c17-7a55f427890f,a0f5a47c-1073-4c01-b62d-51b767f01d69,Author,Melanie Duckert,Schmidt
34616c01-4287-4d1d-9c17-7a55f427890f,831421c0-027f-4a25-b795-ee2fce0c8d2a,Author,Louise,Barkhuus
5e445886-6eb1-4b7f-8c3a-fd7be6ab55ea,1dbd1112-eb47-4406-936c-6807e8845610,Author,Oksana,Kulyk
ddcc67d7-ea22-4a9e-be46-ab14be1f8600,1dbd1112-eb47-4406-936c-6807e8845610,Author,Oksana,Kulyk
ddcc67d7-ea22-4a9e-be46-ab14be1f8600,9cf737ee-bd9a-4f7e-b865-b6ff6ed01fde,Author,Willard,Rafnsson
456894ee-16ea-4e1b-800a-d0930e44dee4,1dbd1112-eb47-4406-936c-6807e8845610,Author,Oksana,Kulyk
0a01b03a-2c14-41b2-87ca-7e871d7dcfc5,1dbd1112-eb47-4406-936c-6807e8845610,Author,Oksana ,Kulyk
0a01b03a-2c14-41b2-87ca-7e871d7dcfc5,,Author,Jari,Kickbusch
0a01b03a-2c14-41b2-87ca-7e871d7dcfc5,,Author,Peter ,Mayer
d1cebabe-ae54-4dd2-b19d-bba674ae6123,410b0cad-d9fe-48d8-9edc-56ad6eb9c43b,Author,Ratish,Puduppully
471e30b1-eef2-4a41-be46-144214c5165b,f30d35c6-4320-476f-8506-481764e6009e,Author,Peter,Kun
daea9666-d8d4-45fe-990f-7ae6bbef7cbf,f30d35c6-4320-476f-8506-481764e6009e,Author,Peter,Kun
09f8fc08-eb9a-479c-91e7-3aef3d764129,9504265d-0046-4e58-b529-256a656c012d,Author,Christian,Hardmeier
d6f6fa00-2b43-4f5f-b95c-9851878357e1,20ad2ae0-df32-484d-84ed-f65810600cfa,Author,Konstantinos,Floros
c19b38ce-0514-4e4b-b5ad-cf7fcb1004f5,,Author,Konstantin,Kutzkov
7bf9af38-301f-4093-a530-96a1504aa547,,Author,Konstantin,Kutzkov
767652ad-b1d4-4c0c-b0fb-d61040ef1210,,Author,Konstantin,Kutzkov
767652ad-b1d4-4c0c-b0fb-d61040ef1210,,Author,Rasmus,Pagh
8c240b23-c89c-47dc-9608-0bf462bb49b2,,Author,Konstantin,Kutzkov
e578bba7-7c5f-46c1-846e-19efb9788c76,,Author,Konstantin,Kutzkov
4d06d522-f03d-4fd2-86a5-3728d58d4f41,,Author,Konstantin,Kutzkov
4d06d522-f03d-4fd2-86a5-3728d58d4f41,,Author,Rasmus,Pagh
063e7ba0-b402-46ad-bf1d-d9898789e6bc,,Author,Konstantin,Kutzkov
063e7ba0-b402-46ad-bf1d-d9898789e6bc,,Author,Rasmus,Pagh
95714679-5bca-4f57-b8f0-b16a0920c164,c40e1e8a-50ee-4a7c-b7f0-2fc0fdd62adc,Author,Anna,Rogers
48c9d905-c6b6-4f4a-9aed-0879d544acb6,efa39e70-a80a-4780-b151-ba31b01726bb,Author,Per Bruun,Brockhoff
72f4eb6a-fdff-4079-9b80-6ecf7824d6d9,efa39e70-a80a-4780-b151-ba31b01726bb,Author,Per B.,Brockhoff
60943d5d-6321-47c3-b5c6-f10dc5e4db64,efa39e70-a80a-4780-b151-ba31b01726bb,Author,Per B.,Brockhoff
6d5f731f-1297-4a83-af78-acc19fcf37ed,2a0966cb-1bbd-4f5b-8d2e-d68f53acee87,Author,Ida,Schrøder
a7def6ed-5ab1-42a1-b13b-7cf488ab2d97,2a0966cb-1bbd-4f5b-8d2e-d68f53acee87,Author,Ida,Schrøder
80ff22cf-fd99-47e0-864f-001ed74132c5,6aed9698-9a0c-4956-be0d-ec658bbfe09a,Author,Luca Maria,Aiello
06ccf669-2df1-464d-9115-354d0a03d46d,,Author,Muhammad,Ali Babar
73bda173-6526-470c-9ca7-391fe2647b53,410b0cad-d9fe-48d8-9edc-56ad6eb9c43b,Author,Ratish,Puduppully
445660f0-8efb-11dd-8006-000ea68e967b,,Author,Edmund Soon Lee,Lam
445660f0-8efb-11dd-8006-000ea68e967b,,Author,Martin,Sulzmann
bdcee478-9945-44c3-8e69-49ab33048226,986bf923-1db1-4387-85ed-db9c03a27ab5,Author,Luis Alfredo,Landa Mariaca
cf3c7135-2a06-42fe-aee0-25ad265734a5,13f2be7b-37ab-4ab3-b5c3-90d54e1515dc,Author,Jonas L.,Juul
44dcb0d0-dbcf-11dd-a259-000ea68e967b,,Author,Brit Ross,Winthereik
5912ee20-c990-11de-8daf-000ea68e967b,,Author,Brit Ross,Winthereik
b822af5c-4478-44a7-b5e5-370eca76ec74,,Author,Brit Ross,Winthereik
859bdd61-5f50-47b7-bd5f-698d73e13461,,Author,Najmeh,Abiri
df4767d1-8d86-4dec-9715-c3d1ea299cb8,9504265d-0046-4e58-b529-256a656c012d,Author,Christian,Hardmeier
a1a972c6-2aef-4971-8c79-20f6e65fd6a5,9504265d-0046-4e58-b529-256a656c012d,Author,Christian,Hardmeier
9aeb15ad-444a-4b10-b95e-8b838fbc54cd,9504265d-0046-4e58-b529-256a656c012d,Author,Christian,Hardmeier
64f64d90-864d-11dd-8006-000ea68e967b,,Author,Jakob,Bardram
a56ee39b-fac8-4376-bad9-3e1d545d071d,,Author,Louis-Marie,Traonouez
a56ee39b-fac8-4376-bad9-3e1d545d071d,a39b94ff-e1b6-4b96-8404-486167a9123d,Author,Andrzej,Wasowski
bb4ec332-85cc-4466-a2dc-87f8c777b646,,Author,Rasmus,Pagh
50ab0a3f-e757-4809-93c7-27a1c95a9278,a39b94ff-e1b6-4b96-8404-486167a9123d,Author,Andrzej,Wasowski
bc7662cd-fc81-4241-ae2f-55b1e03ca7e4,2a9c0934-98ca-4101-b829-b88d77f6487e,Author,Kasper,Støy
1d80ed1c-4f8d-4589-9cf2-4085016df4b6,2a9c0934-98ca-4101-b829-b88d77f6487e,Author,Kasper,Støy
1ba41cac-f277-4474-bea3-b50329e658d0,2a9c0934-98ca-4101-b829-b88d77f6487e,Author,Kasper,Støy
fe9dafdd-2036-4a19-9ebc-1e92129d3456,2a9c0934-98ca-4101-b829-b88d77f6487e,Author,Kasper,Støy
739c9830-4e84-42cd-99ca-edea524c8f8e,,Author,J. C.,Larsen
739c9830-4e84-42cd-99ca-edea524c8f8e,2a9c0934-98ca-4101-b829-b88d77f6487e,Author,Kasper,Støy
bf6f0a74-2223-4c3d-b5ea-cf30c2636541,2a9c0934-98ca-4101-b829-b88d77f6487e,Author,Kasper,Støy
c257bf35-b1fc-4c57-9e0c-1c8d73b4c782,5ad9c220-e37f-443a-8a31-fc4abf365db5,Author,Dan Witzner,Hansen
9a3cf43b-f110-42c8-8676-b4b895a0adf7,,Author,Tina Øvad,Pedersen
9a3cf43b-f110-42c8-8676-b4b895a0adf7,1052b289-f510-4c5a-9662-2db48c12ebc2,Author,Lene,Nielsen
35179628-e8db-4ff2-93f9-9a149b2b2f4b,07a52bc0-1368-4c96-b20d-4bf9668a3693,Author,Henrik,Larsen
35179628-e8db-4ff2-93f9-9a149b2b2f4b,a39b94ff-e1b6-4b96-8404-486167a9123d,Author,Andrzej,Wasowski
3baa953b-1971-4e74-9abb-056812424b85,e726f512-d3fd-4d89-962a-3aa9f532a52f,Author,Toine,Bogers
7c801e87-3634-49d8-94ca-ec8058d3b700,e726f512-d3fd-4d89-962a-3aa9f532a52f,Author,Toine,Bogers
1ac10ea6-2007-4574-91e9-ef949de9c648,e726f512-d3fd-4d89-962a-3aa9f532a52f,Author,Toine,Bogers
7a377e33-676b-4475-90cb-403c95160c3f,17b18c69-c9d0-456a-affa-5396d0a0d09e,Author,Markus Krabbe,Larsen
7a377e33-676b-4475-90cb-403c95160c3f,1313519f-2074-41d6-8b79-589648e37211,Author,Carsten,Schürmann
c7937c77-b72d-4f06-a92f-fe704d1dbc40,,Author,Joanna,Saad-Sulonen
5feffc82-5c12-48cb-97d9-0c89e6d4a2f7,,Author,Jesper,Larsson
5a6ab72c-729a-4a33-8833-51b5bc3092f8,,Author,N. Jesper,Larsson
5a6ab72c-729a-4a33-8833-51b5bc3092f8,,Author,Kasper,Fuglsang
5a6ab72c-729a-4a33-8833-51b5bc3092f8,,Author,Kenneth,Karlsson
f9547c69-8044-49c6-8199-1e70b367ec1a,,Author,N. Jesper,Larsson
7a7bf96b-dd79-433a-a038-12e64d825ff4,,Author,N. Jesper,Larsson
4d744ebb-8bb5-431c-a642-ae3f608e34e7,1052b289-f510-4c5a-9662-2db48c12ebc2,Author,Lene,Nielsen
022b8010-1d62-11df-b794-000ea68e967b,,Author,Irina,Shklovski
e1c458f1-c8b8-411a-8804-d41ec14d3422,,Author,Irina,Shklovski
3eb12a80-cdd1-11dd-a259-000ea68e967b,ea6d10cf-6bb5-4414-8966-f1ed2591f794,Author,Søren,Lauesen
4ab54ee7-9924-4dcb-bdc8-c79e9cce5dc2,ea6d10cf-6bb5-4414-8966-f1ed2591f794,Author,Søren,Lauesen
4ab54ee7-9924-4dcb-bdc8-c79e9cce5dc2,,Author,Mohammad Amin,Kuhail
d8a271c8-dc60-4433-a91b-451a3e688583,ea6d10cf-6bb5-4414-8966-f1ed2591f794,Author,Søren,Lauesen
b025a0f0-e16d-4de7-91dd-53f3b89a20a5,ea6d10cf-6bb5-4414-8966-f1ed2591f794,Author,Søren,Lauesen
b025a0f0-e16d-4de7-91dd-53f3b89a20a5,,Author,Mohammad Amin,Kuhail
3e51b295-ec5d-45b1-9d29-fe80215d9054,ea6d10cf-6bb5-4414-8966-f1ed2591f794,Author,Søren,Lauesen
3e51b295-ec5d-45b1-9d29-fe80215d9054,,Author,Kostas,Pantazos
3e51b295-ec5d-45b1-9d29-fe80215d9054,,Author,Søren,Lippert
0aab9f10-b456-4463-a87d-2175a9a66d5f,ea6d10cf-6bb5-4414-8966-f1ed2591f794,Author,Søren,Lauesen
0aab9f10-b456-4463-a87d-2175a9a66d5f,,Author,Kostas,Pantazos
31031e8a-68dc-4f3f-ad48-3509b15fcfa8,ea6d10cf-6bb5-4414-8966-f1ed2591f794,Author,Søren,Lauesen
333f5b36-fe3b-4ad6-a9b7-420dded2fdef,ea6d10cf-6bb5-4414-8966-f1ed2591f794,Author,Søren,Lauesen
332a37a2-918c-45f6-a5d2-25427c91ad6b,ea6d10cf-6bb5-4414-8966-f1ed2591f794,Author,Søren,Lauesen
58bb0c12-1e86-4c16-a8f4-e04bfa72ea1d,ea6d10cf-6bb5-4414-8966-f1ed2591f794,Author,Søren,Lauesen
d05a4fb5-8de5-406a-9757-70ec099e4f6a,ea6d10cf-6bb5-4414-8966-f1ed2591f794,Author,Søren,Lauesen
0d5a17d2-2321-4d72-b996-2eccf4ac0499,ea6d10cf-6bb5-4414-8966-f1ed2591f794,Author,Søren,Lauesen
77a7202b-c0fe-4024-9699-9b3be71db48e,ea6d10cf-6bb5-4414-8966-f1ed2591f794,Author,Søren,Lauesen
8e1a42af-b862-45b4-be74-966469245f8d,ea6d10cf-6bb5-4414-8966-f1ed2591f794,Author,Søren,Lauesen
8e1a42af-b862-45b4-be74-966469245f8d,,Author,Mohammad Amin,Kuhail
a302f069-1b65-47e1-ab58-279eaae9f764,,Author,Anne Rørbæk,Olesen
043935e3-e491-4058-93a5-3ba41e7cef8f,3ef9211c-34b2-4061-ba59-c5800d6a5b32,Author,Cæcilie Sloth,Laursen
043935e3-e491-4058-93a5-3ba41e7cef8f,70f3c85a-9cd2-40b4-bed9-5e2a75609421,Author,Sisse,Finken
02a71277-e850-4e9a-a31c-d61523d1e5c4,3ef9211c-34b2-4061-ba59-c5800d6a5b32,Author,Cæcilie Sloth,Laursen
282a2112-69e0-4bd0-ab78-0f0f8f6d59cf,3ef9211c-34b2-4061-ba59-c5800d6a5b32,Author,Cæcilie Sloth,Laursen
a27397f9-122b-4db0-904e-add816f3e978,3ef9211c-34b2-4061-ba59-c5800d6a5b32,Author,Cæcilie Sloth,Laursen
a27397f9-122b-4db0-904e-add816f3e978,70f3c85a-9cd2-40b4-bed9-5e2a75609421,Author,Sisse,Finken
a27397f9-122b-4db0-904e-add816f3e978,f11b0cc1-ad9f-4b12-b805-65b70e5bcd65,Author,Rachel,Douglas-Jones
0bd3a0bf-da18-4e62-adac-98c11145b66f,,Author,Andy,Lautrup
dfd9c083-c561-419a-9e24-cdcaa2255200,ad9a85fb-d2fc-4c47-a486-1cc30be3a555,Author,Juliette,Vlieghe
18565816-807f-460d-85ef-0e3452ee71c9,cf6cfa0b-e3ac-4164-8de2-b956d8e23825,Author,Elisa D.,Mekler
21c24e35-f0a0-4843-9b8d-7dcb6ca1160c,,Author,Lucian,Leahu
36c4b47b-7301-4a90-9d8f-df47395749fa,,Author,Lucian,Leahu
36c4b47b-7301-4a90-9d8f-df47395749fa,e9d14210-bc71-4824-b7cf-fd1448d022ab,Author,Marisa,Cohn
1187297a-5008-4f0c-b3cc-b389a1a9f94b,,Author,Lucian,Leahu
a7408031-3c5d-4be6-8246-8aeba0fe61de,a0e31b8c-3d9c-4b68-834d-d4c06914b69f,Author,Christian Janos,Lebeda
07976b93-8a7c-48f3-9f30-3bd85e0a3900,13f2be7b-37ab-4ab3-b5c3-90d54e1515dc,Author,Jonas L.,Juul
2bea5d68-0313-409c-acb8-a8d6dd138bbb,,Author,Richard,Ling
d7354c84-0b6d-4c45-9e67-c6339118f982,,Author,Rosemary,Lee
5d5112e3-5117-4ed1-9370-3e8e999be3c0,,Author,Rosemary,Lee
3e452a37-9667-4b82-af72-30f03fecb3f3,,Author,Rosemary,Lee
d947fd00-3fcc-4cfe-acf9-5ce521e76d70,,Author,Rosemary,Lee
37a95acb-7be1-428e-bfda-2a3b71cad77f,,Author,Rosemary,Lee
fb4e8f91-09c5-4148-a3c6-c1e3a437cd44,,Author,Rosemary,Lee
90351980-cc22-490d-914c-f7ffe4914c44,,Author,Rosemary,Lee
5dc10d17-834c-4950-869d-b34a13acf227,,Author,Rosemary,Lee
dc90c50e-bb5d-41fe-8f8d-c057198888bc,,Producer,Rosemary,Lee
219354ea-fb49-4d81-bc6d-ad8f3a2a388f,,Producer,Rosemary,Lee
6e78a301-578d-49db-8855-072c1d7ddcc6,,Author,Rosemary,Lee
5c477362-d07b-4a7e-8f6b-e1f47df8d24f,0c46864b-a7f8-4439-aeda-0781f77bfe88,Author,Katrine Meldgaard,Kjær
f1d36152-118c-47f6-b139-e9a154162a33,0c46864b-a7f8-4439-aeda-0781f77bfe88,Author,Katrine Meldgaard,Kjær
be1bad45-4e45-4d56-8e4f-398398c3f282,a39b94ff-e1b6-4b96-8404-486167a9123d,Author,Andrzej,Wasowski
1e5564aa-6f1f-4e11-95c2-6005da6d540e,a420ffb3-2ca6-4925-a25f-baaa5228fc15,Author,Sebastian,Risi
662d4625-134c-4fb2-9bc9-773c1de9093d,a420ffb3-2ca6-4925-a25f-baaa5228fc15,Author,Sebastian,Risi
6a5e0c86-863b-424f-931e-d5750676e251,a420ffb3-2ca6-4925-a25f-baaa5228fc15,Author,Sebastian,Risi
ed89f18d-af20-455d-8952-fb7ee0122705,,Author,Joel,Lehman
0cbf01d9-2ed4-42d3-a509-0eff05738c57,,Author,Joel,Lehman
a59f9277-2019-41b4-a89c-b6265d23e38a,,Author,Joel,Lehman
f4dfbf4e-f2ce-496a-9472-3193a3abdd66,,Author,Joel,Lehman
d5ca2ebb-25dc-495c-a167-554c51a8b7ea,,Author,Joel Anthony,Lehman
d5ca2ebb-25dc-495c-a167-554c51a8b7ea,a420ffb3-2ca6-4925-a25f-baaa5228fc15,Author,Sebastian,Risi
52cf5fd6-d57e-499b-bca6-85defa700e30,,Author,Rasmus,Lehmann
52cf5fd6-d57e-499b-bca6-85defa700e30,785a7089-e58e-4aaa-986d-ae0e615ba508,Author,Leon,Derczynski
d989ae16-3011-4f33-bd79-0c412ccb6d3e,b2431f12-bff1-4a97-af68-defe62b81aee,Author,Karl,Werder
63ae7df5-3070-4da3-ab87-aa0ab7bbedd7,13f2be7b-37ab-4ab3-b5c3-90d54e1515dc,Author,Jonas L.,Juul
3085196e-8941-41a7-adb9-c9304af5b327,f14f4742-c9d8-4a34-b8e2-d713c3a1f437,Author,Oliver,Krancher
4f53b91a-7c50-46a5-a4a4-993f843b606f,f14f4742-c9d8-4a34-b8e2-d713c3a1f437,Author,Oliver,Krancher
449e245e-7a51-48c9-839d-678ba5b8c49b,f14f4742-c9d8-4a34-b8e2-d713c3a1f437,Author,Oliver,Krancher
69485abd-00ee-4e4d-9b31-9dfb8d429e2e,f14f4742-c9d8-4a34-b8e2-d713c3a1f437,Author,Oliver,Krancher
6d230372-e493-4872-aa1a-a38b6ab5125b,a420ffb3-2ca6-4925-a25f-baaa5228fc15,Author,Sebastian,Risi
22ce17de-a9aa-4ab6-88b5-3b06fecd24af,,Author,Christoph,Müller-Bloch
acacf8b0-8efd-11dd-8006-000ea68e967b,,Author,Olli,Leino
7207dad0-f920-11dd-b964-000ea68e967b,,Author,Olli Tapio,Leino
a8f7544c-b5c3-4176-8395-c78e7d662288,,Author,Olli Tapio,Leino
7a4cc16d-ab67-4d81-87fc-3fc3bae6a9fd,,Author,Olli Tapio,Leino
b8c5cd74-35d4-4fb2-8966-5f391c05e7ef,,Author,Olli Tapio,Leino
9e638334-9449-434d-9f23-36a164b2f7a7,,Editor,Olli Tapio,Leino
9e638334-9449-434d-9f23-36a164b2f7a7,9ba013db-4c4d-41dd-be12-dbe188f67f29,Editor,Hanna Elina,Wirman
215a7cad-00fa-41ce-beb9-28397b44d20d,,Author,Olli Tapio,Leino
382f449b-9111-4198-8777-ba29694d08b1,bd52cb95-025e-4106-9c13-1345c76dcbfe,Author,Björn Thór,Jónsson
4e996a33-b935-471e-b2e2-c238ebc26949,bd52cb95-025e-4106-9c13-1345c76dcbfe,Author,Björn Thór,Jónsson
4aec0de5-5dd3-4f2e-9cd9-0257414fabcd,,Author,Philip Stefan Puge,Lemaitre
4aec0de5-5dd3-4f2e-9cd9-0257414fabcd,,Author,Jes,Frellsen
0af740b5-db50-49d3-947d-4e7c6fd03095,,Author,Philip Stefan Puge,Lemaitre
48842377-e5f9-4400-b00c-0cf180a82dd2,b752c464-c7fb-4a52-a0c3-3b2d3db5d62f,Author,Gitte Bang,Stald
409c8250-d5b7-4caf-98c6-b90b1052da87,,Author,Richard,Ling
239f0df3-f197-40de-8dbf-96f884685e0a,,Author,Hugo,Mulder
74dc95e1-5e5a-43ef-9ab0-3095d6e8369d,6aed9698-9a0c-4956-be0d-ec658bbfe09a,Author,Luca Maria,Aiello
f9aa5692-28c7-4ff1-9655-41c7b68d0a56,,Author,Philippe,Bonnet
bb9a066c-4c9a-4c19-ae5b-57c2210d890a,,Author,Lars,Birkedal
139bdead-abc3-4f04-9084-6ad038ac5b45,,Author,Philippe,Bonnet
0fa91fe2-e73f-437d-9926-013f92ba1401,,Author,Dan,Lessin
222bd8a4-7cf9-4b51-a9e1-00866930d3e4,,Author,Dan,Lessin
f06c0f30-0721-40ac-b226-a985184f61d2,,Author,Dan,Lessin
2b9fec74-d0d9-4cfd-b073-00b984a1b898,,Author,Dan,Lessin
2b9fec74-d0d9-4cfd-b073-00b984a1b898,a420ffb3-2ca6-4925-a25f-baaa5228fc15,Author,Sebastian,Risi
9b496bca-226e-42d7-88bc-c88080cea762,,Author,Dan,Lessin
9b496bca-226e-42d7-88bc-c88080cea762,a420ffb3-2ca6-4925-a25f-baaa5228fc15,Author,Sebastian,Risi
3040cea3-9ccc-4227-b48f-2884fca2069a,,Author,Dan,Lessin
2df9cdd0-ee6e-4e33-b387-55b2ad66788a,5f3b7745-99be-4d1b-8ce1-a413325c2008,Author,Carsten Lund,Pedersen
3cf3d2dc-3d90-44c8-b031-6ab4be01446a,,Author,Susana,Tosca
58c9cab9-bc3d-466e-b422-6c9a943a4882,ce1a5350-f645-4a53-a745-fca8d4f1f030,Author,Elda,Paja
1612e7d4-5d42-4311-9a3e-17348f09677d,,Author,Carina Antonia,Hallin
f565f40b-2b1f-45f7-8fb2-993b8e225c9d,,Author,Jakob,Bardram
fe14e6a2-e70f-4b28-ac39-4d5e1099334d,c40e1e8a-50ee-4a7c-b7f0-2fc0fdd62adc,Author,Anna,Rogers
5f3753c5-fb0b-4795-b41a-f0c375f15ba8,,Author,Antonios,Liapis
5f3753c5-fb0b-4795-b41a-f0c375f15ba8,,Author,Georgios N.,Yannakakis
5f3753c5-fb0b-4795-b41a-f0c375f15ba8,,Author,Julian,Togelius
1fe3f10a-fca7-4564-9bd0-c8bb746a42de,,Author,Antonios,Liapis
1fe3f10a-fca7-4564-9bd0-c8bb746a42de,,Author,Georgios N.,Yannakakis
1fe3f10a-fca7-4564-9bd0-c8bb746a42de,,Author,Julian,Togelius
4f0b2b1e-3605-4a24-ad9a-fadf791d9cee,,Author,Antonios,Liapis
4f0b2b1e-3605-4a24-ad9a-fadf791d9cee,,Author,Georgios N.,Yannakakis
4f0b2b1e-3605-4a24-ad9a-fadf791d9cee,,Author,Julian,Togelius
b5e40977-81f1-45d5-bfaa-ab5db9568a20,,Author,Antonios,Liapis
b5e40977-81f1-45d5-bfaa-ab5db9568a20,,Author,Georgios N.,Yannakakis
b5e40977-81f1-45d5-bfaa-ab5db9568a20,,Author,Julian,Togelius
40c38cba-4a32-471b-acf7-5b1a77b0e412,,Author,Antonios,Liapis
40c38cba-4a32-471b-acf7-5b1a77b0e412,,Author,Georgios N.,Yannakakis
40c38cba-4a32-471b-acf7-5b1a77b0e412,,Author,Julian,Togelius
b684200e-bbe2-4a16-9d71-9f529f272ca6,,Author,Antonios,Liapis
b684200e-bbe2-4a16-9d71-9f529f272ca6,,Author,Georgios N.,Yannakakis
b684200e-bbe2-4a16-9d71-9f529f272ca6,,Author,Julian,Togelius
0ba0513c-7217-4b23-887e-4a1f9cd5b873,,Author,Antonios,Liapis
0ba0513c-7217-4b23-887e-4a1f9cd5b873,,Author,Georgios N.,Yannakakis
0ba0513c-7217-4b23-887e-4a1f9cd5b873,,Author,Julian,Togelius
69a04b53-95cf-4d77-be07-72e70343430d,,Author,Antonios,Liapis
69a04b53-95cf-4d77-be07-72e70343430d,,Author,Georgios N.,Yannakakis
69a04b53-95cf-4d77-be07-72e70343430d,,Author,Julian,Togelius
3abae222-1540-4e95-94e7-17f4274a4b49,,Author,Antonios,Liapis
3abae222-1540-4e95-94e7-17f4274a4b49,,Author,Héctor Pérez,Martínez
3abae222-1540-4e95-94e7-17f4274a4b49,,Author,Julian,Togelius
3abae222-1540-4e95-94e7-17f4274a4b49,,Author,Georgios N.,Yannakakis
3b0e6060-976c-4be1-9f2d-a91c2f30bd21,,Author,Antonios,Liapis
3b0e6060-976c-4be1-9f2d-a91c2f30bd21,,Author,Georgios N.,Yannakakis
3b0e6060-976c-4be1-9f2d-a91c2f30bd21,,Author,Julian,Togelius
3c39f2d8-a079-43bc-843c-7cbf2ebe3a2b,,Author,Antonios,Liapis
3c39f2d8-a079-43bc-843c-7cbf2ebe3a2b,,Author,Héctor Pérez,Martínez
3c39f2d8-a079-43bc-843c-7cbf2ebe3a2b,,Author,Julian,Togelius
3c39f2d8-a079-43bc-843c-7cbf2ebe3a2b,,Author,Georgios N.,Yannakakis
81cb785c-cb78-4730-83cf-3bbde6737566,,Author,Antonios,Liapis
81cb785c-cb78-4730-83cf-3bbde6737566,,Author,Georgios N.,Yannakakis
81cb785c-cb78-4730-83cf-3bbde6737566,,Author,Julian,Togelius
9a0c3b9b-cb9b-40c7-8c0b-5e9bbf1ddfe9,,Author,Antonios,Liapis
9a0c3b9b-cb9b-40c7-8c0b-5e9bbf1ddfe9,,Author,Georgios N.,Yannakakis
9a0c3b9b-cb9b-40c7-8c0b-5e9bbf1ddfe9,,Author,Julian,Togelius
ab57a4ac-ce75-408a-8f49-b51792311589,,Author,Antonios,Liapis
ab57a4ac-ce75-408a-8f49-b51792311589,e383647f-00d3-41b1-ad95-ff69bdfffb42,Author,Jichen,Zhu
fa33b07e-8262-40f2-ae7d-a703e1e48dd3,e383647f-00d3-41b1-ad95-ff69bdfffb42,Author,Jichen,Zhu
bb65026d-5e75-4ac5-92bb-d86a6510b410,,Author,Antonios,Liapis
1e46f856-27b3-475b-b9c7-3c5fb839b645,d37cba38-dff2-4c27-a515-226cfadfd849,Author,Jonas,Fritsch
1eba6fe3-5a43-4e95-8984-d413e91b7bd3,,Author,Lone,Malmborg
1eba6fe3-5a43-4e95-8984-d413e91b7bd3,a4c1604d-b01f-46ef-baf3-74d2a8046d6b,Author,Jörn,Messeter
f4c6ef8f-7d6f-454b-b10c-c8dd39a5a9c8,,Author,Irina,Shklovski
9a1c4d2e-f26b-458b-9115-8ee8f2391cbf,,Author,Irina,Shklovski
1b669eac-8834-4864-b883-bd92982503ba,a39b94ff-e1b6-4b96-8404-486167a9123d,Author,Andrzej,Wasowski
11b5b243-edd9-4ed0-97b0-2b7d8f4e9ef6,a39b94ff-e1b6-4b96-8404-486167a9123d,Author,Andrzej,Wasowski
8bd23efb-75f9-41c2-81a1-7467b9e767ab,39f7afe3-fd9c-4ac5-8ba1-fa2f2826ab8c,Author,Paloma T.,Lima
8bd23efb-75f9-41c2-81a1-7467b9e767ab,d1be56b5-3ded-4aeb-9339-3af4d4c35035,Author,Amir,Nikabadi
14595004-5045-41f7-872a-7f5e61d52f08,3f05e4ce-6433-4c5a-b72c-aa89422cf431,Author,Nutan,Limaye
deb3dce2-1658-47aa-b026-9cac3467198f,3f05e4ce-6433-4c5a-b72c-aa89422cf431,Author,Nutan,Limaye
64e74a5f-94af-4e9a-b966-90aaa355e182,3f05e4ce-6433-4c5a-b72c-aa89422cf431,Author,Nutan,Limaye
3635f358-f315-459f-a97b-b73a884b6145,3f05e4ce-6433-4c5a-b72c-aa89422cf431,Author,Nutan,Limaye
e1f6c160-5aa3-4ad1-a6ed-f0b572755a5e,3f05e4ce-6433-4c5a-b72c-aa89422cf431,Author,Nutan,Limaye
94200750-7252-4311-a62b-38c0b91d13e1,3f05e4ce-6433-4c5a-b72c-aa89422cf431,Author,Nutan,Limaye
c69f18d7-8eb0-41d4-9708-2d9fb43e7a96,3f05e4ce-6433-4c5a-b72c-aa89422cf431,Author,Nutan,Limaye
ea622232-e499-4830-ab83-c48f570fa1b8,3f05e4ce-6433-4c5a-b72c-aa89422cf431,Author,Nutan,Limaye
2531d276-4dcc-4e96-bc5b-ebdca57b12ee,3f05e4ce-6433-4c5a-b72c-aa89422cf431,Author,Nutan,Limaye
91d584bc-0b36-4fc7-95d6-ae0779d9c517,efa39e70-a80a-4780-b151-ba31b01726bb,Author,Per Bruun,Brockhoff
bd13d7c8-8e00-45c0-8695-cb2350bac737,efa39e70-a80a-4780-b151-ba31b01726bb,Author,Per Bruun,Brockhoff
dba4756b-dac8-483d-91d7-18317ca674c8,a4c1604d-b01f-46ef-baf3-74d2a8046d6b,Author,Jörn,Messeter
3cac7f6a-afc1-4c9a-a499-4d978d770b45,,Author,Jannik Friberg,Lindegaard
3cac7f6a-afc1-4c9a-a499-4d978d770b45,92f6c3f3-0ad2-40fc-b278-69170f87567d,Author,Lars Rune,Christensen
96a4140e-7b1f-4b16-aa0c-3e10adc85d59,,Author,Jannik Friberg,Lindegaard
2c903068-4b32-4066-8378-86dd879686b0,c90e23c6-5bf4-4d6f-97d8-b162b8a5b03e,Author,Thomas,Binder
0276f8fb-08aa-4cc2-b855-f67a3c07d151,,Author,Torill Elvira,Mortensen
f0fa8da7-ea07-4a34-b458-6738ac89f14f,74a08deb-18e1-48d0-a86e-ed6675da92ab,Author,Christian,Østergaard Madsen
c67ce7dc-9dd8-4e46-9e4d-ca4ad3fd859b,74a08deb-18e1-48d0-a86e-ed6675da92ab,Author,Christian,Østergaard Madsen
3e67a66c-56a1-429b-a64a-ab4a775eb311,74a08deb-18e1-48d0-a86e-ed6675da92ab,Author,Christian,Østergaard Madsen
8545382c-9457-48a8-aa77-9429bc4e4038,74a08deb-18e1-48d0-a86e-ed6675da92ab,Author,Christian,Østergaard Madsen
3af6c8d5-5d74-4558-bb5a-271c45046d67,74a08deb-18e1-48d0-a86e-ed6675da92ab,Author,Christian,Østergaard Madsen
21cbfb06-89f1-4f32-b543-4d0725287b56,74a08deb-18e1-48d0-a86e-ed6675da92ab,Author,Christian Østergaard,Madsen
ce108bff-0074-4878-95de-8500a44b0edf,e9d14210-bc71-4824-b7cf-fd1448d022ab,Author,Marisa,Cohn
ce108bff-0074-4878-95de-8500a44b0edf,,Author,Lucian,Leahu
6e1ee3e0-830b-11dd-b116-000ea68e967b,,Author,Richard,Ling
488f3af0-830e-11dd-b116-000ea68e967b,,Author,Richard,Ling
1b0917b0-8f96-11dd-8006-000ea68e967b,,Author,Richard,Ling
ddd7a0c0-8f98-11dd-8006-000ea68e967b,,Author,Richard,Ling
a85cea20-8f9a-11dd-8006-000ea68e967b,,Author,Richard,Ling
826b2400-8f9d-11dd-8006-000ea68e967b,,Author,Richard,Ling
a7f46be0-8fbc-11dd-8006-000ea68e967b,,Author,Richard,Ling
e7b0fb20-db13-11dd-a259-000ea68e967b,,Author,Richard,Ling
afed1070-db18-11dd-a259-000ea68e967b,,Author,Richard,Ling
aa521950-db1b-11dd-a259-000ea68e967b,,Author,Richard,Ling
bd53cc20-db38-11dd-a259-000ea68e967b,,Author,Richard,Ling
01dfc370-f46c-11dd-9b71-000ea68e967b,,Author,Richard,Ling
638ef9f0-f46d-11dd-9b71-000ea68e967b,,Author,Richard,Ling
e92bb030-f46d-11dd-9b71-000ea68e967b,,Author,Richard,Ling
71a28880-f46e-11dd-9b71-000ea68e967b,,Author,Richard,Ling
354aaa90-578b-11de-8664-000ea68e967b,,Author,Richard,Ling
0098deb0-578c-11de-8664-000ea68e967b,,Author,Richard,Ling
b5bbdf40-578c-11de-8664-000ea68e967b,,Author,Richard,Ling
f4c4b170-578d-11de-8664-000ea68e967b,,Author,Richard,Ling
a0898340-578f-11de-8664-000ea68e967b,,Author,Richard,Ling
aa43f0e0-5790-11de-8664-000ea68e967b,,Author,Richard,Ling
18d2dbc0-5791-11de-8664-000ea68e967b,,Author,Richard,Ling
645bdd30-5791-11de-8664-000ea68e967b,,Author,Richard,Ling
32483bd0-5792-11de-8664-000ea68e967b,,Author,Richard,Ling
86186140-5792-11de-8664-000ea68e967b,,Author,Richard,Ling
372a4320-5853-11de-8664-000ea68e967b,,Author,Richard,Ling
01768240-cbb0-11de-8daf-000ea68e967b,,Author,Richard,Ling
01768240-cbb0-11de-8daf-000ea68e967b,b752c464-c7fb-4a52-a0c3-3b2d3db5d62f,Author,Gitte Bang,Stald
26541920-0a3e-11df-a523-000ea68e967b,,Author,Richard,Ling
a62ab7fc-7f7e-415a-9ec1-f7669ea501b3,,Author,Richard,Ling
407ecfa1-9c64-47ed-bc80-2ee2e72d91ad,,Author,Richard,Ling
6a38cc6e-cd88-4af7-a0e7-5149f49661f1,,Author,Richard,Ling
08116a11-b8b5-4ad6-a788-65a2c0201e6e,,Author,Richard,Ling
d98ab563-b62c-4b12-8f06-3de163809464,,Author,Rich,Ling
9e9de29e-f375-4b86-ae04-7fe031a9de43,,Author,Richard,Ling
da2d53af-9f64-42f0-b1b2-90cbf5583050,,Author,Richard,Ling
20068c06-fd3c-4578-8093-992eff226768,,Author,Richard,Ling
20068c06-fd3c-4578-8093-992eff226768,,Author,Troels Fibæk,Bertel
9f4ef269-bc29-4e60-8e3b-7587d4ee2534,,Author,Richard,Ling
57d6e3ca-59e5-4bd8-83b0-dfe766573ad8,,Author,Richard,Ling
0523bc9a-4f57-42ed-8d34-f31c3e16f9eb,,Author,Richard,Ling
0523bc9a-4f57-42ed-8d34-f31c3e16f9eb,,Author,Troels Fibæk,Bertel
30ff2563-227b-4438-bc06-7b952a7ba2e4,,Author,Richard,Ling
1de75f61-c34e-43d3-a701-7f75cff98545,,Author,Richard,Ling
bc20457a-0953-4200-a387-b4dfa659b35e,,Author,Richard,Ling
57a9f33c-f2c4-47f1-8644-1455932b7532,,Author,Richard,Ling
0c3f5490-5140-4127-b146-61bd3be4101a,,Author,Richard,Ling
0c3f5490-5140-4127-b146-61bd3be4101a,,Author,Troels Fibæk,Bertel
ccef9639-0af9-4ee3-b665-75a64c234c50,,Author,Richard,Ling
a636276a-aec7-4bfb-94e2-006e6c03ecc4,,Author,Richard,Ling
71e2e54e-e8f4-42c2-9515-c0d9c094c20f,,Author,Richard,Ling
15cc11bb-a05b-4b6a-a546-fde9f21c55e9,,Author,Richard,Ling
cfb9970f-5fa0-4b9e-9f2e-35908338b467,,Author,Richard,Ling
b0b018b9-671b-417f-a45c-5162a0173bd0,,Author,Richard,Ling
8bc005ff-f4b8-4e13-bc8e-4a935d9d98f2,,Author,Richard,Ling
e83f8f6c-7efd-49e0-8457-496c7de2e430,,Author,Richard,Ling
5ef91cf0-25f1-4837-934c-059f3a21ae85,,Author,Richard,Ling
5d0dbd44-f1ed-48ee-9785-e86529925519,,Author,Richard,Ling
5d0dbd44-f1ed-48ee-9785-e86529925519,,Author,Diako,Mardanbegi
5d0dbd44-f1ed-48ee-9785-e86529925519,5ad9c220-e37f-443a-8a31-fc4abf365db5,Author,Dan,Witzner Hansen
fd4f8237-4b80-4af9-85f2-cbc26fa7fb5e,,Author,Richard,Ling
fd4f8237-4b80-4af9-85f2-cbc26fa7fb5e,,Author,Dag,Svanæs
f19cdd54-baac-47f6-9845-2b81dc39b63d,,Author,Agata,Murawska
77d0dfc5-fe18-407a-91af-7836e2bebf38,f14f4742-c9d8-4a34-b8e2-d713c3a1f437,Author,Oliver,Krancher
ac20d869-056c-4560-9442-2add3b52907e,,Author,Ingmar,Lippert
e819d989-5df4-4fcf-8c2d-b9d4d13220c3,,Author,Ingmar,Lippert
e6faf710-0411-4a41-9862-7c42112c2fd7,,Author,Ingmar,Lippert
c9c57830-491d-4da2-9918-d5ddb6b18ef3,,Author,Ingmar,Lippert
04799fed-7966-4aa3-a603-1d1e1ce785e2,,Author,Ingmar,Lippert
c3f45126-2185-41c2-9942-17bf97733621,,Author,Ingmar,Lippert
0b97ec8c-aef4-4c16-9301-8363b0c6528c,,Author,Ingmar,Lippert
d1257e91-927b-4f43-ac39-6eeb4ed69d09,,Author,Ingmar,Lippert
457e69d1-fa74-40b6-b800-1f586e0363fe,,Author,Ingmar,Lippert
eff993b6-7f45-4d69-95ef-ffcd5bdffaea,,Author,Ingmar,Lippert
d1e1be2f-6deb-49df-8530-f0bf06440034,,Author,Ingmar,Lippert
559eb83b-31d6-402f-bb1d-6b56e670c80b,,Author,Ingmar,Lippert
6261311b-79b5-48f8-82a3-2af4bde1f757,,Author,Ingmar,Lippert
5252b325-bfb5-4703-9b4e-b9de0876ec80,,Author,Ingmar,Lippert
a1e56e40-01eb-4a92-8d22-308e58b3c9ad,,Author,Ingmar,Lippert
8d321bf9-cca5-4bdb-b283-0e47b0e53afc,,Author,Ingmar,Lippert
e18501d4-2f03-41f5-9a12-05ccd70b2832,,Author,Ingmar,Lippert
410096e8-9c58-4df2-bcbb-7f2d51b425df,,Author,Ingmar,Lippert
1907f812-db93-42de-8491-d62d1dc3d35d,,Author,Ingmar,Lippert
62e4cd29-8e84-492a-876d-11dc2dda3d10,,Author,Ingmar,Lippert
62e4cd29-8e84-492a-876d-11dc2dda3d10,f11b0cc1-ad9f-4b12-b805-65b70e5bcd65,Author,Rachel,Douglas-Jones
96a527fd-6e10-4be4-92cb-ea3cebf9cfb3,,Author,Ingmar,Lippert
ab2dcce1-2c7d-4710-a41d-8d46eec45a56,,Author,Ingmar,Lippert
05300b26-a809-4223-bbf8-9464181619ef,,Author,Ingmar,Lippert
c78e69ef-d248-49b3-aa08-fa13e3c8ac50,,Author,Ingmar,Lippert
fd88ece1-80a0-4eb7-89df-3203a8fad9c0,,Author,Ingmar,Lippert
660fdd8e-1d9e-4ce0-a359-a72e33cee2e7,,Author,Ingmar,Lippert
cbbb603b-4a2e-4106-b638-e3b2a0b6a92a,523ffd96-f3b2-49cc-8f24-dc9215b84bed,Author,Max,Müller-Eberstein
cbbb603b-4a2e-4106-b638-e3b2a0b6a92a,8e5f2a6c-c817-4a90-b48b-d9171743ad0f,Author,Rob,van der Goot
cbbb603b-4a2e-4106-b638-e3b2a0b6a92a,f073ebac-704d-4236-9206-d1d2ef2be9c3,Author,Barbara,Plank
2d8b1670-2d04-4b4c-b632-585d2295b1a2,,Author,Ceyue,Liu
2d8b1670-2d04-4b4c-b632-585d2295b1a2,5c54c44a-9eaa-4a97-a78a-e853dc73e9d9,Author,Rodrigo,Moreno Garcia
2d8b1670-2d04-4b4c-b632-585d2295b1a2,,Author,Frank,Veenstra
2d8b1670-2d04-4b4c-b632-585d2295b1a2,7dd48cfe-3069-4563-bef4-ef661c18387a,Author,Andres,Faina
e87de5fb-cdd3-4361-9ebe-92b0bbe812fc,,Author,Christian Hviid,Mortensen
76cd3a6c-4e17-4c5a-b8bf-9db1561666a0,a420ffb3-2ca6-4925-a25f-baaa5228fc15,Author,Sebastian,Risi
76cd3a6c-4e17-4c5a-b8bf-9db1561666a0,,Author,Georgios N,Yannakakis
76cd3a6c-4e17-4c5a-b8bf-9db1561666a0,,Author,Julian,Togelius
7900b396-414c-4f6d-be74-a518cad1fc46,b2431f12-bff1-4a97-af68-defe62b81aee,Author,Karl,Werder
663f5aac-ea9d-456f-9fb1-b18e74655959,b2431f12-bff1-4a97-af68-defe62b81aee,Author,Karl,Werder
f953f901-4155-498b-aae5-ea33caa2e396,b2431f12-bff1-4a97-af68-defe62b81aee,Author,Karl,Werder
093d56fd-ac52-40af-a93b-5ef20975fc2b,b2431f12-bff1-4a97-af68-defe62b81aee,Author,Karl,Werder
5a66ef7c-0b62-4d72-aeea-6a40de3f3025,b2431f12-bff1-4a97-af68-defe62b81aee,Author,Karl,Werder
91316e22-b2c1-4a08-809e-4574cbe3225f,82f8ffa4-b7d6-490d-b3b4-2c68b79cd77a,Author,Megan,Maurer
1c990d52-6c0e-441f-9d6c-bd53b282c26d,82f8ffa4-b7d6-490d-b3b4-2c68b79cd77a,Author,Megan,Maurer
cabe6a8e-450c-44a6-8811-0f3c0f8f4850,b49cff0e-6cf0-43ac-8e3e-65845cdfff93,Author,Dooley,Murphy
a368cacd-8fdf-40ad-9856-3f4da1eb0128,805cae2a-3462-4130-88de-cc7d94aec0a5,Author,Vasiliki,Tsaknaki
c3652382-f16e-4447-a5c1-9734420b200a,9504265d-0046-4e58-b529-256a656c012d,Author,Christian,Hardmeier
025674ba-8601-408e-b3cf-17b004733360,9504265d-0046-4e58-b529-256a656c012d,Author,Christian,Hardmeier
58063a65-dfba-4f96-88db-4b46f5dc0631,9504265d-0046-4e58-b529-256a656c012d,Author,Christian,Hardmeier
c62c8664-016a-420f-ba17-77351e9d2063,9504265d-0046-4e58-b529-256a656c012d,Author,Christian,Hardmeier
6211908a-0e53-48d3-b7a7-32e6aed56b87,9504265d-0046-4e58-b529-256a656c012d,Author,Christian,Hardmeier
6d1dbb29-8016-475b-9b2a-2466e03ba4b3,9504265d-0046-4e58-b529-256a656c012d,Author,Christian,Hardmeier
608d529f-d026-4340-8f48-8e590a99cc87,d43519a1-5bf4-4290-a053-fe55459ca88a,Author,Sven Matthias,Peldszus
b234b5e0-fd9b-11dd-b964-000ea68e967b,,Author,Anders,Hessellund
bb882ced-b956-4a55-a87f-ad93ac7b145a,,Author,Dov,Te'eni
bb882ced-b956-4a55-a87f-ad93ac7b145a,,Author,Pernille,Rydén
d84b287d-5a71-4adb-b507-d822c455363c,1bcb6a4e-4298-4ac7-bdc6-c936d3d45055,Author,Debasmita,Lohar
0ff3a611-c0d5-4319-8e27-454d6c7b3dff,1bcb6a4e-4298-4ac7-bdc6-c936d3d45055,Author,Debasmita,Lohar
6450cbe9-9ffc-4747-9e8c-b5ed2cb09c81,1bcb6a4e-4298-4ac7-bdc6-c936d3d45055,Author,Debasmita,Lohar
a44adf0d-cca6-4f85-9b02-28dcf72d3bcb,1bcb6a4e-4298-4ac7-bdc6-c936d3d45055,Author,Debasmita ,Lohar
52db67ed-7ce8-491f-875b-c07fb3f19e7c,1bcb6a4e-4298-4ac7-bdc6-c936d3d45055,Author,Debasmita ,Lohar
ba1a9f0b-4384-49f3-a2fe-8cff6fc9bd28,1bcb6a4e-4298-4ac7-bdc6-c936d3d45055,Author,Debasmita,Lohar
449473f6-46ce-408c-a6e1-9911841cbca3,,Author,Julian,Togelius
449473f6-46ce-408c-a6e1-9911841cbca3,bd208ddd-495a-409c-ad24-6ac8d5b7b003,Author,Luigi,Cardamone
d4730675-f3f3-49f0-8044-623e779ff91e,bd52cb95-025e-4106-9c13-1345c76dcbfe,Author,Björn Thór,Jónsson
bc8dc253-3cad-4302-b894-373680f3c71f,,Author,Aaron,Duane
bc8dc253-3cad-4302-b894-373680f3c71f,857b3b5b-92d4-43b3-861c-d8efbdbe3b16,Author,Omar Shahbaz,Khan
291caaa3-ca43-4d27-8875-f1f1df590075,1ee9fda3-cb4e-4c06-82b1-7e248c20a700,Author,W.,van der Maden
b59a61f5-fdb2-4df6-9a10-1aa17c7f5e0f,1ee9fda3-cb4e-4c06-82b1-7e248c20a700,Author,Willem,van der Maden
d3422dbc-88e1-4a22-a271-6781e343a999,2ef641d0-bd79-425b-8b12-b58d74b993ae,Author,Michael,Szell
53677602-6db8-48af-b52d-9b370e77c11d,cf5e1d64-5489-4534-ba34-8dba5fd354a6,Author,Paolo,Burelli
7e0a5f30-f855-4dd9-9ff6-b7f07def2649,,Author,Hugo Andres,Lopez
ccb201ce-0d7d-4cdc-9fbf-fdf5ac472ac3,,Author,Hugo Andres,Lopez
ccb201ce-0d7d-4cdc-9fbf-fdf5ac472ac3,9027b41a-4159-4db7-9ddd-8fc8f41f1fb3,Author,Marco,Carbone
ccb201ce-0d7d-4cdc-9fbf-fdf5ac472ac3,d30b96a8-4f1e-44fa-9bf5-0209bedf0268,Author,Thomas,Hildebrandt
ccb201ce-0d7d-4cdc-9fbf-fdf5ac472ac3,,Author,Davide,Grohmann
0d6138db-3ebf-4f8c-a0b1-7240ded94c49,,Inventor,Javier San Agustin,Lopez
0d6138db-3ebf-4f8c-a0b1-7240ded94c49,,Inventor,John Paulin,Hansen
0d6138db-3ebf-4f8c-a0b1-7240ded94c49,,Inventor,Martin Henrik,Tall
25ed7463-6bbf-4dcb-9db4-b9370ab19473,,Author,Hugo Andres,Lopez
52c168cc-b561-41bc-ac77-c941f4b30cca,,Author,Hugo-Andrés,López-Acosta
52c168cc-b561-41bc-ac77-c941f4b30cca,d30b96a8-4f1e-44fa-9bf5-0209bedf0268,Author,Thomas,Hildebrandt
52c168cc-b561-41bc-ac77-c941f4b30cca,d3b41838-e2bf-4735-b1cd-03f60b49c7e5,Author,Søren,Debois
fb4bfb79-5e72-492b-a7fc-67938633b7f3,,Author,Hugo-Andrés,López-Acosta
fb4bfb79-5e72-492b-a7fc-67938633b7f3,d30b96a8-4f1e-44fa-9bf5-0209bedf0268,Author,Thomas,Hildebrandt
fb4bfb79-5e72-492b-a7fc-67938633b7f3,d3b41838-e2bf-4735-b1cd-03f60b49c7e5,Author,Søren,Debois
390c762b-7138-4342-9b4a-0e9b584045ac,e726f512-d3fd-4d89-962a-3aa9f532a52f,Author,Toine,Bogers
14d838e3-e96e-41bc-92a9-7fe6a125d936,2575c800-642d-4984-9c56-41601cf07a26,Author,Søren,Knudsen
2fcfb366-48c5-4832-8172-6e40cebc77ae,2575c800-642d-4984-9c56-41601cf07a26,Author,Søren,Knudsen
71ddbeb8-700c-49a8-ab37-3324a51ec0e9,,Author,Raffaele,Ciriello
e5bfd0f9-e252-4dd6-a630-8619cc8840e9,,Author,Raffaele,Ciriello
a849e33b-f779-4da1-953b-23bb6f320f16,a39b94ff-e1b6-4b96-8404-486167a9123d,Author,Andrzej,Wasowski
42207f34-b003-407e-9729-d4d5ec0ce2b5,,Author,Pernille,Lous
42207f34-b003-407e-9729-d4d5ec0ce2b5,2b8ff3a4-e9b0-403d-8bd8-1bf26121c234,Author,Paolo,Tell
0dd8d322-a9cd-4518-ae26-b7850cecb8cd,,Author,Pernille,Lous
0dd8d322-a9cd-4518-ae26-b7850cecb8cd,2b8ff3a4-e9b0-403d-8bd8-1bf26121c234,Author,Paolo,Tell
0dd8d322-a9cd-4518-ae26-b7850cecb8cd,f2136570-f73c-446f-9fb0-6d9e461e2124,Author,Yvonne,Dittrich
bddc0cb2-59e9-41a7-8b27-fdce2e25909c,,Author,Pernille,Lous
bddc0cb2-59e9-41a7-8b27-fdce2e25909c,2b8ff3a4-e9b0-403d-8bd8-1bf26121c234,Author,Paolo,Tell
bddc0cb2-59e9-41a7-8b27-fdce2e25909c,f2136570-f73c-446f-9fb0-6d9e461e2124,Author,Yvonne,Dittrich
f39dd2d1-c4f8-4273-9521-aea9f1b2c407,22ec9269-2fff-4dbf-a9c7-5037559a15ee,Author,Anders Sundnes,Løvlie
c1cea5b0-19d8-4cb1-bfe9-4622a5c361c0,22ec9269-2fff-4dbf-a9c7-5037559a15ee,Author,Anders Sundnes,Løvlie
c1cea5b0-19d8-4cb1-bfe9-4622a5c361c0,,Author,Karoline Andrea,Ihlebæk
3d2859a5-6aba-4e89-923d-79727381c6c6,22ec9269-2fff-4dbf-a9c7-5037559a15ee,Author,Anders Sundnes,Løvlie
3d2859a5-6aba-4e89-923d-79727381c6c6,,Author,Karoline Andrea,Ihlebæk
46adc97f-b567-44ff-bf6c-2290ffb2ba78,22ec9269-2fff-4dbf-a9c7-5037559a15ee,Author,Anders Sundnes,Løvlie
853252b0-026e-47ac-b54d-b9d4af0be610,22ec9269-2fff-4dbf-a9c7-5037559a15ee,Author,Anders Sundnes,Løvlie
06b37813-1c40-4c04-bcf3-e3efceb8e11a,22ec9269-2fff-4dbf-a9c7-5037559a15ee,Author,Anders Sundnes,Løvlie
06b37813-1c40-4c04-bcf3-e3efceb8e11a,1b45e3f5-b8cd-4c0d-a444-2901304f76ee,Author,Luca,Rossi
0cdea39d-e41a-46bb-9416-96ea21f65b6e,22ec9269-2fff-4dbf-a9c7-5037559a15ee,Author,Anders Sundnes,Løvlie
4573861e-0bb4-49d7-9ebf-defa5924e6b1,22ec9269-2fff-4dbf-a9c7-5037559a15ee,Author,Anders Sundnes,Løvlie
4573861e-0bb4-49d7-9ebf-defa5924e6b1,,Author,Karoline Andrea,Ihlebæk
14d478e0-ded7-4e71-8ef2-7b0de3ad8610,22ec9269-2fff-4dbf-a9c7-5037559a15ee,Author,Anders Sundnes,Løvlie
b6273a02-9095-44b0-a698-6577d8eb76ca,22ec9269-2fff-4dbf-a9c7-5037559a15ee,Author,Anders Sundnes,Løvlie
7301b542-e8a8-4721-aa47-4f36f0dc20a6,22ec9269-2fff-4dbf-a9c7-5037559a15ee,Author,Anders Sundnes,Løvlie
0700101d-74a8-4b90-a4b3-51cdd626923f,22ec9269-2fff-4dbf-a9c7-5037559a15ee,Author,Anders Sundnes,Løvlie
0700101d-74a8-4b90-a4b3-51cdd626923f,,Author,Karoline Andrea,Ihlebæk
c9fcf3d7-2076-4c73-ac05-95d98a122e7d,22ec9269-2fff-4dbf-a9c7-5037559a15ee,Author,Anders Sundnes,Løvlie
c9fcf3d7-2076-4c73-ac05-95d98a122e7d,,Author,Tim,Wray
c9fcf3d7-2076-4c73-ac05-95d98a122e7d,,Author,Christian Hviid,Mortensen
c9fcf3d7-2076-4c73-ac05-95d98a122e7d,,Author,Anne Rørbæk,Olesen
c6182588-c6c8-4408-89d2-17baaa06a56c,22ec9269-2fff-4dbf-a9c7-5037559a15ee,Author,Anders Sundnes,Løvlie
c5d69e60-bacf-4714-b0b0-6858de83a9af,22ec9269-2fff-4dbf-a9c7-5037559a15ee,Author,Anders Sundnes,Løvlie
c5d69e60-bacf-4714-b0b0-6858de83a9af,,Author,Karin,Ryding
cc64a560-cfda-4a76-8ffd-f41fec4e2321,22ec9269-2fff-4dbf-a9c7-5037559a15ee,Author,Anders Sundnes,Løvlie
c6200a16-d50d-4768-aa5b-ef4f6b191265,22ec9269-2fff-4dbf-a9c7-5037559a15ee,Author,Anders Sundnes,Løvlie
c6200a16-d50d-4768-aa5b-ef4f6b191265,,Author,Mette Grønbæk,Rasmussen
c6200a16-d50d-4768-aa5b-ef4f6b191265,,Author,Jari,Kickbusch
0e892551-5e83-444f-8548-3c56b48e63db,22ec9269-2fff-4dbf-a9c7-5037559a15ee,Author,Anders Sundnes,Løvlie
0e892551-5e83-444f-8548-3c56b48e63db,,Author,Karin,Ryding
0e892551-5e83-444f-8548-3c56b48e63db,,Author,Christian Hviid,Mortensen
2245631e-b585-48c5-a863-0eb90e991662,22ec9269-2fff-4dbf-a9c7-5037559a15ee,Author,Anders Sundnes,Løvlie
2245631e-b585-48c5-a863-0eb90e991662,ddcdfda8-c5ea-4e67-b0ea-21ba86966197,Author,Martin,Pichlmair
2245631e-b585-48c5-a863-0eb90e991662,,Author,Sarah,Brin
e7b40e49-0406-4afd-acb1-356595b5893c,22ec9269-2fff-4dbf-a9c7-5037559a15ee,Author,Anders Sundnes,Løvlie
e7b40e49-0406-4afd-acb1-356595b5893c,,Author,Mace,Ojala
2c052a5d-dc0c-4a20-9738-83d58849dc52,22ec9269-2fff-4dbf-a9c7-5037559a15ee,Author,Anders Sundnes,Løvlie
2c052a5d-dc0c-4a20-9738-83d58849dc52,,Author,Mace,Ojala
6bb7bf8e-2f97-47ae-9989-580cf6efb9c1,22ec9269-2fff-4dbf-a9c7-5037559a15ee,Author,Anders Sundnes,Løvlie
6bb7bf8e-2f97-47ae-9989-580cf6efb9c1,,Author,Karin,Ryding
25f54fdf-9797-4f4b-abc7-631a5a8be31a,22ec9269-2fff-4dbf-a9c7-5037559a15ee,Author,Anders Sundnes,Løvlie
25f54fdf-9797-4f4b-abc7-631a5a8be31a,831421c0-027f-4a25-b795-ee2fce0c8d2a,Author,Louise,Barkhuus
e8e1a42c-6d8b-4805-8848-dd4173cb0147,22ec9269-2fff-4dbf-a9c7-5037559a15ee,Author,Anders Sundnes,Løvlie
52ed1f96-57b1-4fab-a9aa-037b9df3d18c,22ec9269-2fff-4dbf-a9c7-5037559a15ee,Author,Anders Sundnes,Løvlie
8534e2cd-0329-4363-90e1-39f0d7f41339,22ec9269-2fff-4dbf-a9c7-5037559a15ee,Author,Anders Sundnes,Løvlie
8534e2cd-0329-4363-90e1-39f0d7f41339,,Author,Astrid,Waagstein
952250a8-2ea6-4779-9f4a-475111f46501,a420ffb3-2ca6-4925-a25f-baaa5228fc15,Author,Sebastian,Risi
bcb21c72-b66f-477d-9ce3-977454af9286,,Author,Mathias,Löwe
bcb21c72-b66f-477d-9ce3-977454af9286,a420ffb3-2ca6-4925-a25f-baaa5228fc15,Author,Sebastian,Risi
ee94392f-3fbf-417c-a7fc-21d45b1fd65f,,Author,Mathias,Löwe
ee94392f-3fbf-417c-a7fc-21d45b1fd65f,e383647f-00d3-41b1-ad95-ff69bdfffb42,Author,Jichen,Zhu
ee94392f-3fbf-417c-a7fc-21d45b1fd65f,a420ffb3-2ca6-4925-a25f-baaa5228fc15,Author,Sebastian,Risi
6751170a-5ecb-4318-8ac3-34dafb6098f8,,Author,Mathias,Löwe
83c6230a-8336-4060-868f-73c1a27add1d,785a7089-e58e-4aaa-986d-ae0e615ba508,Author,Leon,Derczynski
f77bf527-2516-4407-8793-12b89de999f9,864e737f-8deb-4b43-8403-8edb558e8567,Author,Yucheng,Lu
f77bf527-2516-4407-8793-12b89de999f9,6800c64b-0e54-49cb-a703-384b4987b70c,Author,Dovile,Juodelyte
f77bf527-2516-4407-8793-12b89de999f9,1c4bfd79-4336-4b17-a672-9acb465f15c0,Author,Veronika,Cheplygina
fd77d7bd-86ae-443e-ae44-c90f7ce23db7,864e737f-8deb-4b43-8403-8edb558e8567,Author,Yucheng,Lu
fd77d7bd-86ae-443e-ae44-c90f7ce23db7,6800c64b-0e54-49cb-a703-384b4987b70c,Author,Dovile,Juodelyte
fd77d7bd-86ae-443e-ae44-c90f7ce23db7,1c4bfd79-4336-4b17-a672-9acb465f15c0,Author,Veronika,Cheplygina
cfc27d2c-0047-4a17-b75f-ed9fabf95273,6aed9698-9a0c-4956-be0d-ec658bbfe09a,Author,Luca Maria,Aiello
84a1eb5a-3869-4af1-9388-f1cd8f2174d6,c40e1e8a-50ee-4a7c-b7f0-2fc0fdd62adc,Author,Anna,Rogers
6af3c90c-118c-47a4-a2ce-c43e3cd62502,efa39e70-a80a-4780-b151-ba31b01726bb,Author,Per B.,Brockhoff
4d93bc6d-a448-4d96-9fa6-a7a3efee4a76,,Author,Lone,Malmborg
4d93bc6d-a448-4d96-9fa6-a7a3efee4a76,a4c1604d-b01f-46ef-baf3-74d2a8046d6b,Author,Jörn,Messeter
2d2ee618-4cd1-416b-96a5-e267bacc1cfb,2fa5dc89-7d78-45d0-96c7-e8f39b78dd3e,Author,Anna,Vallgårda
c280bad8-f75b-4410-bdb2-f8c102d7ff85,a420ffb3-2ca6-4925-a25f-baaa5228fc15,Author,Sebastian,Risi
87aa1065-c5e0-4d43-a073-579873be6d03,a420ffb3-2ca6-4925-a25f-baaa5228fc15,Author,Sebastian,Risi
edb5646b-cdb6-475c-a851-ebc31613a273,,Author,Troels Bjerre,Lund
a8b87970-b375-43db-bcdd-ba49c4ac79bb,,Author,Philippe,Bonnet
a8b87970-b375-43db-bcdd-ba49c4ac79bb,,Author,Javier,Gonzalez
9dd189ec-01c4-441d-9323-cee405bca395,e726f512-d3fd-4d89-962a-3aa9f532a52f,Author,Toine,Bogers
b6c4e8c3-ebb8-45bd-9424-5d3872fd0a03,e23e8096-59cb-4ef6-af48-ce9d806fd1eb,Author,Nanna,Inie
017d8916-695f-4215-b559-ad58b15f3695,02960d47-7677-4b2c-99d4-490a31fd6885,Author,Mircea,Lungu
77fdb051-fd86-4fe1-82f0-3ffc0843289d,02960d47-7677-4b2c-99d4-490a31fd6885,Author,Mircea,Lungu
36e33b0b-30d1-4a9d-8c08-d74ad541aad6,02960d47-7677-4b2c-99d4-490a31fd6885,Author,Mircea,Lungu
36e33b0b-30d1-4a9d-8c08-d74ad541aad6,51cfa226-5179-4a05-aa13-4a53f8de6404,Author,Helge,Pfeiffer
f80cf0ec-0e4e-4cab-9631-fea7cee4ca33,02960d47-7677-4b2c-99d4-490a31fd6885,Author,Mircea,Lungu
e773a6b6-34bd-40cb-82c1-729119883555,02960d47-7677-4b2c-99d4-490a31fd6885,Author,Mircea,Lungu
bc12d7d8-fe9f-4a48-846b-2ce6770bc46b,63342b24-28ec-40c5-a7d9-ec49867dc75d,Author,Pinar,Tözün
15135380-38a5-45f7-a300-214d61cb484f,1ee9fda3-cb4e-4c06-82b1-7e248c20a700,Author,Willem,van der Maden
22d58658-a96c-4a37-9cd1-8cc4759a56fb,1ee9fda3-cb4e-4c06-82b1-7e248c20a700,Author,Willem,van der Maden
bf0816b4-ea15-4b14-a89d-a2449f927350,1ee9fda3-cb4e-4c06-82b1-7e248c20a700,Author,Willem,Van Der Maden
bcb03903-b90f-4abb-a170-e7ec95bb3437,2fa5dc89-7d78-45d0-96c7-e8f39b78dd3e,Author,Anna,Vallgårda
bcb03903-b90f-4abb-a170-e7ec95bb3437,5d268f64-6963-4991-9ac4-e7510c0ae705,Author,Harvey,Bewley
bcb03903-b90f-4abb-a170-e7ec95bb3437,15c12622-f52e-4709-bc01-f2ff057568cf,Author,Halfdan,Mouritzen
2cd1583d-2ff0-4ffd-9159-b7724f80d335,2fa5dc89-7d78-45d0-96c7-e8f39b78dd3e,Author,Anna ,Vallgårda
2cd1583d-2ff0-4ffd-9159-b7724f80d335,7208d996-d004-402b-b6f9-36294ff67fcc,Author,Safra Aurora Noelle,Martinussen
97ba9691-a050-4999-9e56-e065605dcfc8,,Author,Peter,Lutz
01e23861-a083-467a-8a0b-ab6c9a916a63,,Author,Peter,Lutz
9203c9c1-cd56-4c0c-b59e-c423ebea1c9e,,Author,Peter,Lutz
fbcaaa08-d157-4c06-bb3d-41c5983d6e4f,,Author,Peter,Lutz
fbcaaa08-d157-4c06-bb3d-41c5983d6e4f,,Author,Randi,Markussen
a9ca66bc-e7c8-4538-ac15-baa7fa87fd5b,,Author,Peter,Lutz
bdba11b6-a76b-4756-87c3-775d74e62c03,,Editor,Carina Antonia,Hallin
9bd3b265-8761-45d0-ba1b-b6381f45199f,2a9c0934-98ca-4101-b829-b88d77f6487e,Author,Kasper,Støy
e2400303-3dbb-42f9-b36c-6244b6423bfb,2a9c0934-98ca-4101-b829-b88d77f6487e,Author,Kasper,Støy
84b1d30a-047b-4ec6-b424-a1014596e50d,2a9c0934-98ca-4101-b829-b88d77f6487e,Author,Kasper,Støy
525900a2-56d6-4c0a-8231-252e6775b415,,Author,John Paulin,Hansen
f383f060-e3f0-11de-a523-000ea68e967b,,Author,R.,Markussen
f8ff2320-e3f0-11de-a523-000ea68e967b,,Author,R.,Markussen
cd6645fe-df94-4eae-9a56-1473c4c60d46,e726f512-d3fd-4d89-962a-3aa9f532a52f,Author,Toine,Bogers
3e2b506a-1f3f-4105-9407-5d9bb26ab010,e726f512-d3fd-4d89-962a-3aa9f532a52f,Author,Toine,Bogers
c35ca82a-5c42-4169-b88c-b58e4f0005be,e726f512-d3fd-4d89-962a-3aa9f532a52f,Author,Toine,Bogers
4a878530-e158-11dd-a259-000ea68e967b,,Author,Karen Marie,Lyng
4a878530-e158-11dd-a259-000ea68e967b,d30b96a8-4f1e-44fa-9bf5-0209bedf0268,Author,Thomas,Hildebrandt
4a878530-e158-11dd-a259-000ea68e967b,,Author,Raghava Rao,Mukkamala
1cef91a0-f9a7-11dd-b964-000ea68e967b,,Author,Karen Marie,Lyng
1cef91a0-f9a7-11dd-b964-000ea68e967b,,Author,Martin Scheil,Corneliussen
1cef91a0-f9a7-11dd-b964-000ea68e967b,,Author,Finn,Kensing
361f9ba6-58bd-483a-8783-23784c688853,,Author,Pernille,Kræmmergaard
69e87e34-8f72-4699-b684-22c0dcaa5a29,,Author,Søren,Lyngsø Knudsen
69e87e34-8f72-4699-b684-22c0dcaa5a29,,Author,Stina Hasse,Jørgensen
69e87e34-8f72-4699-b684-22c0dcaa5a29,d37cba38-dff2-4c27-a515-226cfadfd849,Author,Jonas,Fritsch
6225b9c3-1bb9-4bd6-9d0b-9819626b3be7,831421c0-027f-4a25-b795-ee2fce0c8d2a,Author,Louise,Barkhuus
c01fd7a3-6e24-4807-b9a2-e9310e3cca8d,,Author,Giacomo,Poderi
d35e182d-fee3-4a36-af67-a67a95b87213,a420ffb3-2ca6-4925-a25f-baaa5228fc15,Author,Sebastian,Risi
d9abdfd9-9935-4053-a01e-086170969839,,Author,Hannes,Mehnert
9e885c49-7cff-4d78-b330-271757e69dc6,1ee9fda3-cb4e-4c06-82b1-7e248c20a700,Author,Willem Van Der,Maden
9e885c49-7cff-4d78-b330-271757e69dc6,f30d35c6-4320-476f-8506-481764e6009e,Author,Peter,Kun
9e885c49-7cff-4d78-b330-271757e69dc6,e383647f-00d3-41b1-ad95-ff69bdfffb42,Author,Jichen,Zhu
e1c90f65-e464-44fe-aff0-4a96fe9bc533,1ee9fda3-cb4e-4c06-82b1-7e248c20a700,Author,Willem Van Der,Maden
e1c90f65-e464-44fe-aff0-4a96fe9bc533,f30d35c6-4320-476f-8506-481764e6009e,Author,Peter,Kun
cfcb49eb-9a92-465d-8df0-a4600d47d926,,Author,Sabine,Madsen
cfcb49eb-9a92-465d-8df0-a4600d47d926,1052b289-f510-4c5a-9662-2db48c12ebc2,Author,Lene,Nielsen
5ef1087c-d104-4eb9-838b-1a0c195b3bde,,Author,Malthe Ettrup,Kirkbro
5ef1087c-d104-4eb9-838b-1a0c195b3bde,,Author,Tijs,Slaats
5ef1087c-d104-4eb9-838b-1a0c195b3bde,d3b41838-e2bf-4735-b1cd-03f60b49c7e5,Author,Søren,Debois
e7e97669-d3b3-40ba-892b-50df40f05180,,Author,Mads Frederik,Madsen
e7e97669-d3b3-40ba-892b-50df40f05180,,Author,Malthe Ettrup,Kirkbro
e7e97669-d3b3-40ba-892b-50df40f05180,d3b41838-e2bf-4735-b1cd-03f60b49c7e5,Author,Søren,Debois
7d206273-76a7-48fd-a8a9-fb99887672c7,4d7fda5a-3cf4-4d39-9daf-1ae192b0e0e7,Author,Rune Møller,Jensen
239736e4-31f0-4b8d-8c93-7f6d44494a62,,Author,Mads Frederik,Madsen
239736e4-31f0-4b8d-8c93-7f6d44494a62,d3b41838-e2bf-4735-b1cd-03f60b49c7e5,Author,Søren,Debois
9643f067-11b7-4604-a8d4-63dd04ffcb2b,,Author,Sabine,Madsen
9643f067-11b7-4604-a8d4-63dd04ffcb2b,1052b289-f510-4c5a-9662-2db48c12ebc2,Author,Lene,Nielsen
14aac3dd-c894-49bd-a1e8-f926817d70eb,1052b289-f510-4c5a-9662-2db48c12ebc2,Author,Lene,Nielsen
84864e3a-0b0b-4fe8-ae68-3c733f4766ca,,Author,Mads Frederik,Madsen
b8d98d9f-23c6-4395-9ae2-83457eef3a5e,1b45e3f5-b8cd-4c0d-a444-2901304f76ee,Author,Luca,Rossi
6b99e435-7e53-400c-bc04-d1a443b5ea87,1b45e3f5-b8cd-4c0d-a444-2901304f76ee,Author,Luca,Rossi
16de6022-0239-47c3-b4ae-56db7de2b5fc,1b45e3f5-b8cd-4c0d-a444-2901304f76ee,Author,Luca,Rossi
e888dc43-7e2d-490e-9736-7a6328f27b78,1b45e3f5-b8cd-4c0d-a444-2901304f76ee,Author,Luca,Rossi
2f752d00-3196-4ee5-9a4b-ee761c3f3bcc,1b45e3f5-b8cd-4c0d-a444-2901304f76ee,Author,Luca,Rossi
26943cfa-9369-424d-b905-fe808f142b5c,1b45e3f5-b8cd-4c0d-a444-2901304f76ee,Author,Luca,Rossi
a7540df1-61bf-4880-bd02-d45e03f8be60,1b45e3f5-b8cd-4c0d-a444-2901304f76ee,Author,Luca,Rossi
83ee7337-1951-4152-8a4e-ec6abd512716,1b45e3f5-b8cd-4c0d-a444-2901304f76ee,Author,Luca,Rossi
0566e84b-ae3e-4d5d-904e-a420ada2ff34,1b45e3f5-b8cd-4c0d-a444-2901304f76ee,Author,Luca,Rossi
e5b4d3b9-48a3-4de3-9cfd-0bcbd9cda9dd,,Author,Obaida,Hanteer
e5b4d3b9-48a3-4de3-9cfd-0bcbd9cda9dd,1b45e3f5-b8cd-4c0d-a444-2901304f76ee,Author,Luca,Rossi
c6f90580-9794-41e4-9e3c-09365a7121ba,1b45e3f5-b8cd-4c0d-a444-2901304f76ee,Author,Luca,Rossi
7b7b41ca-2921-4d21-bac7-1adba5bd108f,4d7fda5a-3cf4-4d39-9daf-1ae192b0e0e7,Author,Rune Møller,Jensen
69f7a6f5-a1f3-4157-bad0-1da73afca296,78a992d3-b8eb-4fd6-8a5e-18c464d0b254,Author,Mike,Zhang
9ecbc25b-30ad-402d-83a4-6ef8a1492e54,2efbc294-1ce4-4148-a403-93fe6450d879,Author,James,Maguire
9ecbc25b-30ad-402d-83a4-6ef8a1492e54,,Author,Brit Ross,Winthereik
8d233dc5-33b6-43c8-bff6-80e363da585d,2efbc294-1ce4-4148-a403-93fe6450d879,Author,James,Maguire
1606cd04-dd29-402a-9d4f-c0c901f47370,2efbc294-1ce4-4148-a403-93fe6450d879,Author,James,Maguire
64dcae09-be57-4f9f-aede-c7c4fb2a1be5,2efbc294-1ce4-4148-a403-93fe6450d879,Author,James,Maguire
7180c79e-dfc6-451f-bc79-c5035f54e303,2efbc294-1ce4-4148-a403-93fe6450d879,Editor,James,Maguire
7180c79e-dfc6-451f-bc79-c5035f54e303,,Editor,Laura,Watts
7180c79e-dfc6-451f-bc79-c5035f54e303,,Editor,Brit Ross,Winthereik
930adacd-1206-4b8d-a12b-5858cf87ecf2,2efbc294-1ce4-4148-a403-93fe6450d879,Author,James,Maguire
474e051a-11e2-4844-b238-e139814aaaf5,2efbc294-1ce4-4148-a403-93fe6450d879,Author,James,Maguire
509f0788-ee6e-4a3d-8574-cfd8f85adfeb,2efbc294-1ce4-4148-a403-93fe6450d879,Author,James,Maguire
018590c2-e7a5-4026-978c-92e9e5828ffd,2efbc294-1ce4-4148-a403-93fe6450d879,Author,James,Maguire
018590c2-e7a5-4026-978c-92e9e5828ffd,,Author,Brit Ross,Winthereik
7ece3a23-4bec-48fb-942e-fd0427628ab3,2efbc294-1ce4-4148-a403-93fe6450d879,Author,James,Maguire
45fb9bf6-3fa8-4ced-babe-c8dcbef741cb,2efbc294-1ce4-4148-a403-93fe6450d879,Author,James,Maguire
a35213f0-e196-47bf-91c6-612441b4fe48,2efbc294-1ce4-4148-a403-93fe6450d879,Author,James,Maguire
a35213f0-e196-47bf-91c6-612441b4fe48,d55dab65-fffe-4da4-a383-cfcf5ee3a8cd,Author,Christopher,Gad
b5d43ba4-6b63-42cf-9198-4da02539a238,2efbc294-1ce4-4148-a403-93fe6450d879,Author,James,Maguire
a4029e9b-f5f8-427a-8976-4dbee9cc2ce2,2efbc294-1ce4-4148-a403-93fe6450d879,Author,James,Maguire
a4029e9b-f5f8-427a-8976-4dbee9cc2ce2,,Author,Cristina-Elena,Canureci
8628e2fa-03f2-4e5e-9d77-f641538a131e,2efbc294-1ce4-4148-a403-93fe6450d879,Author,James,Maguire
5b0ca6b7-c27a-45bd-a5f7-cca1f13629d9,2efbc294-1ce4-4148-a403-93fe6450d879,Author,James,Maguire
5b0ca6b7-c27a-45bd-a5f7-cca1f13629d9,,Author,Brit Ross,Winthereik
5b0ca6b7-c27a-45bd-a5f7-cca1f13629d9,,Author,Laura,Watts
dd404a59-75dd-4305-bf8f-175e87346c93,2efbc294-1ce4-4148-a403-93fe6450d879,Author,James,Maguire
5bc0546f-b977-48bc-9a2c-013097f28c14,2efbc294-1ce4-4148-a403-93fe6450d879,Author,James,Maguire
ff923926-c3c5-4b3d-9f25-b9502507bf86,2efbc294-1ce4-4148-a403-93fe6450d879,Author,James,Maguire
ff923926-c3c5-4b3d-9f25-b9502507bf86,,Author,Brit Ross,Winthereik
de887471-ee4d-40ed-8ead-9195047b0e81,2efbc294-1ce4-4148-a403-93fe6450d879,Author,James,Maguire
b82f5c7c-8891-4f8b-94ff-05012c978458,2efbc294-1ce4-4148-a403-93fe6450d879,Author,James,Maguire
b82f5c7c-8891-4f8b-94ff-05012c978458,5041f387-908f-4845-9f79-3a6dbd527f4b,Author,Michael,Hockenhull
b82f5c7c-8891-4f8b-94ff-05012c978458,3ad26d6b-4619-4a9f-a1b6-8424aab1dd52,Author,Tom,Jenkins
a9d604e0-351a-466e-a7c4-6999f350f1ba,2efbc294-1ce4-4148-a403-93fe6450d879,Author,James,Maguire
a9d604e0-351a-466e-a7c4-6999f350f1ba,5041f387-908f-4845-9f79-3a6dbd527f4b,Author,Michael,Hockenhull
a9d604e0-351a-466e-a7c4-6999f350f1ba,3ad26d6b-4619-4a9f-a1b6-8424aab1dd52,Author,Tom,Jenkins
85665027-ef13-4160-9df4-2dc372ba66ef,2efbc294-1ce4-4148-a403-93fe6450d879,Author,James,Maguire
5ef2369e-f96e-4ba3-8541-8b852b409fe9,2efbc294-1ce4-4148-a403-93fe6450d879,Author,James,Maguire
5ef2369e-f96e-4ba3-8541-8b852b409fe9,f11b0cc1-ad9f-4b12-b805-65b70e5bcd65,Author,Rachel,Douglas-Jones
35f1d3bd-525e-4799-89b6-27f23804b8b4,2efbc294-1ce4-4148-a403-93fe6450d879,Author,James,Maguire
a35d4807-cbfe-4631-afad-1b7572509efc,2efbc294-1ce4-4148-a403-93fe6450d879,Author,James,Maguire
43fc2add-91ea-4764-a872-a90bf4496154,2efbc294-1ce4-4148-a403-93fe6450d879,Author,James,Maguire
ffe70c4e-e709-4891-b97c-6f3525746491,,Author,Tobias,Mahlmann
ffe70c4e-e709-4891-b97c-6f3525746491,,Author,A.,Drachen
ffe70c4e-e709-4891-b97c-6f3525746491,,Author,A.,Canossa
ffe70c4e-e709-4891-b97c-6f3525746491,,Author,J.,Togelius
ffe70c4e-e709-4891-b97c-6f3525746491,,Author,G. N.,Yannakakis
f0441d57-0c75-483d-9ba4-474acd418795,,Author,Tobias,Mahlmann
f0441d57-0c75-483d-9ba4-474acd418795,,Author,Julian,Togelius
f0441d57-0c75-483d-9ba4-474acd418795,,Author,Georgios,Yannakakis
730b6bdc-1d89-45ea-81ba-b4b35d07e74d,,Author,Tobias,Mahlmann
730b6bdc-1d89-45ea-81ba-b4b35d07e74d,,Author,Julian,Togelius
730b6bdc-1d89-45ea-81ba-b4b35d07e74d,,Author,Georgios,Yannakakis
a3ee6823-f32d-4fd7-bc71-ca55ecb3ba5a,,Author,Tobias,Mahlmann
a3ee6823-f32d-4fd7-bc71-ca55ecb3ba5a,,Author,Julian,Togelius
a3ee6823-f32d-4fd7-bc71-ca55ecb3ba5a,,Author,Georgios N.,Yannakakis
3c5ced01-8828-4a08-a184-c82463b05f21,,Author,Tobias,Mahlmann
3c5ced01-8828-4a08-a184-c82463b05f21,,Author,Julian,Togelius
3c5ced01-8828-4a08-a184-c82463b05f21,,Author,Georgios N.,Yannakakis
35b3fb92-5c5f-48ef-bdba-4336682f14a2,,Author,Tobias,Mahlmann
9431fdaa-2b90-4784-9fb1-775f8dc576a9,,Author,Martina,Mahnke
294927f2-b19d-482a-9bb2-cada96482ad1,,Author,Martina,Mahnke
305164f0-c8ea-463b-ae54-c4ceec1ec15d,,Author,Martina,Mahnke
8b223849-a78f-471d-a667-1e0c945d5738,,Author,Martina,Mahnke
e81b8c0c-1881-4956-9b92-9a0b32e24d8c,,Author,Martina,Mahnke
e81b8c0c-1881-4956-9b92-9a0b32e24d8c,,Author,Sander Andreas,Schwartz
e81b8c0c-1881-4956-9b92-9a0b32e24d8c,1b45e3f5-b8cd-4c0d-a444-2901304f76ee,Author,Luca,Rossi
e5db8e2d-7a9d-4660-adf6-a68313c69324,,Author,Martina,Mahnke
e9be880f-45ad-4dcb-8d0f-c7f6f66bb319,,Author,Martina,Mahnke
e9be880f-45ad-4dcb-8d0f-c7f6f66bb319,,Author,Sander Andreas,Schwartz
fc7996da-e35e-43c1-b027-412c14aed93d,,Author,Martin,Zachariasen
da2bdbbc-b0d4-45bb-87e4-e1598d601816,,Author,Martin Tvede,Zachariasen
368a2f6c-366c-4bba-9fc0-37b1788c515f,1c4bfd79-4336-4b17-a672-9acb465f15c0,Author,Veronika,Cheplygina
5f290ba2-6580-47c7-83d5-c8a755f5c400,,Author,Christina,Neumayer
965b9291-068d-4e82-836d-ce4b04294c7d,,Author,Pernille ,Bjørn
f719fcab-6614-463a-9472-9044406da970,,Author,Vasiliki,Makrygianni
f719fcab-6614-463a-9472-9044406da970,,Author,Ahmad,Kamal
f719fcab-6614-463a-9472-9044406da970,1b45e3f5-b8cd-4c0d-a444-2901304f76ee,Author,Luca,Rossi
f719fcab-6614-463a-9472-9044406da970,443362d7-b255-460d-a559-0fa80a8d9fbc,Author,Vasilis,Galis
28081c41-1820-4116-8823-dd4405af7871,,Author,Aurélien,Tabard
254931ea-319e-446e-840f-5890104cf19f,b2b68ce2-6257-45bf-ab48-dc17d05c885e,Author,Jesper,Bengtson
b2c5d375-b31a-4c99-b261-968d791ae6f7,b7c1af22-ef9c-444e-a1d5-dfd1721d5a8d,Author,Yuri,Malitsky
29889930-24b6-11df-b794-000ea68e967b,,Author,Lone,Malmborg
0fd2f7ef-e212-47f0-a2fe-25860bcca96a,,Author,Lone,Malmborg
19001ca3-5eee-4ad9-8b75-5402a274e26e,,Editor,Lone,Malmborg
19001ca3-5eee-4ad9-8b75-5402a274e26e,,Editor,Tomas,Sokoler
19001ca3-5eee-4ad9-8b75-5402a274e26e,c90e23c6-5bf4-4d6f-97d8-b162b8a5b03e,Editor,Thomas,Binder
d483d1bc-c133-42d5-86d9-bd2b74ad318e,,Author,Lone,Malmborg
312cadd8-a1d0-4eb9-bcca-78b27d524a34,,Editor,Lone,Malmborg
312cadd8-a1d0-4eb9-bcca-78b27d524a34,,Editor,Thomas,Pederson
a9ada371-bc02-4c04-bab4-42aa44f56fff,,Author,Lone,Malmborg
7075ce7c-300b-412c-b544-eb5c01fd1795,,Author,Lone,Malmborg
ee2d16ce-c84e-428e-abb7-4e9eb266f83d,,Author,Lone,Malmborg
ee2d16ce-c84e-428e-abb7-4e9eb266f83d,f6921641-1f0a-4e24-a3a9-546e3927ab72,Author,Signe Louise,Yndigegn
6e845a26-f70c-49f9-96b0-cf281200e49a,,Author,Lone,Malmborg
01e41929-bb3a-4912-8d87-65ac34b974cd,,Author,Lone,Malmborg
881995ec-c572-4d20-9374-514e79291429,,Developer,Lone,Malmborg
29fe9b32-bc9b-42d4-b94b-838ea3f0a1ec,,Author,Lone,Malmborg
29fe9b32-bc9b-42d4-b94b-838ea3f0a1ec,1e0534b4-fe3e-4c5e-ad6d-5f1c7df6a14e,Author,Erik,Gronvall
29fe9b32-bc9b-42d4-b94b-838ea3f0a1ec,a4c1604d-b01f-46ef-baf3-74d2a8046d6b,Author,Jörn,Messeter
a58f1b20-fa27-42e4-b17c-37226b7fb89e,,Author,Lone,Malmborg
a58f1b20-fa27-42e4-b17c-37226b7fb89e,1e0534b4-fe3e-4c5e-ad6d-5f1c7df6a14e,Author,Erik,Gronvall
a58f1b20-fa27-42e4-b17c-37226b7fb89e,a4c1604d-b01f-46ef-baf3-74d2a8046d6b,Author,Jörn,Messeter
dbb1dfa1-70a4-4bb9-8c04-86a4e2d98bd4,,Author,Lone,Malmborg
a37cb8a1-f675-456e-8e60-08fb13948ef4,,Author,Lone,Malmborg
a37cb8a1-f675-456e-8e60-08fb13948ef4,f6921641-1f0a-4e24-a3a9-546e3927ab72,Author,Signe Louise,Yndigegn
f5827a74-2b19-4813-a5f0-a37b10097b07,,Author,Lone,Malmborg
f5827a74-2b19-4813-a5f0-a37b10097b07,c90e23c6-5bf4-4d6f-97d8-b162b8a5b03e,Author,Thomas,Binder
e0a579ea-81c7-4f27-8784-2a862056a094,e383647f-00d3-41b1-ad95-ff69bdfffb42,Author,Jichen,Zhu
a50da2aa-b7b1-4186-a714-8c1bca5bb060,a22e85da-82e3-410d-8ef1-31407362ba19,Author,Louise Harder,Fischer
36f67049-7904-433b-9842-1bcb6c8f45f3,73fc2a06-9951-4cb6-9263-2b72002c4340,Author,Konstantinos,Manikas
9bdf4d29-b023-4c68-84db-1b060fc8502e,,Author,Bassel,Mannaa
1bed90c2-9f6d-43dc-837d-d7687682859b,,Author,Bassel,Mannaa
1bed90c2-9f6d-43dc-837d-d7687682859b,10003d22-a201-4b64-88e3-b423bc76fcc2,Author,Rasmus Ejlers,Møgelberg
cd1f4806-d0b0-4622-9f7b-68b95fda7b46,10003d22-a201-4b64-88e3-b423bc76fcc2,Author,Rasmus Ejlers,Møgelberg
f75ceb39-bb6e-48a4-b904-5b555f4b25f9,25a5a0d6-404b-419c-9502-b246525617a2,Author,Laurens,Boer
eb2fd475-ffe7-440e-91f9-7f022772e80c,,Author,Ahmad,Ghazawneh
eb68302e-8971-4a19-bcf0-d841c1f7470e,,Author,Ahmad,Ghazawneh
646abe0a-8545-4de1-99de-c5d04e645e6f,1abda59f-c493-4824-a7b1-7470d66f08d1,Author,Stefan,Heinrich
e0da95de-e659-4ac1-9192-11e77f979d1c,,Author,Minna,Isomursu
9ea3a081-b390-4816-8040-447b18dd1ae2,ceef6d97-26fe-4163-9538-6685e98bce2e,Author,Daniel,Fürstenau
4874b4cb-d20c-4dd6-ad55-ca99cfaed687,2f4daeb6-5872-4c86-8f2d-5c5ffc3dd5fa,Author,Melissa Høegh,Marcher
4874b4cb-d20c-4dd6-ad55-ca99cfaed687,42147e05-f94c-471d-a889-c57a01e4bdd0,Author,Pawel,Grabarczyk
4874b4cb-d20c-4dd6-ad55-ca99cfaed687,1578b20c-b5d0-466f-b114-2582529ddc53,Author,Therese,Graversen
4874b4cb-d20c-4dd6-ad55-ca99cfaed687,47a94200-3abe-4354-b5e3-c8ef6f1ba1f2,Author,Claus,Brabrand
79acacd1-5d89-4471-8e7b-8e25aa1fdbc7,,Author,Jakob Eyvind,Bardram
64f951e6-36d3-4d75-aeec-42a8a3f071e3,,Author,Diako,Mardanbegi
64f951e6-36d3-4d75-aeec-42a8a3f071e3,5ad9c220-e37f-443a-8a31-fc4abf365db5,Author,Dan,Witzner Hansen
64f951e6-36d3-4d75-aeec-42a8a3f071e3,,Author,Thomas,Pederson
9d0ada2c-53d7-492e-8e90-6cee0dd9a8b1,,Inventor,Diako,Mardanbegi
9d0ada2c-53d7-492e-8e90-6cee0dd9a8b1,,Inventor,Shahram,Jalaliniya
9d0ada2c-53d7-492e-8e90-6cee0dd9a8b1,,Inventor,John Paulin,Hansen
c6b8502d-6bd1-46fe-a530-f5ea944fc191,,Inventor,Diako,Mardanbegi
c6b8502d-6bd1-46fe-a530-f5ea944fc191,5ad9c220-e37f-443a-8a31-fc4abf365db5,Inventor,Dan Witzner,Hansen
21208ecf-d58d-4dd2-9224-bef80c758a56,,Author,Diako,Mardanbeigi
21208ecf-d58d-4dd2-9224-bef80c758a56,5ad9c220-e37f-443a-8a31-fc4abf365db5,Author,Dan,Witzner Hansen
1badfa75-c57f-4b7e-8350-f02da7c7b623,,Author,Diako,Mardanbeigi
1badfa75-c57f-4b7e-8350-f02da7c7b623,5ad9c220-e37f-443a-8a31-fc4abf365db5,Author,Dan,Witzner Hansen
aa9772f7-c03d-470a-b234-9d7c1e5e9c3d,,Author,Diako,Mardanbeigi
aa9772f7-c03d-470a-b234-9d7c1e5e9c3d,5ad9c220-e37f-443a-8a31-fc4abf365db5,Author,Dan,Witzner Hansen
2bca4d1f-a217-4bbf-9023-312cbab2b51e,,Author,Diako,Mardanbeigi
2bca4d1f-a217-4bbf-9023-312cbab2b51e,5ad9c220-e37f-443a-8a31-fc4abf365db5,Author,Dan,Witzner Hansen
60c271e6-e1af-46d3-8015-63fe0cccb3d6,,Author,Diako,Mardanbeigi
60c271e6-e1af-46d3-8015-63fe0cccb3d6,5ad9c220-e37f-443a-8a31-fc4abf365db5,Author,Dan,Witzner Hansen
d5cf8b69-5f47-4996-95e8-8b794c8c2a84,,Author,Diako,Mardanbeigi
f1fae4ba-129d-4d14-a871-738516fd717f,,Author,Jes,Frellsen
f1fae4ba-129d-4d14-a871-738516fd717f,,Author,Jesper Illemann,Foldager
5cebd2c7-1705-41a5-912b-0b2d5111ff7e,8785f18a-1bf3-4c63-8d8b-d3e5d516ca40,Author,Payam,Zahadat
656238b0-bda3-457b-8494-944e86bde03c,8785f18a-1bf3-4c63-8d8b-d3e5d516ca40,Author,Payam,Zahadat
f41ab220-e3f0-11de-a523-000ea68e967b,,Author,Randi,Markussen
f43dca80-e3f0-11de-a523-000ea68e967b,,Author,Randi,Markussen
f4729620-e3f0-11de-a523-000ea68e967b,,Author,Randi,Markussen
f6a0c0c0-e3f0-11de-a523-000ea68e967b,,Author,R.,Markussen
f6c73480-e3f0-11de-a523-000ea68e967b,,Author,R.,Markussen
f6c73480-e3f0-11de-a523-000ea68e967b,,Editor,R.,Markussen
f7264470-e3f0-11de-a523-000ea68e967b,,Author,Randi,Markussen
f74a9550-e3f0-11de-a523-000ea68e967b,,Author,Randi,Markussen
f7710910-e3f0-11de-a523-000ea68e967b,,Author,Randi,Markussen
f8009ee0-e3f0-11de-a523-000ea68e967b,,Author,R.,Markussen
f8ae1cf0-e3f0-11de-a523-000ea68e967b,,Author,Randi,Markussen
f8e5a7b0-e3f0-11de-a523-000ea68e967b,,Author,R.,Markussen
f9193ad0-e3f0-11de-a523-000ea68e967b,,Author,Randi,Markussen
f945f020-e3f0-11de-a523-000ea68e967b,,Author,Randi,Markussen
f98765f0-e3f0-11de-a523-000ea68e967b,,Author,R.,Markussen
f9a79820-e3f0-11de-a523-000ea68e967b,,Author,R.,Markussen
f9ccfa70-e3f0-11de-a523-000ea68e967b,,Author,Randi,Markussen
f9ed53b0-e3f0-11de-a523-000ea68e967b,,Author,Randi,Markussen
fa302910-e3f0-11de-a523-000ea68e967b,,Author,Randi,Markussen
fa5c4220-e3f0-11de-a523-000ea68e967b,,Author,R.,Markussen
fa9f3e90-e3f0-11de-a523-000ea68e967b,,Author,Randi,Markussen
fab1dc30-e3f0-11de-a523-000ea68e967b,,Author,Randi,Markussen
fad40a30-e3f0-11de-a523-000ea68e967b,,Author,Randi,Markussen
6c2ebfe0-00e8-11df-a523-000ea68e967b,d55dab65-fffe-4da4-a383-cfcf5ee3a8cd,Author,Christopher,Gad
33e7717b-b824-47d0-b243-b760a4c11caa,,Author,Randi,Markussen
8d69b0ce-62fb-4007-948a-39ba83d93531,,Author,Randi,Markussen
8d69b0ce-62fb-4007-948a-39ba83d93531,,Author,Pernille ,Bjørn
e1a37a00-8ce3-4149-b7de-38490c8bd8d6,,Author,Randi,Markussen
e1a37a00-8ce3-4149-b7de-38490c8bd8d6,,Author,Lorena,Ronquillo
e1a37a00-8ce3-4149-b7de-38490c8bd8d6,1313519f-2074-41d6-8b79-589648e37211,Author,Carsten,Schürmann
b0460769-2268-408e-b7ff-6e7726d1fe33,0562500c-e9cb-43cf-9641-8775d47103cc,Author,Luiza Ribeiro,Marnet
6e4bc2e5-22ea-4926-ba31-1f92af0c1aff,,Author,Roman,Beck
4ef555a0-3f57-40d5-af91-8f2078c7f7db,,Author,Roman,Beck
c3a9f325-c14b-4a0b-b0fe-68580c9d39a1,805cae2a-3462-4130-88de-cc7d94aec0a5,Author,Vasiliki,Tsaknaki
e2135124-6262-4e82-a941-d10111b11ed1,,Author,Daniel,Cermak-Sassenrath
7c30f120-8865-4509-877f-7b791eca710c,,Author,Peter,Eklund
a68ffad7-06e2-4492-9030-393b290ed85e,,Author,Peter,Eklund
c757fbb3-5d94-49bd-9124-4b009ceeed9b,,Author,Peter,Eklund
f9023fbd-4e4d-4ca5-99d9-15a9e77c1e5d,,Author,Peter,Eklund
998070dd-c212-45ee-ae01-88590d1c9e43,,Author,Peter,Eklund
786a1c59-6561-4a12-94d6-945871790291,,Author,Peter,Eklund
7bb05c27-5cc7-44d4-823a-f63798baf420,,Author,Peter,Eklund
e66e1220-575a-11de-8664-000ea68e967b,,Author,Arnav Harish,Jhala
e66e1220-575a-11de-8664-000ea68e967b,,Author,Georgios N.,Yannakakis
1eccce80-575c-11de-8664-000ea68e967b,,Author,Georgios N.,Yannakakis
1eccce80-575c-11de-8664-000ea68e967b,,Author,Arnav Harish,Jhala
8802ac59-e9d8-4b49-8833-0cda294b4a89,,Author,Héctor Pérez,Martínez
8802ac59-e9d8-4b49-8833-0cda294b4a89,,Author,Georgios N.,Yannakakis
415061e5-62b8-4216-a596-740d2fb6a55c,,Author,Héctor P.,Martínez
415061e5-62b8-4216-a596-740d2fb6a55c,,Author,Georgios N.,Yannakakis
cbbcec20-e6d2-42d4-a4be-28f8b18310e8,,Author,Héctor Pérez,Martínez
cbbcec20-e6d2-42d4-a4be-28f8b18310e8,,Author,Georgios N.,Yannakakis
3ca82dae-04fb-4f4c-9c4a-e2ed2cd2745d,,Author,Héctor Pérez,Martínez
3ca82dae-04fb-4f4c-9c4a-e2ed2cd2745d,,Author,Georgios N.,Yannakakis
6ecac618-8c4a-4d28-92a9-7d4079b68e3e,,Author,Héctor Pérez,Martínez
6ecac618-8c4a-4d28-92a9-7d4079b68e3e,,Author,Georgios N.,Yannakakis
3f8d55b6-3a0c-41a0-812a-fb03b3908d87,,Author,Héctor Pérez,Martínez
8804f2e1-6956-4dc4-a873-1fef7583c294,,Author,Zeljko,Agic
312df004-c923-4ebe-abb4-c10b37023d6e,d5c3a434-36d5-4861-862d-3c5b3e332121,Author,Zoi ,Kaoudi
3398cfd0-8ec9-44be-8c47-8071ea1cd1c7,7208d996-d004-402b-b6f9-36294ff67fcc,Author,Safra Aurora Noelle,Martinussen
3398cfd0-8ec9-44be-8c47-8071ea1cd1c7,2fa5dc89-7d78-45d0-96c7-e8f39b78dd3e,Author,Anna,Vallgårda
21bf76dc-d39d-4faa-b9fe-5e5bc652adbd,528393a3-e784-47a8-85be-c81d44c393bd,Author,Sanna-Maria,Marttila
bb1491e8-ad02-43ae-831a-9cdee179a696,528393a3-e784-47a8-85be-c81d44c393bd,Author,Sanna-Maria,Marttila
bb1491e8-ad02-43ae-831a-9cdee179a696,70f3c85a-9cd2-40b4-bed9-5e2a75609421,Author,Sisse,Finken
ba927398-7587-4cb0-b3a4-bdeb86d09d89,528393a3-e784-47a8-85be-c81d44c393bd,Author,Sanna-Maria ,Marttila
ba927398-7587-4cb0-b3a4-bdeb86d09d89,a22e85da-82e3-410d-8ef1-31407362ba19,Author,Louise Harder,Fischer
ba927398-7587-4cb0-b3a4-bdeb86d09d89,06d038a4-f659-4c53-8a6d-58e295ab603f,Author,Sunniva ,Sandbukt
bdbc133b-c4e5-46e1-89b4-a51769422b1e,528393a3-e784-47a8-85be-c81d44c393bd,Author,Sanna-Maria ,Marttila
bdbc133b-c4e5-46e1-89b4-a51769422b1e,,Author,Joanna,Saad-Sulonen
bdbc133b-c4e5-46e1-89b4-a51769422b1e,,Author,Andrea,Botero
bdbc133b-c4e5-46e1-89b4-a51769422b1e,,Author,Giacomo,Poderi
1410fc0d-c20b-4663-b43c-be4ad7625fd1,b752c464-c7fb-4a52-a0c3-3b2d3db5d62f,Author,Gitte Bang,Stald
c1967cd0-9063-11dd-8006-000ea68e967b,,Author,Javier,San Agustin
c1967cd0-9063-11dd-8006-000ea68e967b,,Author,John Paulin,Hansen
33129b2f-dc60-4311-a547-6703837f5c80,9ba013db-4c4d-41dd-be12-dbe188f67f29,Author,Hanna Elina,Wirman
05b58b44-d7d9-4347-9916-dee4a40e209e,,Author,Pierre-Alexandre,Mattei
05b58b44-d7d9-4347-9916-dee4a40e209e,,Author,Jes,Frellsen
0d4e1a9b-48ca-468d-8bed-80970e27688c,,Author,Pierre-Alexandre,Mattei
0d4e1a9b-48ca-468d-8bed-80970e27688c,,Author,Jes,Frellsen
41eb43a3-a8ae-4b37-ade0-cbb9c4369caf,,Author,Pierre-Alexandre,Mattei
41eb43a3-a8ae-4b37-ade0-cbb9c4369caf,,Author,Jes,Frellsen
ddc67a58-5b21-4dd8-96ad-558b898984aa,,Author,Pierre-Alexandre,Mattei
ddc67a58-5b21-4dd8-96ad-558b898984aa,,Author,Jes,Frellsen
5a854426-667a-4abe-9b12-3e002b86c2cf,,Author,Stina,Matthiesen
5a854426-667a-4abe-9b12-3e002b86c2cf,,Author,Pernille ,Bjørn
5a854426-667a-4abe-9b12-3e002b86c2cf,,Author,Lise Møller,Petersen
0ade486e-0513-44a4-ba31-775763ce8bd6,,Author,Stina,Matthiesen
0ade486e-0513-44a4-ba31-775763ce8bd6,,Author,Pernille,Bjørn
e1775450-ace7-4205-9967-582eb03f14dc,,Author,Stina,Matthiesen
1eda8acf-a564-424b-b500-0396f51b8f8f,82f8ffa4-b7d6-490d-b3b4-2c68b79cd77a,Author,Megan,Maurer
60b4018a-53c0-44ac-b8c6-a408c8dede0d,82f8ffa4-b7d6-490d-b3b4-2c68b79cd77a,Author,Megan,Maurer
21f6bc4e-c9bd-4b40-aecd-dd47906f22bf,82f8ffa4-b7d6-490d-b3b4-2c68b79cd77a,Author,Megan,Maurer
cff3931a-19a8-49c3-b985-8bd612d7e270,82f8ffa4-b7d6-490d-b3b4-2c68b79cd77a,Author,Megan,Maurer
6614b90d-8d0d-4163-a16a-cb851b6109fe,82f8ffa4-b7d6-490d-b3b4-2c68b79cd77a,Author,Megan,Maurer
84f08f74-63a6-441d-960d-ac96b40f1d09,82f8ffa4-b7d6-490d-b3b4-2c68b79cd77a,Author,Megan,Maurer
53959f0c-b90c-4f43-8c74-b262093dcafb,82f8ffa4-b7d6-490d-b3b4-2c68b79cd77a,Author,Megan,Maurer
4da7af54-4ffb-4087-95d3-62cafc677473,82f8ffa4-b7d6-490d-b3b4-2c68b79cd77a,Author,Megan Lynn,Maurer
ee085409-c49f-4f6b-8ce4-2d2fca48a011,82f8ffa4-b7d6-490d-b3b4-2c68b79cd77a,Author,Megan Lynn,Maurer
e0bf9f22-5575-47b5-b4c2-f611fef58f73,82f8ffa4-b7d6-490d-b3b4-2c68b79cd77a,Performer,Megan Lynn,Maurer
3b8686f0-56a7-469a-a642-231ccaa80dac,82f8ffa4-b7d6-490d-b3b4-2c68b79cd77a,Author,Megan Lynn,Maurer
1c9f3b6e-b7a4-471e-b532-693c70b41c2f,831421c0-027f-4a25-b795-ee2fce0c8d2a,Author,Louise,Barkhuus
4e493c24-3dbd-4c94-8c79-00523f707fd2,,Author,Jakob,Bardram
4e493c24-3dbd-4c94-8c79-00523f707fd2,,Author,Mads,Frost
30a4f1b7-aef1-4471-91c0-b47d4863d875,,Author,Mads,Frost
33a95b97-f403-4841-be65-9a52034d1b59,90b501a9-4d44-460b-b193-4d7d524bb21b,Author,Michele ,Coscia
33c0c7ce-1045-4885-90c9-cc77e5528b53,,Author,Samuel,McCauley
33c0c7ce-1045-4885-90c9-cc77e5528b53,,Author,Jesper With,Mikkelsen
33c0c7ce-1045-4885-90c9-cc77e5528b53,,Author,Rasmus,Pagh
e8ad7917-4762-40df-930f-dd7ea5fcf067,,Author,Samuel,McCauley
e8ad7917-4762-40df-930f-dd7ea5fcf067,,Author,Francesco,Silvestri
c0875ef4-990f-47f7-9582-3d1b5eecc7fe,2575c800-642d-4984-9c56-41601cf07a26,Author,Søren,Knudsen
79bb42de-6b4a-45c3-907d-a26f0bd2e576,f30d35c6-4320-476f-8506-481764e6009e,Author,Peter,Kun
8d17395b-6fdc-4bdb-8c37-beee3a491289,,Author,Hannes,Mehnert
9c1fa042-71db-4399-a09b-3867987104a3,,Author,Hannes,Mehnert
4be1b628-1e32-4f2b-97b1-288b9f9a6f59,,Author,Hannes,Mehnert
35a9addf-75f0-40d3-aab1-4d3f23e265a1,,Author,Hannes,Mehnert
35a9addf-75f0-40d3-aab1-4d3f23e265a1,,Author,Filip,Sieczkowski
35a9addf-75f0-40d3-aab1-4d3f23e265a1,,Author,Lars,Birkedal
35a9addf-75f0-40d3-aab1-4d3f23e265a1,0ee7ba1e-3108-4db3-a908-97977980d032,Author,Peter,Sestoft
0d111f37-be85-4ab1-a121-44eefd9f2993,,Author,Hannes,Mehnert
f9eeac88-41f2-4918-88ae-54f4a136f9d2,e726f512-d3fd-4d89-962a-3aa9f532a52f,Author,Toine,Bogers
6a9af10e-057a-4909-aa7b-94efff001634,e726f512-d3fd-4d89-962a-3aa9f532a52f,Author,Toine,Bogers
c2c957cf-27f0-4219-8f3e-1ff4503cc15f,efa39e70-a80a-4780-b151-ba31b01726bb,Author,Per B.,Brockhoff
209b5e4b-29d4-43f9-98fe-bc27eb5f6788,efa39e70-a80a-4780-b151-ba31b01726bb,Author,Per B.,Brockhoff
f85dd3ec-ee27-4011-91b3-45a6bb299983,6aed9698-9a0c-4956-be0d-ec658bbfe09a,Author,Luca Maria,Aiello
afaf1120-02be-4469-9db9-00ab6d6c6fc8,cf6cfa0b-e3ac-4164-8de2-b956d8e23825,Author,Elisa,Mekler
7749d52e-b393-4385-8b12-f553415422ad,e726f512-d3fd-4d89-962a-3aa9f532a52f,Author,T.,Bogers
87690ab6-bf4e-4469-a637-7928dd15c45b,74a08deb-18e1-48d0-a86e-ed6675da92ab,Author,Christian,Østergaard Madsen
20107090-c831-4439-8ed3-5d30eebfb137,,Author,Jean,Melo
20107090-c831-4439-8ed3-5d30eebfb137,47a94200-3abe-4354-b5e3-c8ef6f1ba1f2,Author,Claus,Brabrand
20107090-c831-4439-8ed3-5d30eebfb137,a39b94ff-e1b6-4b96-8404-486167a9123d,Author,Andrzej,Wasowski
25affa62-4c95-4325-9b07-8173a2733515,,Author,Jean,Melo
25affa62-4c95-4325-9b07-8173a2733515,47a94200-3abe-4354-b5e3-c8ef6f1ba1f2,Author,Claus,Brabrand
25affa62-4c95-4325-9b07-8173a2733515,a39b94ff-e1b6-4b96-8404-486167a9123d,Author,Andrzej,Wasowski
a4084045-d9f6-4428-8d56-e1e4ca6ddadf,,Author,Jean,Melo
a4084045-d9f6-4428-8d56-e1e4ca6ddadf,,Author,Fabricio,Batista Narcizo
a4084045-d9f6-4428-8d56-e1e4ca6ddadf,5ad9c220-e37f-443a-8a31-fc4abf365db5,Author,Dan Witzner,Hansen
a4084045-d9f6-4428-8d56-e1e4ca6ddadf,47a94200-3abe-4354-b5e3-c8ef6f1ba1f2,Author,Claus,Brabrand
a4084045-d9f6-4428-8d56-e1e4ca6ddadf,a39b94ff-e1b6-4b96-8404-486167a9123d,Author,Andrzej,Wasowski
02091f37-226c-4140-a767-e02b716b370f,,Author,Jean,Melo
bd534949-9bf2-42ae-a626-aac82f1ac803,2575c800-642d-4984-9c56-41601cf07a26,Author,Søren,Knudsen
33abdf41-c4d8-4bae-9852-d907caafe5cd,d3b41838-e2bf-4735-b1cd-03f60b49c7e5,Author,Søren,Debois
33abdf41-c4d8-4bae-9852-d907caafe5cd,,Author,Tijs,Slaats
4bc53ae0-c6b5-11dd-867b-000ea68e967b,a39b94ff-e1b6-4b96-8404-486167a9123d,Author,Andrzej,Wasowski
d1cbe0a0-e4d5-11de-a523-000ea68e967b,a39b94ff-e1b6-4b96-8404-486167a9123d,Author,Andrzej,Wasowski
41a64d40-14b8-11df-a523-000ea68e967b,,Author,Elena,Nazzi
df2aa0f6-5450-4f4b-b797-da346ec278be,,Author,Shegaw Anagaw,Mengiste
46295fc4-2d97-46b4-83de-8ef02c4fe1b7,,Author,Shegaw Anagaw,Mengiste
35e6f0c9-5d62-42c0-8595-0388bdc0909c,,Author,Shegaw Anagaw,Mengiste
a1bc10fe-cc68-4f8c-9adf-5d615fd73fd9,,Author,Shegaw Anagaw,Mengiste
a1bc10fe-cc68-4f8c-9adf-5d615fd73fd9,,Author,Gitte,Tjørnehøj
00b2a215-9950-46b7-9eab-ef66c5efbe39,,Author,Joel Anthony,Lehman
3ae8a471-9418-461a-bfa7-b95c94579cea,02960d47-7677-4b2c-99d4-490a31fd6885,Author,Mircea,Lungu
3ae8a471-9418-461a-bfa7-b95c94579cea,fda8c630-1b0a-4910-ae2a-602850616275,Author,Christoph,Seidl
634992ae-decc-491f-b8bc-b4f28a8bc4e8,a420ffb3-2ca6-4925-a25f-baaa5228fc15,Author,Sebastian,Risi
f3f86f90-4cda-488e-bde3-33106f278eeb,,Author,Lucian,Leahu
91bfebc4-c7c2-480b-935d-d2bc37839d69,,Author,Alexander,Richter
926fcd79-ab01-4605-a54c-fb3150b5938f,a4c1604d-b01f-46ef-baf3-74d2a8046d6b,Author,Jörn,Messeter
3c32fd73-7d98-4496-87de-9da5471ae2f3,a4c1604d-b01f-46ef-baf3-74d2a8046d6b,Author,Jörn,Messeter
287e9300-2f2e-4c4b-856c-537cced17b47,a4c1604d-b01f-46ef-baf3-74d2a8046d6b,Author,Jörn,Messeter
531df553-3bb0-450b-be19-5b30106e22b0,a4c1604d-b01f-46ef-baf3-74d2a8046d6b,Author,Jörn,Messeter
5cb44e20-230d-4ac8-9ae6-60dc94f0facf,a4c1604d-b01f-46ef-baf3-74d2a8046d6b,Author,Jörn,Messeter
db1b930b-d6a6-4396-a608-be2aca4c46c6,a4c1604d-b01f-46ef-baf3-74d2a8046d6b,Author,Jörn,Messeter
360f8809-3440-45b8-8626-0feae99afecc,a4c1604d-b01f-46ef-baf3-74d2a8046d6b,Author,Jörn,Messeter
360f8809-3440-45b8-8626-0feae99afecc,1e0534b4-fe3e-4c5e-ad6d-5f1c7df6a14e,Author,Erik,Gronvall
360f8809-3440-45b8-8626-0feae99afecc,,Author,Lone,Malmborg
2ede923d-b1b8-4295-a1bc-4e7e619be0d0,,Author,Ingmar,Lippert
b474cea0-8288-11dd-b116-000ea68e967b,,Author,Jørgen,Staunstrup
e8c86569-6691-40c8-8ebd-b350b2457a54,b55a7155-5e64-4230-b7da-94f7872e9742,Author,Louie Søs,Meyer
e8c86569-6691-40c8-8ebd-b350b2457a54,e383647f-00d3-41b1-ad95-ff69bdfffb42,Author,Jichen,Zhu
36e89c8e-4de8-41b5-bd2b-cb15b82c34c9,b55a7155-5e64-4230-b7da-94f7872e9742,Author,Louie Søs,Meyer
36e89c8e-4de8-41b5-bd2b-cb15b82c34c9,,Author,Johanne,Engel Aaen
36e89c8e-4de8-41b5-bd2b-cb15b82c34c9,f30d35c6-4320-476f-8506-481764e6009e,Author,Peter,Kun
36e89c8e-4de8-41b5-bd2b-cb15b82c34c9,,Author,Matthias,Freiberger
36e89c8e-4de8-41b5-bd2b-cb15b82c34c9,a420ffb3-2ca6-4925-a25f-baaa5228fc15,Author,Sebastian,Risi
36e89c8e-4de8-41b5-bd2b-cb15b82c34c9,22ec9269-2fff-4dbf-a9c7-5037559a15ee,Author,Anders Sundnes,Løvlie
bb00e798-6231-4d2d-8052-9d0dd6f5debb,,Author,Joel Anthony,Lehman
a492a6d7-e0c3-44cf-9c82-fc664cb54812,47a94200-3abe-4354-b5e3-c8ef6f1ba1f2,Author,Claus,Brabrand
a492a6d7-e0c3-44cf-9c82-fc664cb54812,a39b94ff-e1b6-4b96-8404-486167a9123d,Author,Andrzej,Wasowski
86338fc3-9268-4ca6-8cd5-3fc5b34e1e04,efa39e70-a80a-4780-b151-ba31b01726bb,Author,Per B.,Brockhoff
b2743d79-e3e4-4fc2-afb7-c69cbdd49d50,,Author,Pernille,Kræmmergaard
66bed91a-be3d-4dcf-b8e0-d44d135a569c,,Author,Mogens Frank,Mikkelsen
8fe09eaf-7b24-48f7-9349-26f830c01946,cf6cfa0b-e3ac-4164-8de2-b956d8e23825,Author,Elisa,Mekler
c33d229f-bd5a-4d95-915f-f1591dbc85e0,8785f18a-1bf3-4c63-8d8b-d3e5d516ca40,Author,Payam,Zahadat
27b5f1ab-51c2-4804-9bc6-61cfadd96227,,Author,Magda,Pischetola
813258c8-6754-4ce9-b39c-ad2457c7a4ee,25a5a0d6-404b-419c-9502-b246525617a2,Author,Laurens,Boer
752dcf32-b11b-46df-be99-f4cb56cec337,25a5a0d6-404b-419c-9502-b246525617a2,Author,Laurens,Boer
a6ce207b-4593-46bf-8831-305e7803b3b5,,Author,Henrique Galvan,Debarba
21fa6245-7ff0-4e22-b19d-d249af43940a,,Author,Nino,Javakhishvili-Larsen
7235f03d-b8c2-4fed-8977-c0f1d2e574bc,,Author,Rasmus,Pagh
7235f03d-b8c2-4fed-8977-c0f1d2e574bc,,Author,Ninh Dang,Pham
c0b2e6b8-231a-4788-987c-989a27f401a4,,Author,Michael,Mitzenmacher
c0b2e6b8-231a-4788-987c-989a27f401a4,,Author,Rasmus,Pagh
739cf840-ebc3-11dd-8987-000ea68e967b,4d7fda5a-3cf4-4d39-9daf-1ae192b0e0e7,Author,Rune Møller,Jensen
4f436fe2-0c8b-4adb-9127-3f5c00cf76ea,5c50bbc9-ed3d-417f-ba4d-e484eaf536b3,Author,Alessandro,Bruni
ec78e00d-98d3-4329-b1f7-d025c95f62d4,c90e23c6-5bf4-4d6f-97d8-b162b8a5b03e,Author,Thomas,Binder
e2de70f0-caab-11dd-a259-000ea68e967b,10003d22-a201-4b64-88e3-b423bc76fcc2,Author,Rasmus Ejlers,Møgelberg
e2de70f0-caab-11dd-a259-000ea68e967b,,Author,Lars,Birkedal
c3678d50-e400-11de-a523-000ea68e967b,10003d22-a201-4b64-88e3-b423bc76fcc2,Author,Rasmus Ejlers,Møgelberg
acd8e790-e401-11de-a523-000ea68e967b,10003d22-a201-4b64-88e3-b423bc76fcc2,Author,Rasmus Ejlers,Møgelberg
d55533f7-b9d7-4bf7-be40-1a582f25e227,10003d22-a201-4b64-88e3-b423bc76fcc2,Author,Rasmus Ejlers,Møgelberg
5fc5fce4-a580-442f-abd7-7f4e15951dba,10003d22-a201-4b64-88e3-b423bc76fcc2,Author,Rasmus Ejlers,Møgelberg
5fba4290-cfac-4c4e-8c4e-99602234dbe0,10003d22-a201-4b64-88e3-b423bc76fcc2,Author,Rasmus Ejlers,Møgelberg
dcc555ad-37e3-42f8-aaa5-710cec13f290,10003d22-a201-4b64-88e3-b423bc76fcc2,Author,Rasmus Ejlers,Møgelberg
9f43501b-4ff8-467c-8206-696f703df855,10003d22-a201-4b64-88e3-b423bc76fcc2,Author,Rasmus Ejlers,Møgelberg
9f43501b-4ff8-467c-8206-696f703df855,,Author,Lars,Birkedal
9f43501b-4ff8-467c-8206-696f703df855,,Author,Rasmus Lerchedal,Petersen
f4fea7ba-990e-43e5-8b13-1fba96715ae4,10003d22-a201-4b64-88e3-b423bc76fcc2,Author,Rasmus Ejlers,Møgelberg
f56951ce-4b87-414e-91de-b450c537d1de,10003d22-a201-4b64-88e3-b423bc76fcc2,Author,Rasmus Ejlers,Møgelberg
f56951ce-4b87-414e-91de-b450c537d1de,,Author,Lars,Birkedal
546f6f33-2233-4826-9340-8ea23a1abe6c,10003d22-a201-4b64-88e3-b423bc76fcc2,Author,Rasmus Ejlers,Møgelberg
80608fb7-0d82-4e01-9f69-9926d3a48bbe,10003d22-a201-4b64-88e3-b423bc76fcc2,Author,Rasmus Ejlers,Møgelberg
0314c1ef-dd20-49bc-a526-88709800e685,10003d22-a201-4b64-88e3-b423bc76fcc2,Author,Rasmus Ejlers,Møgelberg
32413b30-15af-47bf-8d2b-0404f2125f43,10003d22-a201-4b64-88e3-b423bc76fcc2,Author,Rasmus Ejlers,Møgelberg
28772cd0-3568-41ff-905a-887b454434a2,10003d22-a201-4b64-88e3-b423bc76fcc2,Author,Rasmus Ejlers,Møgelberg
0bec11f9-a1a3-44ae-b317-91978e3f24a9,10003d22-a201-4b64-88e3-b423bc76fcc2,Author,Rasmus Ejlers,Møgelberg
e9c72644-2f84-4456-8467-8ec411cf10e1,10003d22-a201-4b64-88e3-b423bc76fcc2,Author,Rasmus Ejlers,Møgelberg
e9c72644-2f84-4456-8467-8ec411cf10e1,,Author,Marco,Paviotti
5c14d286-5208-49af-afd8-56e30301a05f,10003d22-a201-4b64-88e3-b423bc76fcc2,Author,Rasmus Ejlers,Møgelberg
5179a55e-5c0b-418b-85fc-c9300e8f1361,10003d22-a201-4b64-88e3-b423bc76fcc2,Author,Rasmus Ejlers,Møgelberg
5179a55e-5c0b-418b-85fc-c9300e8f1361,,Author,Andrea,Vezzosi
9e6f517e-e22d-4f4a-b4d2-1b03468eea26,10003d22-a201-4b64-88e3-b423bc76fcc2,Author,Rasmus Ejlers,Møgelberg
a09af03e-3469-4ed5-88f7-84c2925aaadd,10003d22-a201-4b64-88e3-b423bc76fcc2,Author,Rasmus Ejlers,Møgelberg
a09af03e-3469-4ed5-88f7-84c2925aaadd,,Author,Lars,Birkedal
64acbbdd-194d-489a-a3b3-fdfe2b0430bd,10003d22-a201-4b64-88e3-b423bc76fcc2,Author,Rasmus Ejlers,Møgelberg
64acbbdd-194d-489a-a3b3-fdfe2b0430bd,,Author,Lars,Birkedal
5ffdfce1-f80f-404a-a106-0c9edc674b53,10003d22-a201-4b64-88e3-b423bc76fcc2,Author,Rasmus Ejlers,Møgelberg
5ffdfce1-f80f-404a-a106-0c9edc674b53,4634ce05-3fcb-49ca-89c7-080955f450e8,Author,Maaike Annebet,Zwart
6156f58d-1608-4343-8792-47d1a33d86c8,10003d22-a201-4b64-88e3-b423bc76fcc2,Author,Rasmus Ejlers,Møgelberg
6156f58d-1608-4343-8792-47d1a33d86c8,4634ce05-3fcb-49ca-89c7-080955f450e8,Author,Maaike Annebet,Zwart
7e86f013-1163-4abb-840e-b6d9e022b89c,10003d22-a201-4b64-88e3-b423bc76fcc2,Editor,Rasmus Ejlers,Møgelberg
7adf6b36-1897-420c-8fbe-886273e79531,9504265d-0046-4e58-b529-256a656c012d,Author,Christian,Hardmeier
706880c2-6fdc-4d7a-94b0-d1a3cdf87c83,1abda59f-c493-4824-a7b1-7470d66f08d1,Author,Stefan,Heinrich
71dbf0d1-3867-4698-b749-f96bed423d03,fea53dc2-758b-4dc3-962c-68e0b52d2925,Author,Mahya,Mohammadi Kashani
78ed94dd-58f3-4e94-a723-b8207de56878,fea53dc2-758b-4dc3-962c-68e0b52d2925,Author,Mahya,Mohammadi Kashani
78ed94dd-58f3-4e94-a723-b8207de56878,1abda59f-c493-4824-a7b1-7470d66f08d1,Author,Stefan,Heinrich
78ed94dd-58f3-4e94-a723-b8207de56878,a39b94ff-e1b6-4b96-8404-486167a9123d,Author,Andrzej,Wasowski
2528d627-4e2c-4958-8341-8c22c96e0e66,1ee9fda3-cb4e-4c06-82b1-7e248c20a700,Author,Willem,van der Maden
4bda7166-5a03-4333-9aea-d2270880ba82,54728da8-274d-40e6-b119-23318d995721,Editor,Hanne Westh,Nicolajsen
044f3f60-d026-11dd-a259-000ea68e967b,,Author,John Paulin,Hansen
27548dd0-e5ce-11de-a523-000ea68e967b,,Author,Emilie,Møllenbach
27548dd0-e5ce-11de-a523-000ea68e967b,,Author,John Paulin,Hansen
0a306a24-d663-4151-a4d6-9e631154ce53,,Author,Emilie,Møllenbach
0a306a24-d663-4151-a4d6-9e631154ce53,,Author,John Paulin,Hansen
09c9cdd1-5b77-4986-b514-2ac72aa35635,,Author,Emilie,Møllenbach
09c9cdd1-5b77-4986-b514-2ac72aa35635,,Author,John Paulin,Hansen
b0a47354-999a-49f9-bc09-dbfff66e4236,,Author,Emilie,Møllenbach
7981d4e0-e890-11de-a523-000ea68e967b,,Author,Naja Holten,Møller
7981d4e0-e890-11de-a523-000ea68e967b,,Author,Pernille,Bjørn
ccb06021-af25-4de4-be75-475afe6c3b64,,Author,Naja Holten ,Møller
ccb06021-af25-4de4-be75-475afe6c3b64,d55dab65-fffe-4da4-a383-cfcf5ee3a8cd,Author,Christopher,Gad
83e8913a-e41c-46f8-9ec9-70a4c8216c00,,Author,Naja Holten ,Møller
5bbfb7b8-c0ed-4863-a9d9-8e9e70bc30b8,,Author,Naja Holten ,Møller
5bbfb7b8-c0ed-4863-a9d9-8e9e70bc30b8,,Author,Pernille ,Bjørn
9bf1a950-0737-4f47-a3cc-712b1ab70f0d,,Author,Pernille,Kræmmergaard
0775d7f9-31f5-491e-9630-b4e0377f5e0e,,Author,Pernille,Kræmmergaard
35b62da2-33b8-4de1-a8fe-745eb0a1a8d6,,Author,Pernille,Kræmmergaard
f9853383-86be-4122-9994-4a1b94781df2,,Author,Pernille,Kræmmergaard
c84a3191-1048-410b-aa19-19f2a41bdd19,,Author,Pernille,Kræmmergaard
f3cce7db-a40d-42a0-ac88-0c2da71aed4c,,Author,Pernille,Kræmmergaard
5c082f89-8abb-4ae6-82c6-ca93f376cc73,,Author,Kristian,Møller
3757fdfa-4827-407d-905f-4d969c703e67,,Author,Kristian,Møller
abbca104-4ce1-4fed-86c4-ccefcffa0ae8,,Author,Kristian,Møller
932972d4-3e30-4e23-b599-a27aa39299c5,,Author,Kristian,Møller
7cdb6820-31a5-4f62-b6d0-3dece2e34cae,,Author,Kristian,Møller
c0fb3f36-662f-48cf-b381-c8086dc6553c,,Author,Kristian,Møller
9c83552a-1f3a-4a56-972e-fc528168cb18,,Author,Kristian,Møller
8cf9dcda-1626-4354-8b18-c51a4c5ee31f,,Author,Naja Holten,Møller
8cf9dcda-1626-4354-8b18-c51a4c5ee31f,,Author,Irina,Shklovski
cde62a82-8f40-48eb-bbb9-3f56933c67bc,,Author,Kristian,Møller
5dc9b1c0-ca7a-4eaf-88eb-4e60bea6ddff,,Author,Kristian,Møller
fad91eeb-f530-4fec-a2c8-dcd176719138,,Author,Kristian,Møller
a4b8c1ef-bd87-463b-a6a5-10faadbec283,8e5f2a6c-c817-4a90-b48b-d9171743ad0f,Author,Rob,van der Goot
a4b8c1ef-bd87-463b-a6a5-10faadbec283,f073ebac-704d-4236-9206-d1d2ef2be9c3,Author,Barbara,Plank
b3c32f73-e7ea-4736-ae9c-751af5be9888,,Author,Kristian,Møller
80275c40-24e3-462f-8d1a-a62824023c49,,Author,Kristian,Møller
30aff8b3-c1ad-4b26-b7f3-61b69aa3c5f4,07251d01-c63e-448b-84f2-6e9e128ae147,Author,Anders Giovanni,Møller
30aff8b3-c1ad-4b26-b7f3-61b69aa3c5f4,6aed9698-9a0c-4956-be0d-ec658bbfe09a,Author,Luca Maria,Aiello
a8a7f576-5e8f-4e70-932e-0f8a14feff0e,07251d01-c63e-448b-84f2-6e9e128ae147,Author,Anders Giovanni,Møller
a8a7f576-5e8f-4e70-932e-0f8a14feff0e,f09e1c90-dbb8-4379-9905-0086e71503d4,Author,Arianna,Pera
a8a7f576-5e8f-4e70-932e-0f8a14feff0e,6aed9698-9a0c-4956-be0d-ec658bbfe09a,Author,Luca Maria,Aiello
81af42c0-655c-4bbe-a611-27974d3a4915,,Author,Alexander,Richter
e4f94770-5791-11de-8664-000ea68e967b,,Inventor,Richard,Ling
6b632fd1-b6f9-4a51-9d25-8c90dfde469f,,Author,Fabrizio,Montesi
59bafbc6-a6bb-4d7a-96f2-ed793e959338,,Author,Fabrizio,Montesi
59bafbc6-a6bb-4d7a-96f2-ed793e959338,9027b41a-4159-4db7-9ddd-8fc8f41f1fb3,Author,Marco,Carbone
4286f4dc-bfab-4be1-aa4e-0992b7c2cf75,,Author,Fabrizio,Montesi
5ede2150-0e05-4f17-be95-49aa1d9716ff,,Author,Fabrizio,Montesi
f8f0012f-a836-4fc3-b29d-699bba3320bf,,Author,Fabrizio,Montesi
2011dfe1-befa-41ce-aeb4-391d53738528,,Author,Fabrizio,Montesi
7f63291c-f080-4d0e-ab9d-f971ebaf509b,8999b149-c410-4fd7-882f-9be2e31a4fe8,Author,Lucía,Montesinos
f4b27c41-80c3-4a4f-aa9b-41866214f073,8999b149-c410-4fd7-882f-9be2e31a4fe8,Author,Lucía,Montesínos
f4b27c41-80c3-4a4f-aa9b-41866214f073,82a68906-d29e-47d3-9b30-ab8c6e916283,Author,Halfdan Hauch,Jensen
f4b27c41-80c3-4a4f-aa9b-41866214f073,22ec9269-2fff-4dbf-a9c7-5037559a15ee,Author,Anders,Løvlie
b7531ccc-7d89-43cd-b9ea-63cdc1b8838c,8999b149-c410-4fd7-882f-9be2e31a4fe8,Author,Lucia,Montesinos Garcia
b7531ccc-7d89-43cd-b9ea-63cdc1b8838c,22ec9269-2fff-4dbf-a9c7-5037559a15ee,Author,Anders Sundnes,Løvlie
b7531ccc-7d89-43cd-b9ea-63cdc1b8838c,82a68906-d29e-47d3-9b30-ab8c6e916283,Author,Halfdan Hauch,Jensen
132b0f23-0637-4dd4-a1ac-fd1055d691c9,6aed9698-9a0c-4956-be0d-ec658bbfe09a,Author,Luca Maria,Aiello
413b551d-605e-4bb9-9eda-76910d6f80d4,,Author,Jose,Abdelnour-Nocera
9048fef4-a343-4822-8399-1ed4da83836d,,Author,Henriette,Moos
d3c1f134-21db-4ee9-9bfc-065caff6f748,,Author,Henriette,Moos
ccb1b62b-c152-4fff-a511-7baf435e30b5,,Author,Henriette,Moos
a1d459be-fe5a-4c84-80b9-28352e54b6bb,,Author,Henriette,Moos
3e7d6050-e4d3-11de-a523-000ea68e967b,,Author,Julian,Togelius
f7dd51d0-e4d4-11de-a523-000ea68e967b,,Author,Julian,Togelius
ce9828cb-e2f1-4da0-aa23-e7da40a6bcba,f2136570-f73c-446f-9fb0-6d9e461e2124,Author,Yvonne,Dittrich
0b048036-c2c2-4d60-8214-a6d8139f7977,d05daa00-c3d6-4a89-ba14-cfd1847fb0cc,Author,Raúl Pardo,Jimenez
b6a85780-8173-4d32-b9ee-1f47a10f784e,41da2096-dc8b-44c2-93ad-6473e220f85e,Author,Justyna,Starostka
45896aaf-ddc7-43df-befa-710f004bd4fd,5c54c44a-9eaa-4a97-a78a-e853dc73e9d9,Author,Rodrigo, Moreno
45896aaf-ddc7-43df-befa-710f004bd4fd,7dd48cfe-3069-4563-bef4-ef661c18387a,Author,Andres,Faina
3ef876ab-33f2-4831-9df7-36273ad39522,7dd48cfe-3069-4563-bef4-ef661c18387a,Author,Andres,Faiña
3ef876ab-33f2-4831-9df7-36273ad39522,2a9c0934-98ca-4101-b829-b88d77f6487e,Author,Kasper,Støy
523a6687-b39a-4189-985b-e207e1bda62b,,Author,Frank,Veenstra
523a6687-b39a-4189-985b-e207e1bda62b,7dd48cfe-3069-4563-bef4-ef661c18387a,Author,Andres,Faina
b524a1de-ae2d-417b-bd3e-2154ae0516c4,7dd48cfe-3069-4563-bef4-ef661c18387a,Author,Andres,Faina
018e2706-2538-4f93-b976-d849903103aa,7dd48cfe-3069-4563-bef4-ef661c18387a,Author,Andres,Faina
fadaa143-138d-4902-a755-2623c62e8ec8,5c54c44a-9eaa-4a97-a78a-e853dc73e9d9,Author,Rodrigo,Moreno
fadaa143-138d-4902-a755-2623c62e8ec8,7dd48cfe-3069-4563-bef4-ef661c18387a,Author,Andres,Faina
24f06edd-5cc5-44e1-87c9-d1b89216b13e,5c54c44a-9eaa-4a97-a78a-e853dc73e9d9,Author,Rodrigo,Moreno
24f06edd-5cc5-44e1-87c9-d1b89216b13e,7dd48cfe-3069-4563-bef4-ef661c18387a,Author,Andres,Faina
24f06edd-5cc5-44e1-87c9-d1b89216b13e,2a9c0934-98ca-4101-b829-b88d77f6487e,Author,Kasper,Støy
ba32949d-33d8-4d5b-9c8a-82a1c3b08824,5c54c44a-9eaa-4a97-a78a-e853dc73e9d9,Author,Rodrigo,Moreno Garcia
ba32949d-33d8-4d5b-9c8a-82a1c3b08824,,Author,Ceyue,Liu
ba32949d-33d8-4d5b-9c8a-82a1c3b08824,7dd48cfe-3069-4563-bef4-ef661c18387a,Author,Andres,Faina
05457a1a-9df4-406a-92fd-7da8f84088de,5c54c44a-9eaa-4a97-a78a-e853dc73e9d9,Author,Rodrigo,Moreno Garcia
05457a1a-9df4-406a-92fd-7da8f84088de,,Author,Ceyue,Liu
05457a1a-9df4-406a-92fd-7da8f84088de,7dd48cfe-3069-4563-bef4-ef661c18387a,Author,Andres,Faina
e5cd08bd-4283-4371-9ce7-8136ed8975fd,,Author,Sebastian Martin,Möring
074a8eb7-ebe0-4f2b-b272-abab23f3d785,,Author,Sebastian Martin,Möring
89556ffe-e27a-4386-a1cf-64f6b0d3553e,,Author,Sebastian Martin,Möring
9f37a1b9-fb90-4f74-9b85-84d5c848c41e,6b81fcf4-173e-4e8b-86d6-2c9e7b4320c6,Author,Jon,Aaen
6579baa7-60c3-4d15-b58b-5961bace6def,,Author,Lone,Malmborg
6579baa7-60c3-4d15-b58b-5961bace6def,5ad9c220-e37f-443a-8a31-fc4abf365db5,Author,Dan,Witzner Hansen
87ff6101-14dc-45d5-9767-3e0f30fc1cfb,b2431f12-bff1-4a97-af68-defe62b81aee,Author,Karl,Werder
0e363f73-a68d-4ddb-a5b1-276489355e36,b2431f12-bff1-4a97-af68-defe62b81aee,Author,Karl,Werder
8c4ab49d-1a77-43f1-a3e0-0738fce6a375,b2431f12-bff1-4a97-af68-defe62b81aee,Author,Karl,Werder
9f790309-ecaf-4350-9b5e-8930a0096a8f,a420ffb3-2ca6-4925-a25f-baaa5228fc15,Author,Sebastian,Risi
a667d512-1289-4491-8aab-619afaafe99d,,Author,Torill Elvira,Mortensen
8c570ab3-bcaa-48e8-a988-625453271a9d,,Author,Torill Elvira,Mortensen
a489df1b-3105-467c-ab21-79b6af45f06d,,Author,Torill Elvira,Mortensen
aa369e43-2f01-4a77-831d-f89a90d58b00,,Author,Torill Elvira,Mortensen
91c84619-c6fc-4aa9-8856-5fd5cad997c4,,Author,Torill Elvira,Mortensen
c996cefd-48c8-4d18-a999-a7f73b8207be,,Author,Torill Elvira,Mortensen
fd7c76a7-bd25-4042-8b3d-723aecc3ba19,,Author,Torill Elvira,Mortensen
da22cf38-c8b8-4bff-a695-30e1eadf84b7,,Author,Torill,Mortensen
da22cf38-c8b8-4bff-a695-30e1eadf84b7,,Author,Rasmus Ryom,Nørholm
ca55f7cf-89da-4d32-9bc3-ee5e8797f332,,Author,Torill,Mortensen
8a5a84f0-6a58-467c-919b-fac9663684f0,,Author,Torill,Mortensen
3e2fa7ac-f4ca-41f4-83b8-af81b936fb78,,Author,Torill Elvira,Mortensen
82bedc22-1845-4836-a830-72d4d31bfaad,,Editor,Torill Elvira,Mortensen
df421826-94d8-4c6c-8068-08e2ca1e1f6e,,Author,Torill,Mortensen
76405ffa-7d2a-4a72-9ccc-2aba46baa7e5,,Author,Torill Elvira,Mortensen
1bba7133-5a68-44f0-8312-a294d4e8ef03,,Author,Torill Elvira,Mortensen
b7dde92b-90cb-4cb0-87b1-16aa8fc38055,,Author,Torill,Mortensen
66feb64f-6a35-4423-8c48-59a68e6b03ec,,Editor,Christina,Neumayer
cb02fe79-3d3a-4151-b88d-25e9fd46aeb2,,Author,Christian Hviid,Mortensen
0e639236-bd93-43e3-aa4e-2844b4a1e0b1,,Author,Christian Hviid,Mortensen
254c3de0-5b55-44fb-a3c2-621b31a22e69,,Author,Christian Hviid,Mortensen
32159f53-adf6-463c-9fc1-ee43b83a644a,,Author,Christian Hviid,Mortensen
b0085303-303a-4e39-9c7e-6a156385e47f,,Author,Christian Hviid,Mortensen
63aedece-3ec7-4b76-8dc5-fa38826927f9,,Author,Christian Hviid,Mortensen
7cb9d2c6-0e36-4512-a9f0-29b43b5123de,,Author,Christian Hviid,Mortensen
2d59e46e-7c94-4f2e-a7c4-b01eeb537bc8,,Author,Christian Hviid,Mortensen
d1148d37-f5ef-491b-a1dd-5bfb6b628ab0,,Author,Christian Hviid,Mortensen
28266cb1-7ccc-4f35-a99f-2a34e4c2f353,,Author,Christian Hviid,Mortensen
5fbe4774-2cb4-4047-8e3c-53c3447e7061,,Author,Christian Hviid,Mortensen
26cfc18e-e75c-4b11-a7db-3714610bff78,,Author,Christian Hviid,Mortensen
2cd9ea18-cf15-48a8-aefa-588bc23359bd,,Author,Christian Hviid,Mortensen
8eab9f27-3ae1-4c5d-972d-736549e8472b,,Author,Christian Hviid,Mortensen
492bfb8a-7798-4397-a86c-befeb79f942e,,Author,Christian Hviid,Mortensen
34a57691-fc26-4fd1-b587-05f7e05f367c,,Author,Christian Hviid,Mortensen
fa726738-b29a-4ce5-92ff-89441183283d,,Author,Christian Hviid,Mortensen
f78b005a-80dc-4bd8-aa07-6dbf23853cc6,,Author,Christian Hviid,Mortensen
b19af1d1-5e92-48d1-999d-453ccae9397b,,Author,Christian Hviid,Mortensen
2103deee-1d68-4f16-8d61-fe87e504a542,,Editor,Torill,Mortensen
87144a0e-1db0-48a1-b6a7-a086f27841fb,,Author,Torill,Mortensen
adaa1547-560e-4cf4-8532-af93e6e768ac,,Author,Torill,Mortensen
f349361a-539a-4398-9b9e-2c6f0ed1e408,,Author,Torill,Mortensen
f349361a-539a-4398-9b9e-2c6f0ed1e408,,Author,Víctor,Navarro-Remesal
2ade13ef-577c-4863-ac50-e8bba7121713,,Author,Christian Hviid,Mortensen
d74e9b73-01fb-4523-96b5-c59367957406,,Author,Christian Hviid,Mortensen
8b444233-2294-47c0-afd5-9c76e63b6a8f,,Author,Christian Hviid,Mortensen
8b444233-2294-47c0-afd5-9c76e63b6a8f,,Author,Anne Rørbæk,Olesen
8b444233-2294-47c0-afd5-9c76e63b6a8f,22ec9269-2fff-4dbf-a9c7-5037559a15ee,Author,Anders Sundnes,Løvlie
5ea44757-b510-4015-92ad-a7f5e5c3069e,,Author,Christian Hviid,Mortensen
5ea44757-b510-4015-92ad-a7f5e5c3069e,22ec9269-2fff-4dbf-a9c7-5037559a15ee,Author,Anders Sundnes,Løvlie
54b343c9-ff82-47de-90b3-2e4a114bf477,,Author,Torill Elvira,Mortensen
6eda4aad-aae8-4ed8-8d10-e3d422969595,,Author,Torill Elvira,Mortensen
a84f6ca8-55ed-40d5-b635-6035885933e0,,Author,Torill Elvira,Mortensen
8e79019f-cf37-4125-bdb7-3858cc4ef0f5,,Author,Christian Hviid,Mortensen
8e79019f-cf37-4125-bdb7-3858cc4ef0f5,,Author,Anne Rørbæk,Olesen
8e79019f-cf37-4125-bdb7-3858cc4ef0f5,22ec9269-2fff-4dbf-a9c7-5037559a15ee,Author,Anders Sundnes,Løvlie
572486f7-41e7-482e-91fd-8792c8bb7160,,Author,Anne Rørbæk,Olesen
572486f7-41e7-482e-91fd-8792c8bb7160,22ec9269-2fff-4dbf-a9c7-5037559a15ee,Author,Anders Sundnes,Løvlie
7a1c3eb8-e625-4558-a470-4fab19d3838e,,Author,Christian Hviid,Mortensen
399b9e20-f2c2-11dd-8987-000ea68e967b,,Editor,Sara,Mosberg Iversen
72143bcb-c577-492a-a218-575b1aecfe8e,,Author,Sara,Mosberg Iversen
5825b6b1-669c-4219-9ce9-a5b0ad3cc5bf,ceef6d97-26fe-4163-9538-6685e98bce2e,Author,Daniel,Fürstenau
da3ce003-84a4-4e4d-8678-07f019e2a0eb,1dbd1112-eb47-4406-936c-6807e8845610,Author,Oksana,Kulyk
407481d3-a5b1-41a7-a173-9cbc8cc91e07,410df04c-bc1d-4cd3-9726-c35469ddab8c,Author,Aske,Mottelson
7353bfad-13d8-4f40-a1e3-9f3a49456b3a,410df04c-bc1d-4cd3-9726-c35469ddab8c,Author,Aske,Mottelson
8146c828-55df-405b-a4bc-f605ac0271a2,410df04c-bc1d-4cd3-9726-c35469ddab8c,Author,Aske,Mottelson
90a2fc3d-e8bf-4531-a471-81bd117857ca,410df04c-bc1d-4cd3-9726-c35469ddab8c,Author,Aske,Mottelson
8857a49b-16ca-45ad-989c-bb618a2d4bc7,410df04c-bc1d-4cd3-9726-c35469ddab8c,Author,Aske,Mottelson
a43e7937-064f-45ab-aa74-89553e64db29,410df04c-bc1d-4cd3-9726-c35469ddab8c,Author,Aske,Mottelson
1b31aba3-0a71-4d89-8369-fbf30bc682c3,410df04c-bc1d-4cd3-9726-c35469ddab8c,Author,Aske,Mottelson
32751457-66b3-420c-8d2d-69e0ffc02d94,410df04c-bc1d-4cd3-9726-c35469ddab8c,Author,Aske,Mottelson
3a152ca1-22d6-4306-92e2-f9d9c9c8786b,410df04c-bc1d-4cd3-9726-c35469ddab8c,Author,Aske,Mottelson
97270991-4f9e-43eb-856d-30b06c256643,410df04c-bc1d-4cd3-9726-c35469ddab8c,Author,Aske,Mottelson
f5d9b8dd-0952-4d4b-8e55-33c22a03f559,410df04c-bc1d-4cd3-9726-c35469ddab8c,Author,Aske,Mottelson
1df8e96f-d1ce-4ce7-a315-e68e714fe881,5d525d5b-71fe-4055-a345-87fc1ddeacbd,Author,Andreas Geert,Motzfeldt
1df8e96f-d1ce-4ce7-a315-e68e714fe881,9504265d-0046-4e58-b529-256a656c012d,Author,Christian,Hardmeier
1df8e96f-d1ce-4ce7-a315-e68e714fe881,c40e1e8a-50ee-4a7c-b7f0-2fc0fdd62adc,Author,Anna,Rogers
88a4b566-53a9-43d4-b568-a8876799ce13,,Author,Minna,Isomursu
31797d5e-f023-4eed-a470-6c3fcfc3ad90,,Author,Iman,Elghandour
7cae1448-8df4-40bf-922e-829a5cab4062,2ef641d0-bd79-425b-8b12-b58d74b993ae,Author,Michael,Szell
12d9afb7-0831-4785-9a78-97d7f2211e0a,7dd2f4fa-dd14-4676-8f1a-f719f213f64f,Author,Eduard,Kamburjan
e4946ad9-3a31-436b-bba8-7432a45b517d,,Author,Dag,Svanaes
9a14469f-94b8-427d-b117-b3abb8309872,,Author,Christoph,Mueller-Bloch
9a14469f-94b8-427d-b117-b3abb8309872,3dac6e0e-2770-4c5e-b32a-d7750523516f,Author,Jonas Valbjørn,Andersen
9a14469f-94b8-427d-b117-b3abb8309872,,Author,Jason,Spasovski
9010ced0-8c5c-4a54-bfa5-5a566285c1d3,,Author,Martin,Zachariasen
d4b4f860-f386-11dd-9b71-000ea68e967b,,Author,Raghava Rao,Mukkamala
d4b4f860-f386-11dd-9b71-000ea68e967b,d30b96a8-4f1e-44fa-9bf5-0209bedf0268,Author,Thomas,Hildebrandt
2fa34274-5eaf-4078-86d5-8c8084850e68,,Author,Raghava Rao,Mukkamala
2fa34274-5eaf-4078-86d5-8c8084850e68,d30b96a8-4f1e-44fa-9bf5-0209bedf0268,Author,Thomas,Hildebrandt
5d14ba30-75b1-41c8-85b3-27a9016b8829,,Author,Raghava Rao,Mukkamala
5eb2a334-ce06-4f07-a70a-75f418ce42d3,,Author,Raghava Rao,Mukkamala
5eb2a334-ce06-4f07-a70a-75f418ce42d3,d30b96a8-4f1e-44fa-9bf5-0209bedf0268,Author,Thomas,Hildebrandt
5eb2a334-ce06-4f07-a70a-75f418ce42d3,,Author,Tijs,Slaats
152e003f-a6e4-4b9a-8f41-0c2d4c1c60c9,,Author,Raghava Rao,Mukkamala
152e003f-a6e4-4b9a-8f41-0c2d4c1c60c9,d30b96a8-4f1e-44fa-9bf5-0209bedf0268,Author,Thomas,Hildebrandt
152e003f-a6e4-4b9a-8f41-0c2d4c1c60c9,,Author,Tijs,Slaats
b195f972-3b78-4ec6-ab5b-8c8e61693b17,,Author,Raghava Rao,Mukkamala
5fdefe83-be06-43c0-b995-71fdff69be4a,,Author,Raghava Rao,Mukkamala
5e4625ce-480e-45e6-af42-04c95b557de0,,Author,Alivelu Manga,Mukkamala
5e4625ce-480e-45e6-af42-04c95b557de0,,Author,Roman,Beck
91e0ffde-0acf-4b24-a871-ebd52a43ce8d,,Author,Alivelu Manga,Mukkamala
91e0ffde-0acf-4b24-a871-ebd52a43ce8d,,Author,Roman,Beck
a116304d-04c3-4cc9-8202-ab4c1cee7afb,,Author,Alivelu Manga,Mukkamala
a38b0b26-b9a1-41a2-9ee8-7e1060bcfc58,,Author,Alivelu Manga,Mukkamala
a38b0b26-b9a1-41a2-9ee8-7e1060bcfc58,,Author,Roman,Beck
f77e6097-8666-4252-a3a6-b4d04ebcce1f,,Author,Alivelu Manga,Mukkamala
f77e6097-8666-4252-a3a6-b4d04ebcce1f,,Author,Roman,Beck
a32df8c4-5606-418f-8191-a93fe555f85d,,Author,Alivelu Manga,Mukkamala
a32df8c4-5606-418f-8191-a93fe555f85d,,Author,Roman,Beck
4bef0f5a-63eb-40cd-9e92-38f8e11ed011,,Author,Alivelu Manga,Mukkamala
4bef0f5a-63eb-40cd-9e92-38f8e11ed011,,Author,Roman,Beck
e7666e93-408d-416f-8be9-48c54962f45b,,Author,Raghava Rao,Mukkamala
fed9e03d-077a-466c-a9b6-5ac83a98f710,,Author,Alivelu Manga,Mukkamala
e30f5a0d-f494-45fb-874e-a69043a4bab8,,Author,Hugo,Mulder
264858eb-22c6-4050-ae46-d67bfc7f8578,,Author,Hugo,Mulder
80a2dcdf-da66-4adc-aadd-10e5fae23707,,Author,Aaron,Mullane
80a2dcdf-da66-4adc-aadd-10e5fae23707,,Author,Jarmo Matti,Laaksolahti
80a2dcdf-da66-4adc-aadd-10e5fae23707,,Author,Dag,Svanæs
b693833a-1ec0-40fe-a691-02a8312518de,,Author,Pernille,Kræmmergaard
ad09cea5-e1a2-4ce3-addf-2fa09b90875c,,Author,Pernille,Kræmmergaard
abc478f1-f409-4b18-bb3f-478658580c04,,Author,Oliver,Müller
fee49abb-2bf4-49c6-90da-e8ed187318a4,,Author,Oliver,Müller
c0ca8d86-10bb-4f55-ad02-a10c22105ff1,,Author,Oliver,Müller
7d971fdf-9a75-488a-995b-1ad64ecf2049,,Author,Oliver,Müller
89eb7b4c-f5f4-4655-8130-af7de35e14db,,Author,Oliver,Müller
7ef3c2e2-7d3c-43ee-8c86-c03604f0e669,,Author,Christoph,Müller-Bloch
22eb058d-5ac9-45c0-ae9a-cdb74fd972c1,,Author,Christoph,Müller-Bloch
fe230527-afc8-4790-9836-d655c593487f,523ffd96-f3b2-49cc-8f24-dc9215b84bed,Author,Maximilian,Müller-Eberstein
fe230527-afc8-4790-9836-d655c593487f,8e5f2a6c-c817-4a90-b48b-d9171743ad0f,Author,Rob,van der Goot
fe230527-afc8-4790-9836-d655c593487f,f073ebac-704d-4236-9206-d1d2ef2be9c3,Author,Barbara,Plank
7445d80a-9dcc-4fb9-b121-25ea8a2a39d5,523ffd96-f3b2-49cc-8f24-dc9215b84bed,Author,Maximilian,Müller-Eberstein
7445d80a-9dcc-4fb9-b121-25ea8a2a39d5,8e5f2a6c-c817-4a90-b48b-d9171743ad0f,Author,Rob,van der Goot
7445d80a-9dcc-4fb9-b121-25ea8a2a39d5,f073ebac-704d-4236-9206-d1d2ef2be9c3,Author,Barbara,Plank
74713f2b-fbea-4388-a796-1ef84d9b40fd,523ffd96-f3b2-49cc-8f24-dc9215b84bed,Author,Max,Müller-Eberstein
74713f2b-fbea-4388-a796-1ef84d9b40fd,8e5f2a6c-c817-4a90-b48b-d9171743ad0f,Author,Rob,van der Goot
74713f2b-fbea-4388-a796-1ef84d9b40fd,f073ebac-704d-4236-9206-d1d2ef2be9c3,Author,Barbara,Plank
c3f1a928-3782-4d3f-a30e-59ec83e46639,523ffd96-f3b2-49cc-8f24-dc9215b84bed,Author,Max,Müller-Eberstein
c3f1a928-3782-4d3f-a30e-59ec83e46639,8e5f2a6c-c817-4a90-b48b-d9171743ad0f,Author,Rob,van der Goot
c3f1a928-3782-4d3f-a30e-59ec83e46639,f073ebac-704d-4236-9206-d1d2ef2be9c3,Author,Barbara,Plank
a5b26161-9bcc-460d-982a-e5fd517726e3,523ffd96-f3b2-49cc-8f24-dc9215b84bed,Author,Max,Müller-Eberstein
a5b26161-9bcc-460d-982a-e5fd517726e3,8e5f2a6c-c817-4a90-b48b-d9171743ad0f,Author,Rob,van der Goot
a5b26161-9bcc-460d-982a-e5fd517726e3,f073ebac-704d-4236-9206-d1d2ef2be9c3,Author,Barbara,Plank
e6753ce1-9058-48ac-ac10-c35f9e03aae8,523ffd96-f3b2-49cc-8f24-dc9215b84bed,Author,Max,Müller-Eberstein
e6753ce1-9058-48ac-ac10-c35f9e03aae8,8e5f2a6c-c817-4a90-b48b-d9171743ad0f,Author,Rob,van der Goot
e6753ce1-9058-48ac-ac10-c35f9e03aae8,f073ebac-704d-4236-9206-d1d2ef2be9c3,Author,Barbara,Plank
249596f4-ee63-4dc6-8ba9-fdd8d027f69a,523ffd96-f3b2-49cc-8f24-dc9215b84bed,Author,Max,Müller-Eberstein
9bd878df-c949-4b51-b8cf-9fee43994fc6,523ffd96-f3b2-49cc-8f24-dc9215b84bed,Author,Max,Müller-Eberstein
39488485-b9dc-4aab-b098-1a00f4ad5114,523ffd96-f3b2-49cc-8f24-dc9215b84bed,Author,Max,Müller-Eberstein
39488485-b9dc-4aab-b098-1a00f4ad5114,78a992d3-b8eb-4fd6-8a5e-18c464d0b254,Author,Mike,Zhang
39488485-b9dc-4aab-b098-1a00f4ad5114,c6b67626-5ff8-4730-93a6-70ee08f6013e,Author,Elisa,Bassignana
39488485-b9dc-4aab-b098-1a00f4ad5114,d21db1f2-9a89-4611-8077-e06e89985faa,Author,Peter Brunsgaard,Trolle
39488485-b9dc-4aab-b098-1a00f4ad5114,8e5f2a6c-c817-4a90-b48b-d9171743ad0f,Author,Rob,van der Goot
5cbe7861-e985-4e15-a68d-b3761946b950,523ffd96-f3b2-49cc-8f24-dc9215b84bed,Author,Max,Müller-Eberstein
5cbe7861-e985-4e15-a68d-b3761946b950,8e5f2a6c-c817-4a90-b48b-d9171743ad0f,Author,Rob Van Der,Goot
5cbe7861-e985-4e15-a68d-b3761946b950,c40e1e8a-50ee-4a7c-b7f0-2fc0fdd62adc,Author,Anna,Rogers
bdadc6e8-85bc-4dff-a4b2-49c3710a1238,,Author,Oliver,Müller
5d24a104-9781-4802-b389-d3214db8b2c0,,Author,Oliver,Müller
0dd08723-a60e-4259-a375-bb57fc3a962b,0e2c06ee-d065-4477-93e1-d5ccf2f48fec,Author,Fiona Bríd ,Mulvey
0dd08723-a60e-4259-a375-bb57fc3a962b,,Author,Gian David,Perrone
824c8334-480a-43aa-aa55-80cecba06d14,0e2c06ee-d065-4477-93e1-d5ccf2f48fec,Author,Fiona Bríd ,Mulvey
05797bb2-42c2-4938-99f6-c746aa5f78ec,410b0cad-d9fe-48d8-9edc-56ad6eb9c43b,Author,Ratish,Puduppully
65147cb0-e35d-43ca-8ff6-964f925041a5,410b0cad-d9fe-48d8-9edc-56ad6eb9c43b,Author,Ratish,Puduppully
f7c050ab-171b-4e12-b4ed-e019cd17b339,3ec363e3-83f0-4dd8-9b2d-b87a7d34dc55,Author,Eleni Tzirita,Zacharatou
84d0d095-c69f-49d4-a5c6-6113f785dd73,,Author,Brit Ross,Winthereik
494d4082-cae2-48c3-a993-7381c219cc28,,Author,Georgios N.,Yannakakis
494d4082-cae2-48c3-a993-7381c219cc28,0e2c06ee-d065-4477-93e1-d5ccf2f48fec,Author,Fiona,Mulvey
494d4082-cae2-48c3-a993-7381c219cc28,5ad9c220-e37f-443a-8a31-fc4abf365db5,Author,Dan Witzner,Hansen
0c9afc3c-c093-4d78-a791-72247edb925c,,Author,Matthew,Skala
fab178d8-90f9-4175-8fdf-7e9bf7726bee,4398dfd4-2627-4dbb-9ef1-de133b87f57f,Author,Elizabete,Munzlinger
fab178d8-90f9-4175-8fdf-7e9bf7726bee,,Author,Fabricio,Batista Narcizo
fab178d8-90f9-4175-8fdf-7e9bf7726bee,5ad9c220-e37f-443a-8a31-fc4abf365db5,Author,Dan Witzner,Hansen
6f18da92-0b85-47a9-aa52-a0d346aa2c43,4398dfd4-2627-4dbb-9ef1-de133b87f57f,Author,Elizabete,Munzlinger
6f18da92-0b85-47a9-aa52-a0d346aa2c43,5ad9c220-e37f-443a-8a31-fc4abf365db5,Author,Dan Witzner,Hansen
17c1b533-a92f-43f7-be35-42b1b294322d,,Author,Agata Anna,Murawska
d690c587-d28c-498c-9699-e982a48a0f37,2fa5dc89-7d78-45d0-96c7-e8f39b78dd3e,Author,Anna,Vallgårda
16af6681-d76f-4a8f-8ee8-d9f111f6c0fe,8e5f2a6c-c817-4a90-b48b-d9171743ad0f,Author,Rob,van der Goot
dd3ac9fb-a984-42af-ae8d-ed0e047dd290,,Author,Luis Fernando,Laris Pardo
dd3ac9fb-a984-42af-ae8d-ed0e047dd290,,Author,Alessandro,Canossa
dd3ac9fb-a984-42af-ae8d-ed0e047dd290,e383647f-00d3-41b1-ad95-ff69bdfffb42,Author,Jichen,Zhu
910869e6-7da5-487d-ab3d-e66a33ded291,,Author,Ingmar,Lippert
dcefcc09-d77e-4b63-8f9e-7283743f8f24,6aed9698-9a0c-4956-be0d-ec658bbfe09a,Author,Luca Maria,Aiello
5ee6e8ce-0959-4df5-9a37-7ac1d641e58e,,Author,Irina,Shklovski
7c6196af-f05b-4c26-b855-7da0edb8d6e1,,Author,Christoph,Müller-Bloch
7c6196af-f05b-4c26-b855-7da0edb8d6e1,,Author,Roman,Beck
08cf9f84-7b4e-4e8a-906f-e3aeafcae045,efa39e70-a80a-4780-b151-ba31b01726bb,Author,Per B.,Brockhoff
11da793f-10b4-4b9f-91b5-3a588e27fd01,,Author,Arun,Nagargoje
11da793f-10b4-4b9f-91b5-3a588e27fd01,,Author,Tomas,Sokoler
feca28c7-54e5-4244-b4fe-584121284301,,Author,Arun,Nagargoje
feca28c7-54e5-4244-b4fe-584121284301,,Author,Tomas,Sokoler
578239a8-be66-427f-a9b0-0e5383d76f0e,,Author,Per Rådberg,Nagbøl
de4fb60d-97d0-4e82-bfc7-bef93b5c9954,,Author,Per Rådberg,Nagbøl
de4fb60d-97d0-4e82-bfc7-bef93b5c9954,f14f4742-c9d8-4a34-b8e2-d713c3a1f437,Author,Oliver,Krancher
c4561376-6ebb-414e-ba3e-02afae912cce,,Author,Per Rådberg,Nagbøl
c4561376-6ebb-414e-ba3e-02afae912cce,f14f4742-c9d8-4a34-b8e2-d713c3a1f437,Author,Oliver,Krancher
6e21f067-f015-40d2-a6d4-8147b7e1ac1d,,Author,Per Rådberg,Nagbøl
6e21f067-f015-40d2-a6d4-8147b7e1ac1d,f14f4742-c9d8-4a34-b8e2-d713c3a1f437,Author,Oliver,Krancher
32958c45-d0cf-47d4-b30b-34742500224f,,Performer,Per Rådberg,Nagbøl
579a992a-9152-4df8-98a2-9b62446b7914,,Author,Per Rådberg,Nagbøl
b6be272a-9932-4578-9880-a1c7aa03220f,98a59a44-499e-4a6e-a8e8-24211f117b23,Author,Elias,Najarro
b6be272a-9932-4578-9880-a1c7aa03220f,a420ffb3-2ca6-4925-a25f-baaa5228fc15,Author,Sebastian,Risi
099e48ae-434e-48d0-ad58-ec423e84d5d1,98a59a44-499e-4a6e-a8e8-24211f117b23,Author,Elias,Najarro
099e48ae-434e-48d0-ad58-ec423e84d5d1,b4a6e67f-0caa-4faf-a136-bf77496f3659,Author,Shyam,Sudhakaran
099e48ae-434e-48d0-ad58-ec423e84d5d1,f2b81a70-1d6c-42d1-a3b5-1d4338be4b8c,Author,Claire,Glanois
099e48ae-434e-48d0-ad58-ec423e84d5d1,a420ffb3-2ca6-4925-a25f-baaa5228fc15,Author,Sebastian,Risi
64fc45cd-4f71-4b75-a3dd-833b32125ca2,98a59a44-499e-4a6e-a8e8-24211f117b23,Author,Elias,Najarro
64fc45cd-4f71-4b75-a3dd-833b32125ca2,a420ffb3-2ca6-4925-a25f-baaa5228fc15,Author,Sebastian,Risi
64fc45cd-4f71-4b75-a3dd-833b32125ca2,b4a6e67f-0caa-4faf-a136-bf77496f3659,Author,Shyam,Sudhakaran
b6c1e074-b040-442c-95e7-1a4627ff506b,9ba013db-4c4d-41dd-be12-dbe188f67f29,Author,Hanna Elina,Wirman
b7f1c19a-9247-4f8a-83d2-f5f87aaed54f,9ba013db-4c4d-41dd-be12-dbe188f67f29,Author,Hanna Elina,Wirman
70768715-7cbf-462d-80f7-28355a652694,9ba013db-4c4d-41dd-be12-dbe188f67f29,Author,Hanna Elina,Wirman
34eabba0-3ae4-430c-b5cd-f003f77cc3cc,25a5a0d6-404b-419c-9502-b246525617a2,Author,Laurens,Boer
9e396ccd-2598-4233-bbaf-e454f38cad15,cf5e1d64-5489-4534-ba34-8dba5fd354a6,Author,Paolo,Burelli
e09c6260-897f-11dd-8006-000ea68e967b,,Author,Lars,Birkedal
be7d2b50-caad-11dd-a259-000ea68e967b,,Author,Lars,Birkedal
392d6c37-9381-4622-a0dd-878a39865cb6,db64c222-0674-4eab-9f09-7f9ea1c483e3,Author,Vedran,Sekara
790463c0-e880-4be4-9e15-39b716c4df56,,Author,Martin,Zachariasen
07c44538-b5fc-4ae4-9651-960854c430c0,,Author,John,Gøtze
07356a06-901c-4e10-8a4f-e3f8dd86cf67,,Author,John,Gøtze
e398efec-792a-409e-9c89-009dcca86917,,Author,John,Gøtze
45bc1e65-aa5f-4a65-ba44-81c969457852,,Author,John,Gøtze
f657c493-a219-4d1b-8774-cb3849edcec3,,Author,John,Gøtze
fe2d1620-289b-4010-b5d6-561f235d908f,,Author,John,Gøtze
ca370155-c92a-424e-be89-38e1897affea,2ef641d0-bd79-425b-8b12-b58d74b993ae,Author,Michael,Szell
e6a27962-b104-4e15-bdb5-5f4fb2a474ba,2ef641d0-bd79-425b-8b12-b58d74b993ae,Author,Michael,Szell
c51ff3bb-636b-47e8-b9a8-c2871dbe44c6,,Editor,Martin Tvede,Zachariasen
0f42ac35-d6d5-4db7-b9b5-f345f1bc4df9,,Author,Javier,San Agustin
cfc396b1-ecd6-4547-bf4f-0f42232bdd76,,Author,Jes,Frellsen
d560cfb8-661b-463d-b6d9-0cdd09c0a7f7,,Author,Nino,Javakhishvili-Larsen
3388ea7b-b584-4791-b826-6b78a6f14c1e,,Author,Dag,Svanæs
15dd0b11-71b4-45cc-909d-a672ffcaf54f,7dd48cfe-3069-4563-bef4-ef661c18387a,Author,Andres,Faina
ea878efa-4f8c-48c3-bcfe-9a4e4e72d680,7dd48cfe-3069-4563-bef4-ef661c18387a,Author,Andres,Faina
744cb4ad-57ec-45ec-9c72-28cd0f3ad357,7dd48cfe-3069-4563-bef4-ef661c18387a,Author,Andres,Faina
ed1c415a-2f97-4097-bbc7-6708260392a2,7dd48cfe-3069-4563-bef4-ef661c18387a,Author,Andres,Faina
1bef4c99-eedb-49dd-a52b-5146bd96112d,7dd48cfe-3069-4563-bef4-ef661c18387a,Author,Andres,Faina
5dbe850a-089a-403e-ab41-cef4b0670ec1,7dd48cfe-3069-4563-bef4-ef661c18387a,Author,Andres,Faina
1db25f84-0704-4dc7-a40d-3492bc6dd20f,7dd48cfe-3069-4563-bef4-ef661c18387a,Author,Andres,Faina
51ebdf06-2954-4067-9216-aa92aba0a28d,7dd48cfe-3069-4563-bef4-ef661c18387a,Author,Andres,Faina
d006b050-2e91-4ba4-904f-d6aa62bb90a4,7dd48cfe-3069-4563-bef4-ef661c18387a,Author,Andres,Faina
705da74f-7399-46e1-9719-a25006b34a9c,7dd48cfe-3069-4563-bef4-ef661c18387a,Author,Andrés,Faiña
5a9a2bd0-14ba-11df-a523-000ea68e967b,,Author,Elena,Nazzi
606554f8-ed80-4b76-8d2f-560914f6fe95,,Author,Elena,Nazzi
606554f8-ed80-4b76-8d2f-560914f6fe95,,Author,Naveen L.,Bagalkot
606554f8-ed80-4b76-8d2f-560914f6fe95,,Author,Tomas,Sokoler
febc05e2-fc33-410f-bd09-7527cce0b3fc,,Author,Elena,Nazzi
febc05e2-fc33-410f-bd09-7527cce0b3fc,,Author,Tomas,Sokoler
1869b34c-2bf9-41f8-b7ea-2e94ec8b92e3,,Author,Elena,Nazzi
1869b34c-2bf9-41f8-b7ea-2e94ec8b92e3,,Author,Naveen L.,Bagalkot
1869b34c-2bf9-41f8-b7ea-2e94ec8b92e3,,Author,Arun,Nagargoje
1869b34c-2bf9-41f8-b7ea-2e94ec8b92e3,,Author,Tomas,Sokoler
41311846-1f3d-4dbe-a221-2f8af75db109,,Author,Elena,Nazzi
41311846-1f3d-4dbe-a221-2f8af75db109,,Author,Tomas,Sokoler
a0057689-4328-47e0-8048-20dcede32631,,Author,Tomas,Sokoler
af1ea8e6-20b9-4072-a1ca-7979126dd16f,c90e23c6-5bf4-4d6f-97d8-b162b8a5b03e,Author,Thomas,Binder
2ac53fc4-79fb-4fac-b6cb-fc31fc8b636a,b2431f12-bff1-4a97-af68-defe62b81aee,Author,Karl,Werder
6ee74762-9c83-4c66-8df1-15f1756498d3,,Author,Farzad,Nejatimoharrami
6ee74762-9c83-4c66-8df1-15f1756498d3,7dd48cfe-3069-4563-bef4-ef661c18387a,Author,Andres,Faina
6ee74762-9c83-4c66-8df1-15f1756498d3,2a9c0934-98ca-4101-b829-b88d77f6487e,Author,Kasper,Støy
d05519fb-36c3-4664-86ac-dd6a107433d6,,Author,Farzad,Nejatimoharrami
d05519fb-36c3-4664-86ac-dd6a107433d6,7dd48cfe-3069-4563-bef4-ef661c18387a,Author,Andres,Faina
d05519fb-36c3-4664-86ac-dd6a107433d6,2a9c0934-98ca-4101-b829-b88d77f6487e,Author,Kasper,Støy
d35ec374-f477-4f94-a6be-11fa893a86d3,,Author,Farzad,Nejatimoharrami
d35ec374-f477-4f94-a6be-11fa893a86d3,7dd48cfe-3069-4563-bef4-ef661c18387a,Author,Andres,Faina
d35ec374-f477-4f94-a6be-11fa893a86d3,2a9c0934-98ca-4101-b829-b88d77f6487e,Author,Kasper,Støy
bc363a50-a4b8-41de-af02-cf584ff04c6b,,Author,Farzad,Nejatimoharrami
bc363a50-a4b8-41de-af02-cf584ff04c6b,7dd48cfe-3069-4563-bef4-ef661c18387a,Author,Andres,Faina
bc363a50-a4b8-41de-af02-cf584ff04c6b,2a9c0934-98ca-4101-b829-b88d77f6487e,Author,Kasper,Støy
63dda4bb-3138-4112-be4f-fdf188eeed5a,,Author,Farzad,Nejatimoharrami
81b14ee7-b803-4152-902c-81be7f9d4990,831421c0-027f-4a25-b795-ee2fce0c8d2a,Author,Louise,Barkhuus
514d3656-df85-4956-8376-b4d44d0215a5,,Author,Mark Jason,Nelson
1158121d-5b99-4c35-a22d-c2d7db74c87e,,Author,Mark Jason,Nelson
83d3b295-fa9f-485f-8af6-2b34ba0ed728,,Author,Mark Jason,Nelson
a32b715b-a31f-4941-ab80-a0e4ae102f60,8949ca8c-746d-4a53-b816-ec9ebf06764c,Author,Olivia,Harre
a32b715b-a31f-4941-ab80-a0e4ae102f60,,Author,Luca,Simeone
a32b715b-a31f-4941-ab80-a0e4ae102f60,1052b289-f510-4c5a-9662-2db48c12ebc2,Author,Lene,Nielsen
758169fb-391e-435c-8441-75bfe63b6e52,,Author,Christina ,Neumayer
477ed993-b5a3-415c-b5ec-1ddc2a8044b3,,Author,Christina ,Neumayer
b034a027-88c5-4915-9d3f-86392685d447,,Author,Christina ,Neumayer
5256bc41-0759-4df6-9066-58fcf9190a01,,Author,Christina ,Neumayer
9830d2e6-94df-4f98-a047-de79f45ce110,,Author,Christina ,Neumayer
b010a4a1-2706-4813-b173-e68bf1edf9bf,,Author,Christina ,Neumayer
b010a4a1-2706-4813-b173-e68bf1edf9bf,b752c464-c7fb-4a52-a0c3-3b2d3db5d62f,Author,Gitte Bang,Stald
1924a16f-1b89-41e0-ab4e-5c7f45b4300d,,Author,Christina ,Neumayer
1924a16f-1b89-41e0-ab4e-5c7f45b4300d,,Author,Bjarki,Valtysson
9f7430cd-06d7-4afd-b62b-4eb30a128e5e,,Author,Christina ,Neumayer
40bcba48-d7b1-4357-b53b-ef1aac9a7ee4,,Author,Christina ,Neumayer
1b101d99-6c76-486d-8617-6e848fed596a,,Author,Christina ,Neumayer
bfca06af-2dce-45e8-a3d4-ba8d1eac2eb2,,Author,Christina,Neumayer
0a8b55cd-9ba4-4d71-9297-931ed1052bcf,,Author,Christina,Neumayer
e5b36431-b09c-49ae-bd3b-96972311b8f7,,Author,Christina,Neumayer
1bf4a5ff-f6a0-4733-8f47-fce24ea9cbb2,,Author,Christina,Neumayer
1bf4a5ff-f6a0-4733-8f47-fce24ea9cbb2,b752c464-c7fb-4a52-a0c3-3b2d3db5d62f,Author,Gitte Bang,Stald
04317fe2-61aa-4ea2-8bf7-da96dbfbf93e,,Author,Christina,Neumayer
143b38ac-3363-40db-aa2e-013a6d043c44,,Author,Christina,Neumayer
12dc2d0a-2704-4391-a1aa-fec125836499,,Author,Christina,Neumayer
12dc2d0a-2704-4391-a1aa-fec125836499,1b45e3f5-b8cd-4c0d-a444-2901304f76ee,Author,Luca,Rossi
12dc2d0a-2704-4391-a1aa-fec125836499,3d49de50-0620-46fe-ae15-53b12dfb8649,Author,Björn,Karlsson
1c36d3f6-e19e-4a0e-91a8-3ee52171e277,,Author,Christina,Neumayer
1c36d3f6-e19e-4a0e-91a8-3ee52171e277,1b45e3f5-b8cd-4c0d-a444-2901304f76ee,Author,Luca,Rossi
1c36d3f6-e19e-4a0e-91a8-3ee52171e277,3d49de50-0620-46fe-ae15-53b12dfb8649,Author,Björn,Karlsson
34bb1d58-6264-4a23-90ba-360f9901dd32,,Author,Christina,Neumayer
34bb1d58-6264-4a23-90ba-360f9901dd32,1b45e3f5-b8cd-4c0d-a444-2901304f76ee,Author,Luca,Rossi
45ebf867-cf8b-4928-bf9c-fb9147726aa5,,Author,Christina,Neumayer
45ebf867-cf8b-4928-bf9c-fb9147726aa5,12698500-7fd8-4508-b86a-adafaeaf91a9,Author,David,Struthers
6bcff8d3-a0e0-4f41-a6b7-92a89960dc2a,,Author,Christina,Neumayer
a77de2fc-7698-4e34-b60a-a272a5de89d4,,Author,Christina,Neumayer
b8bec3e3-220b-4bfe-9a21-9e15058e3f32,,Author,Christina,Neumayer
b8bec3e3-220b-4bfe-9a21-9e15058e3f32,1b45e3f5-b8cd-4c0d-a444-2901304f76ee,Author,Luca,Rossi
59f612e2-6f80-4f6d-9ada-555a881ff820,,Author,Christina,Neumayer
e65a661d-b43c-409e-94ab-b3610a3948be,,Author,Christina,Neumayer
e65a661d-b43c-409e-94ab-b3610a3948be,1b45e3f5-b8cd-4c0d-a444-2901304f76ee,Author,Luca,Rossi
e65a661d-b43c-409e-94ab-b3610a3948be,,Author,Julie,Vulpuis
42a79dae-2d70-4cbc-a0f2-9f67f164980e,,Author,Christina,Neumayer
42a79dae-2d70-4cbc-a0f2-9f67f164980e,1b45e3f5-b8cd-4c0d-a444-2901304f76ee,Author,Luca,Rossi
42a79dae-2d70-4cbc-a0f2-9f67f164980e,12698500-7fd8-4508-b86a-adafaeaf91a9,Author,David,Struthers
aa9b98a9-d60d-41b3-a3d6-a993f23aec50,,Author,Christina,Neumayer
aa9b98a9-d60d-41b3-a3d6-a993f23aec50,1b45e3f5-b8cd-4c0d-a444-2901304f76ee,Author,Luca,Rossi
7494435a-c953-411a-bac7-b5c400507440,,Author,Christina,Neumayer
1b2eb669-9057-4033-9159-e25cde775b6d,831421c0-027f-4a25-b795-ee2fce0c8d2a,Author,Louise,Barkhuus
bb3fa585-27ee-43a3-b4f0-99a943023295,0a2a2206-180b-4443-bdb7-92deba889221,Author,Leon Y.,Xiao
8eb1d951-9485-45b7-8d74-806972859008,0a2a2206-180b-4443-bdb7-92deba889221,Author,Leon Y.,Xiao
71c09d97-3f83-4972-b1dc-364d06c1c657,1abda59f-c493-4824-a7b1-7470d66f08d1,Author,Stefan,Heinrich
015d3cb2-7af0-471e-b174-c482c0207347,,Author,Iris,Nguyen
015d3cb2-7af0-471e-b174-c482c0207347,e383647f-00d3-41b1-ad95-ff69bdfffb42,Author,Jichen,Zhu
f0766913-f2b9-4940-8362-a8156f720345,78a992d3-b8eb-4fd6-8a5e-18c464d0b254,Author,Mike,Zhang
0ff5886c-a189-4d38-b07b-6155e2ff4c5f,,Author,Muhammad,Ali Babar
5de6d491-dab0-469e-b9d2-837248a24dad,a420ffb3-2ca6-4925-a25f-baaa5228fc15,Author,Sebastian,Risi
5de6d491-dab0-469e-b9d2-837248a24dad,,Author,Laura,Beloff
db6a6aa7-866e-4a70-835d-38dc5b21fd4e,,Author,Stefano,Nichele
db6a6aa7-866e-4a70-835d-38dc5b21fd4e,a420ffb3-2ca6-4925-a25f-baaa5228fc15,Author,Sebastian,Risi
4239874c-d1ad-4ebc-adec-797ec2370ce6,,Author,Afsaneh,Doryab
20ed0626-e8c5-4689-9a75-4b98075013f9,c90e23c6-5bf4-4d6f-97d8-b162b8a5b03e,Author,Thomas,Binder
1db2e079-2e15-4892-a092-5a2558bb1ebd,c90e23c6-5bf4-4d6f-97d8-b162b8a5b03e,Author,Thomas,Binder
32c9f0a1-98cf-46b8-a13d-0eada594c9f6,c90e23c6-5bf4-4d6f-97d8-b162b8a5b03e,Author,Thomas,Binder
b0a5b8a8-1203-415f-a7a6-d7e291c1fe37,3e584fc9-4b2e-4d6d-b200-994505d4e809,Author,Daniel,Nickelsen
6df3d821-467c-4dea-a69c-ad54464f4271,3e584fc9-4b2e-4d6d-b200-994505d4e809,Author,Daniel,Nickelsen
3a70db9c-22b5-4ae5-971d-6e478ecd0319,3e584fc9-4b2e-4d6d-b200-994505d4e809,Author,Daniel,Nickelsen
8c59f601-e4c3-4ae8-b0ea-0acb49f36104,3e584fc9-4b2e-4d6d-b200-994505d4e809,Author,Daniel,Nickelsen
3dafd784-5377-4ff7-b602-b9ae9e7ac5ef,3e584fc9-4b2e-4d6d-b200-994505d4e809,Author,Daniel ,Nickelsen
d2268455-10e6-46c5-8abc-4be12c3de8d2,3e584fc9-4b2e-4d6d-b200-994505d4e809,Author,Daniel ,Nickelsen
533bd734-2b3d-4fcd-838a-75721e5e96a7,3e584fc9-4b2e-4d6d-b200-994505d4e809,Author,Daniel ,Nickelsen
ae6ba66e-ec7d-46fd-997e-50287331c75e,3e584fc9-4b2e-4d6d-b200-994505d4e809,Author,Daniel ,Nickelsen
0c29808d-d49a-4033-896a-87c6af2caad2,3e584fc9-4b2e-4d6d-b200-994505d4e809,Author,Daniel ,Nickelsen
275d3b96-857a-445f-b862-6d78857eed15,3e584fc9-4b2e-4d6d-b200-994505d4e809,Author,Daniel ,Nickelsen
2b401bdf-0bd1-4867-bf83-d6a05240be56,3e584fc9-4b2e-4d6d-b200-994505d4e809,Author,Daniel ,Nickelsen
84e427fb-4271-4685-bdd5-f560b9cab088,3e584fc9-4b2e-4d6d-b200-994505d4e809,Author,Daniel ,Nickelsen
15b35e36-7b5e-49ff-963d-d6ebae4a8899,54728da8-274d-40e6-b119-23318d995721,Author,Hanne Westh,Nicolajsen
b1de8d72-66ce-4a05-991b-abd198e92855,54728da8-274d-40e6-b119-23318d995721,Author,Hanne Westh,Nicolajsen
ba9feded-f981-4066-9a0e-325d8c213660,54728da8-274d-40e6-b119-23318d995721,Author,Hanne Westh,Nicolajsen
8eada1b5-53c5-4c36-9af6-c0770eeb6b0e,54728da8-274d-40e6-b119-23318d995721,Author,Hanne Westh,Nicolajsen
bff1e929-5cc4-41e0-aca1-cbe923b89c5a,54728da8-274d-40e6-b119-23318d995721,Author,Hanne Westh,Nicolajsen
f43b4c86-3fad-4c29-b156-c0d36085a7c1,54728da8-274d-40e6-b119-23318d995721,Author,Hanne Westh,Nicolajsen
3afceb8f-66e9-423e-a070-e3a17ddc53b5,54728da8-274d-40e6-b119-23318d995721,Author,Hanne Westh,Nicolajsen
cc175b70-49eb-44b5-bf06-60808f8c8dcb,54728da8-274d-40e6-b119-23318d995721,Author,Hanne Westh,Nicolajsen
1575a870-78f6-4f3d-91ba-680a279ce1af,54728da8-274d-40e6-b119-23318d995721,Author,Hanne Westh,Nicolajsen
7b748c3a-1cf1-4866-8e12-9cdf69afac36,54728da8-274d-40e6-b119-23318d995721,Author,Hanne Westh,Nicolajsen
b044804f-5e46-4651-b688-9e501ff6a697,54728da8-274d-40e6-b119-23318d995721,Author,Hanne Westh,Nicolajsen
b8cdf7dd-70c8-4309-9bb2-f03ca81d9104,54728da8-274d-40e6-b119-23318d995721,Author,Hanne Westh,Nicolajsen
5defe3d2-f81d-4904-ba71-d2080bc39d0f,54728da8-274d-40e6-b119-23318d995721,Author,Hanne Westh,Nicolajsen
599a2897-1e65-4059-8beb-f7b8c2997f9f,54728da8-274d-40e6-b119-23318d995721,Author,Hanne Westh,Nicolajsen
67dc949a-642c-47a2-b40a-9d9ddccbab9d,54728da8-274d-40e6-b119-23318d995721,Author,Hanne Westh,Nicolajsen
604b3d48-98e9-46b4-beeb-6ce0bc4e86f8,54728da8-274d-40e6-b119-23318d995721,Author,Hanne Westh,Nicolajsen
83dd9a97-893b-412a-bdca-94b5d4a6a6e2,54728da8-274d-40e6-b119-23318d995721,Author,Hanne Westh,Nicolajsen
2697dfb7-addb-4590-99de-f5a9919960ab,54728da8-274d-40e6-b119-23318d995721,Author,Hanne Westh,Nicolajsen
c9523117-281a-447c-af38-2e5e7406367d,54728da8-274d-40e6-b119-23318d995721,Author,Hanne Westh,Nicolajsen
6a7b79d9-7b83-476e-b19b-eb767ba527a9,54728da8-274d-40e6-b119-23318d995721,Author,Hanne Westh,Nicolajsen
c5620da3-52e4-4b3b-a736-59af893b29e1,54728da8-274d-40e6-b119-23318d995721,Author,Hanne Westh,Nicolajsen
be3fb962-b4a5-4a1f-9389-e0357ad75e94,54728da8-274d-40e6-b119-23318d995721,Author,Hanne Westh,Nicolajsen
1d0288c2-2432-4f3a-81d2-319b6d0fbaed,54728da8-274d-40e6-b119-23318d995721,Author,Hanne Westh,Nicolajsen
be1320b1-854f-4658-ac1f-c78a8d30de8b,54728da8-274d-40e6-b119-23318d995721,Author,Hanne Westh,Nicolajsen
42380ffe-e711-49b4-b982-dda510f2c6e2,54728da8-274d-40e6-b119-23318d995721,Author,Hanne Westh,Nicolajsen
c54ed71e-8924-4c36-8271-6c3389cc29cf,54728da8-274d-40e6-b119-23318d995721,Author,Hanne Westh,Nicolajsen
18ff2fe5-436a-4ce3-9d13-edf9e93534ee,54728da8-274d-40e6-b119-23318d995721,Author,Hanne Westh,Nicolajsen
18ff2fe5-436a-4ce3-9d13-edf9e93534ee,,Author,Gitte,Tjørnehøj
5f1c8b01-e21f-49e3-a37f-2097a5ce13b6,54728da8-274d-40e6-b119-23318d995721,Author,Hanne Westh,Nicolajsen
5f1c8b01-e21f-49e3-a37f-2097a5ce13b6,,Author,Gitte,Tjørnehøj
4e7d02bd-f766-4ac7-a457-6ca91455fa0a,54728da8-274d-40e6-b119-23318d995721,Author,Hanne Westh,Nicolajsen
4eb206f3-7de5-48e5-b45c-42a0d262a024,54728da8-274d-40e6-b119-23318d995721,Author,Hanne Westh,Nicolajsen
4eb206f3-7de5-48e5-b45c-42a0d262a024,,Author,Gitte,Tjørnehøj
8bc4ed2f-fa19-4d66-8f4c-8f7b7f1cefc4,54728da8-274d-40e6-b119-23318d995721,Author,Hanne Westh,Nicolajsen
d804ac08-61bb-48d8-9f82-9db21e77b193,54728da8-274d-40e6-b119-23318d995721,Author,Hanne Westh,Nicolajsen
c8c2b724-1171-4854-b84a-0ed5e42205a2,54728da8-274d-40e6-b119-23318d995721,Author,Hanne Westh,Nicolajsen
9c54ca66-aa59-4ef2-983b-0a86b35b1d02,,Author,Magda,Pischetola
9c54ca66-aa59-4ef2-983b-0a86b35b1d02,42147e05-f94c-471d-a889-c57a01e4bdd0,Author,Pawel,Grabarczyk
9c54ca66-aa59-4ef2-983b-0a86b35b1d02,47a94200-3abe-4354-b5e3-c8ef6f1ba1f2,Author,Claus,Brabrand
096f16ae-7e3f-4368-9ce7-0438d9d05e94,54728da8-274d-40e6-b119-23318d995721,Author,Hanne Westh,Nicolajsen
096f16ae-7e3f-4368-9ce7-0438d9d05e94,1052b289-f510-4c5a-9662-2db48c12ebc2,Author,Lene,Nielsen
096f16ae-7e3f-4368-9ce7-0438d9d05e94,4e33d926-364b-47b8-97d7-409c16b62db9,Author,Vasiliki,Baka
096f16ae-7e3f-4368-9ce7-0438d9d05e94,,Author,Fie Foged,Victor
fd496beb-db0f-4958-93f1-7e992332a335,54728da8-274d-40e6-b119-23318d995721,Author,Hanne Westh,Nicolajsen
fd496beb-db0f-4958-93f1-7e992332a335,4e33d926-364b-47b8-97d7-409c16b62db9,Author,Vasiliki,Baka
fd496beb-db0f-4958-93f1-7e992332a335,1052b289-f510-4c5a-9662-2db48c12ebc2,Author,Lene,Nielsen
4758e9e0-80f0-40d3-873c-627b628695ac,54728da8-274d-40e6-b119-23318d995721,Author,Hanne Westh,Nicolajsen
2ab20077-2a53-426b-9dff-cec39fa5e540,54728da8-274d-40e6-b119-23318d995721,Author,Hanne Westh,Nicolajsen
2ab20077-2a53-426b-9dff-cec39fa5e540,70f3c85a-9cd2-40b4-bed9-5e2a75609421,Author,Sisse,Finken
2ab20077-2a53-426b-9dff-cec39fa5e540,92f6c3f3-0ad2-40fc-b278-69170f87567d,Author,Lars Rune,Christensen
69cc6306-d92d-46e0-99eb-98a2e29c43d6,e175684d-abc3-4ee4-9a12-af6c611e47c0,Author,Sebastian Mateos,Nicolajsen
69cc6306-d92d-46e0-99eb-98a2e29c43d6,,Author,Sofie,Nielsen
69cc6306-d92d-46e0-99eb-98a2e29c43d6,d6d93566-d546-42a8-8864-766098389589,Author,Louise Meier,Carlsen
69cc6306-d92d-46e0-99eb-98a2e29c43d6,47a94200-3abe-4354-b5e3-c8ef6f1ba1f2,Author,Claus,Brabrand
12b0accc-f7b6-46ed-b02a-a3824c65677f,e175684d-abc3-4ee4-9a12-af6c611e47c0,Author,Sebastian Mateos,Nicolajsen
12b0accc-f7b6-46ed-b02a-a3824c65677f,47a94200-3abe-4354-b5e3-c8ef6f1ba1f2,Author,Claus,Brabrand
1c2cd76a-2088-4f74-98e3-a6fae2bd8960,e175684d-abc3-4ee4-9a12-af6c611e47c0,Author,Sebastian Mateos,Nicolajsen
1c2cd76a-2088-4f74-98e3-a6fae2bd8960,47a94200-3abe-4354-b5e3-c8ef6f1ba1f2,Author,Claus,Brabrand
789327e4-487b-47c9-82d3-2d777afb6f39,e175684d-abc3-4ee4-9a12-af6c611e47c0,Author,Sebastian Mateos,Nicolajsen
a13e299e-a73c-4232-a28c-3369ddddedab,e175684d-abc3-4ee4-9a12-af6c611e47c0,Author,Sebastian Mateos,Nicolajsen
e9ad95d0-5d21-4541-a257-0824d12c143a,e175684d-abc3-4ee4-9a12-af6c611e47c0,Author,Sebastian Mateos,Nicolajsen
36ede21a-c9aa-4b0c-a56a-eddcd8850f99,,Author,Roman,Beck
15d9f9fd-ec21-496e-8901-c49c7f69758b,5ad9c220-e37f-443a-8a31-fc4abf365db5,Author,Dan Witzner,Hansen
b177c3e4-7231-48ba-aaf8-93adcf10f4e4,fda8c630-1b0a-4910-ae2a-602850616275,Author,Christoph,Seidl
cebdd428-b82c-48c2-b07c-195d757ecbed,,Author,Michael,Nieke
cebdd428-b82c-48c2-b07c-195d757ecbed,6a57a243-af32-4e1d-849c-75146da60102,Author,Adrian,Hoff
cebdd428-b82c-48c2-b07c-195d757ecbed,fda8c630-1b0a-4910-ae2a-602850616275,Author,Christoph,Seidl
732bf641-f72c-4d44-a68d-45d949d8b948,,Author,Michael,Nieke
732bf641-f72c-4d44-a68d-45d949d8b948,6a57a243-af32-4e1d-849c-75146da60102,Author,Adrian,Hoff
732bf641-f72c-4d44-a68d-45d949d8b948,fda8c630-1b0a-4910-ae2a-602850616275,Author,Christoph,Seidl
8557783a-3b9a-4a8d-a962-9c17c6965eab,,Author,Michael,Nieke
8557783a-3b9a-4a8d-a962-9c17c6965eab,fda8c630-1b0a-4910-ae2a-602850616275,Author,Christoph,Seidl
298a4e33-d2b0-43ab-98a3-5128aa4755fd,,Author,Philippe,Bonnet
a2f03298-7ac3-4210-be8e-ed5e8cb1de10,1052b289-f510-4c5a-9662-2db48c12ebc2,Author,Lene,Nielsen
4ab8fc16-8c2a-438b-9661-3aa31a0ce6a3,80784458-06f6-4eff-b0c8-df982ffa9835,Author,Rune K L ,Nielsen
4ab8fc16-8c2a-438b-9661-3aa31a0ce6a3,,Author,Espen,Aarseth
f4da683c-fd7f-4993-844b-baa7bc3a1b35,80784458-06f6-4eff-b0c8-df982ffa9835,Author,Rune K L ,Nielsen
b8c009ed-b6bd-4be5-8577-c79a254679d9,1052b289-f510-4c5a-9662-2db48c12ebc2,Author,Lene,Nielsen
83b106eb-39c6-40df-b592-be9666d8b30b,1052b289-f510-4c5a-9662-2db48c12ebc2,Author,Lene,Nielsen
aeccf64f-c8e4-420d-8953-983c3b6a1a58,1052b289-f510-4c5a-9662-2db48c12ebc2,Author,Lene,Nielsen
553addee-f516-4566-bd7e-90df32485208,1052b289-f510-4c5a-9662-2db48c12ebc2,Author,Lene,Nielsen
ae51429f-fcb7-4c32-9037-257f2fd207a0,80784458-06f6-4eff-b0c8-df982ffa9835,Author,Rune K L,Nielsen
a202e879-9aae-495d-8c3a-1def3f642d97,1052b289-f510-4c5a-9662-2db48c12ebc2,Author,Lene,Nielsen
8d1b54cf-847f-4b91-bcb9-a49f887e2893,,Author,Klaus,Nielsen
beeb93ee-3d44-4b82-b04a-6d85b6de0b31,1052b289-f510-4c5a-9662-2db48c12ebc2,Author,Lene,Nielsen
14db2dad-f17c-4210-87c5-6fb34cbeeb81,,Author,Casper Bruun,Jensen
b788090f-9309-4dfd-9066-60e42e462995,,Author,Klaus,Nielsen
bc0c8e5a-9697-4ec8-939c-407d6b56202e,1052b289-f510-4c5a-9662-2db48c12ebc2,Author,Lene,Nielsen
bc0c8e5a-9697-4ec8-939c-407d6b56202e,,Author,Kira Storgaard,Hansen
b3b79cbe-54ca-4f7f-9ec9-a12f43117b75,1052b289-f510-4c5a-9662-2db48c12ebc2,Author,Lene,Nielsen
b3b79cbe-54ca-4f7f-9ec9-a12f43117b75,,Author,Kira Storgaard,Nielsen
2c94ade8-06de-427b-bbb3-84f772797188,,Author,Pernille,Kræmmergaard
ca371b19-533c-487a-b129-5c6ef5863c99,1052b289-f510-4c5a-9662-2db48c12ebc2,Author,Lene,Nielsen
ca371b19-533c-487a-b129-5c6ef5863c99,,Author,Sabine,Madsen
ca371b19-533c-487a-b129-5c6ef5863c99,,Author,Line,Mulvad
a07942b9-32f3-48a0-9647-f570d75ae2e0,1052b289-f510-4c5a-9662-2db48c12ebc2,Author,Lene,Nielsen
a07942b9-32f3-48a0-9647-f570d75ae2e0,,Author,Kira Storgaard,Nielsen
f1c993c7-c958-4591-871c-5b9addb24b18,80784458-06f6-4eff-b0c8-df982ffa9835,Author,Rune Kristian,Nielsen
f1c993c7-c958-4591-871c-5b9addb24b18,,Author,Emil,Hammar
f4adc73c-7497-4ccb-9df7-cc2e410a9d25,80784458-06f6-4eff-b0c8-df982ffa9835,Author,Rune Kristian,Nielsen
f4adc73c-7497-4ccb-9df7-cc2e410a9d25,,Author,Emma,Witkowski
32fd6e8a-6520-4eac-bd8b-dbb61c4b5120,80784458-06f6-4eff-b0c8-df982ffa9835,Author,Rune Kristian,Nielsen
32fd6e8a-6520-4eac-bd8b-dbb61c4b5120,,Author,Espen,Aarseth
d7254816-b3d5-4b80-a944-33daadc3c489,80784458-06f6-4eff-b0c8-df982ffa9835,Author,Rune Kristian Lundedal,Nielsen
a089e161-e4a3-4097-b464-e42442beee51,80784458-06f6-4eff-b0c8-df982ffa9835,Author,Rune Kristian,Nielsen
8f69e5d0-9e20-4562-b5ca-e634e778697e,80784458-06f6-4eff-b0c8-df982ffa9835,Author,Rune Kristian,Nielsen
8f69e5d0-9e20-4562-b5ca-e634e778697e,,Author,Espen,Aarseth
7866db7f-552e-4bee-8474-1eec49e51929,d37cba38-dff2-4c27-a515-226cfadfd849,Author,Jonas,Fritsch
14a15cbc-1326-4fb4-8aab-a4d0416c5661,80784458-06f6-4eff-b0c8-df982ffa9835,Author,Rune Kristian,Nielsen
f5fc005f-585b-41b7-b80e-06236e9d5b51,1052b289-f510-4c5a-9662-2db48c12ebc2,Author,Lene,Nielsen
f5fc005f-585b-41b7-b80e-06236e9d5b51,,Author,Kira Storgaard,Hansen
24700217-9189-46c8-b782-6dd02f4887e7,,Author,Gabriella,Barros
24700217-9189-46c8-b782-6dd02f4887e7,,Author,Julian,Togelius
24700217-9189-46c8-b782-6dd02f4887e7,,Author,Mark,Nelson
ad034dbd-6be3-4a24-9dd6-380ec2864c54,,Author,Gabriella,A B Barros
ad034dbd-6be3-4a24-9dd6-380ec2864c54,,Author,Julian,Togelius
ad034dbd-6be3-4a24-9dd6-380ec2864c54,,Author,Mark,Nelson
968be703-79ab-473c-b5c1-4f2c34f1a1d7,80784458-06f6-4eff-b0c8-df982ffa9835,Author,Rune Kristian Lundedal,Nielsen
968be703-79ab-473c-b5c1-4f2c34f1a1d7,,Author,Johanna,Blom
94c9f649-64da-4c13-824b-83662c3aec88,1052b289-f510-4c5a-9662-2db48c12ebc2,Author,Lene,Nielsen
94c9f649-64da-4c13-824b-83662c3aec88,92f6c3f3-0ad2-40fc-b278-69170f87567d,Author,Lars Rune,Christensen
92ae477c-388d-4036-a4ed-1cf3c21cee5d,1052b289-f510-4c5a-9662-2db48c12ebc2,Author,Lene,Nielsen
6ca9575e-eee8-4d18-abcb-ef3c5903e1b3,80784458-06f6-4eff-b0c8-df982ffa9835,Author,Rune Kristian Lundedal,Nielsen
4754f02e-92da-4a3d-8002-af360a977362,80784458-06f6-4eff-b0c8-df982ffa9835,Author,Rune Kristian Lundedal,Nielsen
4754f02e-92da-4a3d-8002-af360a977362,,Author,Veli-Matti,Karhulahti
03546507-1192-4db4-a481-49f1ef5e576f,80784458-06f6-4eff-b0c8-df982ffa9835,Author,Rune Kristian Lundedal,Nielsen
4be9f6ff-e8d2-4c39-ac95-dcead42f2ef3,1052b289-f510-4c5a-9662-2db48c12ebc2,Author,Lene,Nielsen
4be9f6ff-e8d2-4c39-ac95-dcead42f2ef3,,Author,Sabine,Madsen
e6f44370-8fbd-495f-ac32-b8f9b46fd375,80784458-06f6-4eff-b0c8-df982ffa9835,Author,Rune Kristian Lundedal,Nielsen
982e32c4-0a45-43b7-81b8-f7f1df4bf594,80784458-06f6-4eff-b0c8-df982ffa9835,Author,Rune Kristian Lundedal,Nielsen
c42f7b9f-2c56-49a7-b3b0-d8eeb6f942f9,80784458-06f6-4eff-b0c8-df982ffa9835,Author,Rune Kristian Lundedal,Nielsen
c42f7b9f-2c56-49a7-b3b0-d8eeb6f942f9,42147e05-f94c-471d-a889-c57a01e4bdd0,Author,Pawel,Grabarczyk
09cdccb3-8f59-4d32-8662-2133855457ad,1052b289-f510-4c5a-9662-2db48c12ebc2,Author,Lene,Nielsen
f8a2750d-9a6d-4c8e-80b9-eacf86f2e7c9,80784458-06f6-4eff-b0c8-df982ffa9835,Author,Rune Kristian Lundedal,Nielsen
0e352d84-dafc-4791-b33a-d22e9b0b9479,80784458-06f6-4eff-b0c8-df982ffa9835,Author,Rune Kristian Lundedal,Nielsen
ab5435c0-badd-4355-a17f-6b769d83daa8,1052b289-f510-4c5a-9662-2db48c12ebc2,Author,Lene,Nielsen
e1c087c6-f988-4e4c-922a-367bc6d6f469,,Author,Gitte,Tjørnehøj
e1c087c6-f988-4e4c-922a-367bc6d6f469,79ebe3ed-0527-4160-9af6-be0b0853b00e,Editor,Jan,Pries-Heje
e194b505-1d6e-47af-afa0-0d51e981db0b,,Author,Gitte,Tjørnehøj
4d2bf4d0-0102-43a3-b9bd-92e569122153,,Author,Gitte,Tjørnehøj
01077f79-d860-4c26-aacc-28635fadd2db,80784458-06f6-4eff-b0c8-df982ffa9835,Author,Rune Kristian Lundedal,Nielsen
01077f79-d860-4c26-aacc-28635fadd2db,42147e05-f94c-471d-a889-c57a01e4bdd0,Author,Pawel,Grabarczyk
44d99aec-0b85-441a-a16c-bcbd18e83358,,Author,Mille Edith,Nielsen
44d99aec-0b85-441a-a16c-bcbd18e83358,74a08deb-18e1-48d0-a86e-ed6675da92ab,Author,Christian,Østergaard Madsen
44d99aec-0b85-441a-a16c-bcbd18e83358,02960d47-7677-4b2c-99d4-490a31fd6885,Author,Mircea,Lungu
1bb2e890-8e36-4e09-bff1-2fbb96227242,,Author,Martin,Zachariasen
e07ae5ac-21e5-4930-8513-074615be7a25,,Author,Mille Edith,Nielsen
e07ae5ac-21e5-4930-8513-074615be7a25,74a08deb-18e1-48d0-a86e-ed6675da92ab,Author,Christian,Østergaard Madsen
e07ae5ac-21e5-4930-8513-074615be7a25,02960d47-7677-4b2c-99d4-490a31fd6885,Author,Mircea,Lungu
27fc7879-e666-4566-9a46-676a5beab3e7,,Author,Martin Tvede,Zachariasen
e2ec35d0-4024-4097-b03e-19c02de9b033,,Author,Martin Tvede,Zachariasen
88e76c4b-9ad6-4a12-95ae-a7cac09a8903,,Author,Martin Tvede,Zachariasen
0218b341-4b34-4ec9-b272-5b23c4a23395,,Author,Mille Edith,Nielsen
0218b341-4b34-4ec9-b272-5b23c4a23395,74a08deb-18e1-48d0-a86e-ed6675da92ab,Author,Christian,Østergaard Madsen
f5afe3d2-0ec7-40b5-bbd6-5644fea67830,,Author,Mille Edith,Nielsen
f5afe3d2-0ec7-40b5-bbd6-5644fea67830,,Author,Søren,Skaarup
ee67537e-0a41-4cef-8e5b-92c45806d2f2,1052b289-f510-4c5a-9662-2db48c12ebc2,Author,Lene,Nielsen
776f504e-7ffc-41c5-b3ef-8dd9d5669c3b,1052b289-f510-4c5a-9662-2db48c12ebc2,Author,Lene,Nielsen
37075ae1-5435-4563-97e1-a86f339f7d41,80784458-06f6-4eff-b0c8-df982ffa9835,Author,Rune Kristian Lundedal,Nielsen
0209083c-b272-47b9-a4a0-45b8c04591b0,,Author,Nina Mesing Stausholm,Nielsen
a3d7ce13-9294-4bd5-9f55-c092e5407311,80784458-06f6-4eff-b0c8-df982ffa9835,Author,Rune Kristian Lundedal,Nielsen
cf93796e-ce01-4385-ac37-d62120b52ca6,,Author,Mille Edith,Nielsen
cf93796e-ce01-4385-ac37-d62120b52ca6,74a08deb-18e1-48d0-a86e-ed6675da92ab,Author,Christian,Østergaard Madsen
20aa13eb-0702-4665-96df-3c14c5ed6aac,1052b289-f510-4c5a-9662-2db48c12ebc2,Author,Lene,Nielsen
20aa13eb-0702-4665-96df-3c14c5ed6aac,,Author,Jose,Abdelnour-Nocera
fd55a44d-95c3-4819-bf45-fc7d8cafa6ec,1052b289-f510-4c5a-9662-2db48c12ebc2,Author,Lene,Nielsen
fd55a44d-95c3-4819-bf45-fc7d8cafa6ec,54728da8-274d-40e6-b119-23318d995721,Author,Hanne Westh,Nicolajsen
fd55a44d-95c3-4819-bf45-fc7d8cafa6ec,4e33d926-364b-47b8-97d7-409c16b62db9,Author,Vasiliki,Baka
fd55a44d-95c3-4819-bf45-fc7d8cafa6ec,,Author,Fie Foged,Victor
fd55a44d-95c3-4819-bf45-fc7d8cafa6ec,,Author,Stine,Sivertsen
fd55a44d-95c3-4819-bf45-fc7d8cafa6ec,,Author,Raluca,Stana
d083e8f9-11a9-4e5e-8ae7-c18344d6884c,80784458-06f6-4eff-b0c8-df982ffa9835,Author,Rune Kristian Lundedal,Nielsen
d083e8f9-11a9-4e5e-8ae7-c18344d6884c,,Author,Emma,Witkowski
c282cbe0-8206-443a-bc7b-94764f9dae22,80784458-06f6-4eff-b0c8-df982ffa9835,Author,Rune Kristian Lundedal,Nielsen
e293c2b3-e55b-4a55-8866-47dd9f2747eb,1052b289-f510-4c5a-9662-2db48c12ebc2,Author,Lene,Nielsen
678c4c1f-9c36-4da5-94b3-3312fd479ae4,80784458-06f6-4eff-b0c8-df982ffa9835,Author,Rune Kristian Lundedal,Nielsen
1e4f8a06-72e9-4939-aa0f-ffa749d507e0,80784458-06f6-4eff-b0c8-df982ffa9835,Author,Rune Kristian Lundedal,Nielsen
adb28cb2-48eb-45a7-9825-bfaba2f5e669,80784458-06f6-4eff-b0c8-df982ffa9835,Author,Rune Kristian Lundedal,Nielsen
26dd1ebb-0dde-497c-823e-a1ec95b1f09b,80784458-06f6-4eff-b0c8-df982ffa9835,Author,Rune Kristian Lundedal,Nielsen
465e0640-4c93-49e0-9c6d-efad6f560589,80784458-06f6-4eff-b0c8-df982ffa9835,Author,Rune Kristian Lundedal,Nielsen
1e57e1ea-7605-4331-b5c8-2693730a83e2,80784458-06f6-4eff-b0c8-df982ffa9835,Author,Rune Kristian Lundedal,Nielsen
61b28ae4-53df-491d-99e8-615ac8b3b5c4,80784458-06f6-4eff-b0c8-df982ffa9835,Author,Rune Kristian Lundedal,Nielsen
8bcb396d-0620-4d65-a097-8cadfda8fbbe,80784458-06f6-4eff-b0c8-df982ffa9835,Author,Rune Kristian Lundedal,Nielsen
466c4518-ce97-408d-94f1-e4ed7a094a57,80784458-06f6-4eff-b0c8-df982ffa9835,Author,Rune Kristian Lundedal,Nielsen
f2918f36-941b-4c88-bf32-4396ca50f114,1052b289-f510-4c5a-9662-2db48c12ebc2,Author,Lene,Nielsen
f2918f36-941b-4c88-bf32-4396ca50f114,8949ca8c-746d-4a53-b816-ec9ebf06764c,Author,Olivia Thomassen,Harre
74e6d7dd-ec57-49cf-bc74-4cec1b288d87,1052b289-f510-4c5a-9662-2db48c12ebc2,Author,Lene,Nielsen
b3f136f6-dd23-4f92-95cd-6c084c92753b,1052b289-f510-4c5a-9662-2db48c12ebc2,Author,Lene,Nielsen
f5a755f6-d3a5-4395-a76c-faa523a4f533,1052b289-f510-4c5a-9662-2db48c12ebc2,Author,Lene,Nielsen
3da86be1-3b56-4688-a3a6-6587c8fe5f90,1052b289-f510-4c5a-9662-2db48c12ebc2,Author,Lene,Nielsen
2680c5af-21f5-4d28-a533-141becbc0080,1052b289-f510-4c5a-9662-2db48c12ebc2,Author,Lene,Nielsen
2680c5af-21f5-4d28-a533-141becbc0080,54728da8-274d-40e6-b119-23318d995721,Author,Hanne Westh,Nicolajsen
2680c5af-21f5-4d28-a533-141becbc0080,4e33d926-364b-47b8-97d7-409c16b62db9,Author,Vasiliki,Baka
6987100d-71b1-4eb9-9b3a-2d2e3308276a,1052b289-f510-4c5a-9662-2db48c12ebc2,Author,Lene,Nielsen
c74de13f-c097-4710-90a9-1469e1524312,1052b289-f510-4c5a-9662-2db48c12ebc2,Author,Lene,Nielsen
c74de13f-c097-4710-90a9-1469e1524312,,Author,Sabine,Madsen
56bb21cb-9b80-4967-a1f6-5c1afb5e80f0,1052b289-f510-4c5a-9662-2db48c12ebc2,Author,Lene,Nielsen
cc52c0cc-35bb-4605-a21d-af1066094b76,1052b289-f510-4c5a-9662-2db48c12ebc2,Author,Lene,Nielsen
1cff73b9-3b07-4cf1-9bb4-278f87d1499f,1052b289-f510-4c5a-9662-2db48c12ebc2,Author,Lene,Nielsen
9eaf8802-8c84-41b1-80db-0c8dae0644fc,1052b289-f510-4c5a-9662-2db48c12ebc2,Author,Lene,Nielsen
794d0f43-21ce-4cc2-9e6d-d010aae53203,1052b289-f510-4c5a-9662-2db48c12ebc2,Author,Lene,Nielsen
47c0b41c-dc91-41a0-910c-0955c4f8e589,1052b289-f510-4c5a-9662-2db48c12ebc2,Author,Lene,Nielsen
c039259d-db93-4938-8f2a-e843feaaa5fd,1052b289-f510-4c5a-9662-2db48c12ebc2,Author,Lene,Nielsen
be3d8b3c-4d41-4a5c-9fdf-5537ed1646af,1052b289-f510-4c5a-9662-2db48c12ebc2,Author,Lene,Nielsen
42f233d0-988f-48b3-8f01-71e0e5bcd7d6,1052b289-f510-4c5a-9662-2db48c12ebc2,Author,Lene,Nielsen
39fbc1c5-859b-4512-ace2-abfff8eb891d,1052b289-f510-4c5a-9662-2db48c12ebc2,Author,Lene,Nielsen
39fbc1c5-859b-4512-ace2-abfff8eb891d,54728da8-274d-40e6-b119-23318d995721,Author,Hanne Westh,Nicolajsen
39fbc1c5-859b-4512-ace2-abfff8eb891d,4e33d926-364b-47b8-97d7-409c16b62db9,Author,Vasiliki,Baka
481739c3-84e0-43d2-8010-8b19f9311185,80784458-06f6-4eff-b0c8-df982ffa9835,Author,Rune Kristian Lundedal,Nielsen
8d517a9e-8f3d-4ffb-b9a0-5b0eee77e9c7,,Author,Nina Mesing Stausholm,Nielsen
df954373-95e5-44ee-b822-c2a3d351a814,1052b289-f510-4c5a-9662-2db48c12ebc2,Author,Lene,Nielsen
71f7acb6-1adb-4297-998f-252c2cfd8d5f,1052b289-f510-4c5a-9662-2db48c12ebc2,Author,Lene,Nielsen
8aefa47b-a964-4ddd-81b8-723cf7458d9b,1052b289-f510-4c5a-9662-2db48c12ebc2,Author,Lene,Nielsen
dd700a0c-42e4-434a-8ef7-8ac10809ff70,c40e1e8a-50ee-4a7c-b7f0-2fc0fdd62adc,Author,Anna,Rogers
36a73ed5-8ff8-4ea1-90b1-040f44da7509,e726f512-d3fd-4d89-962a-3aa9f532a52f,Author,Toine ,Bogers
5ce8bc2e-7e3d-4d0d-acbd-6a5ef2d7e338,1052b289-f510-4c5a-9662-2db48c12ebc2,Author,Lene,Nielsen
5ce8bc2e-7e3d-4d0d-acbd-6a5ef2d7e338,,Author,Sabine,Madsen
098747fc-85e9-4231-a058-db6363bd05e6,5e271e6a-7a91-47bd-9f12-3b73f4e0d7ac,Author,Patrick,Bahr
3c7a1101-1b55-4c43-9c10-882f7aa4af57,,Author,Barbara ,Nino Carreras
3c7a1101-1b55-4c43-9c10-882f7aa4af57,70f3c85a-9cd2-40b4-bed9-5e2a75609421,Author,Sisse,Finken
5679a1f5-9128-4dc4-9ca5-447247d47922,a4d5d125-061e-4594-b4e4-1389a19ff99f,Author,Christina Frederikke,Nissen
5679a1f5-9128-4dc4-9ca5-447247d47922,1dbd1112-eb47-4406-936c-6807e8845610,Author,Oksana,Kulyk
3ceeec63-dcba-44bb-9f39-4d3df3f06d27,a4d5d125-061e-4594-b4e4-1389a19ff99f,Author,Christina Frederikke,Nissen
3ceeec63-dcba-44bb-9f39-4d3df3f06d27,,Author,Jurlind,Budurushi
3ceeec63-dcba-44bb-9f39-4d3df3f06d27,1dbd1112-eb47-4406-936c-6807e8845610,Author,Oksana ,Kulyk
26a3fc51-b911-4ba1-9886-8f63cd99af21,a4d5d125-061e-4594-b4e4-1389a19ff99f,Author,Christina Frederikke,Nissen
26a3fc51-b911-4ba1-9886-8f63cd99af21,1dbd1112-eb47-4406-936c-6807e8845610,Author,Oksana ,Kulyk
fd84c744-628b-4b43-87b8-248455fd24a6,f073ebac-704d-4236-9206-d1d2ef2be9c3,Editor,Barbara,Plank
c7c4f60a-8931-4630-8472-1093af043e56,,Author,José Abdelnour,Nocera
8d4f2dd1-58cf-46d6-845b-5895cac62d4c,,Author,Mika Yasuoka,Jensen
64028255-ec0d-49a9-893e-e384fb2c0c6d,f2136570-f73c-446f-9fb0-6d9e461e2124,Author,Yvonne,Dittrich
57c779e0-ab69-11de-b2ea-000ea68e967b,4d7fda5a-3cf4-4d39-9daf-1ae192b0e0e7,Author,Rune Møller,Jensen
57c779e0-ab69-11de-b2ea-000ea68e967b,,Author,Peter,Tiedemann
6de44ce0-eaad-496c-a224-e2a6a6c7c3d1,,Author,Mie,Nørgaard
65358714-0096-4c48-8947-8dbf7c73d967,,Author,Mie,Nørgaard
a742572a-bde0-4aa7-8d58-a9384651b9a4,12698500-7fd8-4508-b86a-adafaeaf91a9,Author,D.,Struthers
f9473b15-e75c-4662-8eec-3513de0f03b9,12698500-7fd8-4508-b86a-adafaeaf91a9,Author,D.,Struthers
0dbcb580-ca0b-451a-96f9-9a374201ab1d,d3b41838-e2bf-4735-b1cd-03f60b49c7e5,Author,Søren,Debois
0dbcb580-ca0b-451a-96f9-9a374201ab1d,,Author,Tijs,Slaats
0dbcb580-ca0b-451a-96f9-9a374201ab1d,d30b96a8-4f1e-44fa-9bf5-0209bedf0268,Author,Thomas T.,Hildebrandt
25fb5f8a-42ef-4211-b01d-a3c1dfa12b9b,,Author,Håkon,Normann
25fb5f8a-42ef-4211-b01d-a3c1dfa12b9b,d30b96a8-4f1e-44fa-9bf5-0209bedf0268,Author,Thomas,Hildebrandt
14189d3d-cc6a-4e76-a30c-252ea9728f7f,5c50bbc9-ed3d-417f-ba4d-e484eaf536b3,Author,Alessandro,Bruni
e489a8e9-adf6-4f8b-9eaf-77d4cae2ef12,,Author,Håkon,Normann
c0cc44da-f457-4ab1-8d7f-df2fa30555d7,3dac6e0e-2770-4c5e-b32a-d7750523516f,Author,Jonas Valbjørn,Andersen
c0cc44da-f457-4ab1-8d7f-df2fa30555d7,d37cba38-dff2-4c27-a515-226cfadfd849,Author,Jonas,Fritsch
4ff62169-1520-4ed4-94e7-e4eba25006e9,,Author,Jeppe,Nørregaard
4ff62169-1520-4ed4-94e7-e4eba25006e9,785a7089-e58e-4aaa-986d-ae0e615ba508,Author,Leon,Derczynski
6df3e097-6de8-4217-bdf2-70b2c8e37bd3,f073ebac-704d-4236-9206-d1d2ef2be9c3,Author,Barbara,Plank
0843e26a-38cc-49d5-adf8-9771359b0212,1e0534b4-fe3e-4c5e-ad6d-5f1c7df6a14e,Author,Erik,Gronvall
ad391319-8391-48b8-8b0a-2d2cd80938cf,805cae2a-3462-4130-88de-cc7d94aec0a5,Author,Vasiliki,Tsaknaki
342dd401-f3dd-4c92-9166-2e02b3368bea,1b45e3f5-b8cd-4c0d-a444-2901304f76ee,Author,Luca,Rossi
7ff8d1d7-ea74-4da7-a822-5f838b8e11fb,2ef641d0-bd79-425b-8b12-b58d74b993ae,Author,Michael,Szell
19bf3e60-4fe6-48ad-b524-2dc3d4aff1e2,7dd2f4fa-dd14-4676-8f1a-f719f213f64f,Author,Eduard,Kamburjan
6222450e-31d8-4d27-9712-81dc3e29d895,02960d47-7677-4b2c-99d4-490a31fd6885,Author,Mircea,Lungu
581cc703-541f-48fe-bcab-f47c1fb4c886,2fa5dc89-7d78-45d0-96c7-e8f39b78dd3e,Author,Anna,Vallgårda
3b876059-2a3e-439e-82f0-5f04088f9662,38e643e8-bd72-40e3-ba25-b031e957b7fb,Author,Camilla Birch,Okkels
3b876059-2a3e-439e-82f0-5f04088f9662,5f52759c-418a-41b7-bbdb-050492677284,Author,Martin,Aumüller
b3b9f051-e1a3-41a7-b7fd-8e14288a7656,38e643e8-bd72-40e3-ba25-b031e957b7fb,Author,Camilla Birch,Okkels
b3b9f051-e1a3-41a7-b7fd-8e14288a7656,5f52759c-418a-41b7-bbdb-050492677284,Author,Martin,Aumüller
57172784-345f-4458-bccd-c403bac2f3e9,38e643e8-bd72-40e3-ba25-b031e957b7fb,Author,Camilla Birch,Okkels
57172784-345f-4458-bccd-c403bac2f3e9,5f52759c-418a-41b7-bbdb-050492677284,Author,Martin,Aumüller
963e564e-be3f-44fa-b7e6-411937565e18,38e643e8-bd72-40e3-ba25-b031e957b7fb,Author,Camilla Birch,Okkels
4d31c600-d033-11dd-a259-000ea68e967b,,Author,Georgios,Yannakakis
f3e71f00-e3f0-11de-a523-000ea68e967b,,Author,Randi,Markussen
f49debe0-e3f0-11de-a523-000ea68e967b,,Author,Randi,Markussen
f4c45fa0-e3f0-11de-a523-000ea68e967b,,Author,R.,Markussen
f4e1aba0-e3f0-11de-a523-000ea68e967b,,Author,R.,Markussen
f70c7ae0-e3f0-11de-a523-000ea68e967b,,Author,Randi,Markussen
9163c8d1-f68e-44ce-bf92-e2679eb01b26,,Author,Anne Rørbæk,Olesen
fefb88a3-3aa9-46c4-9f17-f57549e56d5e,,Author,Anne Rørbæk,Olesen
2adde14e-c5ce-433e-9468-b3680865ecb0,,Author,Anne Rørbæk,Olesen
fdc6fe4b-7d53-46de-af86-a4ace44283b4,,Author,Anne Rørbæk,Olesen
fdc6fe4b-7d53-46de-af86-a4ace44283b4,,Author,Nanna,Holdgaard
54b4076c-5fcf-47a9-9b59-6466afaec1ee,,Author,Anne Rørbæk,Olesen
54b4076c-5fcf-47a9-9b59-6466afaec1ee,,Author,Christian Hviid,Mortensen
c4a4566a-36d7-4c1b-8d49-816ad2c2da7f,,Author,Anne Rørbæk,Olesen
c4a4566a-36d7-4c1b-8d49-816ad2c2da7f,,Author,Nanna,Holdgaard
c4a4566a-36d7-4c1b-8d49-816ad2c2da7f,22ec9269-2fff-4dbf-a9c7-5037559a15ee,Author,Anders Sundnes,Løvlie
04a41ddc-f1c4-40b4-aa28-df236d10ab99,,Author,Anne Rørbæk,Olesen
04a41ddc-f1c4-40b4-aa28-df236d10ab99,,Author,Tim,Wray
04a41ddc-f1c4-40b4-aa28-df236d10ab99,22ec9269-2fff-4dbf-a9c7-5037559a15ee,Author,Anders Sundnes,Løvlie
1b532e0d-0232-447d-a247-efb01f7cbc12,,Author,Anne Rørbæk,Olesen
1b532e0d-0232-447d-a247-efb01f7cbc12,22ec9269-2fff-4dbf-a9c7-5037559a15ee,Author,Anders Sundnes,Løvlie
1b532e0d-0232-447d-a247-efb01f7cbc12,,Author,Nanna,Holdgaard
1b532e0d-0232-447d-a247-efb01f7cbc12,,Author,Tim,Wray
2f81ed2e-f553-43a5-b680-3eff0520066e,,Author,Thor Valentin Aakjær Nielsen,Olesen
2f81ed2e-f553-43a5-b680-3eff0520066e,,Author,Dennis Thinh Tan,Nguyen
2f81ed2e-f553-43a5-b680-3eff0520066e,,Author,Rasmus,Berg Palm
2f81ed2e-f553-43a5-b680-3eff0520066e,a420ffb3-2ca6-4925-a25f-baaa5228fc15,Author,Sebastian,Risi
ded3ba60-52d9-42ae-961f-8737c609d9e0,,Author,Anne Rørbæk,Olesen
ded3ba60-52d9-42ae-961f-8737c609d9e0,,Author,Christian Hviid,Mortensen
ded3ba60-52d9-42ae-961f-8737c609d9e0,22ec9269-2fff-4dbf-a9c7-5037559a15ee,Author,Anders Sundnes,Løvlie
1228eaee-bebd-4a16-9849-d9775dbbe108,,Author,Anne Rørbæk,Olesen
3bba910b-42c6-4e1e-807b-db3d1b11c4cd,,Author,Aske,Kammer
68f937be-9647-4ad5-8daa-9114fd4e20dd,,Author,Benjamin Ahrentløv,Olsen
68f937be-9647-4ad5-8daa-9114fd4e20dd,f073ebac-704d-4236-9206-d1d2ef2be9c3,Author,Barbara,Plank
1432a2ef-a3ab-404d-b8a5-236f412ad28d,a420ffb3-2ca6-4925-a25f-baaa5228fc15,Author,S.,Risi
e6bcbee3-31c2-45ec-9a7b-1b47ef1d8341,5ad9c220-e37f-443a-8a31-fc4abf365db5,Author,Dan Witzner,Hansen
a2152b30-78e8-4c5b-9546-674c38641c74,b752c464-c7fb-4a52-a0c3-3b2d3db5d62f,Author,Gitte Bang,Stald
f2b1f072-d197-4c88-9948-d2c649be65b7,e383647f-00d3-41b1-ad95-ff69bdfffb42,Author,Jichen,Zhu
93992b28-0906-41b4-8f86-a87ef7498f5e,,Author,Pierre-Alexandre,Mattei
4646fe1b-643b-4a61-9227-2fb08d5f2cab,1052b289-f510-4c5a-9662-2db48c12ebc2,Author,Lene,Nielsen
7cd629f7-ac0a-4c15-bc6e-f62b6d1bf587,,Author,Noor,Shaker
7cd629f7-ac0a-4c15-bc6e-f62b6d1bf587,,Author,Julian,Togelius
7cd629f7-ac0a-4c15-bc6e-f62b6d1bf587,,Author,Georgios N.,Yannakakis
b6010fd0-9771-4b5d-be7a-698385e2bff0,1ee9fda3-cb4e-4c06-82b1-7e248c20a700,Author,Willem,van der Maden
01595414-ff65-4b7d-9b3f-ab12a6da00b4,,Author,Felix Theodor,Engelmann
5438ebfa-2cbf-45eb-8dd9-97caa08d9cb7,f14f4742-c9d8-4a34-b8e2-d713c3a1f437,Author,Oliver,Krancher
b05faff3-d4b7-4e43-9975-4a82c0e91028,cfa94f02-ca6c-47ed-b962-64f5f61e50d2,Author,Kasper,Østerbye
3900ba9b-4f98-40c1-af4b-6b715867dda6,,Author,Søren Duus,Østergaard
c94d4eb7-c3ff-441e-9bec-ebd637a6a6cc,,Author,Søren Duus,Østergaard
a306c3dc-938c-4a57-8598-778a53e19789,74a08deb-18e1-48d0-a86e-ed6675da92ab,Author,Christian,Østergaard Madsen
b8c296a9-41ab-484d-bd5d-bca836c46d35,74a08deb-18e1-48d0-a86e-ed6675da92ab,Author,Christian,Østergaard Madsen
94a1eaef-2e26-4ff0-91f2-a36a14dc6814,74a08deb-18e1-48d0-a86e-ed6675da92ab,Author,Christian,Østergaard Madsen
c8ff0ac5-d06b-49a7-90d0-a5a01a10b14b,74a08deb-18e1-48d0-a86e-ed6675da92ab,Author,Christian,Østergaard Madsen
c8ff0ac5-d06b-49a7-90d0-a5a01a10b14b,,Author,Pernille,Kræmmergaard
f56ebced-2ce2-4722-aab2-71a353cb6416,74a08deb-18e1-48d0-a86e-ed6675da92ab,Author,Christian,Østergaard Madsen
f56ebced-2ce2-4722-aab2-71a353cb6416,,Author,Pernille,Kræmmergaard
9b59da99-cc8c-4e86-82eb-ff59fff9d47c,74a08deb-18e1-48d0-a86e-ed6675da92ab,Author,Christian,Østergaard Madsen
9b59da99-cc8c-4e86-82eb-ff59fff9d47c,,Author,Pernille,Kræmmergaard
29af34af-f29d-4d2e-b5a2-640e35f8a684,74a08deb-18e1-48d0-a86e-ed6675da92ab,Author,Christian,Østergaard Madsen
6c3bc838-e14b-49c0-87af-ee83a7d055ca,74a08deb-18e1-48d0-a86e-ed6675da92ab,Author,Christian,Østergaard Madsen
989d6a8b-9693-4fd3-94ad-13130c253399,74a08deb-18e1-48d0-a86e-ed6675da92ab,Author,Christian,Østergaard Madsen
989d6a8b-9693-4fd3-94ad-13130c253399,92f6c3f3-0ad2-40fc-b278-69170f87567d,Author,Lars Rune,Christensen
9ffcc91a-09b0-4661-b215-8d8ac92d5fd4,74a08deb-18e1-48d0-a86e-ed6675da92ab,Author,Christian,Østergaard Madsen
a4c5b9a6-4ca5-4cc7-92ac-86c897ddefae,74a08deb-18e1-48d0-a86e-ed6675da92ab,Author,Christian,Østergaard Madsen
a4c5b9a6-4ca5-4cc7-92ac-86c897ddefae,f14f4742-c9d8-4a34-b8e2-d713c3a1f437,Author,Oliver,Krancher
a4c5b9a6-4ca5-4cc7-92ac-86c897ddefae,e0edf6ca-5a14-41d8-81cc-77fd67f03ee5,Author,Jens,Schmidt
1002e692-ff6f-4b2d-b2e8-5ffc056b5442,74a08deb-18e1-48d0-a86e-ed6675da92ab,Author,Christian,Østergaard Madsen
59d637e6-7c32-4be1-a752-6f1a1c69fd0f,74a08deb-18e1-48d0-a86e-ed6675da92ab,Author,Christian,Østergaard Madsen
ff8dfaf8-7e5d-4cbf-a0bf-86d333a77040,74a08deb-18e1-48d0-a86e-ed6675da92ab,Author,Christian,Østergaard Madsen
3ad0780a-90fa-42d4-b26f-db3a69de3a91,74a08deb-18e1-48d0-a86e-ed6675da92ab,Author,Christian,Østergaard Madsen
3ad0780a-90fa-42d4-b26f-db3a69de3a91,10e4fc8e-556f-4104-b744-409caedc2276,Author,Morten,Hjelholt
0c487a1c-5713-43d3-8a12-98a020a49283,74a08deb-18e1-48d0-a86e-ed6675da92ab,Author,Christian,Østergaard Madsen
2195006d-060f-4cbf-9737-298971ebb680,,Author,Pernille ,Bjørn
31800a80-e413-11de-a523-000ea68e967b,,Author,Anna,Östlin Pagh
31800a80-e413-11de-a523-000ea68e967b,,Author,Rasmus,Pagh
31800a80-e413-11de-a523-000ea68e967b,,Author,Milan,Ruzic
568c7dd5-e1ff-46d9-940a-1b465fbe7743,,Author,Anna,Östlin Pagh
568c7dd5-e1ff-46d9-940a-1b465fbe7743,,Author,Rasmus,Pagh
568c7dd5-e1ff-46d9-940a-1b465fbe7743,,Author,Milan,Ruzic
a4e4df09-c60a-4bb0-81a3-35b235cbef5e,,Author,Anna,Östlin Pagh
a4e4df09-c60a-4bb0-81a3-35b235cbef5e,,Author,Rasmus,Pagh
f8f6877c-5a41-4c68-b57c-e04c5af986b2,2575c800-642d-4984-9c56-41601cf07a26,Author,Søren,Knudsen
4329f016-271b-42e1-a5dc-d6d72fed0669,bc7a60f7-45a0-401f-813f-6b4aa700c849,Author,Steffen,Dalsgaard
30a07f4f-7204-4e87-badc-0ea6f6dafb49,,Author,Maria,Karampela
30a07f4f-7204-4e87-badc-0ea6f6dafb49,,Author,Minna,Isomursu
4306acd8-ab4a-4f60-bd42-aaa5f42096e6,,Author,Martin Tvede,Zachariasen
e0ecce70-80e7-11de-8664-000ea68e967b,,Author,Dario,Pacino
e0ecce70-80e7-11de-8664-000ea68e967b,4d7fda5a-3cf4-4d39-9daf-1ae192b0e0e7,Author,Rune Møller,Jensen
1f482ed6-f99f-4380-ad81-34472e0a2e77,,Author,Dario,Pacino
1f482ed6-f99f-4380-ad81-34472e0a2e77,4d7fda5a-3cf4-4d39-9daf-1ae192b0e0e7,Author,Rune Møller,Jensen
1f482ed6-f99f-4380-ad81-34472e0a2e77,,Author,Alberto,Delgado-Ortegon
f9297413-ef3e-4456-918d-48e1850af0a6,,Author,Dario,Pacino
bf35f8a9-8c4c-467d-baa9-51f1b65b66be,,Author,Dario,Pacino
bf35f8a9-8c4c-467d-baa9-51f1b65b66be,,Author,Alberto,Delgado-Ortegon
bf35f8a9-8c4c-467d-baa9-51f1b65b66be,4d7fda5a-3cf4-4d39-9daf-1ae192b0e0e7,Author,Rune,Jensen
e7469171-999c-4ee9-9643-a11f8aea0a1e,,Author,Dario,Pacino
e7469171-999c-4ee9-9643-a11f8aea0a1e,4d7fda5a-3cf4-4d39-9daf-1ae192b0e0e7,Author,Rune Møller,Jensen
4e5161d6-e011-4524-b102-0faaa10d1601,,Author,Dario,Pacino
4e5161d6-e011-4524-b102-0faaa10d1601,4d7fda5a-3cf4-4d39-9daf-1ae192b0e0e7,Author,Rune Møller,Jensen
11afb002-91a0-4fdb-8d44-b5961ec2c656,4d7fda5a-3cf4-4d39-9daf-1ae192b0e0e7,Author,Rune Møller,Jensen
0f3f4482-a1b1-4447-b35c-ca5d920230e9,,Author,Dario,Pacino
cd1a7a2f-8626-45e4-93a6-80bc3ead406b,17ebd58d-ffad-4a6f-923d-a0118d0056b0,Author,Martin Abildgaard,Padalak
cd1a7a2f-8626-45e4-93a6-80bc3ead406b,3ad26d6b-4619-4a9f-a1b6-8424aab1dd52,Author,Tom,Jenkins
5ccd4eb5-1d7b-4986-bf6c-5e24ab5694d8,17ebd58d-ffad-4a6f-923d-a0118d0056b0,Author,Martin Abildgaard,Padalak
5ccd4eb5-1d7b-4986-bf6c-5e24ab5694d8,3ad26d6b-4619-4a9f-a1b6-8424aab1dd52,Author,Tom,Jenkins
4907f5e7-06f2-406b-aabe-1b780a6167b3,17ebd58d-ffad-4a6f-923d-a0118d0056b0,Author,Martin Abildgaard,Padalak
4907f5e7-06f2-406b-aabe-1b780a6167b3,3ad26d6b-4619-4a9f-a1b6-8424aab1dd52,Author,Tom,Jenkins
5905bdb8-26cc-4b0e-a5f8-d436c0243fb9,17ebd58d-ffad-4a6f-923d-a0118d0056b0,Author,Martin Abildgaard,Padalak
5905bdb8-26cc-4b0e-a5f8-d436c0243fb9,3ad26d6b-4619-4a9f-a1b6-8424aab1dd52,Author,Tom,Jenkins
2047e110-8fbf-11dd-8006-000ea68e967b,,Author,Anna Östlin,Pagh
2047e110-8fbf-11dd-8006-000ea68e967b,,Author,Rasmus,Pagh
255c8430-c601-11dd-867b-000ea68e967b,,Author,Rasmus,Pagh
ec656050-e410-11de-a523-000ea68e967b,,Author,Rasmus,Pagh
ce3ed770-e413-11de-a523-000ea68e967b,,Author,Rasmus,Pagh
f01eccef-eb8b-4a7b-8881-806388fd9c12,,Author,Rasmus,Pagh
e400c36e-0bc4-4f23-ace4-ba2c2780ee01,,Author,Rasmus,Pagh
ec41b0a4-cf00-4c44-963c-a581897aebc8,,Author,Rasmus,Pagh
bc91bfd1-d93a-407b-b300-a693c3519ac6,,Author,Rasmus,Pagh
af3a8269-080c-4623-ae8b-24b26fa89de2,,Author,Rasmus,Pagh
8a4686f4-4192-4ee6-b7a0-2f56599d15b2,,Author,Rasmus,Pagh
c7281b49-7a4d-484f-8759-36e1ccee4806,,Author,Rasmus,Pagh
3fe35d66-3e7c-45b6-9f6a-32818b0d3a9b,,Author,Rasmus,Pagh
3fe35d66-3e7c-45b6-9f6a-32818b0d3a9b,,Author,Francesco,Silvestri
969c8155-92b8-4e3a-ac8e-8176caa017b1,,Author,Rasmus,Pagh
969c8155-92b8-4e3a-ac8e-8176caa017b1,,Author,Morten,Stöckel
46c3950e-4e86-473e-aded-f8487934ff7d,,Author,Rasmus,Pagh
526b200e-318f-4661-b7d5-901bd1dc5faa,,Author,Rasmus,Pagh
526b200e-318f-4661-b7d5-901bd1dc5faa,,Author,Francesco,Silvestri
526b200e-318f-4661-b7d5-901bd1dc5faa,,Author,Johan von Tangen,Sivertsen
526b200e-318f-4661-b7d5-901bd1dc5faa,,Author,Matthew,Skala
3ca3b195-e80d-414b-923d-c9104b674c65,,Author,Rasmus,Pagh
522297be-bcf4-4c73-b2d3-aca1df7ca739,,Author,Rasmus,Pagh
522297be-bcf4-4c73-b2d3-aca1df7ca739,,Author,Ninh Dang,Pham
522297be-bcf4-4c73-b2d3-aca1df7ca739,,Author,Francesco,Silvestri
522297be-bcf4-4c73-b2d3-aca1df7ca739,,Author,Morten,Stöckel
35938d21-3e48-4274-a6fc-3b862aca4afd,,Author,Rasmus,Pagh
22308f59-bb6d-4852-be6c-eba13df8410e,,Author,Rasmus,Pagh
22308f59-bb6d-4852-be6c-eba13df8410e,,Author,Francesco,Silvestri
22308f59-bb6d-4852-be6c-eba13df8410e,,Author,Johan von Tangen,Sivertsen
22308f59-bb6d-4852-be6c-eba13df8410e,,Author,Matthew,Skala
4ff53204-ef6b-4b36-8a30-11058a0bc331,,Inventor,Rasmus,Pagh
5df098d7-6bfe-4ddf-bd59-b257b9109838,,Author,Rasmus,Pagh
b1f657af-0c54-47b7-aacb-b7dfb9bf6b1c,,Author,Rasmus,Pagh
5c4a3be9-fff8-424d-9a31-8e10d7a5aad0,,Author,Rasmus,Pagh
5c4a3be9-fff8-424d-9a31-8e10d7a5aad0,,Author,Ninh Dang,Pham
5c4a3be9-fff8-424d-9a31-8e10d7a5aad0,,Author,Francesco,Silvestri
e3b6998b-f00f-4c7f-bc84-21bc993f3d6f,,Author,Rasmus,Pagh
cca73086-8148-44b7-8a35-32dcbf7e3bd9,,Author,Rasmus,Pagh
cca73086-8148-44b7-8a35-32dcbf7e3bd9,,Author,Nina Mesing Stausholm,Nielsen
25f2a94a-c0cc-4062-a2b4-d47e7854139a,,Author,Rasmus,Pagh
25f2a94a-c0cc-4062-a2b4-d47e7854139a,,Author,Johan von Tangen,Sivertsen
20e6427e-6bab-4748-87fc-2144458c0ad5,,Author,Rasmus,Pagh
20e6427e-6bab-4748-87fc-2144458c0ad5,,Author,Nina Mesing Stausholm,Nielsen
1a44120b-4006-47c3-93c7-a4145a59286e,,Author,Roman,Beck
ea42e639-e04e-4f61-91ff-4e35f3507b14,,Author,Roman,Beck
e113da96-b1e5-433a-a59e-ce9968ff311a,,Author,Roman,Beck
e8b16f5b-1274-45c6-857f-57516fbb19ff,,Author,Roman,Beck
a8a80a34-5c11-4b94-be63-47f9852b2025,5417f888-9371-4933-8a2b-7679eb21bd84,Author,Doga,Cavdir
ee8c8e8c-d97b-4c8f-81b6-f76be9afa573,ce1a5350-f645-4a53-a745-fca8d4f1f030,Author,Elda,Paja
a7fb8cc3-3355-4101-8761-094035420644,,Author,Susana,Pajares Tosca
6ce1eb39-c4be-44b7-a5a8-c3419d978fe7,,Author,Susana,Pajares Tosca
6ce1eb39-c4be-44b7-a5a8-c3419d978fe7,,Author,Lisbeth,Klastrup
34c74c42-e8b1-4391-b9f3-b01e2ebe9e44,,Author,Susana,Pajares Tosca
94574b0f-ff3d-424c-81f3-ea8e503e5618,,Author,Susana,Pajares Tosca
c18bb910-3bfd-4ace-8380-b2359ca2f297,,Author,Susana,Pajares Tosca
a30f6a4c-3c5c-4929-a902-eacb848900b8,,Author,Susana,Pajares Tosca
a30f6a4c-3c5c-4929-a902-eacb848900b8,,Author,Isabel,Froes
57f798a5-6b83-4e78-a664-e3065a9908b1,,Author,Susana,Pajares Tosca
57f798a5-6b83-4e78-a664-e3065a9908b1,,Author,Silviano,Carrasco Yelmo
5b827517-d3a8-4bd3-953c-c62791f81860,,Author,Susana,Pajares Tosca
b9a9e703-8d0b-4f60-a333-ec70c83c82ff,,Author,Susana,Pajares Tosca
b9a9e703-8d0b-4f60-a333-ec70c83c82ff,,Author,Lisbeth,Klastrup
9a449cd6-cfcc-420c-bd71-91b46953b610,,Author,Rasmus Berg,Palm
9a449cd6-cfcc-420c-bd71-91b46953b610,98a59a44-499e-4a6e-a8e8-24211f117b23,Author,Elias,Najarro
9a449cd6-cfcc-420c-bd71-91b46953b610,a420ffb3-2ca6-4925-a25f-baaa5228fc15,Author,Sebastian,Risi
4ff4fe1b-a40d-4ecf-81b4-d66131c72636,bd52cb95-025e-4106-9c13-1345c76dcbfe,Author,Björn Thór,Jónsson
e8ce639e-8a21-4098-8288-1fb4fda521a1,bd52cb95-025e-4106-9c13-1345c76dcbfe,Author,Björn Thór,Jónsson
93cb751f-f189-443c-a318-4c5816ea9d02,,Author,Martin Tvede,Zachariasen
adc1dc62-1212-4c1a-a7f0-b4cec6e2c3c5,70f3c85a-9cd2-40b4-bed9-5e2a75609421,Author,Sisse,Finken
60a849fc-5a79-4ab1-8098-8ad7ed966ee6,70f3c85a-9cd2-40b4-bed9-5e2a75609421,Author,Sisse,Finken
135e3d18-ddcb-42e8-a127-751e277733b8,70f3c85a-9cd2-40b4-bed9-5e2a75609421,Author,Sisse,Finken
3cd80c15-ec57-4506-91ff-f0295cf65703,70f3c85a-9cd2-40b4-bed9-5e2a75609421,Author,Sisse,Finken
2075442d-8cd7-485f-93cf-5e68a191bf56,70f3c85a-9cd2-40b4-bed9-5e2a75609421,Author,Sisse,Finken
bb5c56cf-0f35-4ba6-b777-a1a8cf1cd035,,Author,Muhammad,Ali Babar
3eb11570-f1f4-45a3-9552-17ea3d73e12b,3ec363e3-83f0-4dd8-9b2d-b87a7d34dc55,Author,Eleni Tzirita,Zacharatou
dfa9cfd9-7a01-4821-b9c0-78cfcfeb1745,3ec363e3-83f0-4dd8-9b2d-b87a7d34dc55,Author,Eleni Tzirita,Zacharatou
9a74cc6b-0932-41e0-8855-61cb868fc947,,Author,Kostas,Pantazos
e74de4e6-42af-4ad7-b4bd-74aa322bfb99,,Author,Kostas,Pantazos
e74de4e6-42af-4ad7-b4bd-74aa322bfb99,,Author,Shangjin,Xu
e74de4e6-42af-4ad7-b4bd-74aa322bfb99,,Author,Mohammad Amin,Kuhail
e74de4e6-42af-4ad7-b4bd-74aa322bfb99,ea6d10cf-6bb5-4414-8966-f1ed2591f794,Author,Søren,Lauesen
79eb628b-a91d-43cf-b81c-e74f045a7cb5,,Author,Kostas,Pantazos
79eb628b-a91d-43cf-b81c-e74f045a7cb5,ea6d10cf-6bb5-4414-8966-f1ed2591f794,Author,Søren,Lauesen
79eb628b-a91d-43cf-b81c-e74f045a7cb5,,Author,Søren,Lippert
2b926508-21ac-4fda-8e38-f12be0a704c5,,Author,Kostas,Pantazos
0568c9dd-f10f-48ba-91f1-0e5bb07d4481,,Author,Muhammad,Ali Babar
188b7aad-15f1-4739-a541-d00eb24dde64,,Author,Muhammad,Ali Babar
4eb2909a-a1d6-4ba3-af0f-561ca739acb6,d5c3a434-36d5-4861-862d-3c5b3e332121,Author,Zoi,Kaoudi
4eb2909a-a1d6-4ba3-af0f-561ca739acb6,,Author,Jorge-Arnulfo,Quiane Ruiz
db1e7445-ffa1-42fe-97f3-ca71e12cf859,6ec63914-1f4e-4708-8830-1b054c2ee03a,Editor,Irina,Papazu
db1e7445-ffa1-42fe-97f3-ca71e12cf859,,Editor,Brit Ross,Winthereik
eff85b20-bb39-45fe-9e7b-bd50de24a62b,6ec63914-1f4e-4708-8830-1b054c2ee03a,Author,Irina,Papazu
9e480ebe-1200-4a35-b5b6-87970ed49985,6ec63914-1f4e-4708-8830-1b054c2ee03a,Author,Irina,Papazu
0ffa71ae-2606-4332-b411-4fabe50f8895,6ec63914-1f4e-4708-8830-1b054c2ee03a,Author,Irina,Papazu
5c3f6713-230a-4fef-9c10-9b13ad412341,6ec63914-1f4e-4708-8830-1b054c2ee03a,Author,Irina,Papazu
b8fe9752-ae38-478c-80d4-c44fcae49c21,6ec63914-1f4e-4708-8830-1b054c2ee03a,Author,Irina,Papazu
29523467-e07b-4c96-84a2-b2f6fe56bdeb,6ec63914-1f4e-4708-8830-1b054c2ee03a,Author,Irina,Papazu
feff374d-6e75-46f7-ad8a-e2c0fcceb97c,6ec63914-1f4e-4708-8830-1b054c2ee03a,Author,Irina,Papazu
27fa11f2-ce46-49a9-84cd-0ef755bc1232,6ec63914-1f4e-4708-8830-1b054c2ee03a,Author,Irina,Papazu
f416ebec-f3d3-4f28-9714-e59049920713,6ec63914-1f4e-4708-8830-1b054c2ee03a,Author,Irina,Papazu
7c86c581-80a5-4b5d-b83f-2bfddd6f8e49,6ec63914-1f4e-4708-8830-1b054c2ee03a,Author,Irina,Papazu
efb4032a-75b3-4351-a611-39434aae3db0,6ec63914-1f4e-4708-8830-1b054c2ee03a,Author,Irina,Papazu
1b91d044-7f3b-477f-9ff6-47cc31d916ec,6ec63914-1f4e-4708-8830-1b054c2ee03a,Author,Irina,Papazu
5eec8315-8651-4d6c-8805-23e8ddf7c569,6ec63914-1f4e-4708-8830-1b054c2ee03a,Author,Irina,Papazu
43bd23e8-9c66-4126-ac2d-8e03273c291d,6ec63914-1f4e-4708-8830-1b054c2ee03a,Author,Irina,Papazu
43bd23e8-9c66-4126-ac2d-8e03273c291d,10e4fc8e-556f-4104-b744-409caedc2276,Author,Morten,Hjelholt
be1e2f8d-a0bd-4df4-a30d-d36f58d10d99,6ec63914-1f4e-4708-8830-1b054c2ee03a,Author,Irina,Papazu
cfb0474e-c3b4-4ac5-b888-00d5a695cd96,6ec63914-1f4e-4708-8830-1b054c2ee03a,Author,Irina,Papazu
3a9f7b51-a906-40db-a1f4-704ae5a03c61,6ec63914-1f4e-4708-8830-1b054c2ee03a,Author,Irina,Papazu
3a9f7b51-a906-40db-a1f4-704ae5a03c61,,Author,Brit Ross,Winthereik
9bad673b-295c-4351-81af-fd7894c7c05e,6ec63914-1f4e-4708-8830-1b054c2ee03a,Author,Irina,Papazu
4a08716c-d885-48ce-92bc-afe7886fb092,6ec63914-1f4e-4708-8830-1b054c2ee03a,Author,Irina,Papazu
5af46b63-e575-44b3-b9a8-9fbef2bac442,6ec63914-1f4e-4708-8830-1b054c2ee03a,Author,Irina,Papazu
50c37dad-469b-472d-9502-743b84168544,6ec63914-1f4e-4708-8830-1b054c2ee03a,Author,Irina,Papazu
50c37dad-469b-472d-9502-743b84168544,605b59ab-91b4-4f8e-bb12-df68ce0491c5,Author,Cancan,Wang
50c37dad-469b-472d-9502-743b84168544,4ca57c3b-1d1f-4ecf-87b0-fe690510c887,Author,Jessamy,Perriam
50c37dad-469b-472d-9502-743b84168544,528393a3-e784-47a8-85be-c81d44c393bd,Author,Sanna-Maria,Marttila
973aa5ea-3125-4de6-bd0a-c12402f55d4e,6ec63914-1f4e-4708-8830-1b054c2ee03a,Author,Irina,Papazu
973aa5ea-3125-4de6-bd0a-c12402f55d4e,,Author,Thorben,Simonsen
973aa5ea-3125-4de6-bd0a-c12402f55d4e,0baaf9f8-3126-4cb1-b22f-b9fceabb8b54,Author,Lara,Tatjana Reime
ca473937-65f4-4e42-8da7-ca39cec7fb81,6ec63914-1f4e-4708-8830-1b054c2ee03a,Author,Irina,Papazu
ca473937-65f4-4e42-8da7-ca39cec7fb81,,Author,Adam,Veng
1517cac9-4bd5-44ee-b555-9392eec95f7c,6ec63914-1f4e-4708-8830-1b054c2ee03a,Author,Irina,Papazu
d746aa30-c4c3-46c0-bc8e-7300ada4ca9a,6ec63914-1f4e-4708-8830-1b054c2ee03a,Author,Irina,Papazu
7100bd5d-4365-4e3a-80fe-68955d8668fe,6ec63914-1f4e-4708-8830-1b054c2ee03a,Author,Irina,Papazu
8dbdb883-dc16-4780-a6c3-c74728f6807e,6ec63914-1f4e-4708-8830-1b054c2ee03a,Author,Irina,Papazu
8dbdb883-dc16-4780-a6c3-c74728f6807e,,Author,Kasper Friis,Rasmussen
7d4db7e7-8589-4418-bd6d-b4eceb30ded4,6ec63914-1f4e-4708-8830-1b054c2ee03a,Author,Irina,Papazu
22cb2012-3650-485a-ac2d-921ea215d12f,6ec63914-1f4e-4708-8830-1b054c2ee03a,Author,Irina,Papazu
22cb2012-3650-485a-ac2d-921ea215d12f,,Author,Søren,Skaarup
b41be476-62b8-4f21-9e5c-4c4ed33199b4,6ec63914-1f4e-4708-8830-1b054c2ee03a,Author,Irina,Papazu
21c45f0c-dfc1-40f3-8443-c1b7d4c34d64,6ec63914-1f4e-4708-8830-1b054c2ee03a,Author,Irina,Papazu
21c45f0c-dfc1-40f3-8443-c1b7d4c34d64,0baaf9f8-3126-4cb1-b22f-b9fceabb8b54,Author,Lara,Reime
c6e8396d-fa41-45f7-a68d-b47e64be0722,6ec63914-1f4e-4708-8830-1b054c2ee03a,Author,Irina,Papazu
c6e8396d-fa41-45f7-a68d-b47e64be0722,605b59ab-91b4-4f8e-bb12-df68ce0491c5,Author,Cancan,Wang
c6e8396d-fa41-45f7-a68d-b47e64be0722,4ca57c3b-1d1f-4ecf-87b0-fe690510c887,Author,Jessamy,Perriam
c6e8396d-fa41-45f7-a68d-b47e64be0722,528393a3-e784-47a8-85be-c81d44c393bd,Author,Sanna-Maria,Marttila
7315e62e-f691-4010-88b1-d5cb4f28ff6a,6ec63914-1f4e-4708-8830-1b054c2ee03a,Author,Irina ,Papazu
7315e62e-f691-4010-88b1-d5cb4f28ff6a,10e4fc8e-556f-4104-b744-409caedc2276,Author,Morten ,Hjelholt
fe24fceb-d77b-4168-ac1d-6914ec93bbdc,6ec63914-1f4e-4708-8830-1b054c2ee03a,Author,Irina ,Papazu
6f4bd1d7-c4d5-4052-bbfa-935b303a39e5,db64c222-0674-4eab-9f09-7f9ea1c483e3,Author,Vedran,Sekara
95da214d-8309-41ba-88cd-dcbb7fd4b2f1,d05daa00-c3d6-4a89-ba14-cfd1847fb0cc,Author,Raúl,Pardo
95da214d-8309-41ba-88cd-dcbb7fd4b2f1,9cf737ee-bd9a-4f7e-b865-b6ff6ed01fde,Author,Willard,Rafnsson
95da214d-8309-41ba-88cd-dcbb7fd4b2f1,a39b94ff-e1b6-4b96-8404-486167a9123d,Author,Andrzej,Wasowski
5bb0e63b-d32f-479b-9961-ed759f0bc6ed,d05daa00-c3d6-4a89-ba14-cfd1847fb0cc,Author,Raúl,Pardo
5bb0e63b-d32f-479b-9961-ed759f0bc6ed,a39b94ff-e1b6-4b96-8404-486167a9123d,Author,Andrzej,Wasowski
b0eeda5b-b02a-4c79-b017-ce7acb40311a,d05daa00-c3d6-4a89-ba14-cfd1847fb0cc,Author,Raúl,Pardo
b0eeda5b-b02a-4c79-b017-ce7acb40311a,9cf737ee-bd9a-4f7e-b865-b6ff6ed01fde,Author,Willard,Rafnsson
b0eeda5b-b02a-4c79-b017-ce7acb40311a,a39b94ff-e1b6-4b96-8404-486167a9123d,Author,Andrzej,Wasowski
0a0661f2-b792-461c-ab00-38d4f334c0d0,d05daa00-c3d6-4a89-ba14-cfd1847fb0cc,Author,Raúl,Pardo
a1de9e31-5cef-4ed0-87f4-72db241a8e49,,Author,Francesco,Silvestri
a1de9e31-5cef-4ed0-87f4-72db241a8e49,,Author,Rasmus,Pagh
ed51f887-3fa9-43fa-89cf-65401a67f54c,0a2a2206-180b-4443-bdb7-92deba889221,Author,Leon Y.,Xiao
d9787fc8-c82e-4cc9-a596-e695728d6bab,6aed9698-9a0c-4956-be0d-ec658bbfe09a,Author,Luca Maria,Aiello
fb94fb3c-a678-4f95-8c28-cd0725d66871,b2431f12-bff1-4a97-af68-defe62b81aee,Author,Karl,Werder
de0b0cfb-6548-44f7-8207-b13ae63e3614,ac400e55-5188-4efd-872a-12df089e7068,Author,Ehsan,Yousefzadeh-Asl-Miandoab
de0b0cfb-6548-44f7-8207-b13ae63e3614,63342b24-28ec-40c5-a7d9-ec49867dc75d,Author,Pınar,Tözün
50f34068-7a08-480a-8c89-3064cdf6a33b,8e5f2a6c-c817-4a90-b48b-d9171743ad0f,Author,Rob,Van Der Goot
bfc622fa-1a3e-4012-87b5-6f95c9cb8320,c90e23c6-5bf4-4d6f-97d8-b162b8a5b03e,Author,Thomas,Binder
67539e33-c317-43c9-8d71-9ed969955e9e,a39b94ff-e1b6-4b96-8404-486167a9123d,Author,Andrzej,Wasowski
15de052d-9588-4e40-b2d3-a02b27f4ed71,a39b94ff-e1b6-4b96-8404-486167a9123d,Author,Andrzej,Wasowski
7f4d0443-7962-4861-9cee-55696598cdb6,a39b94ff-e1b6-4b96-8404-486167a9123d,Author,Andrzej,Wasowski
d169c694-0039-4ffd-a5c9-2b39dc7df97c,a39b94ff-e1b6-4b96-8404-486167a9123d,Author,Andrzej,Wasowski
53dfbf13-03c7-41fa-8a71-e4f8cb385268,,Author,Stefan,Patachi
53dfbf13-03c7-41fa-8a71-e4f8cb385268,1313519f-2074-41d6-8b79-589648e37211,Author,Carsten,Schürmann
9e433e64-05db-40ac-a835-ff70f9f62e39,f2136570-f73c-446f-9fb0-6d9e461e2124,Author,Yvonne,Dittrich
27938b97-9edc-4189-b55f-d2e0383009ef,cf6cfa0b-e3ac-4164-8de2-b956d8e23825,Author,Elisa D.,Mekler
72400865-c1ca-40f8-8c7e-89ba845e4286,a420ffb3-2ca6-4925-a25f-baaa5228fc15,Author,Sebastian,Risi
3efd22ea-8ffc-4cb2-8668-978770c91081,f073ebac-704d-4236-9206-d1d2ef2be9c3,Author,Barbara,Plank
5bcdb026-517d-4ad7-9b92-bbee26c898f6,ffc6db77-95ed-452f-92ac-ca143a9db73c,Author,Maria Jung,Barrett
36d2b5e2-76f4-4c58-b3aa-70491d2b2a14,785a7089-e58e-4aaa-986d-ae0e615ba508,Author,Leon,Derczynski
019b8a7e-08f7-43cc-8450-c5905768b8a5,,Author,Marco,Paviotti
019b8a7e-08f7-43cc-8450-c5905768b8a5,10003d22-a201-4b64-88e3-b423bc76fcc2,Author,Rasmus Ejlers,Møgelberg
019b8a7e-08f7-43cc-8450-c5905768b8a5,,Author,Lars,Birkedal
bb190fd1-b0a8-47b5-92e9-b22b1882642e,,Author,Marco,Paviotti
d47caa72-1e53-4648-9152-4dc9017606e7,5ad9c220-e37f-443a-8a31-fc4abf365db5,Author,Dan Witzner,Hansen
147e8b80-e267-11de-a523-000ea68e967b,,Author,Julian,Togelius
147e8b80-e267-11de-a523-000ea68e967b,,Author,Georgios N.,Yannakakis
972dacd0-e269-11de-a523-000ea68e967b,,Author,Julian,Togelius
972dacd0-e269-11de-a523-000ea68e967b,,Author,Georgios N.,Yannakakis
e0dfef62-5cda-41d2-9d73-da20477394b7,,Author,Christoffer Holmgård,Pedersen
e0dfef62-5cda-41d2-9d73-da20477394b7,,Author,Rilla,Khaled
e0dfef62-5cda-41d2-9d73-da20477394b7,,Author,Georgios N.,Yannakakis
e0d8b40d-55b2-4b24-b89d-b01b18f83cd1,,Author,Christoffer Holmgård,Pedersen
e0d8b40d-55b2-4b24-b89d-b01b18f83cd1,,Author,Georgios N.,Yannakakis
8a383f20-aa8e-46d8-ac33-5210fc1b9000,,Author,Pernille,Kræmmergaard
dc0c18dd-8499-478c-b7e3-63b81fc12bc9,,Author,Jens,Pedersen
0687e285-1d4c-4fce-b770-ecccdc7052ef,,Author,Tina Øvad,Pedersen
cd31fe4b-fb0b-41c5-afe6-cdfef7f8ccdd,,Author,Tina Øvad,Pedersen
f5acb216-f6d1-46ee-a329-ac2e27340595,,Author,Tina Øvad,Pedersen
781e8b57-0048-4e51-a408-f337afffe32f,,Author,Tina Øvad,Pedersen
72db87e3-36dd-4c59-ba00-ca3a057a3a30,09ec1bda-4550-4a83-8480-fe742d77e882,Author,Asger Balle,Pedersen
72db87e3-36dd-4c59-ba00-ca3a057a3a30,,Author,Roman,Beck
071d5a5b-ef6f-4d2c-b580-207d505b85f5,22ec9269-2fff-4dbf-a9c7-5037559a15ee,Author,Anders Sundnes,Løvlie
ca4a1041-64b5-4ef9-b1be-198642586090,,Author,Gitte,Tjørnehøj
05cdae12-030a-49f5-90d8-bdb8711774f3,5f3b7745-99be-4d1b-8ce1-a413325c2008,Author,Carsten Lund,Pedersen
95f81998-8117-4e2f-991f-c4749bcb3c5f,5f3b7745-99be-4d1b-8ce1-a413325c2008,Author,Carsten Lund,Pedersen
3edb4391-9061-4787-8b51-7ac61d8db8bf,5f3b7745-99be-4d1b-8ce1-a413325c2008,Author,Carsten Lund,Pedersen
75bce918-ce10-4fe5-afb3-cee710122fab,5f3b7745-99be-4d1b-8ce1-a413325c2008,Author,Carsten Lund,Pedersen
0d73963d-3a18-45e3-851b-297787b13d3a,5f3b7745-99be-4d1b-8ce1-a413325c2008,Author,Carsten Lund,Pedersen
f0ecfe6a-5777-4d77-98e4-3a1654e03a4e,5f3b7745-99be-4d1b-8ce1-a413325c2008,Author,Carsten Lund,Pedersen
563b7ca5-cee3-47d5-a7e5-bc8eaa9fbcd5,5f3b7745-99be-4d1b-8ce1-a413325c2008,Author,Carsten Lund,Pedersen
800c9e44-137f-4fae-8701-fd19a2ab4813,5f3b7745-99be-4d1b-8ce1-a413325c2008,Author,Carsten Lund,Pedersen
d29a465f-7e25-432b-98a6-2501cbeb6138,5f3b7745-99be-4d1b-8ce1-a413325c2008,Author,Carsten Lund,Pedersen
4bc8adb9-da74-4336-b343-2ed0297fd79e,5f3b7745-99be-4d1b-8ce1-a413325c2008,Author,Carsten Lund,Pedersen
3ec675fd-cf43-43c5-9129-9e21134b4e43,44aa2464-bb3c-413f-93fa-d5b56d85ec5c,Author,Nikolaj Krebs,Pedersen
f6d86abe-88fb-428a-8d75-8cd7f5fcb6ca,44aa2464-bb3c-413f-93fa-d5b56d85ec5c,Author,Nikolaj Krebs,Pedersen
bab3e6a7-fab4-4822-a5fe-5ec28e2a9dd3,5f3b7745-99be-4d1b-8ce1-a413325c2008,Author,Carsten Lund,Pedersen
b8831611-771a-4a2e-8e28-65db55529d20,5f3b7745-99be-4d1b-8ce1-a413325c2008,Author,Carsten Lund,Pedersen
8c7cce6b-a593-45b4-9ef3-e47b0b87e723,5f3b7745-99be-4d1b-8ce1-a413325c2008,Author,Carsten Lund,Pedersen
536f4292-8841-47d4-ab4f-e838e664c20e,44aa2464-bb3c-413f-93fa-d5b56d85ec5c,Author,Nikolaj Krebs,Pedersen
536f4292-8841-47d4-ab4f-e838e664c20e,3dac6e0e-2770-4c5e-b32a-d7750523516f,Author,Jonas Valbjørn,Andersen
4947dd19-6b2a-4309-988c-93c702be4de0,5f3b7745-99be-4d1b-8ce1-a413325c2008,Author,Carsten Lund,Pedersen
b4a74320-8dab-4ee4-8f21-6c56b593bcc0,5f3b7745-99be-4d1b-8ce1-a413325c2008,Author,Carsten Lund,Pedersen
c0d019d9-949a-4cdf-b506-3f161c141dd5,5f3b7745-99be-4d1b-8ce1-a413325c2008,Author,Carsten Lund,Pedersen
d2c688b7-90bc-495c-86c0-eed35ec5ee8d,09ec1bda-4550-4a83-8480-fe742d77e882,Author,Asger Balle,Pedersen
d2c688b7-90bc-495c-86c0-eed35ec5ee8d,,Author,Signe,Agerskov
d2c688b7-90bc-495c-86c0-eed35ec5ee8d,,Author,Roman,Beck
7e9ebf07-4c62-4149-9a65-56201aa5c0e3,ea9052b5-b292-440f-9aa7-c3491cd22aea,Author,Ralf,Raumanns
7e9ebf07-4c62-4149-9a65-56201aa5c0e3,1c4bfd79-4336-4b17-a672-9acb465f15c0,Author,Veronika,Cheplygina
f4fa6d5e-5796-4b74-89ef-0189a5149de4,5f3b7745-99be-4d1b-8ce1-a413325c2008,Author,Carsten Lund,Pedersen
fb84bb85-7e41-4c20-baeb-b9661762e1d6,5f3b7745-99be-4d1b-8ce1-a413325c2008,Author,Carsten Lund,Pedersen
54b0ba89-9906-437f-95b2-48f78c67135f,5f3b7745-99be-4d1b-8ce1-a413325c2008,Author,Carsten Lund,Pedersen
ea2771ae-c1f4-48f4-b86e-85dee6a4a639,5f3b7745-99be-4d1b-8ce1-a413325c2008,Author,Carsten Lund,Pedersen
7fbc431d-11cf-4a3f-a002-f318bd380d80,5f3b7745-99be-4d1b-8ce1-a413325c2008,Author,Carsten Lund,Pedersen
be9cb96b-79a5-45a8-bef0-56c203709b61,09ec1bda-4550-4a83-8480-fe742d77e882,Author,Asger Balle,Pedersen
673650a9-b967-4e8a-a94d-5b4a99e67722,09ec1bda-4550-4a83-8480-fe742d77e882,Author,Asger Balle,Pedersen
d835df00-4c5d-4699-8275-33dcd1f45df9,,Author,Thomas,Pederson
c42856dc-c9fd-4bb6-9669-ae268ca31e8e,,Author,Thomas,Pederson
5e4beaa6-7e79-49e8-a536-8340096dfc58,,Author,Thomas,Pederson
e6fd2769-ef56-4742-8b3f-5bb75e27e708,,Author,Thomas,Pederson
e6fd2769-ef56-4742-8b3f-5bb75e27e708,5ad9c220-e37f-443a-8a31-fc4abf365db5,Author,Dan,Witzner Hansen
e6fd2769-ef56-4742-8b3f-5bb75e27e708,,Author,Diako,Mardanbeigi
4f447708-d3cb-465b-a70d-e848b9d9f056,,Author,Thomas,Pederson
ec2f9dfe-703d-4672-99dc-9213a49b9fc0,,Author,Thomas,Pederson
ec2f9dfe-703d-4672-99dc-9213a49b9fc0,,Author,Shahram,Jalaliniya
7c9b2fd7-6e44-4814-8a0b-196430437b5c,,Author,Anastassia,Vybornova
6cd1d12e-de1c-4d0f-a8f6-bfb582fe1f12,,Author,Anastassia,Vybornova
c3a9381d-deaa-435e-9b88-6a6174bffa59,,Author,Muhammad,Ali Babar
886ef996-e6fb-4f1e-b79a-f4365b4f9faa,d43519a1-5bf4-4290-a053-fe55459ca88a,Author,Sven,Peldszus
3644e7ea-3b7c-42c6-9a4c-ccb36f60554a,d43519a1-5bf4-4290-a053-fe55459ca88a,Author,Sven Matthias,Peldszus
91911879-0a03-4def-a1ed-024b64cc2809,d43519a1-5bf4-4290-a053-fe55459ca88a,Author,Sven Matthias,Peldszus
75dc1c80-1439-4f07-bef1-78a0995f33d4,d43519a1-5bf4-4290-a053-fe55459ca88a,Author,Sven,Peldszus
75dc1c80-1439-4f07-bef1-78a0995f33d4,,Author,Thorsten,Berger
48f071ab-df0b-448e-9bcb-9616cf706276,d43519a1-5bf4-4290-a053-fe55459ca88a,Author,Sven,Peldszus
31a27f5a-7c56-40f0-8da8-d756a7a77cc8,d43519a1-5bf4-4290-a053-fe55459ca88a,Author,Sven,Peldszus
aac1ed82-d3bf-438d-bb85-54c16c4642ad,d43519a1-5bf4-4290-a053-fe55459ca88a,Author,Sven Matthias,Peldszus
db4379ff-83c7-4d47-89f1-a7b32195f7b9,d43519a1-5bf4-4290-a053-fe55459ca88a,Author,Sven,Peldszus
e2b674d7-f80d-49b3-b94d-12732419f0d9,d43519a1-5bf4-4290-a053-fe55459ca88a,Author,Sven,Peldszus
99053f0b-acf9-40cd-8a2f-07198e1b6388,d43519a1-5bf4-4290-a053-fe55459ca88a,Author,Sven,Peldszus
99053f0b-acf9-40cd-8a2f-07198e1b6388,,Author,Thorsten,Berger
e4ef131f-62c7-4cc3-8695-fc48cdfba0cb,d43519a1-5bf4-4290-a053-fe55459ca88a,Author,Sven,Peldszus
e4ef131f-62c7-4cc3-8695-fc48cdfba0cb,,Author,Thorsten,Berger
d6b9f026-cf35-4946-8be2-0f5ba3b2bac1,d43519a1-5bf4-4290-a053-fe55459ca88a,Author,Sven,Peldszus
0077f87b-aa5e-422f-8b74-3df6649300cd,d43519a1-5bf4-4290-a053-fe55459ca88a,Author,Sven Matthias,Peldszus
0ab53d03-d760-41dc-9138-d73c228ca95a,d43519a1-5bf4-4290-a053-fe55459ca88a,Author,Sven Matthias,Peldszus
6a40a187-643d-4a86-b468-741cd87384be,d43519a1-5bf4-4290-a053-fe55459ca88a,Author,Sven,Peldszus
49c299a5-cdea-4cd3-ac2a-a3965568efd1,d43519a1-5bf4-4290-a053-fe55459ca88a,Author,Sven,Peldszus
8656cc46-248e-41c5-bcaf-b4d20bd528f5,d43519a1-5bf4-4290-a053-fe55459ca88a,Author,Sven Matthias,Peldszus
5d30e78f-5451-4c48-b317-dd44fa5e196e,d43519a1-5bf4-4290-a053-fe55459ca88a,Author,Sven,Peldszus
5d30e78f-5451-4c48-b317-dd44fa5e196e,,Author,Thorsten,Berger
5e82f36a-bb35-46b2-b501-238a8c003b3d,8e5f2a6c-c817-4a90-b48b-d9171743ad0f,Author,Rob,van der Goot
d747337a-08c5-44a9-ba0d-8f02eeee78ea,efa39e70-a80a-4780-b151-ba31b01726bb,Author,Per B.,Brockhoff
936e6cf6-50d2-4694-bf6c-7f20f98d3fa0,5ad9c220-e37f-443a-8a31-fc4abf365db5,Inventor,Dan Witzner,Hansen
0cba8762-cbf2-4fff-8a98-79ca431720b7,efa39e70-a80a-4780-b151-ba31b01726bb,Author,Per B.,Brockhoff
2ad75e70-8e45-4dad-899e-4c7548126318,efa39e70-a80a-4780-b151-ba31b01726bb,Author,Per B.,Brockhoff
af64e7d1-0b24-4129-805a-8825275eafca,b614ac6f-eefa-44a3-8b9a-092b88d86d37,Author,Baki,Cakici
30d892ac-e4e3-4159-a5da-597dc48b9c04,f09e1c90-dbb8-4379-9905-0086e71503d4,Author,Arianna ,Pera
30d892ac-e4e3-4159-a5da-597dc48b9c04,6aed9698-9a0c-4956-be0d-ec658bbfe09a,Author,Luca Maria,Aiello
fc9ccf31-6b4a-46d7-ab91-d4a742a60ae7,f09e1c90-dbb8-4379-9905-0086e71503d4,Author,Arianna ,Pera
fc9ccf31-6b4a-46d7-ab91-d4a742a60ae7,6aed9698-9a0c-4956-be0d-ec658bbfe09a,Author,Luca Maria,Aiello
e4093315-d4c3-458b-b0d2-fb0ebe7539cb,f09e1c90-dbb8-4379-9905-0086e71503d4,Author,Arianna ,Pera
ffdfdd2f-4b60-451c-aee6-3e6209da0de9,,Author,Irina,Shklovski
12e6f886-a47f-413f-953c-ae7861837525,,Author,Irina,Shklovski
5b3ad81f-2b86-43b9-a078-68d3a80d09d0,a420ffb3-2ca6-4925-a25f-baaa5228fc15,Author,Sebastian,Risi
5b3ad81f-2b86-43b9-a078-68d3a80d09d0,,Author,Antonios,Liapis
5b3ad81f-2b86-43b9-a078-68d3a80d09d0,cf5e1d64-5489-4534-ba34-8dba5fd354a6,Author,Paolo,Burelli
5b3ad81f-2b86-43b9-a078-68d3a80d09d0,,Author,Mark,Nelson
a2efc91f-c296-4217-a1bb-37ae1ece6763,efa39e70-a80a-4780-b151-ba31b01726bb,Author,Per B.,Brockhoff
df8d567e-3741-4de3-8530-d91a81f88d99,efa39e70-a80a-4780-b151-ba31b01726bb,Author,Per B.,Brockhoff
7b8a71e1-7403-47f2-9d77-2f40395f84e5,4ca57c3b-1d1f-4ecf-87b0-fe690510c887,Author,Jessamy,Perriam
c8dd1ecc-db41-40e6-9d6a-b0cc83b06247,4ca57c3b-1d1f-4ecf-87b0-fe690510c887,Author,Jessamy,Perriam
d44b20cb-8bf4-4146-a181-e04e92a20e55,4ca57c3b-1d1f-4ecf-87b0-fe690510c887,Author,Jessamy,Perriam
036700ff-a395-4255-b08b-90b7c787bb2a,4ca57c3b-1d1f-4ecf-87b0-fe690510c887,Author,Jessamy,Perriam
1e7c308f-602a-4c6c-855b-63f1552dad14,4ca57c3b-1d1f-4ecf-87b0-fe690510c887,Author,Jessamy,Perriam
f58bd3b9-a22a-4f98-a1b6-155cff3ef148,4ca57c3b-1d1f-4ecf-87b0-fe690510c887,Author,Jessamy,Perriam
1228d3da-88f3-4e56-966a-cb07b03ac63f,4ca57c3b-1d1f-4ecf-87b0-fe690510c887,Author,Jessamy,Perriam
18896936-b576-4117-9871-0a794293aa39,4ca57c3b-1d1f-4ecf-87b0-fe690510c887,Editor,Jessamy,Perriam
d0a6c573-bd32-4953-9f6a-b8ef30132089,4ca57c3b-1d1f-4ecf-87b0-fe690510c887,Author,Jessamy,Perriam
10e3d302-c6d5-482c-8c2c-35d912960a67,4ca57c3b-1d1f-4ecf-87b0-fe690510c887,Author,Jessamy,Perriam
81ff7a10-c919-4eab-96c4-d1e7d87e1533,4ca57c3b-1d1f-4ecf-87b0-fe690510c887,Author,Jessamy,Perriam
093f692c-a6ef-440c-a68b-6570d0b7a311,4ca57c3b-1d1f-4ecf-87b0-fe690510c887,Author,Jessamy,Perriam
68cda2c2-e588-4863-aab0-2a4430708e0b,4ca57c3b-1d1f-4ecf-87b0-fe690510c887,Author,Jessamy,Perriam
f7ca280a-a816-40b3-92f9-5c4205d7209c,4ca57c3b-1d1f-4ecf-87b0-fe690510c887,Author,Jessamy,Perriam
63137823-9862-4f33-a0d3-440a4269c108,4ca57c3b-1d1f-4ecf-87b0-fe690510c887,Author,Jessamy,Perriam
63137823-9862-4f33-a0d3-440a4269c108,e9d14210-bc71-4824-b7cf-fd1448d022ab,Author,Marisa,Cohn
63137823-9862-4f33-a0d3-440a4269c108,5041f387-908f-4845-9f79-3a6dbd527f4b,Author,Michael,Hockenhull
63137823-9862-4f33-a0d3-440a4269c108,0baaf9f8-3126-4cb1-b22f-b9fceabb8b54,Author,Lara,Reime
63137823-9862-4f33-a0d3-440a4269c108,986bf923-1db1-4387-85ed-db9c03a27ab5,Author,Luis,Landa
63137823-9862-4f33-a0d3-440a4269c108,0c46864b-a7f8-4439-aeda-0781f77bfe88,Author,Katrine Meldgaard,Kjær
63137823-9862-4f33-a0d3-440a4269c108,140f881b-1540-455b-8066-f0bc9ac6d82c,Author,Henriette,Friis
cd493cc2-10eb-4ebe-8e90-8d3cff414215,4ca57c3b-1d1f-4ecf-87b0-fe690510c887,Editor,Jessamy,Perriam
cd493cc2-10eb-4ebe-8e90-8d3cff414215,0c46864b-a7f8-4439-aeda-0781f77bfe88,Editor,Katrine Meldgaard,Kjær
2447e78a-df0d-4859-ab59-4553e65463a2,,Author,Gian David,Perrone
2447e78a-df0d-4859-ab59-4553e65463a2,d3b41838-e2bf-4735-b1cd-03f60b49c7e5,Author,Søren,Debois
2447e78a-df0d-4859-ab59-4553e65463a2,d30b96a8-4f1e-44fa-9bf5-0209bedf0268,Author,Thomas,Hildebrandt
fc0d85e2-570a-4bf4-b7ce-6f002e5c397f,,Author,Gian David,Perrone
fc0d85e2-570a-4bf4-b7ce-6f002e5c397f,d3b41838-e2bf-4735-b1cd-03f60b49c7e5,Author,Søren,Debois
fc0d85e2-570a-4bf4-b7ce-6f002e5c397f,d30b96a8-4f1e-44fa-9bf5-0209bedf0268,Author,Thomas,Hildebrandt
583fca1a-fd86-47fb-9e53-decd4c1bc0bc,,Author,Gian David,Perrone
583fca1a-fd86-47fb-9e53-decd4c1bc0bc,d3b41838-e2bf-4735-b1cd-03f60b49c7e5,Author,Søren,Debois
583fca1a-fd86-47fb-9e53-decd4c1bc0bc,d30b96a8-4f1e-44fa-9bf5-0209bedf0268,Author,Thomas,Hildebrandt
1fc98f52-f31e-4134-a483-d306c0c24ee6,,Author,Gian David,Perrone
967cc8bc-a685-484d-80ad-7ac495ab94ac,54728da8-274d-40e6-b119-23318d995721,Author,Hanne Westh,Nicolajsen
bc9670f0-8fc8-11dd-8006-000ea68e967b,,Author,Rasmus Lerchedal,Petersen
bc9670f0-8fc8-11dd-8006-000ea68e967b,,Author,Lars,Birkedal
45d7d560-f839-11dd-9b71-000ea68e967b,,Author,Søren Mørk,Petersen
d3081efe-6dec-4cea-bb87-835a01108862,,Author,Kjell Yngve,Petersen
0e78ad6b-5e8d-4451-b0d8-5f96552908f7,,Author,Kjell Yngve,Petersen
06468c68-5943-46f6-9677-fd9f2467228e,,Author,Kjell Yngve,Petersen
e13d7932-504a-44b8-9635-25c036e038cf,,Author,Kjell Yngve,Petersen
18c0206b-e7b3-4c7c-86dc-e6c4f7827ad3,,Author,Kjell Yngve,Petersen
3dda0c1f-906f-4949-88bc-6e6676919b23,,Author,Kjell Yngve,Petersen
3dda0c1f-906f-4949-88bc-6e6676919b23,,Author,Ole,Kristensen
ef58bd85-f8c8-45e2-99db-3eb9dc561b70,,Author,Kjell Yngve,Petersen
66bcb784-e045-455b-8e9b-5a1139e36bcb,,Author,Kjell Yngve,Petersen
66bcb784-e045-455b-8e9b-5a1139e36bcb,,Author,Ole,Kristensen
2e4ca537-99f2-49d4-934d-cbad356fbc7f,,Author,Kjell Yngve,Petersen
64ca7394-8c30-4284-a455-52410bacdb7e,,Author,Kjell Yngve,Petersen
8dfcd9fa-4f44-4c46-9608-b061ac1ed840,,Author,Kjell Yngve,Petersen
8dfcd9fa-4f44-4c46-9608-b061ac1ed840,,Author,Ole,Kristensen
58b403f8-9fee-4f91-880c-e3f5db6ba631,,Author,Kjell Yngve,Petersen
b7d5fa33-3fe8-44ba-ba7d-abbba6f1493e,,Author,Anette,Petersen
b7d5fa33-3fe8-44ba-ba7d-abbba6f1493e,92f6c3f3-0ad2-40fc-b278-69170f87567d,Author,Lars Rune,Christensen
410b633f-ce03-4566-93fb-d1746cdd5c89,410df04c-bc1d-4cd3-9726-c35469ddab8c,Author,Aske,Mottelson
c4ada0ea-85f6-472a-a5ef-bf730a96f438,,Author,Anette,Petersen
c4ada0ea-85f6-472a-a5ef-bf730a96f438,92f6c3f3-0ad2-40fc-b278-69170f87567d,Author,Lars Rune,Christensen
c4ada0ea-85f6-472a-a5ef-bf730a96f438,d30b96a8-4f1e-44fa-9bf5-0209bedf0268,Author,Thomas,Hildebrandt
b9bdd6b8-4a91-4a84-832f-31a89d8de5b8,e726f512-d3fd-4d89-962a-3aa9f532a52f,Editor,Toine,Bogers
0a436c00-f13e-11dd-8987-000ea68e967b,,Author,Søren Mørk,Petersen
8e03ea7f-e9fe-4426-8bd3-039e69188504,,Author,Anette,Petersen
45ac8c24-37ff-4bf8-ad6c-702f8f5ebdc5,e726f512-d3fd-4d89-962a-3aa9f532a52f,Author,Toine,Bogers
4013d2a4-999c-4cec-8269-a8351917df5f,e726f512-d3fd-4d89-962a-3aa9f532a52f,Author,Toine,Bogers
cb01d341-6371-48db-850f-2d8b3cf99028,e726f512-d3fd-4d89-962a-3aa9f532a52f,Author,Toine,Bogers
046a5f88-64b2-4d65-b8cd-d1c476fc92a8,e726f512-d3fd-4d89-962a-3aa9f532a52f,Author,Toine,Bogers
dee1a6e8-30a8-4f16-a404-3695b3f40c9f,,Author,Martin,Zachariasen
e2159917-ea4e-4101-9ae2-9615d0612be8,51cfa226-5179-4a05-aa13-4a53f8de6404,Author,Rolf-Helge ,Pfeiffer
e2159917-ea4e-4101-9ae2-9615d0612be8,a39b94ff-e1b6-4b96-8404-486167a9123d,Author,Andrzej,Wasowski
b0d75688-d564-494d-ba84-038413fdf603,51cfa226-5179-4a05-aa13-4a53f8de6404,Author,Rolf-Helge,Pfeiffer
b0d75688-d564-494d-ba84-038413fdf603,a39b94ff-e1b6-4b96-8404-486167a9123d,Author,Andrzej,Wasowski
212ad80d-7dd6-409b-8fc1-aec4d73a2cdf,51cfa226-5179-4a05-aa13-4a53f8de6404,Author,Rolf-Helge ,Pfeiffer
212ad80d-7dd6-409b-8fc1-aec4d73a2cdf,a39b94ff-e1b6-4b96-8404-486167a9123d,Author,Andrzej,Wasowski
984a53cf-998d-42f1-9b30-ca6bdbf51973,51cfa226-5179-4a05-aa13-4a53f8de6404,Author,Rolf-Helge ,Pfeiffer
984a53cf-998d-42f1-9b30-ca6bdbf51973,a39b94ff-e1b6-4b96-8404-486167a9123d,Author,Andrzej,Wasowski
89811c52-542f-4c08-96be-92027ec1ba3c,51cfa226-5179-4a05-aa13-4a53f8de6404,Author,Rolf-Helge ,Pfeiffer
89811c52-542f-4c08-96be-92027ec1ba3c,a39b94ff-e1b6-4b96-8404-486167a9123d,Author,Andrzej,Wasowski
17d16f14-581c-463c-a0b8-a73ca52e9101,51cfa226-5179-4a05-aa13-4a53f8de6404,Author,Rolf-Helge ,Pfeiffer
17d16f14-581c-463c-a0b8-a73ca52e9101,a39b94ff-e1b6-4b96-8404-486167a9123d,Author,Andrzej,Wasowski
07fc1a13-c567-423d-8d8e-d6044d2a0f3a,51cfa226-5179-4a05-aa13-4a53f8de6404,Author,Rolf-Helge,Pfeiffer
07fc1a13-c567-423d-8d8e-d6044d2a0f3a,a39b94ff-e1b6-4b96-8404-486167a9123d,Author,Andrzej,Wasowski
80c9f7f0-e2db-48ab-80da-a9e73dce04c1,51cfa226-5179-4a05-aa13-4a53f8de6404,Author,Helge,Pfeiffer
2054fcf7-213e-4d4d-be14-e38e1e508e0f,51cfa226-5179-4a05-aa13-4a53f8de6404,Author,Helge,Pfeiffer
4b1cc6d9-5f45-4472-b438-5a311143b099,51cfa226-5179-4a05-aa13-4a53f8de6404,Author,Helge,Pfeiffer
236d2c36-7ab4-4b79-adaa-6627d1cd2cf8,51cfa226-5179-4a05-aa13-4a53f8de6404,Author,Helge,Pfeiffer
13e0e877-817a-47eb-bdc5-7d45b4229528,51cfa226-5179-4a05-aa13-4a53f8de6404,Author,Helge,Pfeiffer
2ae02a19-1699-4e52-8179-3d7f53e300f7,51cfa226-5179-4a05-aa13-4a53f8de6404,Author,Helge,Pfeiffer
2ae02a19-1699-4e52-8179-3d7f53e300f7,02960d47-7677-4b2c-99d4-490a31fd6885,Author,Mircea,Lungu
2ae02a19-1699-4e52-8179-3d7f53e300f7,2b8ff3a4-e9b0-403d-8bd8-1bf26121c234,Author,Paolo,Tell
ce6096be-7169-4b94-9540-075b4aa62859,51cfa226-5179-4a05-aa13-4a53f8de6404,Author,Helge,Pfeiffer
ce6096be-7169-4b94-9540-075b4aa62859,6b81fcf4-173e-4e8b-86d6-2c9e7b4320c6,Author,Jon,Aaen
1f082f42-0db5-4822-83fe-eac234484fcc,51cfa226-5179-4a05-aa13-4a53f8de6404,Author,Helge,Pfeiffer
62ae8682-8ba1-4d65-8d88-62e55d0d365b,51cfa226-5179-4a05-aa13-4a53f8de6404,Author,Rolf-Helge,Pfeiffer
763dd7c5-c457-4d09-bdd3-a38874a07f1f,,Author,Mai Lise,Ajspur
eacbd5ca-09d5-4087-8c8b-e4b0b7596088,,Author,Ninh Dang,Pham
eacbd5ca-09d5-4087-8c8b-e4b0b7596088,,Author,Rasmus,Pagh
6539633d-7102-495c-b0dd-f08fa4426dc4,,Author,Ninh Dang,Pham
6539633d-7102-495c-b0dd-f08fa4426dc4,,Author,Rasmus,Pagh
fb03d24e-efad-42b6-a64e-f344e874e591,,Author,Ninh Dang,Pham
fb03d24e-efad-42b6-a64e-f344e874e591,,Author,Rasmus,Pagh
43e951f8-9210-4839-9894-a02c7bf59e49,,Author,Ninh Dang,Pham
2fd10d08-146c-4f4e-8560-3d1b7ac3f662,b8c7a59c-125b-48a6-9a1f-e22b82335828,Author,Luís,Cruz-Filipe
8530a00f-4937-4e8f-96ee-9512a3f3b636,cf5e1d64-5489-4534-ba34-8dba5fd354a6,Author,Paolo,Burelli
8530a00f-4937-4e8f-96ee-9512a3f3b636,,Author,Georgios N.,Yannakakis
98403763-e289-40d2-8c9e-c9913a75ce80,ddcdfda8-c5ea-4e67-b0ea-21ba86966197,Author,Martin,Pichlmair
639347e9-4891-4d4b-a948-b472e38ddf3f,ddcdfda8-c5ea-4e67-b0ea-21ba86966197,Author,Martin,Pichlmair
494eb6b6-f11b-494e-89cb-a2f6df186d9f,ddcdfda8-c5ea-4e67-b0ea-21ba86966197,Author,Martin,Pichlmair
494eb6b6-f11b-494e-89cb-a2f6df186d9f,689427b5-8d2a-44f3-b291-6db6ba598305,Author,Miguel Angel,Sicart
7102ac9f-7cbf-42a6-8d3d-e17da40d994d,ddcdfda8-c5ea-4e67-b0ea-21ba86966197,Author,Martin,Pichlmair
f85b6568-f9e9-41ff-bb40-aabd2f27b736,ddcdfda8-c5ea-4e67-b0ea-21ba86966197,Author,Martin,Pichlmair
f85b6568-f9e9-41ff-bb40-aabd2f27b736,,Author,Mads,Johansen
16880ae9-8b7c-4d11-bb16-b6703a819b01,,Author,Martin,Zachariasen
e4bee173-dd90-431c-b542-fda68e9627a1,9734ef6f-09d1-4ca1-b968-6ad34872d504,Author,Priscila,Santos da Costa
2d85eb12-0977-43f0-bbd6-d233cef8a7f6,,Author,Ivan Luiz,Picoli
2d85eb12-0977-43f0-bbd6-d233cef8a7f6,,Author,Carla Ysabela,Villegas Pasco
2d85eb12-0977-43f0-bbd6-d233cef8a7f6,bd52cb95-025e-4106-9c13-1345c76dcbfe,Author,Björn Thór,Jónsson
2d85eb12-0977-43f0-bbd6-d233cef8a7f6,,Author,Philippe,Bonnet
80f976d9-b467-4891-a4ef-2688adbf0eac,,Author,Ivan Luiz,Picoli
80f976d9-b467-4891-a4ef-2688adbf0eac,,Author,Philippe,Bonnet
80f976d9-b467-4891-a4ef-2688adbf0eac,63342b24-28ec-40c5-a7d9-ec49867dc75d,Author,Pinar,Tözün
ba9409ee-9f36-4f5b-9eb0-1aeb961ebe92,,Author,Ivan Luiz,Picoli
ba9409ee-9f36-4f5b-9eb0-1aeb961ebe92,,Author,Niclas,Hedam
ba9409ee-9f36-4f5b-9eb0-1aeb961ebe92,,Author,Philippe,Bonnet
ba9409ee-9f36-4f5b-9eb0-1aeb961ebe92,63342b24-28ec-40c5-a7d9-ec49867dc75d,Author,Pinar,Tözün
762b5c86-2835-4ce7-98f5-861fb5fe30af,,Author,Ivan Luiz,Picoli
8c842c32-d6e7-4db7-87e4-746b7fe5dd9b,3ad26d6b-4619-4a9f-a1b6-8424aab1dd52,Author,Tom ,Jenkins
c4bbef0c-a487-44df-8d18-ce170818a79c,74a08deb-18e1-48d0-a86e-ed6675da92ab,Author,Christian,Østergaard Madsen
9cf8a21f-b731-4600-ae02-b0ec0235e1a5,74a08deb-18e1-48d0-a86e-ed6675da92ab,Author,Christian,Østergaard Madsen
dbe77446-0b78-4c4d-8110-1cdd088661ba,124de7ea-2c0b-435f-b2bd-3fd5869590e7,Author,Roosa,Piitulainen
dbe77446-0b78-4c4d-8110-1cdd088661ba,cf6cfa0b-e3ac-4164-8de2-b956d8e23825,Author,Elisa D.,Mekler
e460ef58-d28a-4dbb-a46f-29bc55180ba7,124de7ea-2c0b-435f-b2bd-3fd5869590e7,Author,Roosa,Piitulainen
cac34f53-3958-43c5-808f-d4ff52db8f8b,c40e1e8a-50ee-4a7c-b7f0-2fc0fdd62adc,Author,Anna,Rogers
6efff1f4-cb5c-4f42-b281-9ad35144f509,70f3c85a-9cd2-40b4-bed9-5e2a75609421,Author,Sisse,Finken
ced2b5ce-3836-47eb-b0fb-89d452ce45fc,,Author,Yun-Gyung,Cheong
ced2b5ce-3836-47eb-b0fb-89d452ce45fc,,Author,Mark Jason,Nelson
293c3f1a-49a1-4ad6-977c-a2910546701b,,Author,Yun-Gyung,Cheong
293c3f1a-49a1-4ad6-977c-a2910546701b,,Author,Mark,Nelson
89fab561-b698-4f9b-9a22-95aef2d44d72,,Author,Magda,Pischetola
d071adf4-2d66-4c60-adb5-66b30c7af3ff,,Author,Magda,Pischetola
a9029f7f-8084-4c0c-8bcf-8225f733fe43,,Author,Magda,Pischetola
606d4ac5-fc82-4bb6-9f74-4855247e870e,,Author,Magda,Pischetola
b5cc5ffe-cf80-4161-bd25-4ea2a0a6e8fa,,Author,Magda,Pischetola
5909d0e9-2abc-4b75-8189-46d11a787388,,Author,Magda,Pischetola
91494f24-d76f-4019-951f-26190416c548,,Author,Magda,Pischetola
34db1888-c4f3-40a0-9c36-795cf38e8c4f,,Author,Magda,Pischetola
2f9a575e-a2fb-4565-948d-0b0d1f1af62b,,Author,Magda,Pischetola
c3b39506-1f88-41a7-bf0d-5b85a37b819d,,Author,Magda,Pischetola
890c1c5d-e3c1-4daf-a8f7-2878192ab1d5,,Author,Magda,Pischetola
cafd4ed9-0a0e-4dae-8982-102d6aad81ed,,Author,Magda,Pischetola
650c97b6-ba36-4fe2-933d-f933ccd9b20e,,Author,Magda,Pischetola
650c97b6-ba36-4fe2-933d-f933ccd9b20e,0309c0d2-f64d-4449-a321-e39e8fba9f83,Author,Jeppe Kilberg,Møller
650c97b6-ba36-4fe2-933d-f933ccd9b20e,,Author,Lone,Malmborg
5a38554f-cf5b-4d6a-839b-0e957787f960,,Author,Martin,Zachariasen
4a835d10-859b-4b75-932a-28acdd2fa61e,,Author,J.,Togelius
4a835d10-859b-4b75-932a-28acdd2fa61e,a420ffb3-2ca6-4925-a25f-baaa5228fc15,Author,S.,Risi
036f21f8-a576-41dc-8edf-f3e7ec65303a,f073ebac-704d-4236-9206-d1d2ef2be9c3,Author,Barbara,Plank
14bcfb02-efc4-4508-9e7c-0b8e592a88db,f073ebac-704d-4236-9206-d1d2ef2be9c3,Author,Barbara,Plank
14bcfb02-efc4-4508-9e7c-0b8e592a88db,,Author,Zeljko,Agic
f69ac074-5897-4d0a-8482-dabf76c0e780,f073ebac-704d-4236-9206-d1d2ef2be9c3,Author,Barbara,Plank
0270dbc3-5fa8-4b2c-8e65-3a867f5f8cb4,f073ebac-704d-4236-9206-d1d2ef2be9c3,Author,Barbara,Plank
aad5e6ca-1ffc-4dcf-b016-18dec3f3d679,f073ebac-704d-4236-9206-d1d2ef2be9c3,Author,Barbara,Plank
aad5e6ca-1ffc-4dcf-b016-18dec3f3d679,,Author,Sigrid,Klerke
75486cef-ac15-4d54-9706-007e01b115e1,f073ebac-704d-4236-9206-d1d2ef2be9c3,Author,Barbara,Plank
88b35a1e-6d89-4cba-808a-3982512880f6,f073ebac-704d-4236-9206-d1d2ef2be9c3,Author,Barbara,Plank
88b35a1e-6d89-4cba-808a-3982512880f6,04344edd-2f02-45d5-ad45-baffe4c08898,Author,Kristian Nørgaard,Jensen
88b35a1e-6d89-4cba-808a-3982512880f6,8e5f2a6c-c817-4a90-b48b-d9171743ad0f,Author,Rob,van der Goot
28a06baa-ccc6-4966-8053-5008f9faba0a,f073ebac-704d-4236-9206-d1d2ef2be9c3,Author,Barbara,Plank
0f691198-3612-426a-9ed1-25cb356d9a6f,f073ebac-704d-4236-9206-d1d2ef2be9c3,Author,Barbara,Plank
66d84b99-c2f2-4a7a-a8b7-c90c5bfa5c13,f2136570-f73c-446f-9fb0-6d9e461e2124,Author,Yvonne,Dittrich
984cb33a-bd70-4953-acc0-4218d9300cf6,efa39e70-a80a-4780-b151-ba31b01726bb,Author,Per B.,Brockhoff
2d209d37-989c-421f-a32b-7a6e1307ce01,,Author,Giacomo,Poderi
73178338-dd59-4f7e-81da-8e13bc2bdc1b,,Author,Giacomo,Poderi
d54fb0bd-4a08-4106-a86e-c8d20dec9a5e,,Author,Giacomo,Poderi
397b7f7f-f77d-42fd-a0f9-9371b34145e5,,Author,Giacomo,Poderi
0fa8fa7f-b518-4caa-b86b-758410534b91,,Author,Giacomo,Poderi
a771e17d-d3b4-43fd-9967-f4f9bafa070b,,Author,Giacomo,Poderi
ca0a7959-b003-4f87-8262-bfe288705797,,Author,Giacomo,Poderi
c34ae020-0035-4b2d-8a10-86a4366c33a1,,Author,Giacomo,Poderi
a9e2c3e8-cff9-43f8-9ee6-6926ab41b0d2,,Author,Giacomo,Poderi
a9e2c3e8-cff9-43f8-9ee6-6926ab41b0d2,f2136570-f73c-446f-9fb0-6d9e461e2124,Author,Yvonne,Dittrich
67e45bd5-c459-45dd-991e-305cf90d5951,,Author,Giacomo,Poderi
a7f77de8-ae77-48f2-8291-42b8ecc7f490,,Author,Giacomo,Poderi
d8c97224-de50-4e65-95d1-acffdc2eb860,,Author,Giacomo,Poderi
61eb4ba2-183f-4f50-bfa3-35a2a837a544,,Author,Giacomo,Poderi
8c50c86a-0559-4fae-a23d-ad188b220949,,Author,Giacomo,Poderi
c541e865-218f-43b6-a136-a32a2698459e,,Author,Giacomo,Poderi
c541e865-218f-43b6-a136-a32a2698459e,528393a3-e784-47a8-85be-c81d44c393bd,Author,Sanna-Maria,Marttila
c541e865-218f-43b6-a136-a32a2698459e,,Author,Joanna,Saad-Sulonen
296384f7-d998-4e28-88fe-c34d05b7279e,,Author,Giacomo,Poderi
88a72126-f301-4ca6-af42-3d588beedecb,,Author,Peter,Eklund
66b72ff6-bd05-433c-b480-0ca14c940d7c,410df04c-bc1d-4cd3-9726-c35469ddab8c,Author,Aske,Mottelson
5f92d401-d652-4efd-a2c5-182f148e7239,410df04c-bc1d-4cd3-9726-c35469ddab8c,Author,Aske,Mottelson
a87cd109-4468-4747-8f16-b521dedd888a,d37cba38-dff2-4c27-a515-226cfadfd849,Developer,Jonas,Fritsch
836fa242-af47-4796-8c83-a96d8e0f0727,,Author,Sidney,Pontes-Filho
836fa242-af47-4796-8c83-a96d8e0f0727,,Author,Kathryn Elizabeth,Walker
836fa242-af47-4796-8c83-a96d8e0f0727,98a59a44-499e-4a6e-a8e8-24211f117b23,Author,Elias,Najarro
836fa242-af47-4796-8c83-a96d8e0f0727,,Author,Stefano,Nichele
836fa242-af47-4796-8c83-a96d8e0f0727,a420ffb3-2ca6-4925-a25f-baaa5228fc15,Author,Sebastian,Risi
5582a840-905c-11dd-8006-000ea68e967b,1313519f-2074-41d6-8b79-589648e37211,Author,Carsten,Schürmann
7e3d3683-7613-4ff8-8703-9a4d1c8b0297,,Author,Nicolas,Pouillard
3fbb5366-9e64-4056-890e-caef3213113d,a420ffb3-2ca6-4925-a25f-baaa5228fc15,Author,Sebastian,Risi
e1cf7480-2ebe-4fb4-8efc-4f828c2ef370,a420ffb3-2ca6-4925-a25f-baaa5228fc15,Author,Sebastian,Risi
42f7dea0-f12a-4abb-bfd6-7a37a33df816,6826c79c-8024-4f3c-bebf-f07d51e8988b,Author,Mark Staun,Poulsen
42f7dea0-f12a-4abb-bfd6-7a37a33df816,9ba013db-4c4d-41dd-be12-dbe188f67f29,Author,Hanna Elina,Wirman
d5be4233-417c-4a58-b563-a86176d4169c,6826c79c-8024-4f3c-bebf-f07d51e8988b,Author,Mark Staun,Poulsen
d5be4233-417c-4a58-b563-a86176d4169c,9ba013db-4c4d-41dd-be12-dbe188f67f29,Author,Hanna Elina,Wirman
1805a07b-f66f-4996-91ce-3fd4778c27a7,6826c79c-8024-4f3c-bebf-f07d51e8988b,Author,Mark Staun,Poulsen
9d350d1c-aa91-42ac-9e0a-4b2aa56eb460,6826c79c-8024-4f3c-bebf-f07d51e8988b,Author,Mark Staun,Poulsen
0c872c90-15f4-44f5-bc93-8b7c58d7bd32,6826c79c-8024-4f3c-bebf-f07d51e8988b,Author,Mark Staun,Poulsen
0c872c90-15f4-44f5-bc93-8b7c58d7bd32,9ba013db-4c4d-41dd-be12-dbe188f67f29,Author,Hanna Elina,Wirman
5d1eba8c-5395-42b4-a3b6-0952752f994f,6826c79c-8024-4f3c-bebf-f07d51e8988b,Author,Mark Staun,Poulsen
5d1eba8c-5395-42b4-a3b6-0952752f994f,9ba013db-4c4d-41dd-be12-dbe188f67f29,Author,Hanna Elina,Wirman
67b0453a-ddd7-44cd-99c0-dbccc7abc1aa,6826c79c-8024-4f3c-bebf-f07d51e8988b,Author,Mark Staun,Poulsen
67b0453a-ddd7-44cd-99c0-dbccc7abc1aa,9ba013db-4c4d-41dd-be12-dbe188f67f29,Author,Hanna Elina,Wirman
7edd0d60-54c6-4266-ae56-f43eb0e41a6f,,Author,Phillip,Prager
10899f36-70aa-417c-83d2-f5096b30998c,,Author,Phillip,Prager
5d42f7de-dcc9-4928-8fa8-6650ee895f75,,Author,Phillip,Prager
3e84d806-d7ab-4073-9650-8d750a22ddf6,,Author,Phillip,Prager
6c47dd9b-be70-44ef-b960-005b89ed1da9,,Author,Phillip,Prager
a061501c-0b2b-4c41-aaa6-980eab4753aa,,Author,Phillip,Prager
c806db40-e344-4c59-a59a-0ac610def18b,,Author,Phillip,Prager
366ffe69-af6e-42c5-ae4f-f8363e99d9ff,,Author,Phillip,Prager
b766a80b-3a70-4fa4-b7e2-42cfc01dc9d3,,Author,Phillip,Prager
c60fe9da-90b2-4321-b32a-5a3a66b50765,c40e1e8a-50ee-4a7c-b7f0-2fc0fdd62adc,Author,Anna,Rogers
b20ac632-8c0b-4768-8713-417b80c0d406,cf5e1d64-5489-4534-ba34-8dba5fd354a6,Author,Paolo,Burelli
b20ac632-8c0b-4768-8713-417b80c0d406,,Author,Georgios N.,Yannakakis
ec7f73d0-e3be-11dd-a259-000ea68e967b,,Author,Lene,Pries-Heje
f48cacbc-da57-4bd2-b557-c8f3419054dc,,Author,Lene,Pries-Heje
f48cacbc-da57-4bd2-b557-c8f3419054dc,79ebe3ed-0527-4160-9af6-be0b0853b00e,Author,Jan,Pries-Heje
1be5f4b3-e30e-4481-a4d8-241bca90df02,,Author,Lene,Pries-Heje
1be5f4b3-e30e-4481-a4d8-241bca90df02,79ebe3ed-0527-4160-9af6-be0b0853b00e,Author,Jan,Pries-Heje
4b50ac1d-82f8-4d41-b621-10276f3ff5f7,,Author,Lene,Pries-Heje
acae97d6-5ed9-40b3-a157-babf0718387e,,Author,Lene,Pries-Heje
acae97d6-5ed9-40b3-a157-babf0718387e,79ebe3ed-0527-4160-9af6-be0b0853b00e,Author,Jan,Pries-Heje
431d46c1-1cf0-453a-9787-7695340411b8,,Author,Lene,Pries-Heje
431d46c1-1cf0-453a-9787-7695340411b8,79ebe3ed-0527-4160-9af6-be0b0853b00e,Author,Jan,Pries-Heje
803caab0-4cce-4605-8501-85e7c2d335b6,,Author,Lene,Pries-Heje
f9a26bbb-7f13-44b2-b6d5-e4f488e750f6,,Author,Lene,Pries-Heje
fc17b9bf-a9a4-4e7e-8941-f69d99540788,,Author,Lene,Pries-Heje
1ed6a6d5-7879-4405-ac3a-965d39afdcec,,Author,Lene,Pries-Heje
ea15d687-4d6f-46e2-ae05-5646baf4c436,,Author,Lene,Pries-Heje
94d4d7ca-a857-43eb-b6a9-502b96337d9e,,Author,Lene,Pries-Heje
94d4d7ca-a857-43eb-b6a9-502b96337d9e,79ebe3ed-0527-4160-9af6-be0b0853b00e,Author,Jan,Pries-Heje
f31cd12f-7d0e-4e42-a66b-3a3a511ab9ec,,Author,Lene,Pries-Heje
f31cd12f-7d0e-4e42-a66b-3a3a511ab9ec,79ebe3ed-0527-4160-9af6-be0b0853b00e,Author,Jan,Pries-Heje
0fe81fd7-6de9-435a-bac0-ac58d4937d66,,Author,Lene,Pries-Heje
0fe81fd7-6de9-435a-bac0-ac58d4937d66,79ebe3ed-0527-4160-9af6-be0b0853b00e,Author,Jan,Pries-Heje
4111f85e-de32-4a94-b011-4a62e0f10e95,79ebe3ed-0527-4160-9af6-be0b0853b00e,Author,Jan,Pries-Heje
912a3b81-9662-4955-bc30-0effad83669d,79ebe3ed-0527-4160-9af6-be0b0853b00e,Author,Jan,Pries-Heje
ca0cd033-69a9-4726-a89c-06a3990f912f,79ebe3ed-0527-4160-9af6-be0b0853b00e,Author,Jan,Pries-Heje
fbb54a8a-9d20-4bc7-8bff-9534b09ea18b,79ebe3ed-0527-4160-9af6-be0b0853b00e,Author,Jan,Pries-Heje
961f1027-c258-4baa-b827-e889ac0ca00e,79ebe3ed-0527-4160-9af6-be0b0853b00e,Author,Jan,Pries-Heje
a6b9c149-2bd9-4521-93a7-c913158edf6c,79ebe3ed-0527-4160-9af6-be0b0853b00e,Author,Jan,Pries-Heje
14462741-233a-4969-aa53-d13f4cac3575,79ebe3ed-0527-4160-9af6-be0b0853b00e,Author,Jan,Pries-Heje
ac180247-f171-43a8-b133-108daed5fbb5,79ebe3ed-0527-4160-9af6-be0b0853b00e,Author,Jan,Pries-Heje
ddbfce4d-9c25-4154-aa2c-00124fcad030,79ebe3ed-0527-4160-9af6-be0b0853b00e,Author,Jan,Pries-Heje
e0db6df7-5a00-420d-944a-b23641974b08,79ebe3ed-0527-4160-9af6-be0b0853b00e,Author,Jan,Pries-Heje
e0db6df7-5a00-420d-944a-b23641974b08,,Author,Lene,Pries-Heje
5daa8a12-27a3-4179-9d1f-2d7bc3e0473f,79ebe3ed-0527-4160-9af6-be0b0853b00e,Author,Jan,Pries-Heje
4e612510-1e3a-11df-b794-000ea68e967b,,Author,Lene,Pries-Heje
50a0a1b5-758a-474a-8f0c-fd507406b091,,Author,Roman,Beck
e039ea48-c3fd-4f84-8c73-9ed5203382a3,,Author,Roman,Beck
7b4cc313-28ac-43b5-92c9-2246ae5b3821,,Author,Roman,Beck
d04c1305-f4e0-4485-a074-39f5225b292e,f2136570-f73c-446f-9fb0-6d9e461e2124,Author,Yvonne,Dittrich
441805f3-09b3-47e4-a561-c3ebc60d3bb3,c90e23c6-5bf4-4d6f-97d8-b162b8a5b03e,Author,Thomas,Binder
441805f3-09b3-47e4-a561-c3ebc60d3bb3,,Author,J,Gregory
4db5bf34-6d07-4478-bf22-6733676856f8,0bdda5a8-b38a-4532-b9a2-e5d9a98c05a7,Author,Hasib,Ahsan
f1bedf5d-3de8-46cb-bf90-99a6d140b535,0bdda5a8-b38a-4532-b9a2-e5d9a98c05a7,Author,Hasib,Ahsan
82e28c07-cd2f-4074-ae41-7d2453b5fdea,c40e1e8a-50ee-4a7c-b7f0-2fc0fdd62adc,Author,Anna,Rogers
bd711ff3-b0aa-4896-843c-257ec6050789,c40e1e8a-50ee-4a7c-b7f0-2fc0fdd62adc,Author,Anna,Rogers
a0678acb-f2a8-427b-8312-3b0f6641893d,605b59ab-91b4-4f8e-bb12-df68ce0491c5,Author,Cancan,Wang
2936a8a3-c0c9-4424-9b06-983c01ab9684,410b0cad-d9fe-48d8-9edc-56ad6eb9c43b,Author,Ratish,Puduppully
29c502bf-c608-4591-9c50-5630eeedbceb,410b0cad-d9fe-48d8-9edc-56ad6eb9c43b,Author,Ratish,Puduppully
1394bb0e-9917-4e5b-b858-c9ae4c98ada5,410b0cad-d9fe-48d8-9edc-56ad6eb9c43b,Author,Ratish Surendran,Puduppully
104e833a-1e9d-4971-851b-fb0e445bec90,410b0cad-d9fe-48d8-9edc-56ad6eb9c43b,Author,Ratish,Puduppully
d6f12f3f-13e3-4008-87ba-2f4769e0d523,410b0cad-d9fe-48d8-9edc-56ad6eb9c43b,Author,Ratish,Puduppully
ea3d895a-516d-4734-828e-a084185d1231,410b0cad-d9fe-48d8-9edc-56ad6eb9c43b,Author,Ratish,Puduppully
bfefebed-32f9-4e21-8947-63bc3153017a,410b0cad-d9fe-48d8-9edc-56ad6eb9c43b,Author,Ratish,Puduppully
ead8db39-ed55-4e90-9aa4-15e183788f91,410b0cad-d9fe-48d8-9edc-56ad6eb9c43b,Author,Ratish,Puduppully
7ec2ec9d-f256-4621-a4b0-5f42049ea928,e726f512-d3fd-4d89-962a-3aa9f532a52f,Author,T.,Bogers
44cde6d2-f405-4ee8-9611-6dc6ad6e124a,,Author,Mads Guldborg Kjeldgaard,Kongsbak
44cde6d2-f405-4ee8-9611-6dc6ad6e124a,785a7089-e58e-4aaa-986d-ae0e615ba508,Author,Leon,Derczynski
f65fc5fb-b536-4cd3-8ffb-623c8bda5f70,7dd2f4fa-dd14-4676-8f1a-f719f213f64f,Author,Eduard,Kamburjan
7745b355-0e29-42f2-bc0d-69781808ec66,831421c0-027f-4a25-b795-ee2fce0c8d2a,Author,Louise,Barkhuus
4bea4839-72ef-47ea-8e7f-20208c6a8cfd,fc57a764-276e-463a-aa68-fa54ffaf31d6,Author,Sergio,Quijano
4bea4839-72ef-47ea-8e7f-20208c6a8cfd,fb4b9d17-f1ec-466b-b222-caba06823edc,Author,Mahsa,Varshosaz
54cb5410-342b-4b42-b37c-8c48b63e83aa,fc57a764-276e-463a-aa68-fa54ffaf31d6,Author,Sergio,Quijano
54cb5410-342b-4b42-b37c-8c48b63e83aa,fb4b9d17-f1ec-466b-b222-caba06823edc,Author,Mahsa,Varshosaz
54cb5410-342b-4b42-b37c-8c48b63e83aa,a39b94ff-e1b6-4b96-8404-486167a9123d,Author,Andrzej,Wasowski
52bdc64c-0ecb-4b7d-8f79-45976d0dddd5,,Author,Ingmar,Lippert
60bd341c-f8cd-43fa-947a-e258234dec97,,Author,Roman,Beck
10613633-fd67-42cb-8564-8bb041c4f43e,a420ffb3-2ca6-4925-a25f-baaa5228fc15,Author,Sebastian,Risi
1b0a6beb-78e1-4e37-9491-06e09cab6acd,a420ffb3-2ca6-4925-a25f-baaa5228fc15,Author,Sebastian,Risi
f1832abc-21b8-4234-9b3c-e57f4d427ef9,9cf737ee-bd9a-4f7e-b865-b6ff6ed01fde,Author,Willard,Rafnsson
f1832abc-21b8-4234-9b3c-e57f4d427ef9,62db65c9-470c-472f-b039-6c4a704ef170,Author,Rosario,Giustolisi
d6289e9c-7fa4-4aa9-91ed-67472d6a33bf,857b3b5b-92d4-43b3-861c-d8efbdbe3b16,Author,Omar Shahbaz,Khan
d6289e9c-7fa4-4aa9-91ed-67472d6a33bf,bd52cb95-025e-4106-9c13-1345c76dcbfe,Author,Björn Thór,Jónsson
5a60b81d-de5d-4591-8006-c1f6ee2f0931,,Author,John,Gøtze
9838d2b0-fc73-4fe1-9ec8-7dd0af866913,f2136570-f73c-446f-9fb0-6d9e461e2124,Author,Yvonne,Dittrich
f201f400-e8c1-11de-a523-000ea68e967b,,Author,Juan David Hincapie,Ramos
16595bc3-aaa9-44c2-afef-b50d5a339f44,,Author,Juan David Hincapie,Ramos
16595bc3-aaa9-44c2-afef-b50d5a339f44,,Author,Aurelien,Tabard
e98f01c7-2e55-455c-9f3d-6196bd05dacd,,Author,Juan David Hincapie,Ramos
be5cb4cb-0b23-41bf-b9e0-9aff426c0684,,Author,Juan David Hincapie,Ramos
be5cb4cb-0b23-41bf-b9e0-9aff426c0684,,Author,Aurélien,Tabard
be5cb4cb-0b23-41bf-b9e0-9aff426c0684,,Author,Jakob,Bardram
be5cb4cb-0b23-41bf-b9e0-9aff426c0684,,Author,Tomas,Sokoler
7074a16e-eee3-4328-819a-f8c06dd8c603,,Author,Juan David Hincapie,Ramos
7074a16e-eee3-4328-819a-f8c06dd8c603,,Author,Aurélien,Tabard
7074a16e-eee3-4328-819a-f8c06dd8c603,,Author,Jakob,Bardram
396f7175-03d2-4889-bb82-20b544970e77,,Author,Juan David Hincapie,Ramos
587d6dd6-aea8-4099-a2f7-100d373d7881,,Author,Juan David Hincapie,Ramos
587d6dd6-aea8-4099-a2f7-100d373d7881,,Author,Aurélien,Tabard
587d6dd6-aea8-4099-a2f7-100d373d7881,,Author,Jakob Eyvind,Bardram
9fd8eaf7-ad97-44f5-a00a-e7e7732c8c3d,,Author,Juan David Hincapie,Ramos
9fd8eaf7-ad97-44f5-a00a-e7e7732c8c3d,,Author,Aurélien,Tabard
9fd8eaf7-ad97-44f5-a00a-e7e7732c8c3d,,Author,Jakob Eyvind,Bardram
18ac5a23-4ec2-46b0-8059-5433aadd4394,,Author,Juan David Hincapie,Ramos
846d0f59-a1c0-455d-862d-c32116e1700c,,Author,Juan David Hincapie,Ramos
22068a5f-9e83-444d-b07e-59b9d624dc69,,Author,Juan David Hincapie,Ramos
22068a5f-9e83-444d-b07e-59b9d624dc69,,Author,Morten,Esbensen
34245b8a-f42a-423d-adfc-5d96a320b352,,Author,Juan David Hincapie,Ramos
3987ff3b-cb76-4d5f-a2c4-809ccd992981,,Author,Alan,Ramponi
3987ff3b-cb76-4d5f-a2c4-809ccd992981,f073ebac-704d-4236-9206-d1d2ef2be9c3,Author,Barbara,Plank
b8a97a71-d16d-4aa5-ad53-9c2dbc292346,,Author,Alan,Ramponi
b8a97a71-d16d-4aa5-ad53-9c2dbc292346,8e5f2a6c-c817-4a90-b48b-d9171743ad0f,Author,Rob,van der Goot
b8a97a71-d16d-4aa5-ad53-9c2dbc292346,f073ebac-704d-4236-9206-d1d2ef2be9c3,Author,Barbara,Plank
40bf65a2-17fe-472d-b595-ebf92fc54ba7,,Author,Alan,Ramponi
40bf65a2-17fe-472d-b595-ebf92fc54ba7,f073ebac-704d-4236-9206-d1d2ef2be9c3,Author,Barbara,Plank
90d8aeb0-c52e-11dd-867b-000ea68e967b,,Author,Pernille Bjørn,Rasmussen
d5eb30a0-c532-11dd-867b-000ea68e967b,,Author,Pernille Bjørn,Rasmussen
f2ad70c4-0896-4858-bc1b-7c3e913ce22b,d37cba38-dff2-4c27-a515-226cfadfd849,Author,Jonas,Fritsch
070342a5-beed-484a-b4a9-6816d5e12dd4,5efe5e56-5ba7-43e0-bd2b-881e088db29e,Author,Stine Loft,Rasmussen
ca68f106-ba19-4723-ac68-8019609b9084,5efe5e56-5ba7-43e0-bd2b-881e088db29e,Author,Stine Loft,Rasmussen
d984a365-98e6-40c8-bf19-0d8e7abb9985,5efe5e56-5ba7-43e0-bd2b-881e088db29e,Author,Stine Loft,Rasmussen
679e0cf9-1b72-4dee-9355-28043618ba72,5efe5e56-5ba7-43e0-bd2b-881e088db29e,Author,Stine Loft,Rasmussen
4651c2cc-9232-4ca6-96a3-9ae734323236,f2136570-f73c-446f-9fb0-6d9e461e2124,Author,Yvonne,Dittrich
a38a8cff-090e-48dc-b416-b7a1d738e4f2,d55dab65-fffe-4da4-a383-cfcf5ee3a8cd,Author,Christopher,Gad
146b7d31-9a9f-4498-88f7-5d3d2f947a75,2a0966cb-1bbd-4f5b-8d2e-d68f53acee87,Author,Ida,Schrøder
98e497b3-510f-4b9f-be52-850da5fb9f30,2a0966cb-1bbd-4f5b-8d2e-d68f53acee87,Author,Ida,Schrøder
b87d5db6-1303-4b24-a422-368e0435303a,2a0966cb-1bbd-4f5b-8d2e-d68f53acee87,Author,Ida,Schrøder
2ab73aaa-1f8d-44ca-8b8f-bd9c680416e2,2a0966cb-1bbd-4f5b-8d2e-d68f53acee87,Author,Ida,Schrøder
d487e591-f08e-44cb-8458-c1dde623c40e,1c4bfd79-4336-4b17-a672-9acb465f15c0,Author,Veronika,Cheplygina
ad7aea0e-1b0f-4a0a-8778-01104bc66c8a,1c4bfd79-4336-4b17-a672-9acb465f15c0,Author,Veronika,Cheplygina
740617b2-87c3-4976-8136-eb3f5ce22c6e,cf6cfa0b-e3ac-4164-8de2-b956d8e23825,Author,Elisa,Mekler
60517a26-6d58-4d8e-9d19-de131b1556b1,,Author,John Paulin,Hansen
60517a26-6d58-4d8e-9d19-de131b1556b1,5ad9c220-e37f-443a-8a31-fc4abf365db5,Author,Dan Witzner,Hansen
31349ac6-5fe1-4699-bc3f-857fdcbe21a7,20685b27-43b0-4170-bcf8-3cc28832d2e7,Author,Nicklas Engelbrecht,Ravn
31349ac6-5fe1-4699-bc3f-857fdcbe21a7,,Author,Nadja Striib,Sveegaard
31349ac6-5fe1-4699-bc3f-857fdcbe21a7,d37cba38-dff2-4c27-a515-226cfadfd849,Author,Jonas,Fritsch
177014d3-a526-462c-8c13-5ec187b5ed65,dda395cd-41ec-469e-a3e9-b1c024bbb1a7,Author,Anna-Mamusu,Wehlitz
d33f31e9-6301-4991-b741-2c50fa26054e,c90e23c6-5bf4-4d6f-97d8-b162b8a5b03e,Author,Thomas,Binder
05650ee3-30e9-42d4-aec3-4e47cce9ecc2,c40e1e8a-50ee-4a7c-b7f0-2fc0fdd62adc,Author,Anna,Rogers
7b0bcc36-c845-4350-ba62-0bd61686708d,efa39e70-a80a-4780-b151-ba31b01726bb,Author,Per B.,Brockhoff
a927927f-722d-40ec-aaca-d5dbba4d489a,b8c7a59c-125b-48a6-9a1f-e22b82335828,Author,Luís,Cruz-Filipe
7581c846-6294-4876-bd35-6f909d10c854,b614ac6f-eefa-44a3-8b9a-092b88d86d37,Author,Baki,Cakici
2ff36e10-98fa-467b-824b-681dbbd65f72,d5c3a434-36d5-4861-862d-3c5b3e332121,Author,Zoi,Kaoudi
a1323c84-a2ee-4769-a68c-f5ecd428feec,e175684d-abc3-4ee4-9a12-af6c611e47c0,Author,Sebastian Mateos,Nicolajsen
a1323c84-a2ee-4769-a68c-f5ecd428feec,47a94200-3abe-4354-b5e3-c8ef6f1ba1f2,Author,Claus,Brabrand
67baa4ff-b7a8-4927-9619-51ceb0afdb1e,efa39e70-a80a-4780-b151-ba31b01726bb,Author,Per B,Brockhoff
84a1c3b7-98b2-4c0a-802a-4fe860f39034,efa39e70-a80a-4780-b151-ba31b01726bb,Author,Per B.,Brockhoff
b04e40a3-b967-40a6-b20e-53ee0af160c4,efa39e70-a80a-4780-b151-ba31b01726bb,Author,Per B.,Brockhoff
0b92b7a1-4f84-4c3c-82ee-6138342bfd39,,Author,Juan David Hincapie,Ramos
6b828f76-0cda-4e75-8e40-c1a881ec712a,,Author,Tijs,Slaats
f635e8c4-3616-42c3-acbb-9e26ed358e53,,Author,Jonathan,Bunde-Pedersen
5f6f376c-60bb-4e7b-b880-dc99e5cc73b8,0baaf9f8-3126-4cb1-b22f-b9fceabb8b54,Author,Lara,Reime
d61350fd-b4c8-47c5-9c0c-d79dd8e727eb,1c4bfd79-4336-4b17-a672-9acb465f15c0,Author,Veronika,Cheplygina
df34cdc6-b180-4957-825d-efd78fffc737,3e584fc9-4b2e-4d6d-b200-994505d4e809,Author,Daniel ,Nickelsen
f05f5740-698c-4e66-8f37-aa285e3d8977,3e584fc9-4b2e-4d6d-b200-994505d4e809,Author,Daniel ,Nickelsen
0230f4e6-523b-4fbf-9a8d-36cb37fc6dcb,,Author,Pernille,Kræmmergaard
a5faa70f-d04a-4b1d-a14f-6e7b24d0dfd9,,Author,Pernille,Kræmmergaard
a32efc1a-5036-46ad-8913-c108000b211d,a39b94ff-e1b6-4b96-8404-486167a9123d,Author,Andrzej,Wasowski
97e90803-b139-45fc-bec5-571bdef9b3d4,d5c3a434-36d5-4861-862d-3c5b3e332121,Author,Zoi,Kaoudi
544e5cfe-7062-4fbd-8218-7ec68d4a8fd3,2ef641d0-bd79-425b-8b12-b58d74b993ae,Author,Michael,Szell
8ef60d9d-e101-4484-b162-fe0800ab7f82,f073ebac-704d-4236-9206-d1d2ef2be9c3,Author,Barbara,Plank
6d8ca9a7-6de5-4fff-a19c-6e1f40a97d46,,Author,Oliver,Müller
86b8b73e-8130-4d49-b190-b366886314a4,ecc36d3e-77ac-4333-9918-2431807cd4e0,Author,Jan Benjamin,Vornhagen
86b8b73e-8130-4d49-b190-b366886314a4,cf6cfa0b-e3ac-4164-8de2-b956d8e23825,Author,Elisa,Mekler
8a018f95-2956-45e5-b4a1-782266c02b5e,a39b94ff-e1b6-4b96-8404-486167a9123d,Author,Andrzej,Wasowski
3f81dc90-5376-4411-931a-3a6f93bc4a6d,785a7089-e58e-4aaa-986d-ae0e615ba508,Author,Leon,Derczynski
2ce0c970-5cc7-11de-8664-000ea68e967b,,Author,Morten,Rhiger
1c3a2afb-f7a4-431c-bc55-492789ca32a8,,Author,Morten,Rhiger
9e9d3983-a86b-4efd-9ccd-3d4c3a63deab,2ef641d0-bd79-425b-8b12-b58d74b993ae,Author,Michael,Szell
cfcb1f06-9950-4ff2-beee-a358923dbafd,47a94200-3abe-4354-b5e3-c8ef6f1ba1f2,Author,Claus,Brabrand
6b599828-16ff-479e-b866-27a36f8bbe08,47a94200-3abe-4354-b5e3-c8ef6f1ba1f2,Author,Claus,Brabrand
eec4471f-ff75-4bec-bb8f-a014946a69df,47a94200-3abe-4354-b5e3-c8ef6f1ba1f2,Author,Claus,Brabrand
950ebbcc-5a10-4ece-919f-f1beb600add2,ad50bed7-77fd-4c7f-819c-54455506e3f0,Author,Stella,Graßhof
950ebbcc-5a10-4ece-919f-f1beb600add2,a39b94ff-e1b6-4b96-8404-486167a9123d,Author,Andrzej,Wasowski
4be18a27-833b-4475-944f-6314d0445bcf,ad50bed7-77fd-4c7f-819c-54455506e3f0,Author,Stella,Graßhof
4be18a27-833b-4475-944f-6314d0445bcf,a39b94ff-e1b6-4b96-8404-486167a9123d,Author,Andrzej,Wasowski
03d21f96-90f1-4a54-aaa9-a8d1acdff187,,Author,Alexander,Richter
7243311d-4271-4a0b-a319-aa90d3f29d6b,,Author,Alexander,Richter
3be27df5-6cc0-4849-aab8-f6fa9c86041b,,Author,Alexander,Richter
7bd65931-4b09-40b6-a766-46b0951f89a8,,Author,Alexander,Richter
b6646876-8803-4d5d-a538-294407a94d90,54728da8-274d-40e6-b119-23318d995721,Author,Hanne Westh,Nicolajsen
b6646876-8803-4d5d-a538-294407a94d90,1052b289-f510-4c5a-9662-2db48c12ebc2,Author,Lene,Nielsen
b6646876-8803-4d5d-a538-294407a94d90,,Author,Oliver,Müller
b6646876-8803-4d5d-a538-294407a94d90,f14f4742-c9d8-4a34-b8e2-d713c3a1f437,Author,Oliver,Krancher
b6646876-8803-4d5d-a538-294407a94d90,,Author,Raluca,Stana
27368df2-dd2c-47fe-b436-b345502ae4e3,b2431f12-bff1-4a97-af68-defe62b81aee,Author,Karl,Werder
0c03e5fc-edca-4cf7-91d4-a62af1cf925f,831421c0-027f-4a25-b795-ee2fce0c8d2a,Author,Louise,Barkhuus
d93c4712-59d9-4300-99c8-c85f618ff7c4,,Author,Gernot,Rieder
d93c4712-59d9-4300-99c8-c85f618ff7c4,,Author,Judith,Simon
66a3e009-a78f-40da-a185-9f7f563c909d,,Author,Gernot,Rieder
66a3e009-a78f-40da-a185-9f7f563c909d,,Author,Judith,Simon
654af97f-98a9-4ed4-9fef-9fba5d818fc2,,Author,Gernot,Rieder
654af97f-98a9-4ed4-9fef-9fba5d818fc2,,Author,Judith,Simon
404746f3-af5a-427f-97ea-22b6e0ee7f52,,Author,Gernot,Rieder
9ff8dcc3-73c1-41e1-8d31-ee110d458b00,1abda59f-c493-4824-a7b1-7470d66f08d1,Author,Stefan,Heinrich
1a09103b-e8e1-4b48-8429-6924533d0998,1abda59f-c493-4824-a7b1-7470d66f08d1,Author,Stefan,Heinrich
3d982058-a9b1-442b-98f4-a0bca2eed630,63342b24-28ec-40c5-a7d9-ec49867dc75d,Author,Pinar,Tözün
45a78a69-53c2-4f63-9318-e630a57234c7,1b45e3f5-b8cd-4c0d-a444-2901304f76ee,Author,Luca,Rossi
48f39790-260c-4ccc-94ba-d08157321103,,Author,Pernille,Rydén
ce53290a-4889-4a7e-9048-d98f017b1af4,,Author,Pernille,Kræmmergaard
9cdea50c-8be8-4735-85d2-f4dbc4da44b6,,Author,Pernille,Kræmmergaard
1a8dfc57-4a99-4e10-8ece-bf4fe1a2d6e2,,Author,Pernille,Kræmmergaard
cad05f39-475f-4709-b460-c501972cbab6,,Author,Pernille,Rydén
89823e17-6ee0-4a53-b53e-72d9a4276914,661b700e-7c1d-4e6d-b90b-4dbbfaab2adf,Author,Mylène,Tanferri
17c3f6f1-8951-40ab-8eea-564e203e7168,1dbd1112-eb47-4406-936c-6807e8845610,Author,Oksana,Kulyk
c11fcdfb-6351-41d2-abfc-c33f45ea838d,a420ffb3-2ca6-4925-a25f-baaa5228fc15,Author,Sebastian,Risi
d7e05a05-fb8b-4f9d-9b2a-3c0048ee541a,a420ffb3-2ca6-4925-a25f-baaa5228fc15,Author,Sebastian,Risi
77adf8a4-127d-4f36-a531-53896e330fdc,a420ffb3-2ca6-4925-a25f-baaa5228fc15,Author,Sebastian,Risi
7905cf10-6622-422c-9bfb-424a29301f68,a420ffb3-2ca6-4925-a25f-baaa5228fc15,Author,Sebastian,Risi
4207cb96-55e6-45c9-a6ef-9a5eb1ca642f,a420ffb3-2ca6-4925-a25f-baaa5228fc15,Author,Sebastian,Risi
e3886528-c9ac-4caa-a9a4-a598404b3fb1,a420ffb3-2ca6-4925-a25f-baaa5228fc15,Author,Sebastian,Risi
f272561b-9852-45c9-be00-151ecc2b3f85,a420ffb3-2ca6-4925-a25f-baaa5228fc15,Author,Sebastian,Risi
f6cc82c4-40a9-489b-b378-de6faead1401,a420ffb3-2ca6-4925-a25f-baaa5228fc15,Author,Sebastian,Risi
57e4366a-f32f-4961-aa33-986062ec9d9e,a420ffb3-2ca6-4925-a25f-baaa5228fc15,Author,Sebastian,Risi
d89cbf01-f7b7-4144-b439-ca4f1407be70,a420ffb3-2ca6-4925-a25f-baaa5228fc15,Author,Sebastian,Risi
8aeec0dc-9b7d-44db-b90d-cba0fddd0ed0,a420ffb3-2ca6-4925-a25f-baaa5228fc15,Author,Sebastian,Risi
f4ef84f8-0f88-4012-974f-d94056d5293b,a420ffb3-2ca6-4925-a25f-baaa5228fc15,Author,Sebastian,Risi
7bc754ee-87cb-4df9-8ab2-8e641782ca0d,a420ffb3-2ca6-4925-a25f-baaa5228fc15,Author,Sebastian,Risi
8b8098cb-914c-4ebb-ba6a-777d0a50b2d8,a420ffb3-2ca6-4925-a25f-baaa5228fc15,Author,Sebastian,Risi
756efe07-8e17-4ee3-9851-54ae4d150cc1,a420ffb3-2ca6-4925-a25f-baaa5228fc15,Author,S.,Risi
b2671ae3-f11c-4935-811e-fb729ccdbcce,a420ffb3-2ca6-4925-a25f-baaa5228fc15,Author,Sebastian,Risi
b2671ae3-f11c-4935-811e-fb729ccdbcce,,Author,Julian,Togelius
66c4d275-8221-44c9-acfa-6a4e0d87d1a2,a420ffb3-2ca6-4925-a25f-baaa5228fc15,Author,Sebastian,Risi
dde06150-c8ea-47e3-86f0-4d72e88fb316,a420ffb3-2ca6-4925-a25f-baaa5228fc15,Author,Sebastian,Risi
5cf3d5af-f372-43a4-b52f-a79b2c91994a,a420ffb3-2ca6-4925-a25f-baaa5228fc15,Author,Sebastian,Risi
5cf3d5af-f372-43a4-b52f-a79b2c91994a,,Author,Julian,Togelius
394a3da5-23a0-45ea-99d8-2fc82763d877,a420ffb3-2ca6-4925-a25f-baaa5228fc15,Author,Sebastian,Risi
60620109-5d9c-42c8-8597-3bd4b4cd13d5,,Author,Roman,Beck
7f61df01-187e-4792-af88-d8b73c1afe7a,,Author,Roman,Beck
48c4936d-194e-491c-b624-7c44fc4e86e4,,Author,Roman,Beck
480f5b1f-cb43-4a8d-94ed-b67ad293d39f,,Author,Roman,Beck
eafca0de-ac2e-4ae4-a367-5bd916febf7e,5f3b7745-99be-4d1b-8ce1-a413325c2008,Author,Carsten Lund,Pedersen
8e3ed1f9-2521-4a26-8558-c156469db048,5f3b7745-99be-4d1b-8ce1-a413325c2008,Author,Carsten Lund,Pedersen
1f2e4b4d-12df-421a-9463-1ca3b64937e4,5f3b7745-99be-4d1b-8ce1-a413325c2008,Author,Carsten Lund,Pedersen
07dbe349-6a57-4981-b8c4-17839a27ed69,5f3b7745-99be-4d1b-8ce1-a413325c2008,Author,Carsten Lund,Pedersen
9a48a109-c174-4337-b6bb-b649b443d19d,,Author,Iago Abal,Rivas
005e3f5f-7bef-4955-97a4-ce900a8b1bd5,c596539b-3ceb-497c-9a43-e71d6b0f65a6,Author,Djordje,Grbic
d59c6245-3c6c-4b68-956b-99162fcf13d3,,Author,Daniel,Cermak-Sassenrath
37526f71-153d-47d7-9c5b-81d3c770d929,02960d47-7677-4b2c-99d4-490a31fd6885,Author,Mircea,Lungu
4878cf8f-5241-4c8b-a50d-07b061998a34,2575c800-642d-4984-9c56-41601cf07a26,Author,Søren,Knudsen
8cbb36c9-52bf-4247-b237-85b5a0e31aa9,cb1b6c5f-6206-4a35-b8aa-6a750f9c89a1,Author,Raquel,Robinson
8cbb36c9-52bf-4247-b237-85b5a0e31aa9,cf6cfa0b-e3ac-4164-8de2-b956d8e23825,Author,Elisa,Mekler
1bdc44ec-a22a-42bd-ab9a-5d6eedf3b783,cb1b6c5f-6206-4a35-b8aa-6a750f9c89a1,Author,Raquel,Robinson
1bdc44ec-a22a-42bd-ab9a-5d6eedf3b783,cf6cfa0b-e3ac-4164-8de2-b956d8e23825,Author,Elisa,Mekler
78b10433-258f-4351-9f8d-e01b38150151,ce1a5350-f645-4a53-a745-fca8d4f1f030,Author,Elda,Paja
3fbda3d5-4249-4029-aea6-c6f68e5aa1c5,ce1a5350-f645-4a53-a745-fca8d4f1f030,Author,Elda,Paja
b59cb1ae-b83b-4fde-b9dc-6ef7eaccc9bb,42c316a3-1a31-469b-b436-635edc389e02,Author,Titus Theodorus (Ties),Robroek
b59cb1ae-b83b-4fde-b9dc-6ef7eaccc9bb,,Author,Aaron,Duane
b59cb1ae-b83b-4fde-b9dc-6ef7eaccc9bb,ac400e55-5188-4efd-872a-12df089e7068,Author,Ehsan,Yousefzadeh-Asl-Miandoab
b59cb1ae-b83b-4fde-b9dc-6ef7eaccc9bb,63342b24-28ec-40c5-a7d9-ec49867dc75d,Author,Pinar,Tözün
8b5e5d8e-ab9e-4d7b-90f5-806f4ae31520,42c316a3-1a31-469b-b436-635edc389e02,Author,Titus Theodorus (Ties),Robroek
8b5e5d8e-ab9e-4d7b-90f5-806f4ae31520,ac400e55-5188-4efd-872a-12df089e7068,Author,Ehsan,Yousefzadeh-Asl-Miandoab
8b5e5d8e-ab9e-4d7b-90f5-806f4ae31520,63342b24-28ec-40c5-a7d9-ec49867dc75d,Author,Pinar,Tözün
47229b31-3a7c-4916-90ed-79bc6dd5638a,42c316a3-1a31-469b-b436-635edc389e02,Author,Titus Theodorus (Ties),Robroek
180ebd22-1e79-4424-acf3-328061ef9116,42c316a3-1a31-469b-b436-635edc389e02,Author,Ties,Robroek
180ebd22-1e79-4424-acf3-328061ef9116,63342b24-28ec-40c5-a7d9-ec49867dc75d,Author,Pınar,Tözün
74db00d8-6ca7-4613-8601-127890f413ae,831421c0-027f-4a25-b795-ee2fce0c8d2a,Author,Louise,Barkhuus
663e67b2-4ac5-41f4-b969-439ccdfeb60d,0bdda5a8-b38a-4532-b9a2-e5d9a98c05a7,Author,Hasib,Ahsan
663e67b2-4ac5-41f4-b969-439ccdfeb60d,92f6c3f3-0ad2-40fc-b278-69170f87567d,Author,Lars Rune,Christensen
6decf5c1-8b2c-45a1-9422-3530fcc9929d,d55dab65-fffe-4da4-a383-cfcf5ee3a8cd,Author,Christopher,Gad
7407b137-1770-4be4-bb04-0878dfd6fba0,c40e1e8a-50ee-4a7c-b7f0-2fc0fdd62adc,Author,Anna,Rogers
e5e9fd1f-8c6f-448e-8a80-e137fd88ea20,c40e1e8a-50ee-4a7c-b7f0-2fc0fdd62adc,Editor,Anna,Rogers
be2dff3a-1d36-4ec7-aae6-f5af4e7195c5,c40e1e8a-50ee-4a7c-b7f0-2fc0fdd62adc,Editor,Anna,Rogers
b05dd9c2-a831-4d48-a0ea-fbb649ec806e,c40e1e8a-50ee-4a7c-b7f0-2fc0fdd62adc,Editor,Anna,Rogers
8bc195f5-c725-4365-9498-d50648f98bd4,c40e1e8a-50ee-4a7c-b7f0-2fc0fdd62adc,Author,Anna,Rogers
5d04b14a-acd0-4e10-b149-09f37d76458b,c40e1e8a-50ee-4a7c-b7f0-2fc0fdd62adc,Author,Anna,Rogers
2f4140c6-d835-42eb-a514-9ebf05d0552d,c40e1e8a-50ee-4a7c-b7f0-2fc0fdd62adc,Author,Anna,Rogers
8ada8962-3c4b-44b0-ac36-251c9b353707,c40e1e8a-50ee-4a7c-b7f0-2fc0fdd62adc,Author,Anna,Rogers
95478152-5beb-4961-938e-49a394b5f564,c40e1e8a-50ee-4a7c-b7f0-2fc0fdd62adc,Author,Anna,Rogers
5b74302a-8842-4418-99d8-f67b7cf0edb3,c40e1e8a-50ee-4a7c-b7f0-2fc0fdd62adc,Author,Anna,Rogers
63b606de-d812-4416-8f38-b448e04880eb,c40e1e8a-50ee-4a7c-b7f0-2fc0fdd62adc,Author,Anna,Rogers
937a9c98-041c-4106-b22f-3a1c62abd91a,c40e1e8a-50ee-4a7c-b7f0-2fc0fdd62adc,Author,Anna,Rogers
e07045cf-809c-4170-a907-3e38180de663,c40e1e8a-50ee-4a7c-b7f0-2fc0fdd62adc,Author,Anna,Rogers
9ccafb8e-c7d3-430c-b54c-74ebc40e0826,c40e1e8a-50ee-4a7c-b7f0-2fc0fdd62adc,Author,Anna,Rogers
40be91bf-0fd1-449e-9d0d-ac2961bdd112,c40e1e8a-50ee-4a7c-b7f0-2fc0fdd62adc,Author,Anna,Rogers
d758e944-41f5-488a-94cf-dc9830faed49,c40e1e8a-50ee-4a7c-b7f0-2fc0fdd62adc,Author,Anna,Rogers
ac5a3b03-ee6f-4fdc-ac5b-a5532b729bfa,c40e1e8a-50ee-4a7c-b7f0-2fc0fdd62adc,Author,Anna,Rogers
9a7cb200-524e-4ae9-a362-4b6329940dac,c40e1e8a-50ee-4a7c-b7f0-2fc0fdd62adc,Author,Anna,Rogers
c5f84d5a-5f08-4573-8faf-228091262516,c40e1e8a-50ee-4a7c-b7f0-2fc0fdd62adc,Author,Anna,Rogers
c997492b-f7c7-4241-b5d4-fb42c37ed17a,7dd2f4fa-dd14-4676-8f1a-f719f213f64f,Author,Eduard,Kamburjan
e25403b8-3e3f-40d5-bfb5-1b400258f106,cf5e1d64-5489-4534-ba34-8dba5fd354a6,Author,Paolo,Burelli
0c945e3a-c0a9-478d-8d41-d5178ed0cc2d,efa39e70-a80a-4780-b151-ba31b01726bb,Author,Per Bruun,Brockhoff
ff2949dd-f479-44c7-ad0a-ed7f4b3dfa43,efa39e70-a80a-4780-b151-ba31b01726bb,Author,Per B.,Brockhoff
3de03588-7f1b-4647-b36f-74256e31e14e,8785f18a-1bf3-4c63-8d8b-d3e5d516ca40,Author,Payam,Zahadat
76eb495d-1247-4325-8c6b-56bb5b261836,c40e1e8a-50ee-4a7c-b7f0-2fc0fdd62adc,Author,Anna,Rogers
187d32a0-70be-49b2-8667-513e598dedcd,4e33d926-364b-47b8-97d7-409c16b62db9,Author,Vasiliki,Baka
135235e0-305a-4763-aea6-82852871838f,,Author,Dag,Svanæs
69bd4d01-e1bb-402c-b818-d0213b3d9b81,605b59ab-91b4-4f8e-bb12-df68ce0491c5,Editor,Cancan,Wang
442bcd20-ff7c-4580-94b8-f6458f30bd66,605b59ab-91b4-4f8e-bb12-df68ce0491c5,Author,Cancan,Wang
b5f177c7-ffee-4972-bfe4-a16b6dedcbdd,605b59ab-91b4-4f8e-bb12-df68ce0491c5,Author,Cancan,Wang
1fe03ba0-de4d-11dd-a259-000ea68e967b,f2136570-f73c-446f-9fb0-6d9e461e2124,Author,Yvonne,Dittrich
a9b9ee1f-4732-4e10-807e-d4625bd9053d,f2136570-f73c-446f-9fb0-6d9e461e2124,Author,Yvonne,Dittrich
f767a54a-980d-46f3-a440-f57463019784,f2136570-f73c-446f-9fb0-6d9e461e2124,Author,Yvonne,Dittrich
84765edd-6a13-4117-9176-d67bb31a1006,f2136570-f73c-446f-9fb0-6d9e461e2124,Author,Yvonne,Dittrich
3ad19b8b-1e21-410e-a5a4-7a55c612df78,fc4a63b2-8edf-4d1c-94a4-2cbfe61adf48,Author,Camille,Rønn
3ad19b8b-1e21-410e-a5a4-7a55c612df78,ceef6d97-26fe-4163-9538-6685e98bce2e,Author,Daniel,Fürstenau
658bb4b7-f6a2-4f79-9add-a5f460def5fd,c76f4d2e-f55e-4a42-93d0-0af4971bd229,Author,Rasmus ,Ronneberg
658bb4b7-f6a2-4f79-9add-a5f460def5fd,d05daa00-c3d6-4a89-ba14-cfd1847fb0cc,Author,Raúl,Pardo
658bb4b7-f6a2-4f79-9add-a5f460def5fd,a39b94ff-e1b6-4b96-8404-486167a9123d,Author,Andrzej ,Wasowski
9453cea8-9b66-4bf8-9aab-611805efae7b,d05daa00-c3d6-4a89-ba14-cfd1847fb0cc,Author,Raúl,Pardo
9453cea8-9b66-4bf8-9aab-611805efae7b,a39b94ff-e1b6-4b96-8404-486167a9123d,Author,Andrzej,Wasowski
fc76e643-6a42-4bc0-8c59-63e4ee2b0962,efa39e70-a80a-4780-b151-ba31b01726bb,Author,Per B.,Brockhoff
211d9bc4-e8d1-420a-9f74-bc6c89c77e83,,Author,Anne,Rørbæk
0c032a91-5b6f-498f-8d2d-bac934ccccd3,,Editor,Pernille,Kræmmergaard
4f0bf314-53fc-4f93-b5e3-8d34327561cc,,Author,Pernille,Kræmmergaard
86b7f639-83b3-456c-900a-b923b3a238f4,,Author,Pernille Kræmmergaard,Jensen
b5601d21-e36e-49c5-9501-801bc6bfadd4,,Author,Pernille Kræmmergaard,Jensen
a69e6c74-05e9-4991-ae32-f0e554265796,,Author,Pernille,Kræmmergaard
b7b0e258-a85d-4755-856f-abf3732ec7ed,,Author,Paul,Rosero
11cbd6ed-4e5b-4e2e-adaa-699605e524dc,,Author,Paul,Rosero
3e55f0ab-a12b-41f3-8afa-4a6fe94df6e0,,Author,Paul,Rosero
7dbeac72-1f28-45eb-9285-74a66de446c8,,Author,Paul,Rosero
9c2a93f0-95d5-41df-9281-1e04dd00783c,,Author,Paul,Rosero
9c2a93f0-95d5-41df-9281-1e04dd00783c,,Author,Zsolt,István
9c2a93f0-95d5-41df-9281-1e04dd00783c,63342b24-28ec-40c5-a7d9-ec49867dc75d,Author,Pinar,Tözün
c301cc92-a219-4cdb-aefa-a53dd250e39b,,Author,Paul,Rosero
c301cc92-a219-4cdb-aefa-a53dd250e39b,,Author,Zsolt,István
7b1f5504-c134-4856-8007-edc76c250b09,,Author,Paul,Rosero
9f4c0db0-28df-4ae1-99ff-da701171f82a,63342b24-28ec-40c5-a7d9-ec49867dc75d,Author,Pinar,Tözün
9a4f5a37-e335-4e02-a28f-64f3ffecc8fb,,Author,Muhammad,Ali Babar
be9f62ab-f769-461f-b9fc-cd7a96420970,,Author,Roman,Beck
aa4a60db-27e5-4c5e-8fe5-6cf520734fad,1b45e3f5-b8cd-4c0d-a444-2901304f76ee,Author,Luca,Rossi
215686a8-0289-480b-a055-183c9b8bb28a,1b45e3f5-b8cd-4c0d-a444-2901304f76ee,Author,Luca,Rossi
275d7971-7c94-4f17-bf8c-a1070668dbaf,1b45e3f5-b8cd-4c0d-a444-2901304f76ee,Author,Luca,Rossi
38bf4108-066c-4e3f-ab04-b971693612ee,1b45e3f5-b8cd-4c0d-a444-2901304f76ee,Author,Luca,Rossi
1b2b5dd6-43ce-41c5-86c6-1a215acf3af3,1b45e3f5-b8cd-4c0d-a444-2901304f76ee,Author,Luca,Rossi
c4dfa011-450e-4e3b-8832-9f7d1c9f1781,1b45e3f5-b8cd-4c0d-a444-2901304f76ee,Author,Luca,Rossi
feb5200d-e1a1-4876-9343-0c7e81285856,1b45e3f5-b8cd-4c0d-a444-2901304f76ee,Author,Luca,Rossi
feb5200d-e1a1-4876-9343-0c7e81285856,,Author,Elisabetta,Zurovac
7643dfe5-13c0-49e1-b65f-5c900b419e27,1b45e3f5-b8cd-4c0d-a444-2901304f76ee,Author,Luca,Rossi
e0259a09-0930-4271-8f5f-6ae3e7a57b14,1b45e3f5-b8cd-4c0d-a444-2901304f76ee,Author,Luca,Rossi
3ac73d97-82ac-4bdb-a53b-50139d6aaa3d,1b45e3f5-b8cd-4c0d-a444-2901304f76ee,Author,Luca,Rossi
c3b3fa90-3bca-4f04-b14f-6fc9eec54221,1b45e3f5-b8cd-4c0d-a444-2901304f76ee,Author,Luca,Rossi
8e6deaf9-0fec-4f5b-aad2-8731d82d796a,1b45e3f5-b8cd-4c0d-a444-2901304f76ee,Author,Luca,Rossi
8e6deaf9-0fec-4f5b-aad2-8731d82d796a,10e4fc8e-556f-4104-b744-409caedc2276,Author,Morten,Hjelholt
8e6deaf9-0fec-4f5b-aad2-8731d82d796a,,Author,Christina,Neumayer
cb9cf0a9-6254-4123-9e9d-4a0c882661f3,,Author,Christoph,Mueller-Bloch
cb9cf0a9-6254-4123-9e9d-4a0c882661f3,,Author,Jason,Thatcher
cb9cf0a9-6254-4123-9e9d-4a0c882661f3,,Author,Roman,Beck
ee67d620-3bee-47da-a8bf-17c521fa79d0,1b45e3f5-b8cd-4c0d-a444-2901304f76ee,Author,Luca,Rossi
02a52d4f-8d8c-440a-ba90-b45237b9afae,1b45e3f5-b8cd-4c0d-a444-2901304f76ee,Author,Luca,Rossi
02a52d4f-8d8c-440a-ba90-b45237b9afae,,Author,Christina,Neumayer
02a52d4f-8d8c-440a-ba90-b45237b9afae,,Author,Jesper,Henrichsen
402e701b-f100-4179-9af3-3a27d5923253,1b45e3f5-b8cd-4c0d-a444-2901304f76ee,Author,Luca,Rossi
d00a3e04-2735-47c3-9619-75a2db49bc1e,1b45e3f5-b8cd-4c0d-a444-2901304f76ee,Author,Luca,Rossi
ae8d2f6a-0d20-4fe6-825d-54f2ef6a877a,1b45e3f5-b8cd-4c0d-a444-2901304f76ee,Author,Luca,Rossi
ae8d2f6a-0d20-4fe6-825d-54f2ef6a877a,cfb0029a-04d0-4606-810f-bf6d6777171b,Author,Luigi,Arminio
bbaa564a-5dd3-4453-9db4-4ab906bd4abc,1b45e3f5-b8cd-4c0d-a444-2901304f76ee,Author,Luca,Rossi
711b7aa9-ba25-41fd-a7de-0ea50623a21f,831421c0-027f-4a25-b795-ee2fce0c8d2a,Author,Louise,Barkhuus
fe32770e-fc00-4f0d-beac-98dcf0f17eea,831421c0-027f-4a25-b795-ee2fce0c8d2a,Author,Louise,Barkhuus
d87a66cf-d0c6-4663-ac26-c7b24acd2b23,831421c0-027f-4a25-b795-ee2fce0c8d2a,Author,Louise,Barkhuus
f01bbea4-00b4-40e3-91cf-d88d7dad46f2,831421c0-027f-4a25-b795-ee2fce0c8d2a,Author,Louise,Barkhuus
8a3ee74c-6fec-49b7-b060-f590da771f3f,,Author,Martin Tvede,Zachariasen
3ed6d2e2-be14-42e3-a202-73d407c8934a,ab7600cd-0bd2-4d86-9def-2c6fd1ade1c5,Author,Eva,Rotenberg
3ed6d2e2-be14-42e3-a202-73d407c8934a,ad9a85fb-d2fc-4c47-a486-1cc30be3a555,Author,Juliette,Vlieghe
f6c5f595-66fe-4153-b3b0-23ed254369c0,efa39e70-a80a-4780-b151-ba31b01726bb,Author,Per B.,Brockhoff
56fd1d5b-f1f7-4b35-9cac-50cc39e32af6,efa39e70-a80a-4780-b151-ba31b01726bb,Author,Per B.,Brockhoff
1367ea8a-4539-4af8-84e7-5a7c4ca511ad,efa39e70-a80a-4780-b151-ba31b01726bb,Author,Per B.,Brockhoff
076cf596-2d50-4665-9248-6b2cde0fc058,efa39e70-a80a-4780-b151-ba31b01726bb,Author,Per B.,Brockhoff
23a0c289-4b8a-4258-8b11-3d5b44c638f6,,Author,Javier,San Agustin
da6e2236-eb6c-4468-918d-4907c16c869b,8bd9b364-d90f-486f-9965-84cd3dc63ca3,Author,Maria Sinziana,Astefanoaei
d5430924-cafe-467a-9495-8e57a8c8a4f0,805cae2a-3462-4130-88de-cc7d94aec0a5,Author,Vasiliki,Tsaknaki
442ee133-3d57-4d19-b3fd-71d2a8c27c81,,Author,Ester,Fritsch
d3f53407-63ec-49e6-8509-d3509f8569f9,1abda59f-c493-4824-a7b1-7470d66f08d1,Author,Stefan,Heinrich
130119f2-e6f5-4b18-a96b-6380f9261ac9,9504265d-0046-4e58-b529-256a656c012d,Author,Christian,Hardmeier
e6a099ef-98c8-4f2d-8e58-fca480c19af2,9504265d-0046-4e58-b529-256a656c012d,Author,Christian,Hardmeier
ee9d1257-61f4-48ad-92a3-d3fdddd8cebb,9504265d-0046-4e58-b529-256a656c012d,Author,Christian,Hardmeier
5700370f-231a-4838-b40a-3d59658a01d0,9504265d-0046-4e58-b529-256a656c012d,Author,Christian,Hardmeier
5ad89ca6-b13d-49ae-941c-667eb96990fd,f073ebac-704d-4236-9206-d1d2ef2be9c3,Author,Barbara,Plank
ed4f7b65-a4ae-4ea3-9856-9ad8bae720ee,d43519a1-5bf4-4290-a053-fe55459ca88a,Author,Sven,Peldszus
40b5dc7d-611a-4764-adcc-8cd2111f8810,,Author,Troels,Runge
1e70eb5e-3730-4b26-83d8-6d0197eefab6,,Author,Troels,Runge
bfffacef-3d7d-4db7-96c6-22f7fc4a1dc7,,Author,Troels,Runge
7a07bf21-4832-45cc-9381-65c36be41d07,b614ac6f-eefa-44a3-8b9a-092b88d86d37,Author,Baki,Cakici
0f720773-ff86-4c1f-a52a-4d85fb495875,ce1a5350-f645-4a53-a745-fca8d4f1f030,Author,Elda ,Paja
0f720773-ff86-4c1f-a52a-4d85fb495875,2b8ff3a4-e9b0-403d-8bd8-1bf26121c234,Author,Paolo ,Tell
d5b41f60-905e-11dd-8006-000ea68e967b,,Author,Milan,Ruzic
4a81f040-9061-11dd-8006-000ea68e967b,,Author,Milan,Ruzic
1bb06e70-c600-11dd-867b-000ea68e967b,,Author,Milan,Ruzic
870fcaa0-c608-11dd-867b-000ea68e967b,,Author,Milan,Ruzic
c1e5e2e0-1e36-11df-b794-000ea68e967b,,Author,Milan,Ruzic
b7c21c02-7402-405e-a1a9-24b4519cf174,,Author,Peter,Eklund
4a10ab2f-c232-4a71-996c-be66905d5bdb,1313519f-2074-41d6-8b79-589648e37211,Author,Carsten,Schürmann
c36bd13c-fc50-4cb0-a437-b9ae9b1a68ad,,Author,Pernille,Rydén
c978d773-e9b9-489d-ac65-2d704da07a11,,Author,Pernille,Rydén
b5dba8fc-efb4-4107-9655-196ab60a0a10,,Author,Pernille,Rydén
8519b05d-409f-4de6-b3d8-a095f70bd37f,,Author,Pernille,Rydén
462e3692-a2aa-4658-9489-3eebd254f380,,Author,Pernille,Rydén
52bf47f2-9c90-4388-9587-c6c865f20558,,Author,Pernille,Rydén
36aba193-4d71-4223-b48e-3cdde44e64e4,,Author,Pernille,Rydén
2dcbf83c-6193-4da9-a20e-0e194f3d91bd,,Author,Pernille,Rydén
bec8aed2-4ff0-4dd0-87d6-7b199ceace4a,,Author,Pernille,Rydén
0793a05b-f1a5-4f73-9d04-c23382647910,,Author,Pernille,Rydén
b9f51c0e-4a11-4bc0-8d58-9bb576fe83d8,,Author,Pernille,Rydén
0edeb94b-11e5-4934-a6be-b2764af6e72f,,Author,Pernille,Rydén
06c92154-de0d-4bdf-a130-ca8b637fd72d,,Author,Pernille,Rydén
e8905df7-d261-4a85-9125-528866acefa9,,Author,Pernille,Rydén
0dd7d27b-9dbf-4fa5-9ffe-10ec1c189937,,Author,Pernille,Rydén
68c13222-b75f-4754-a2ac-cb8e363504ea,,Author,Pernille,Rydén
808896de-8dd2-4d09-aecd-3cb95d87c73a,,Author,Pernille,Rydén
3c109ded-adad-4ab4-9daf-78477c799e27,,Author,Pernille,Rydén
63255b8d-10a6-4cfd-8464-0ec615dca332,,Author,Pernille,Rydén
f3520466-c83e-42d0-8702-13532f589865,,Author,Pernille,Rydén
afc74e3a-0919-4316-b7cb-5f279204dd2b,,Author,Pernille,Rydén
4d1df4d1-7aac-4222-b31d-12621df941f5,,Author,Pernille,Rydén
aceb3f53-2b08-4e67-9b4c-7a758f65f237,,Author,Pernille,Rydén
7911399c-b5ca-48e4-bdf3-a354fc0aec99,,Author,Pernille,Rydén
663ea0dc-0076-490e-abe2-4a7d084da4f7,,Author,Karin,Ryding
663ea0dc-0076-490e-abe2-4a7d084da4f7,22ec9269-2fff-4dbf-a9c7-5037559a15ee,Author,Anders Sundnes,Løvlie
64ed3875-1c58-46a0-96fa-a20488608ca2,,Author,Karin,Ryding
b07c67da-e04d-4e00-b38a-a04b092f6d83,,Author,Karin,Ryding
d9ac3e3f-3f95-4e4a-b0df-730ab88c4140,,Author,Karin,Ryding
d9ac3e3f-3f95-4e4a-b0df-730ab88c4140,d37cba38-dff2-4c27-a515-226cfadfd849,Author,Jonas,Fritsch
05f2bf58-40a1-45da-a9a4-b6756ca4cc89,,Author,Karin,Ryding
feaff500-1468-4b6f-abed-14ee7d6d067c,,Author,Karin,Ryding
feaff500-1468-4b6f-abed-14ee7d6d067c,22ec9269-2fff-4dbf-a9c7-5037559a15ee,Author,Anders Sundnes,Løvlie
fc7d5cae-f71d-4bad-817d-12f73c896940,,Author,Karin,Ryding
fc7d5cae-f71d-4bad-817d-12f73c896940,,Author,Stina Hasse,Jørgensen
fc7d5cae-f71d-4bad-817d-12f73c896940,805cae2a-3462-4130-88de-cc7d94aec0a5,Author,Vasiliki,Tsaknaki
5f57e7cc-39bc-4e18-9b8d-25e17093c9e0,,Author,Karin,Ryding
68b6155c-7b61-4ae9-b61f-9ec0a4970915,,Author,Karin,Ryding
68b6155c-7b61-4ae9-b61f-9ec0a4970915,805cae2a-3462-4130-88de-cc7d94aec0a5,Author,Vasiliki,Tsaknaki
68b6155c-7b61-4ae9-b61f-9ec0a4970915,,Author,Stina Hasse,Jørgensen
68b6155c-7b61-4ae9-b61f-9ec0a4970915,d37cba38-dff2-4c27-a515-226cfadfd849,Author,Jonas,Fritsch
2341498a-77b7-4d93-8c11-f10398fbe956,,Author,Karin,Ryding
8272b2ad-8b15-4a51-a35b-de464b27b2f5,,Author,Fatemeh,Saadatmand
eabf614b-54de-4c23-afb0-9f6e5725ef69,,Author,Fatemeh,Saadatmand
f2b97788-5685-4afc-a2ad-b2d774c01232,,Author,Fatemeh,Saadatmand
f2a4e0c1-acab-45f3-85f2-149326f72cd8,,Author,Joanna,Saad-Sulonen
479c934a-44a9-4927-9699-bdf0f99df8f4,,Author,Joanna,Saad-Sulonen
3d4b0040-5c59-4055-a9cf-7b32dda517d8,,Author,Joanna,Saad-Sulonen
be5eff06-3672-4ae3-a3ca-97cbabcd9edb,,Author,Joanna,Saad-Sulonen
0d3e3a3b-fdaa-44d2-817e-8476bc564993,,Author,Joanna,Saad-Sulonen
0d3e3a3b-fdaa-44d2-817e-8476bc564993,,Author,Luca,Simeone
aeae0090-4d08-4ad4-96c1-b18c6ba85da3,,Author,Joanna,Saad-Sulonen
aeae0090-4d08-4ad4-96c1-b18c6ba85da3,,Author,Mille Rosendahl,Hansen
978d8e24-1631-4f73-bb04-c78c88cdb8ff,,Author,Sophia Aumüller,Wagner
978d8e24-1631-4f73-bb04-c78c88cdb8ff,92f6c3f3-0ad2-40fc-b278-69170f87567d,Author,Lars Rune,Christensen
978d8e24-1631-4f73-bb04-c78c88cdb8ff,1052b289-f510-4c5a-9662-2db48c12ebc2,Author,Lene,Nielsen
2c19bebb-e9d2-4e76-9255-1c93c9633d70,2ef641d0-bd79-425b-8b12-b58d74b993ae,Author,Michael,Szell
5897a5ba-ded6-424f-8007-eb253f360e21,80784458-06f6-4eff-b0c8-df982ffa9835,Author,Rune K. L.,Nielsen
f9490a9f-7857-4c85-a881-cd60861ae172,,Author,Casper Bruun,Jensen
8010224b-157e-46e4-94ab-3e1ac7877986,785a7089-e58e-4aaa-986d-ae0e615ba508,Author,Leon,Derczynski
b52a8613-7953-49ee-bdd8-bf4ce9ab1d17,410b0cad-d9fe-48d8-9edc-56ad6eb9c43b,Author,Ratish,Puduppully
463dd0de-336f-42cc-9dba-b7dc1420a77d,410b0cad-d9fe-48d8-9edc-56ad6eb9c43b,Author,Ratish,Puduppully
ee905bbc-9381-4e9a-91a9-2e0d587a1732,,Author,Tobias,Mahlmann
c073264f-8348-4a27-9a90-97827dd62229,,Author,Caroline Anna,Salling
8cf025c9-1dec-4195-baa4-25ddc7350fbb,1052b289-f510-4c5a-9662-2db48c12ebc2,Author,Lene,Nielsen
5ae14de2-8659-44e8-9e80-b4e5dbf051c0,1052b289-f510-4c5a-9662-2db48c12ebc2,Author,Lene,Nielsen
ab5cbd42-a563-43d4-920f-13a604893783,1052b289-f510-4c5a-9662-2db48c12ebc2,Author,Lene,Nielsen
895e42d2-b26e-4ace-a8e0-41f621429d8d,1052b289-f510-4c5a-9662-2db48c12ebc2,Author,Lene,Nielsen
a0c80fd0-fd9e-46ab-bcfb-c0b22efab56a,1052b289-f510-4c5a-9662-2db48c12ebc2,Author,Lene,Nielsen
d90e5323-b007-4fc4-b826-8cb89f2e7c92,1052b289-f510-4c5a-9662-2db48c12ebc2,Author,Lene,Nielsen
758cff4d-e904-4190-a654-1548ae53b96d,1052b289-f510-4c5a-9662-2db48c12ebc2,Author,Lene,Nielsen
fb77fcb3-c382-4b7c-affb-c83a61ff93a4,1052b289-f510-4c5a-9662-2db48c12ebc2,Author,Lene,Nielsen
02353bb3-afd7-4a2e-8538-6bfef04cc67b,1052b289-f510-4c5a-9662-2db48c12ebc2,Author,Lene,Nielsen
1fcb9daa-9aea-43ed-98a3-3856b52cb1f5,1052b289-f510-4c5a-9662-2db48c12ebc2,Author,Lene,Nielsen
1c32bf8b-6e04-49eb-93c4-c1e9db361dd6,,Author,Henrique Galvan,Debarba
336401fd-5976-4f63-9f71-a04d71d04fa8,bc7a60f7-45a0-401f-813f-6b4aa700c849,Author,Steffen,Dalsgaard
4f2e68b5-9241-4e0a-9003-fc3d742d781f,8e5f2a6c-c817-4a90-b48b-d9171743ad0f,Author,Rob,van der Goot
4f2e68b5-9241-4e0a-9003-fc3d742d781f,523ffd96-f3b2-49cc-8f24-dc9215b84bed,Author,Max,Müller-Eberstein
4f2e68b5-9241-4e0a-9003-fc3d742d781f,f073ebac-704d-4236-9206-d1d2ef2be9c3,Author,Barbara,Plank
9d184079-1e2c-45a5-9b93-c1e39da1452f,,Author,Philippe,Bonnet
5481d910-9067-11dd-8006-000ea68e967b,,Author,Javier,San Agustin
5481d910-9067-11dd-8006-000ea68e967b,,Author,John Paulin,Hansen
70ddf900-fc0e-11dd-b964-000ea68e967b,,Author,Javier,San Agustin
70ddf900-fc0e-11dd-b964-000ea68e967b,,Author,John Paulin,Hansen
973781e0-e5cc-11de-a523-000ea68e967b,,Author,Javier,San Agustin
973781e0-e5cc-11de-a523-000ea68e967b,,Author,Henrik Tomra Skovsgaard Hegner,Jensen
973781e0-e5cc-11de-a523-000ea68e967b,,Author,John Paulin,Hansen
973781e0-e5cc-11de-a523-000ea68e967b,5ad9c220-e37f-443a-8a31-fc4abf365db5,Author,Dan,Witzner Hansen
361a5ff0-e5d0-11de-a523-000ea68e967b,,Author,Javier,San Agustin
361a5ff0-e5d0-11de-a523-000ea68e967b,,Author,John Paulin,Hansen
361a5ff0-e5d0-11de-a523-000ea68e967b,5ad9c220-e37f-443a-8a31-fc4abf365db5,Author,Dan,Witzner Hansen
361a5ff0-e5d0-11de-a523-000ea68e967b,,Author,Henrik Tomra Skovsgaard Hegner,Jensen
59255ffc-82c1-4b62-b2ee-ebbdf01be685,,Author,Javier,San Agustin
59255ffc-82c1-4b62-b2ee-ebbdf01be685,,Author,John Paulin,Hansen
59255ffc-82c1-4b62-b2ee-ebbdf01be685,,Author,Martin Henrik,Tall
f6eb0360-950c-46eb-9367-836dd63a9d5b,,Author,Javier,San Agustin
f6eb0360-950c-46eb-9367-836dd63a9d5b,,Author,Henrik Tomra Skovsgaard Hegner,Jensen
f6eb0360-950c-46eb-9367-836dd63a9d5b,,Author,Emilie,Møllenbach
f6eb0360-950c-46eb-9367-836dd63a9d5b,5ad9c220-e37f-443a-8a31-fc4abf365db5,Author,Dan,Witzner Hansen
f6eb0360-950c-46eb-9367-836dd63a9d5b,,Author,John Paulin,Hansen
3eb0b28e-2894-417a-b93b-747cb73c28f7,,Author,Javier,San Agustin
634afd66-1de0-43a1-85b6-4e21f2ba0151,805cae2a-3462-4130-88de-cc7d94aec0a5,Author,Vasiliki,Tsaknaki
634afd66-1de0-43a1-85b6-4e21f2ba0151,3ad26d6b-4619-4a9f-a1b6-8424aab1dd52,Author,Tom,Jenkins
265155bd-b190-4bf9-be90-85e985a825c1,,Author,Espen J.,Aarseth
0529d15d-01d7-4f44-bd5b-beee197e0727,1b45e3f5-b8cd-4c0d-a444-2901304f76ee,Author,Luca,Rossi
cc3f5eef-65d4-49c9-b0f8-dea0afe853a0,1b45e3f5-b8cd-4c0d-a444-2901304f76ee,Editor,Luca,Rossi
cc3f5eef-65d4-49c9-b0f8-dea0afe853a0,443362d7-b255-460d-a559-0fa80a8d9fbc,Editor,Vasilis,Galis
ed21fc30-4a06-4b4f-9301-0a422ec05c06,06d038a4-f659-4c53-8a6d-58e295ab603f,Author,Sunniva,Sandbukt
ed21fc30-4a06-4b4f-9301-0a422ec05c06,bc7a60f7-45a0-401f-813f-6b4aa700c849,Author,Steffen,Dalsgaard
fad46e85-e276-4b90-83c8-03c2c60f4309,06d038a4-f659-4c53-8a6d-58e295ab603f,Author,Sunniva,Sandbukt
8ee2271a-e38a-49fc-9836-c2a221ca1b5a,06d038a4-f659-4c53-8a6d-58e295ab603f,Author,Sunniva,Sandbukt
a344443a-2f6b-4f9e-b203-a8f37a86bd43,06d038a4-f659-4c53-8a6d-58e295ab603f,Author,Sunniva,Sandbukt
8210dacc-15aa-42df-8415-d6b8019f5e1e,06d038a4-f659-4c53-8a6d-58e295ab603f,Author,Sunniva,Sandbukt
9a473067-79c6-4efe-ba01-257c17c80a0c,06d038a4-f659-4c53-8a6d-58e295ab603f,Author,Sunniva,Sandbukt
8e8b380b-0967-4f31-9a04-b820ddaa363e,06d038a4-f659-4c53-8a6d-58e295ab603f,Author,Sunniva,Sandbukt
6fec2fa9-b477-4821-ac9d-9ae327c9bba2,06d038a4-f659-4c53-8a6d-58e295ab603f,Author,Sunniva,Sandbukt
5ab1e31b-74bc-48b4-ad98-5d27cdb8fe4b,06d038a4-f659-4c53-8a6d-58e295ab603f,Author,Sunniva,Sandbukt
b7f73c46-3d7a-4bb0-b30e-eb74e5cdcca0,06d038a4-f659-4c53-8a6d-58e295ab603f,Author,Sunniva,Sandbukt
5e5ca1be-b3c7-4735-9279-40c8d08e11de,06d038a4-f659-4c53-8a6d-58e295ab603f,Author,Sunniva,Sandbukt
a60dca0c-7d24-4e50-8856-921b05dfbd2d,06d038a4-f659-4c53-8a6d-58e295ab603f,Author,Sunniva,Sandbukt
dfefcf86-5d73-49df-97ce-2ae35a99c853,06d038a4-f659-4c53-8a6d-58e295ab603f,Author,Sunniva ,Sandbukt
91fbd07c-32b4-44ac-aa1c-c18a575b6bb5,,Author,Sarah,Homewood
886827a0-5dd6-4e51-af6d-3d556deae4db,,Author,Amrith,Krishna
f3616f98-3618-46d6-9632-536ab45a4e27,e726f512-d3fd-4d89-962a-3aa9f532a52f,Author,Toine,Bogers
cad140bc-66a3-49dd-97f7-f3dc88fe1077,2ef641d0-bd79-425b-8b12-b58d74b993ae,Author,Michael,Szell
6e0f5d8a-e267-4549-afbf-849d6c967c63,2ef641d0-bd79-425b-8b12-b58d74b993ae,Author,Michael,Szell
5d9fc0ef-3999-4ae5-95a9-f904553f82dd,,Author,Magda,Pischetola
f6fd38fc-66a6-41dd-9235-9241b672b704,9734ef6f-09d1-4ca1-b968-6ad34872d504,Author,Priscila,Santos da Costa
34b58ca8-cb3c-4163-9f1b-7773588236e6,9734ef6f-09d1-4ca1-b968-6ad34872d504,Author,Priscila,Santos da Costa
6ef83d65-1d4e-434b-8197-39ea52626267,9734ef6f-09d1-4ca1-b968-6ad34872d504,Author,Priscila,Santos da Costa
f60f1b33-fddd-4828-92c3-2c8c3bac12ce,9734ef6f-09d1-4ca1-b968-6ad34872d504,Author,Priscila,Santos da Costa
85af040b-fd43-44e5-970a-7a05fd1bf61d,9734ef6f-09d1-4ca1-b968-6ad34872d504,Author,Priscila,Santos da Costa
58b977af-421f-4a2f-8a16-08ce0950c4ce,9734ef6f-09d1-4ca1-b968-6ad34872d504,Author,Priscila,Santos da Costa
58b977af-421f-4a2f-8a16-08ce0950c4ce,bc7a60f7-45a0-401f-813f-6b4aa700c849,Author,Steffen,Dalsgaard
a810a46a-a4d0-4cfb-9d3f-b4a91a5963e4,9734ef6f-09d1-4ca1-b968-6ad34872d504,Author,Priscila,Santos da Costa
4cf50b53-c159-44e6-b455-343d74102d42,9734ef6f-09d1-4ca1-b968-6ad34872d504,Author,Priscila,Santos da Costa
617cbf26-1dd7-4dee-91a6-a5051fc916fb,9734ef6f-09d1-4ca1-b968-6ad34872d504,Author,Priscila,Santos da Costa
a113f7bc-d8bd-4fc6-a72e-ccc21ccd4917,c40e1e8a-50ee-4a7c-b7f0-2fc0fdd62adc,Author,Anna,Gladkova
2c3fb091-9f6a-4d76-bf64-abcb8a984770,3ec363e3-83f0-4dd8-9b2d-b87a7d34dc55,Author,Eleni Tzirita,Zacharatou
f74caa05-94b4-44dd-9cd9-5c5e5349028e,,Author,Ingmar,Lippert
16bf221a-b5ba-4012-80aa-88018fcbc19c,,Author,Peter,Eklund
27a83492-4428-468a-9c05-bc328938a8d0,845595fe-6614-4cf2-968c-3e815db79b4d,Author,David,Sasu
4865dabe-bfcf-47c8-9b3f-279cdd3aebad,845595fe-6614-4cf2-968c-3e815db79b4d,Author,David,Sasu
67ff6ce7-7060-4a94-a58a-833fb9fb7a2a,9ba013db-4c4d-41dd-be12-dbe188f67f29,Author,Hanna Elina,Wirman
845b7567-7215-4e1c-97bb-f09f4cbcf2f0,9ba013db-4c4d-41dd-be12-dbe188f67f29,Author,Hanna Elina,Wirman
543db58d-00c3-4d8a-8484-f8be1bea6d95,5ad9c220-e37f-443a-8a31-fc4abf365db5,Author,Dan Witzner,Hansen
a422c784-cb1a-4f14-987f-06a500ab0bb4,,Author,Athina,Markopoulou
1a2c449c-afbc-4a94-a9d4-be5132ac4b3f,c40e1e8a-50ee-4a7c-b7f0-2fc0fdd62adc,Author,Anna,Rogers
4723e656-b1b6-4f69-801a-a06a624144c1,a39b94ff-e1b6-4b96-8404-486167a9123d,Author,Andrzej,Wasowski
c31c0a4e-62a9-4ca4-900d-3e7b0e4a83f4,a39b94ff-e1b6-4b96-8404-486167a9123d,Author,Andrzej,Wasowski
8248a361-6273-4941-af33-e6af9730f1bc,6aed9698-9a0c-4956-be0d-ec658bbfe09a,Author,Luca Maria,Aiello
8352beff-bba8-47d6-a601-254e5cbf01f7,6aed9698-9a0c-4956-be0d-ec658bbfe09a,Author,Luca Maria,Aiello
e6a3f9b0-e2ef-11dd-a259-000ea68e967b,,Author,Anders,Schack-Nielsen
e6a3f9b0-e2ef-11dd-a259-000ea68e967b,1313519f-2074-41d6-8b79-589648e37211,Author,Carsten,Schürmann
3ec37956-209f-41e4-98ad-f4412e0cabe8,,Author,Anders,Schack-Nielsen
3ec37956-209f-41e4-98ad-f4412e0cabe8,1313519f-2074-41d6-8b79-589648e37211,Author,Carsten,Schürmann
551cdb3c-63c9-4822-b977-6ca094880e81,,Author,Anders,Schack-Nielsen
551cdb3c-63c9-4822-b977-6ca094880e81,1313519f-2074-41d6-8b79-589648e37211,Author,Carsten,Schürmann
af2fa44b-a67a-462c-ba8a-af1ba37fe9e2,,Author,Anders,Schack-Nielsen
af2fa44b-a67a-462c-ba8a-af1ba37fe9e2,1313519f-2074-41d6-8b79-589648e37211,Author,Carsten,Schürmann
e87d09dd-2a80-4937-8ff0-d295fcdfab4e,,Author,Anders,Schack-Nielsen
e87d09dd-2a80-4937-8ff0-d295fcdfab4e,1313519f-2074-41d6-8b79-589648e37211,Author,Carsten,Schürmann
dae599cb-c1b2-45ff-9479-54def4e3d981,,Author,Anders,Schack-Nielsen
a7103354-6b27-49f3-acd2-a305c3cd28d4,,Author,Anders,Schack-Nielsen
1470aad4-357b-4202-b384-247c97f2beef,0c46864b-a7f8-4439-aeda-0781f77bfe88,Author,Katrine Meldgaard,Kjær
6816974a-e043-4b73-a7aa-3f3112c0a7e5,b614ac6f-eefa-44a3-8b9a-092b88d86d37,Author,Baki,Cakici
0d175005-29c0-46ec-bc10-e1da780a0b3c,b614ac6f-eefa-44a3-8b9a-092b88d86d37,Author,Baki,Cakici
1ec66456-8356-41d0-bc36-1c6b589089e0,6ec63914-1f4e-4708-8830-1b054c2ee03a,Author,Irina,Papazu
098e8a06-9cd8-4108-bb47-95c83754e413,54728da8-274d-40e6-b119-23318d995721,Author,Hanne Westh,Nicolajsen
18211119-4f9e-49b0-a42a-90d3c725776c,79ebe3ed-0527-4160-9af6-be0b0853b00e,Author,Jan,Pries-Heje
1bb2d88d-6702-4e61-af01-e99bb610ac7a,8e5f2a6c-c817-4a90-b48b-d9171743ad0f,Author,Rob,van der Goot
41f759d4-dcda-482e-9ffc-49ae2ccc90db,,Author,Lea ,Schick
41f759d4-dcda-482e-9ffc-49ae2ccc90db,,Author,Lone,Malmborg
f1e69c3b-0028-4169-b5a5-d95154d137ce,,Author,Lea ,Schick
7574d886-bc36-48e4-a420-e9749ea91dca,,Author,Lea ,Schick
c81b7629-f79b-4065-b666-3edf5bc42ebf,,Author,Lea,Schick
803b05dc-f091-4c1b-a154-ebc1d8f8edd6,,Author,Lea,Schick
803b05dc-f091-4c1b-a154-ebc1d8f8edd6,,Author,Brit Ross,Winthereik
74fb45db-82f7-49cb-9c69-3ac818b24cd7,,Author,Lea,Schick
74fb45db-82f7-49cb-9c69-3ac818b24cd7,,Author,Anne Sophie ,Witzke
1e882e5b-4a11-4706-a1e0-5613a9bf62c7,,Author,Lea,Schick
1e882e5b-4a11-4706-a1e0-5613a9bf62c7,,Author,Anne Sophie ,Witzke
9fd5757f-69d3-402f-b35f-6f36e1077cd2,,Author,Lea,Schick
9fd5757f-69d3-402f-b35f-6f36e1077cd2,d55dab65-fffe-4da4-a383-cfcf5ee3a8cd,Author,Christopher,Gad
c1237893-f4f2-4b92-b89f-d7d06c7be99b,,Author,Lea,Schick
c1237893-f4f2-4b92-b89f-d7d06c7be99b,,Author,Brit Ross,Winthereik
c9f0ef96-11f9-4c50-b97b-d74eeca7aa18,,Author,Lea,Schick
5987f9ed-780a-4086-8c94-e89d72fa11ac,,Author,Lea,Schick
f511c391-069c-4ab8-a716-783ce6b1609e,,Author,Lea,Schick
f1eb2f66-7ddb-4035-b52d-c67460ae7608,,Author,Alexandra M.,Bagi
f1eb2f66-7ddb-4035-b52d-c67460ae7608,857b3b5b-92d4-43b3-861c-d8efbdbe3b16,Author,Omar Shahbaz,Khan
0004c4d6-f1e4-4817-a15a-2dd6bbe9799d,831421c0-027f-4a25-b795-ee2fce0c8d2a,Author,Louise,Barkhuus
8eb815b2-d91b-4dae-b132-3bfb2dcd58e6,2ef641d0-bd79-425b-8b12-b58d74b993ae,Author,Michael,Szell
50fa2fda-5691-4f8c-8bc8-34e6a2e6087a,,Author,Roman,Beck
17a09d7e-f150-4949-847d-c8f42646b0de,,Author,Pernille,Kræmmergaard
5b5811d2-f7a0-4ad7-956d-01f305d93d0f,fda8c630-1b0a-4910-ae2a-602850616275,Author,Christoph,Seidl
27192cda-676e-4489-9db5-7d5e48f28fd3,ceef6d97-26fe-4163-9538-6685e98bce2e,Author,Daniel,Fürstenau
0b7ed621-3ecb-47fe-b99f-0368dd4c8045,879e7ac4-e64c-4c5f-9591-421e56cd0678,Author,Natalie Elaine ,Schluter
134df879-672c-46da-96db-9cf27e8ce65a,879e7ac4-e64c-4c5f-9591-421e56cd0678,Author,Natalie Elaine ,Schluter
2b570e91-a043-4d4a-8051-747c6181b42d,879e7ac4-e64c-4c5f-9591-421e56cd0678,Author,Natalie,Schluter
439d01f9-7034-440f-8aab-a3c808113ee7,879e7ac4-e64c-4c5f-9591-421e56cd0678,Author,Natalie,Schluter
ebe0192d-f9a4-462a-ab7f-d57537ab2828,879e7ac4-e64c-4c5f-9591-421e56cd0678,Author,Natalie Elaine,Schluter
f2a0ef40-9a8c-466a-8274-0198d84440a2,879e7ac4-e64c-4c5f-9591-421e56cd0678,Author,Natalie,Schluter
f2a0ef40-9a8c-466a-8274-0198d84440a2,,Author,Zeljko,Agic
a390c866-4177-4348-a38e-082424b6fe59,879e7ac4-e64c-4c5f-9591-421e56cd0678,Author,Natalie,Schluter
7dde9a38-5fa6-4b38-9310-e3a19778c6b8,879e7ac4-e64c-4c5f-9591-421e56cd0678,Author,Natalie,Schluter
6356946a-983f-4070-a953-9210a0585e34,879e7ac4-e64c-4c5f-9591-421e56cd0678,Author,Natalie,Schluter
3537ffda-b314-4d03-9d75-51826032fba2,879e7ac4-e64c-4c5f-9591-421e56cd0678,Author,Natalie,Schluter
3537ffda-b314-4d03-9d75-51826032fba2,,Author,Daniel,Varab
b4ca3ad8-e91f-444d-990b-57eb0b7b7510,879e7ac4-e64c-4c5f-9591-421e56cd0678,Author,Natalie,Schluter
d0e55408-80f0-4b9e-876c-b26792465463,879e7ac4-e64c-4c5f-9591-421e56cd0678,Author,Natalie,Schluter
844092c6-4df6-4467-9113-b58f7d2875d9,8785f18a-1bf3-4c63-8d8b-d3e5d516ca40,Author,Payam,Zahadat
44c885a3-6d2e-4b1d-b5a8-fd3e86cee83b,8785f18a-1bf3-4c63-8d8b-d3e5d516ca40,Author,Payam,Zahadat
4b1b3e6b-5378-40a7-b1d3-5638c4d9bf5d,8785f18a-1bf3-4c63-8d8b-d3e5d516ca40,Author,Payam,Zahadat
edadd930-e0cb-11de-a523-000ea68e967b,,Author,Kjeld,Schmidt
b3f5ee10-e0cd-11de-a523-000ea68e967b,,Author,Kjeld,Schmidt
35d81cae-3bdb-4d68-9386-47c3992238c8,e0edf6ca-5a14-41d8-81cc-77fd67f03ee5,Author,Jens,Schmidt
4c11a491-bc5a-4348-8983-8aa7203784f5,e0edf6ca-5a14-41d8-81cc-77fd67f03ee5,Author,Jens,Schmidt
81dd829c-05a4-4e7f-a4ef-56e96d22cf2c,e0edf6ca-5a14-41d8-81cc-77fd67f03ee5,Author,Jens,Schmidt
ed985189-a1a4-4bb5-a842-0ab5c7dbaa93,e0edf6ca-5a14-41d8-81cc-77fd67f03ee5,Author,Jens,Schmidt
dbc01a36-c661-4a71-9344-306cad9db90d,e0edf6ca-5a14-41d8-81cc-77fd67f03ee5,Author,Jens ,Schmidt
2df78a40-6836-4fcf-a6b1-2da3d0a56d0b,,Author,Oliver,Müller
f3c6e163-d47b-4224-b8c0-50762e6062d3,,Author,Oliver,Müller
19f57e47-436f-4c2f-8c07-8d592afa63f1,,Author,Roman,Beck
698dabcc-70a0-44fc-a498-4ba075c80784,,Author,Roman,Beck
e85f2f4d-2ff9-45a4-b913-2f86a11f0bce,,Author,Roman,Beck
e3da9163-e5f1-4c64-91d2-fcabca365443,,Author,Jannick,Schou
e3da9163-e5f1-4c64-91d2-fcabca365443,,Author,Johan,Farkas
e3da9163-e5f1-4c64-91d2-fcabca365443,10e4fc8e-556f-4104-b744-409caedc2276,Author,Morten,Hjelholt
ba0b8d5c-a2b4-48dd-8f80-e31132dcecda,,Author,Jannick,Schou
310cf5a7-311c-4602-bf68-e8c7fa973b89,,Author,Jannick,Schou
310cf5a7-311c-4602-bf68-e8c7fa973b89,,Author,Johan,Farkas
dd7cd6b6-32d6-4121-813c-e5cc713fadb7,,Author,Jannick,Schou
dd7cd6b6-32d6-4121-813c-e5cc713fadb7,,Author,Johan,Farkas
d76ee233-8b3c-4668-b8d9-de6d0ee0b479,,Author,Jannick,Schou
d76ee233-8b3c-4668-b8d9-de6d0ee0b479,,Author,Johan,Farkas
3cb0f57c-986f-476e-ae15-f9dd34531edf,,Author,Jannick,Schou
3cb0f57c-986f-476e-ae15-f9dd34531edf,,Author,Johan,Farkas
ed243a1a-a68c-42a9-8fe9-b8bbcec30ae4,,Author,Jannick,Schou
78c3cd35-68bb-4254-ba3b-8b1238a001df,,Author,Jannick,Schou
78c3cd35-68bb-4254-ba3b-8b1238a001df,10e4fc8e-556f-4104-b744-409caedc2276,Author,Morten,Hjelholt
77a13374-5050-462d-9380-74a61175730c,,Author,Jannick,Schou
77a13374-5050-462d-9380-74a61175730c,10e4fc8e-556f-4104-b744-409caedc2276,Author,Morten,Hjelholt
b1599c14-8a0e-405f-be6a-ae40f9db01d9,,Author,Jannick,Schou
b1599c14-8a0e-405f-be6a-ae40f9db01d9,10e4fc8e-556f-4104-b744-409caedc2276,Author,Morten,Hjelholt
4a6d6ef8-4e01-4d77-a977-a713979775c1,,Author,Jannick,Schou
45e37f49-07d0-49d0-b60b-0866b8471c70,,Author,Jannick,Schou
45e37f49-07d0-49d0-b60b-0866b8471c70,10e4fc8e-556f-4104-b744-409caedc2276,Author,Morten,Hjelholt
90d83859-3d29-4e2e-b0ab-90e65c94d423,,Author,Jannick,Schou
90d83859-3d29-4e2e-b0ab-90e65c94d423,10e4fc8e-556f-4104-b744-409caedc2276,Author,Morten,Hjelholt
f3ac05ed-43f0-488b-81a5-2204474aac9a,,Author,Jannick,Schou
f3ac05ed-43f0-488b-81a5-2204474aac9a,10e4fc8e-556f-4104-b744-409caedc2276,Author,Morten,Hjelholt
3dc55bac-57d4-46b4-a97e-6f23288e4733,,Author,Jannick,Schou
2d6862ae-afc0-4656-97ce-f7c096eb8e38,,Author,Jannick,Schou
2d6862ae-afc0-4656-97ce-f7c096eb8e38,10e4fc8e-556f-4104-b744-409caedc2276,Author,Morten,Hjelholt
7be679b0-5325-48cd-bd92-b37620316764,,Author,Jannick,Schou
33978b8a-4750-4b06-afd4-f89964b7a920,22ec9269-2fff-4dbf-a9c7-5037559a15ee,Author,Anders Sundnes,Løvlie
80709eb5-835a-486b-9dad-cd93fc116abc,,Author,Jannick,Schou
80709eb5-835a-486b-9dad-cd93fc116abc,10e4fc8e-556f-4104-b744-409caedc2276,Author,Morten,Hjelholt
66cf6f1e-a670-47eb-8175-6fb1797868e1,,Author,Jannick,Schou
66cf6f1e-a670-47eb-8175-6fb1797868e1,10e4fc8e-556f-4104-b744-409caedc2276,Author,Morten,Hjelholt
839ddfcf-57f6-48ee-aa12-d0bbb9aec0da,,Author,Jannick,Schou
cbd7d195-396a-48c5-b04f-411d0d30c64b,f14f4742-c9d8-4a34-b8e2-d713c3a1f437,Editor,Oliver ,Krancher
2112ceb5-cfd2-40c5-8b0a-97650b24986c,f14f4742-c9d8-4a34-b8e2-d713c3a1f437,Author,Oliver ,Krancher
1ef3c450-f43c-11dd-9b71-000ea68e967b,,Author,Martin,Sulzmann
884e504b-750d-460e-8e26-102387a6f5d2,2a0966cb-1bbd-4f5b-8d2e-d68f53acee87,Author,Ida,Schrøder
9fd77b57-cec3-4e65-b893-f2940c0a1d05,2a0966cb-1bbd-4f5b-8d2e-d68f53acee87,Author,Ida,Schrøder
faa6ddff-435f-4fda-9dab-fe0d8419f37d,2a0966cb-1bbd-4f5b-8d2e-d68f53acee87,Author,Ida,Schrøder
66b4d4ff-e12a-476e-88b9-691080db3f49,2a0966cb-1bbd-4f5b-8d2e-d68f53acee87,Author,Ida,Schrøder
28da93af-cc85-4c79-ae4a-7bbfc5b1e81e,2a0966cb-1bbd-4f5b-8d2e-d68f53acee87,Author,Ida,Schrøder
87738992-de5d-4645-8d93-cb6686218b70,2a0966cb-1bbd-4f5b-8d2e-d68f53acee87,Author,Ida,Schrøder
190ea433-bcb2-40af-a8df-5e73540116a3,2a0966cb-1bbd-4f5b-8d2e-d68f53acee87,Author,Ida,Schrøder
809c97ee-7e71-40a0-bf7f-e8188fa53803,2a0966cb-1bbd-4f5b-8d2e-d68f53acee87,Author,Ida,Schrøder
3a6bda7d-3157-4d07-91c4-c52408d86abd,2a0966cb-1bbd-4f5b-8d2e-d68f53acee87,Author,Ida,Schrøder
960647c8-3ad9-4cad-8372-b48d02720d24,2a0966cb-1bbd-4f5b-8d2e-d68f53acee87,Author,Ida,Schrøder
67b88020-6195-4887-9592-eeb1641871e8,2a0966cb-1bbd-4f5b-8d2e-d68f53acee87,Author,Ida,Schrøder
177512eb-baad-404a-88ea-c66c1174f03c,2a0966cb-1bbd-4f5b-8d2e-d68f53acee87,Author,Ida,Schrøder
4c702910-7ff5-4853-a932-0daaa157cd4b,2a0966cb-1bbd-4f5b-8d2e-d68f53acee87,Author,Ida,Schrøder
a79635b4-22be-4ca3-88fa-d28327ff0a32,2a0966cb-1bbd-4f5b-8d2e-d68f53acee87,Author,Ida,Schrøder
67926298-b3b3-4500-a4bc-eb0c0ac98173,2a0966cb-1bbd-4f5b-8d2e-d68f53acee87,Author,Ida,Schrøder
7b17a404-78cb-4042-a3a2-856257edef1c,2a0966cb-1bbd-4f5b-8d2e-d68f53acee87,Author,Ida Marie,Schrøder
e3ba3c2c-8cc1-40a8-a289-e9f23d62f7b1,2a0966cb-1bbd-4f5b-8d2e-d68f53acee87,Author,Ida Marie,Schrøder
fe384b40-41d3-4c06-9c6a-2363a66a586e,2a0966cb-1bbd-4f5b-8d2e-d68f53acee87,Author,Ida Marie,Schrøder
6ee529f3-3f7f-495a-87c7-1a8849807867,2a0966cb-1bbd-4f5b-8d2e-d68f53acee87,Author,Ida Marie,Schrøder
c9243549-2d25-4882-b22f-cb413d46f5c6,2a0966cb-1bbd-4f5b-8d2e-d68f53acee87,Author,Ida Marie,Schrøder
be9809dd-9c6a-4777-8f98-451d197c024b,2a0966cb-1bbd-4f5b-8d2e-d68f53acee87,Author,Ida Marie,Schrøder
78bed77d-633e-4699-badf-8e2115f36e42,2a0966cb-1bbd-4f5b-8d2e-d68f53acee87,Author,Ida Marie,Schrøder
d3f4371e-459e-483a-a23c-18e7c7966299,2a0966cb-1bbd-4f5b-8d2e-d68f53acee87,Author,Ida Marie,Schrøder
044a1098-0386-4b4e-8369-5779ac51a12b,2a0966cb-1bbd-4f5b-8d2e-d68f53acee87,Author,Ida Marie,Schrøder
65c1db82-b495-46c1-a138-7599fc70d2a4,2a0966cb-1bbd-4f5b-8d2e-d68f53acee87,Author,Ida Marie,Schrøder
0a6428f9-6d70-4532-8283-5efc3ab5e660,2a0966cb-1bbd-4f5b-8d2e-d68f53acee87,Author,Ida,Schrøder
39a5b657-3f6e-4edd-aebb-316a8db1c4a3,2a0966cb-1bbd-4f5b-8d2e-d68f53acee87,Author,Ida,Schrøder
cb9c0136-6738-4e3c-93a5-b117f1e3484d,2a0966cb-1bbd-4f5b-8d2e-d68f53acee87,Author,Ida,Schrøder
b0fb97f7-50fc-458f-bae2-2e97074159f8,2a0966cb-1bbd-4f5b-8d2e-d68f53acee87,Author,Ida,Schrøder
4c300c78-5e9b-4735-b6a0-afbe4b77965b,2a0966cb-1bbd-4f5b-8d2e-d68f53acee87,Author,Ida,Schrøder
20caf31f-660c-49da-9eaf-2b5e9a88c273,2a0966cb-1bbd-4f5b-8d2e-d68f53acee87,Author,Ida,Schrøder
b3b8ea5c-f0d6-4577-8735-c57efada77b6,2a0966cb-1bbd-4f5b-8d2e-d68f53acee87,Author,Ida,Schrøder
6bcdf36f-6afd-401a-91cd-8e2202ac592e,2a0966cb-1bbd-4f5b-8d2e-d68f53acee87,Author,Ida,Schrøder
b80c3a73-7a65-49bb-8ab4-d80dda85ace9,2a0966cb-1bbd-4f5b-8d2e-d68f53acee87,Author,Ida,Schrøder
4cc8428c-fedd-41e2-9a11-fcee6748e571,2a0966cb-1bbd-4f5b-8d2e-d68f53acee87,Author,Ida,Schrøder
b35274bf-e1ea-473e-9176-9fc9ba4f31f4,2a0966cb-1bbd-4f5b-8d2e-d68f53acee87,Author,Ida,Schrøder
275aaa27-0e42-41a1-9477-602334a4d793,2a0966cb-1bbd-4f5b-8d2e-d68f53acee87,Author,Ida,Schrøder
b7b939d2-f81a-4724-bc9c-6140d0badaa1,2a0966cb-1bbd-4f5b-8d2e-d68f53acee87,Author,Ida,Schrøder
586cebc2-5206-4cb1-a109-ea0081793203,2a0966cb-1bbd-4f5b-8d2e-d68f53acee87,Author,Ida Marie,Schrøder
4d664c0f-12ee-4776-985e-ff972de54371,2a0966cb-1bbd-4f5b-8d2e-d68f53acee87,Author,Ida Marie,Schrøder
6df74eae-62f6-46f9-bea0-7fa58224e923,d05daa00-c3d6-4a89-ba14-cfd1847fb0cc,Author,Raúl,Pardo
6df74eae-62f6-46f9-bea0-7fa58224e923,a39b94ff-e1b6-4b96-8404-486167a9123d,Author,Andrzej,Wa̧sowski
8b021795-3a89-41c2-a74e-7177060e2393,,Author,Joel,Lehman
8b021795-3a89-41c2-a74e-7177060e2393,a420ffb3-2ca6-4925-a25f-baaa5228fc15,Author,Sebastian,Risi
0bcbd5f6-043a-4b6c-9926-47185e129cb1,a420ffb3-2ca6-4925-a25f-baaa5228fc15,Author,Sebastian,Risi
c572e97d-a2dc-47c9-a0f6-ea615f1ae549,a420ffb3-2ca6-4925-a25f-baaa5228fc15,Author,Sebastian,Risi
24f3e985-9622-405a-b47d-b4ee4e341717,785a7089-e58e-4aaa-986d-ae0e615ba508,Author,Leon,Derczynski
20bd151b-1acb-4925-8333-941c5838e839,ceef6d97-26fe-4163-9538-6685e98bce2e,Author,Daniel,Fürstenau
a5bd6056-6870-4194-8343-7b42ba21e329,2a9c0934-98ca-4101-b829-b88d77f6487e,Author,Kasper,Støy
177f2e8a-61da-4a13-8fc3-c76c6e4a8374,2a9c0934-98ca-4101-b829-b88d77f6487e,Author,Kasper,Støy
f969d546-46e9-4bb3-bd6f-5c1fc28ef429,2a9c0934-98ca-4101-b829-b88d77f6487e,Author,Kasper,Støy
8b3a4288-6bef-437b-bea7-6774b4bb4f63,2a9c0934-98ca-4101-b829-b88d77f6487e,Author,Kasper,Støy
707d7040-e2e5-11dd-a259-000ea68e967b,1313519f-2074-41d6-8b79-589648e37211,Author,Carsten,Schürmann
707d7040-e2e5-11dd-a259-000ea68e967b,,Author,Jeffrey,Sarnat
54e44c30-e2ec-11dd-a259-000ea68e967b,1313519f-2074-41d6-8b79-589648e37211,Author,Carsten,Schürmann
02befb00-fcdf-11dd-b964-000ea68e967b,1313519f-2074-41d6-8b79-589648e37211,Author,Carsten,Schürmann
d5ea9d20-e313-11de-a523-000ea68e967b,1313519f-2074-41d6-8b79-589648e37211,Author,Carsten,Schürmann
e10de990-e314-11de-a523-000ea68e967b,1313519f-2074-41d6-8b79-589648e37211,Author,Carsten,Schürmann
6cb80b00-e316-11de-a523-000ea68e967b,1313519f-2074-41d6-8b79-589648e37211,Author,Carsten,Schürmann
cc2552b0-e315-11de-a523-000ea68e967b,1313519f-2074-41d6-8b79-589648e37211,Author,Carsten,Schürmann
3024c838-4cb0-4a14-b533-e1796ad57c2f,1313519f-2074-41d6-8b79-589648e37211,Author,Carsten,Schürmann
2403e43f-4266-412d-9a8d-0b094e9b5129,1313519f-2074-41d6-8b79-589648e37211,Author,Carsten,Schürmann
26478c02-7cf5-49fd-bdc7-ae6fc28388f1,1313519f-2074-41d6-8b79-589648e37211,Author,Carsten,Schürmann
ea045b1f-58b4-4a48-b23b-6f247988571b,1313519f-2074-41d6-8b79-589648e37211,Author,Carsten,Schürmann
ea045b1f-58b4-4a48-b23b-6f247988571b,,Author,Jian,Wang
8d174c7c-ab0c-4804-afb6-7a869bdf9349,1313519f-2074-41d6-8b79-589648e37211,Author,Carsten,Schürmann
a25bd25f-9e39-4060-a6ed-9a6561274273,1313519f-2074-41d6-8b79-589648e37211,Author,Carsten,Schürmann
a25bd25f-9e39-4060-a6ed-9a6561274273,,Author,Taus,Brock-Nannestad
a25bd25f-9e39-4060-a6ed-9a6561274273,,Author,Nicolas,Guenot
a25bd25f-9e39-4060-a6ed-9a6561274273,,Author,Agata,Murawska
da225142-8287-4938-9305-5a49b8a9ea9a,1313519f-2074-41d6-8b79-589648e37211,Author,Carsten,Schürmann
c8ee03b4-7253-459f-a161-920079134c65,1313519f-2074-41d6-8b79-589648e37211,Author,Carsten,Schürmann
07805819-90b9-4b2b-8253-561f44db0b7b,1313519f-2074-41d6-8b79-589648e37211,Author,Carsten,Schürmann
07805819-90b9-4b2b-8253-561f44db0b7b,,Author,Jian,Wang
c2d3cac5-19dd-4d27-8099-36d9f10c85ae,1313519f-2074-41d6-8b79-589648e37211,Author,Carsten,Schürmann
bdbc5f0f-4a88-4bc6-a6a9-34233571d31c,1313519f-2074-41d6-8b79-589648e37211,Author,Carsten,Schürmann
19705f62-b4be-47bd-934d-adb84ce20354,1313519f-2074-41d6-8b79-589648e37211,Author,Carsten,Schürmann
c86c121f-79b3-4c11-9ac2-da5072741ac6,1313519f-2074-41d6-8b79-589648e37211,Author,Carsten,Schürmann
c86c121f-79b3-4c11-9ac2-da5072741ac6,,Author,Jian,Wang
47aff0da-f801-49f9-ab86-20afecd99687,1313519f-2074-41d6-8b79-589648e37211,Author,Carsten,Schürmann
47aff0da-f801-49f9-ab86-20afecd99687,,Author,Randi,Markussen
47aff0da-f801-49f9-ab86-20afecd99687,,Author,Olivier,Bélanger
47aff0da-f801-49f9-ab86-20afecd99687,,Author,Lorena,Ronquillo
941ea277-9653-4d57-866b-38f1244438d4,1313519f-2074-41d6-8b79-589648e37211,Author,Carsten,Schürmann
b0634774-5bb1-4384-b95e-5a4c85038c97,1313519f-2074-41d6-8b79-589648e37211,Author,Carsten,Schürmann
b0634774-5bb1-4384-b95e-5a4c85038c97,5c50bbc9-ed3d-417f-ba4d-e484eaf536b3,Author,Alessandro,Bruni
fed9bf83-0620-49b7-ae32-4fb45beabf59,1313519f-2074-41d6-8b79-589648e37211,Author,Carsten,Schürmann
fed9bf83-0620-49b7-ae32-4fb45beabf59,,Author,Lisa Hartmann,Jensen
10023cd3-34aa-4716-b2ef-2883f96302ab,1313519f-2074-41d6-8b79-589648e37211,Author,Carsten,Schürmann
ca425ca9-accc-4b89-a2b1-88e94baa9d9c,1313519f-2074-41d6-8b79-589648e37211,Author,Carsten,Schürmann
d4762440-48a3-4110-9c47-d4576b089e31,1313519f-2074-41d6-8b79-589648e37211,Author,Carsten ,Schürmann
14fb5d55-473f-4e92-825c-9670dd94368b,,Author,Sander Andreas,Schwartz
52940207-2a15-49ff-ba28-2f33d3710b00,,Author,Sander Andreas,Schwartz
91ec5026-f230-4366-b5bd-15f0d6339f71,,Author,Sander Andreas,Schwartz
91ec5026-f230-4366-b5bd-15f0d6339f71,,Author,Lisbeth,Klastrup
4f8b297f-36ff-4f32-8c1b-438307244843,,Author,Sander Andreas,Schwartz
431f7fe2-20bd-4356-8528-c3557fd6348e,,Author,Sander Andreas,Schwartz
b0fa1102-8a96-45f4-8e4f-18d3ae4919fa,,Author,Sander Andreas,Schwartz
bf19e359-faca-4343-ba20-679a8848afe0,,Author,Sander Andreas,Schwartz
bf19e359-faca-4343-ba20-679a8848afe0,1b45e3f5-b8cd-4c0d-a444-2901304f76ee,Author,Luca,Rossi
5c301f5d-ca46-49f2-b343-2f039cee6cb4,,Author,Sander Andreas,Schwartz
8b6c7262-b0d6-4d28-b8a9-b63271220941,,Author,Sander Andreas,Schwartz
573d8530-edf0-4ff1-b9ea-2f8aa8578421,,Author,Sander Andreas,Schwartz
f8ce9682-53c8-46c3-84df-27092ec427bc,,Author,Jan,Schwiderowski
f8ce9682-53c8-46c3-84df-27092ec427bc,09ec1bda-4550-4a83-8480-fe742d77e882,Author,Asger Balle,Pedersen
f8ce9682-53c8-46c3-84df-27092ec427bc,,Author,Roman,Beck
13334174-4575-4bce-a054-d40d8109a227,,Author,Jan,Schwiderowski
13334174-4575-4bce-a054-d40d8109a227,,Author,Roman,Beck
b69f3082-70be-4f9e-b2a8-83e650d09239,,Author,Jan,Schwiderowski
b69f3082-70be-4f9e-b2a8-83e650d09239,09ec1bda-4550-4a83-8480-fe742d77e882,Author,Asger Balle,Pedersen
b69f3082-70be-4f9e-b2a8-83e650d09239,,Author,Jonas Kasper,Jensen
b69f3082-70be-4f9e-b2a8-83e650d09239,,Author,Roman,Beck
811ab78c-c541-4081-b6cf-ab236433376e,,Author,Roman,Beck
86de0940-da0a-11de-b0f9-000ea68e967b,,Author,Lars,Birkedal
615f215d-ad53-4cb3-984d-c465036482a8,,Author,Lars,Birkedal
cc04ea2c-bbb4-41b7-986a-7dccbad6a9f9,,Author,Lars,Birkedal
cc04ea2c-bbb4-41b7-986a-7dccbad6a9f9,,Author,Kristian,Støvring
a8486c50-e09e-4e56-9f3d-c202f289fae1,,Author,Lars,Birkedal
011d1969-6446-4b48-8f77-cfbb406d00c2,,Author,Lars,Birkedal
740b0952-cbdb-4a0a-b4fa-8d87281ef400,8aaf5ea6-92c2-4780-bba3-cdc171315e0b,Author,Katinka Amalie,Schyberg
134effbb-7813-4ab5-8063-903c7b885a67,,Author,Marco,Scirea
134effbb-7813-4ab5-8063-903c7b885a67,,Author,Julian,Togelius
134effbb-7813-4ab5-8063-903c7b885a67,,Author,Mark,Nelson
fd8613f2-b2a6-4111-974a-c7253b1a7c26,,Author,Marco,Scirea
673f2164-33b8-49c0-9d99-3ec530108197,,Author,Marco,Scirea
673f2164-33b8-49c0-9d99-3ec530108197,,Author,Yun-Gyung,Cheong
673f2164-33b8-49c0-9d99-3ec530108197,,Author,Mark,Nelson
673f2164-33b8-49c0-9d99-3ec530108197,,Author,Byung Chull,Bae
afd72706-d1a2-4cad-8a8b-d2f8aae56cb6,,Author,Marco,Scirea
afd72706-d1a2-4cad-8a8b-d2f8aae56cb6,,Author,Mark,Nelson
afd72706-d1a2-4cad-8a8b-d2f8aae56cb6,,Author,Yun-Gyung,Cheong
afd72706-d1a2-4cad-8a8b-d2f8aae56cb6,,Author,Byung Chull,Bae
f5b9c774-8c83-4005-8753-7027f69e0ba5,,Author,Marco,Scirea
f5b9c774-8c83-4005-8753-7027f69e0ba5,,Author,Gabriella,A B Barros
f5b9c774-8c83-4005-8753-7027f69e0ba5,,Author,Julian,Togelius
f5b9c774-8c83-4005-8753-7027f69e0ba5,,Author,Noor,Shaker
82808d7b-e4cc-4bf5-b35d-0bc927da7e87,,Author,Marco,Scirea
82808d7b-e4cc-4bf5-b35d-0bc927da7e87,,Author,Joseph Alexander,Brown
6df4339b-5b69-49ae-bb27-739e41df615b,,Author,Marco,Scirea
6df4339b-5b69-49ae-bb27-739e41df615b,,Author,Julian,Togelius
6df4339b-5b69-49ae-bb27-739e41df615b,,Author,Peter,Eklund
6df4339b-5b69-49ae-bb27-739e41df615b,a420ffb3-2ca6-4925-a25f-baaa5228fc15,Author,Sebastian,Risi
f2a6c343-3a4a-4e23-a2e5-85a722ad83f7,,Author,Marco,Scirea
f2a6c343-3a4a-4e23-a2e5-85a722ad83f7,,Author,Peter,Eklund
f2a6c343-3a4a-4e23-a2e5-85a722ad83f7,a420ffb3-2ca6-4925-a25f-baaa5228fc15,Author,Sebastian,Risi
404e76e2-8ca4-491c-b27d-8b4a5823b8f6,,Author,Marco,Scirea
404e76e2-8ca4-491c-b27d-8b4a5823b8f6,,Author,Peter,Eklund
404e76e2-8ca4-491c-b27d-8b4a5823b8f6,a420ffb3-2ca6-4925-a25f-baaa5228fc15,Author,Sebastian,Risi
8e269b6d-006c-4d50-ac29-a01adec26089,,Author,M.,Scirea
8e269b6d-006c-4d50-ac29-a01adec26089,,Author,P.,Eklund
8e269b6d-006c-4d50-ac29-a01adec26089,,Author,J.,Togelius
8e269b6d-006c-4d50-ac29-a01adec26089,a420ffb3-2ca6-4925-a25f-baaa5228fc15,Author,S.,Risi
c102e657-03e8-4f15-a55d-440db0a586e9,a420ffb3-2ca6-4925-a25f-baaa5228fc15,Author,Sebastian,Risi
d2a72644-936f-45cf-8ff6-5d3f06f8f259,,Author,Marco,Scirea
d2a72644-936f-45cf-8ff6-5d3f06f8f259,a420ffb3-2ca6-4925-a25f-baaa5228fc15,Author,Sebastian,Risi
f0386da8-7944-4afd-9493-2d252460a25a,,Author,Marco,Scirea
289595b7-a0a4-4014-a0ef-748df8b754fb,54728da8-274d-40e6-b119-23318d995721,Author,Hanne Westh,Nicolajsen
ffe32245-e808-43cb-9fba-a25871a5f92d,54728da8-274d-40e6-b119-23318d995721,Author,Hanne Westh,Nicolajsen
72a7e85d-e6c7-4122-9c63-6b9e0f16d717,54728da8-274d-40e6-b119-23318d995721,Author,Hanne Westh,Nicolajsen
2ab26095-8992-4f76-ba21-5b810ff8aeaf,54728da8-274d-40e6-b119-23318d995721,Author,Hanne Westh,Nicolajsen
a2199c7b-3ea8-4ffe-b24b-12e80f12b679,54728da8-274d-40e6-b119-23318d995721,Author,Hanne Westh,Nicolajsen
55caf4de-cf28-437b-b06a-e409d15770d1,54728da8-274d-40e6-b119-23318d995721,Author,Hanne Westh,Nicolajsen
7367d38d-2f73-481d-82c7-a81604408fa9,54728da8-274d-40e6-b119-23318d995721,Author,Hanne Westh,Nicolajsen
bb7320dd-9747-45e9-947f-f7d5554f884d,54728da8-274d-40e6-b119-23318d995721,Author,Hanne Westh,Nicolajsen
17fdcca3-0429-4529-a6b6-7464d8486247,54728da8-274d-40e6-b119-23318d995721,Author,Hanne Westh,Nicolajsen
03b1b543-e9ec-40d8-8076-c2641a7e2487,54728da8-274d-40e6-b119-23318d995721,Author,Hanne Westh,Nicolajsen
ae7de2f3-f5fa-454a-a1c6-43995e1345b2,54728da8-274d-40e6-b119-23318d995721,Author,Hanne Westh,Nicolajsen
70171fa5-b057-411e-a63c-46185ecc9c90,,Author,João Costa,Seco
70171fa5-b057-411e-a63c-46185ecc9c90,d3b41838-e2bf-4735-b1cd-03f60b49c7e5,Author,Søren,Debois
70171fa5-b057-411e-a63c-46185ecc9c90,d30b96a8-4f1e-44fa-9bf5-0209bedf0268,Author,Thomas T.,Hildebrandt
70171fa5-b057-411e-a63c-46185ecc9c90,,Author,Tijs,Slaats
b0f9f3e2-31bd-429e-9139-036100581d84,,Author,Roman,Beck
1792e810-8be4-46f6-88a8-004932291c2a,,Author,Roman,Beck
4a96e3de-79fc-4639-aeee-a248d3cfe83b,,Author,Roman,Beck
f32bc9eb-64bd-4591-a6f1-ceaa7bedec79,,Author,Roman,Beck
f5eac502-c1ad-4ef1-be1e-9ed713ab9ef5,ceef6d97-26fe-4163-9538-6685e98bce2e,Author,Daniel,Fürstenau
0d049c3a-a9ea-4ce9-8aaf-e19495c97d3a,,Author,Cathrine,Seidelin
0d049c3a-a9ea-4ce9-8aaf-e19495c97d3a,f2136570-f73c-446f-9fb0-6d9e461e2124,Author,Yvonne,Dittrich
0d049c3a-a9ea-4ce9-8aaf-e19495c97d3a,1e0534b4-fe3e-4c5e-ad6d-5f1c7df6a14e,Author,Erik,Grönvall
d0464844-a319-43e4-9351-03c58973ed7c,,Author,Cathrine,Seidelin
d0464844-a319-43e4-9351-03c58973ed7c,f2136570-f73c-446f-9fb0-6d9e461e2124,Author,Yvonne,Dittrich
d0464844-a319-43e4-9351-03c58973ed7c,1e0534b4-fe3e-4c5e-ad6d-5f1c7df6a14e,Author,Erik,Grönvall
6dd60fe2-e15a-425a-8d58-6ff0f080d102,,Author,Cathrine,Seidelin
6dd60fe2-e15a-425a-8d58-6ff0f080d102,f2136570-f73c-446f-9fb0-6d9e461e2124,Author,Yvonne,Dittrich
7368138d-33e4-4132-84c5-a86f61b50c2b,,Author,Cathrine,Seidelin
7368138d-33e4-4132-84c5-a86f61b50c2b,f2136570-f73c-446f-9fb0-6d9e461e2124,Author,Yvonne,Dittrich
7368138d-33e4-4132-84c5-a86f61b50c2b,1e0534b4-fe3e-4c5e-ad6d-5f1c7df6a14e,Author,Erik,Grönvall
ae489b73-54d7-4ecc-be55-c1428caddb24,,Author,Cathrine,Seidelin
ae489b73-54d7-4ecc-be55-c1428caddb24,f2136570-f73c-446f-9fb0-6d9e461e2124,Author,Yvonne,Dittrich
ae489b73-54d7-4ecc-be55-c1428caddb24,1e0534b4-fe3e-4c5e-ad6d-5f1c7df6a14e,Author,Erik,Grönvall
6071d4c6-81eb-4bd3-92cf-879af89227b0,,Author,Cathrine,Seidelin
6071d4c6-81eb-4bd3-92cf-879af89227b0,f2136570-f73c-446f-9fb0-6d9e461e2124,Author,Yvonne,Dittrich
8cbca471-a8f5-49cf-a127-e0e8ae40e5a1,,Author,Cathrine,Seidelin
d13b0847-7307-421e-ba67-d3016ab6cb6f,0080607f-9f26-4f73-a974-36b4940fb777,Author,Meisam Jamshidi,Seikavandi
d13b0847-7307-421e-ba67-d3016ab6cb6f,ffc6db77-95ed-452f-92ac-ca143a9db73c,Author,Maria Jung,Barrett
a5116a6f-5baf-4130-8314-2b6b2eafea80,0080607f-9f26-4f73-a974-36b4940fb777,Author,Meisam Jamshidi,Seikavandi
a5116a6f-5baf-4130-8314-2b6b2eafea80,ffc6db77-95ed-452f-92ac-ca143a9db73c,Author,Maria Jung,Barrett
a5116a6f-5baf-4130-8314-2b6b2eafea80,cf5e1d64-5489-4534-ba34-8dba5fd354a6,Author,Paolo,Burelli
acb09860-e19d-472a-9d1a-6764e02efa5c,0080607f-9f26-4f73-a974-36b4940fb777,Author,Meisam Jamshidi,Seikavandi
acb09860-e19d-472a-9d1a-6764e02efa5c,cf5e1d64-5489-4534-ba34-8dba5fd354a6,Author,Paolo,Burelli
ea24e54d-4487-468a-81da-7ffe823db783,0080607f-9f26-4f73-a974-36b4940fb777,Author,Meisam Jamshidi,Seikavandi
ea24e54d-4487-468a-81da-7ffe823db783,ffc6db77-95ed-452f-92ac-ca143a9db73c,Author,Maria Jung,Barrett
ea24e54d-4487-468a-81da-7ffe823db783,cf5e1d64-5489-4534-ba34-8dba5fd354a6,Author,Paolo,Burelli
974f7ae9-18f4-4fd7-8468-d91eae02236c,0080607f-9f26-4f73-a974-36b4940fb777,Author,Meisam Jamshidi,Seikavandi
e41c5ea8-34ad-4b9b-935f-0c325e1efca9,db64c222-0674-4eab-9f09-7f9ea1c483e3,Author,Vedran,Sekara
a0a6e2fb-fce4-46da-bc3f-7c0f11eae058,db64c222-0674-4eab-9f09-7f9ea1c483e3,Author,Vedran,Sekara
a0a6e2fb-fce4-46da-bc3f-7c0f11eae058,418f030f-2b26-4c74-a77b-c0c87d13f56d,Author,Roberta,Sinatra
e32fdac1-5bee-4104-84e2-dea582cd097a,db64c222-0674-4eab-9f09-7f9ea1c483e3,Author,Vedran,Sekara
7b45a738-4fe5-424b-8c17-51e271483c70,db64c222-0674-4eab-9f09-7f9ea1c483e3,Author,Vedran ,Sekara
55e28c32-100d-42b6-b7c7-b8e8b6df5b70,db64c222-0674-4eab-9f09-7f9ea1c483e3,Author,Vedran ,Sekara
bb111113-16d6-4418-aa56-e884c2730684,62db65c9-470c-472f-b039-6c4a704ef170,Author,Rosario,Giustolisi
c29161fe-e38e-4086-b98a-cba9a4eefd88,78a992d3-b8eb-4fd6-8a5e-18c464d0b254,Author,Mike,Zhang
c29161fe-e38e-4086-b98a-cba9a4eefd88,8e5f2a6c-c817-4a90-b48b-d9171743ad0f,Author,Rob,van der Goot
c29161fe-e38e-4086-b98a-cba9a4eefd88,f073ebac-704d-4236-9206-d1d2ef2be9c3,Author,Barbara,Plank
07ed9e70-3571-4a3b-b403-e6d7fb963e3b,8e5f2a6c-c817-4a90-b48b-d9171743ad0f,Author,Rob,van der Goot
07ed9e70-3571-4a3b-b403-e6d7fb963e3b,f073ebac-704d-4236-9206-d1d2ef2be9c3,Author,Barbara,Plank
640078c3-3cde-48b4-a54f-985b7376a765,8e5f2a6c-c817-4a90-b48b-d9171743ad0f,Author,Rob,van der Goot
640078c3-3cde-48b4-a54f-985b7376a765,f073ebac-704d-4236-9206-d1d2ef2be9c3,Author,Barbara,Plank
3d7226f4-9294-4400-be18-10f1317d99a5,8e5f2a6c-c817-4a90-b48b-d9171743ad0f,Author,Rob Van Der,Goot
3d7226f4-9294-4400-be18-10f1317d99a5,f073ebac-704d-4236-9206-d1d2ef2be9c3,Author,Barbara,Plank
4675c4da-4adf-4f36-9312-1efcd0d12d62,3ad26d6b-4619-4a9f-a1b6-8424aab1dd52,Author,Tom ,Jenkins
e6a44dba-d00b-4eb8-9fb0-23d56c16845d,d43519a1-5bf4-4290-a053-fe55459ca88a,Author,Sven,Peldszus
e6a44dba-d00b-4eb8-9fb0-23d56c16845d,,Author,Thorsten,Berger
a6aedd99-d356-4fb1-82b2-607b60968a80,e8e88610-5144-41da-95bf-597abf1d7869,Author,Sami Sebastian,Brandt
56fd418d-8728-4153-b797-d9cd25945d20,5e271e6a-7a91-47bd-9f12-3b73f4e0d7ac,Author,Patrick,Bahr
8c3bc8f0-9073-11dd-8006-000ea68e967b,0ee7ba1e-3108-4db3-a908-97977980d032,Author,Peter,Sestoft
41b38c80-cdba-11dd-a259-000ea68e967b,0ee7ba1e-3108-4db3-a908-97977980d032,Author,Peter,Sestoft
41b38c80-cdba-11dd-a259-000ea68e967b,,Author,Sebastien,Vaucouleur
50aeb3a0-f686-11dd-9b71-000ea68e967b,0ee7ba1e-3108-4db3-a908-97977980d032,Author,Peter,Sestoft
6e47f61e-f9fc-4c36-b8f7-5894b358eb5e,0ee7ba1e-3108-4db3-a908-97977980d032,Author,Peter,Sestoft
c1709072-c491-4132-960b-10f65a6b4d78,0ee7ba1e-3108-4db3-a908-97977980d032,Author,Peter,Sestoft
b6443876-1e9f-4b18-82a0-e32a3bd5d9eb,0ee7ba1e-3108-4db3-a908-97977980d032,Author,Peter,Sestoft
d79a684b-4010-4fc8-a490-176ccac6fec0,0ee7ba1e-3108-4db3-a908-97977980d032,Author,Peter,Sestoft
e0ddcccc-dcbd-464f-b1f3-d92db8d99723,0ee7ba1e-3108-4db3-a908-97977980d032,Author,Peter,Sestoft
a91e5211-81e7-48d1-8dd4-4331f23c6f26,0ee7ba1e-3108-4db3-a908-97977980d032,Author,Peter,Sestoft
d62f204f-c9d9-4663-a048-36dc217ded08,0ee7ba1e-3108-4db3-a908-97977980d032,Author,Peter,Sestoft
85d90f35-e80c-497d-ac2c-6e4822977fd4,0ee7ba1e-3108-4db3-a908-97977980d032,Author,Peter,Sestoft
14fa22a3-a7b9-473b-8d36-96f4977e769e,0ee7ba1e-3108-4db3-a908-97977980d032,Author,Peter,Sestoft
b5c6d74a-83ba-44a0-af3d-2567c2e9978f,0ee7ba1e-3108-4db3-a908-97977980d032,Author,Peter,Sestoft
23e4350a-bdbb-4ce7-a26e-406dc07afedc,0ee7ba1e-3108-4db3-a908-97977980d032,Author,Peter,Sestoft
23e4350a-bdbb-4ce7-a26e-406dc07afedc,,Author,Niels,Hallenberg
1fe22cdf-8f08-45f0-816d-671da37ed604,0ee7ba1e-3108-4db3-a908-97977980d032,Author,Peter,Sestoft
88bb5d01-eb12-4000-8143-c8ce327eea19,0ee7ba1e-3108-4db3-a908-97977980d032,Author,Peter,Sestoft
bf94fcbf-05b2-4828-a140-e8ff856e70a6,0ee7ba1e-3108-4db3-a908-97977980d032,Author,Peter,Sestoft
0f4925e3-9692-4a6d-bd89-792e49543334,,Author,Erol,Kazan
28a5471a-629f-467d-9e8f-87f69ec0a7fa,,Author,Mansooreh,Zahedi
28a5471a-629f-467d-9e8f-87f69ec0a7fa,,Author,Muhammad Ali,Babar
0c0a34a9-1711-4305-917e-9718338df017,,Author,Mansooreh,Zahedi
5c42ea6e-40c9-463c-a823-15a59d933bf9,,Author,Mansooreh,Zahedi
5c42ea6e-40c9-463c-a823-15a59d933bf9,,Author,Muhammad Ali,Babar
39be0816-87db-440a-ab67-21dba8662bc3,,Author,Noor ,Shaker
39be0816-87db-440a-ab67-21dba8662bc3,,Author,Georgios N.,Yannakakis
39be0816-87db-440a-ab67-21dba8662bc3,,Author,Julian,Togelius
7e2d2240-b715-405e-9252-844453a96d70,,Author,Noor ,Shaker
7e2d2240-b715-405e-9252-844453a96d70,,Author,Julian,Togelius
7e2d2240-b715-405e-9252-844453a96d70,,Author,Georgios N.,Yannakakis
192348e0-6955-4ce8-9bd6-ec4de109024e,,Author,Noor ,Shaker
192348e0-6955-4ce8-9bd6-ec4de109024e,,Author,Georgios N.,Yannakakis
192348e0-6955-4ce8-9bd6-ec4de109024e,,Author,Julian,Togelius
1a69a8f0-37de-4d1c-ab8b-3dc7006fbad0,,Author,Noor ,Shaker
1a69a8f0-37de-4d1c-ab8b-3dc7006fbad0,,Author,Georgios N.,Yannakakis
b4d4d6fc-8d75-4c16-bef0-2135203e2559,,Author,Noor ,Shaker
b4d4d6fc-8d75-4c16-bef0-2135203e2559,,Author,Georgios N.,Yannakakis
b4d4d6fc-8d75-4c16-bef0-2135203e2559,,Author,Julian,Togelius
40251ad6-011e-4caa-b929-6d97ece229ef,,Author,Noor ,Shaker
40251ad6-011e-4caa-b929-6d97ece229ef,,Author,Georgios N.,Yannakakis
40251ad6-011e-4caa-b929-6d97ece229ef,,Author,Julian,Togelius
b6e5278d-039e-4f50-a748-0a9f43ddf094,,Author,Noor ,Shaker
b6e5278d-039e-4f50-a748-0a9f43ddf094,,Author,Georgios N.,Yannakakis
b6e5278d-039e-4f50-a748-0a9f43ddf094,,Author,Julian,Togelius
7376fe45-c15a-47d7-88f3-f3e3d8c548bc,,Author,Noor,Shaker
7376fe45-c15a-47d7-88f3-f3e3d8c548bc,,Author,Georgios N.,Yannakakis
7376fe45-c15a-47d7-88f3-f3e3d8c548bc,,Author,Julian,Togelius
5c9a52d3-79d8-46c2-ac8e-b7c9d5ff2533,,Author,Noor,Shaker
5c9a52d3-79d8-46c2-ac8e-b7c9d5ff2533,,Author,Georgios N.,Yannakakis
4756fa63-adca-476c-9313-c9f79ddf7f9e,,Author,Noor ,Shaker
4756fa63-adca-476c-9313-c9f79ddf7f9e,,Author,Georgios N.,Yannakakis
4756fa63-adca-476c-9313-c9f79ddf7f9e,,Author,Julian,Togelius
dc64ade8-d73b-4f75-9e10-73683bda3d4c,,Author,Noor,Shaker
dc64ade8-d73b-4f75-9e10-73683bda3d4c,,Author,Julian,Togelius
624c9d6a-8a09-4582-89e4-714b307dd590,,Author,Noor,Shaker
624c9d6a-8a09-4582-89e4-714b307dd590,,Author,Julian,Togelius
63e08491-2faf-4cc2-96e6-bb310da3c164,,Author,Noor,Shaker
63e08491-2faf-4cc2-96e6-bb310da3c164,,Author,Julian,Togelius
ab85a123-1e5b-43af-a9cb-49eb1441dd53,,Author,Noor,Shaker
ab85a123-1e5b-43af-a9cb-49eb1441dd53,,Author,Julian,Togelius
e5601022-5be1-4236-90f5-5c9b39ee70f4,,Author,Noor,Shaker
4b414e6a-4fb7-4aa9-b2f4-5fc137ee08f7,,Author,Noor,Shaker
d4cb76dd-f4ff-43cd-b8a6-e860205947b7,,Author,Jonathan,Fürst
d4cb76dd-f4ff-43cd-b8a6-e860205947b7,,Author,Philippe,Bonnet
356e2fbe-540d-4447-ad33-52f1f4acb401,9504265d-0046-4e58-b529-256a656c012d,Author,Christian,Hardmeier
a83d7390-d027-49fc-9aec-28f5535e99ea,9504265d-0046-4e58-b529-256a656c012d,Author,Christian,Hardmeier
4c76e6b3-764f-4d09-ad0a-3bff57f52158,9504265d-0046-4e58-b529-256a656c012d,Author,Christian,Hardmeier
69be10e7-1dea-40a3-a29e-53ebcad607a0,857b3b5b-92d4-43b3-861c-d8efbdbe3b16,Author,Omar Shahbaz,Khan
260176f1-4ee1-439f-b114-2a1ef68eb6e9,857b3b5b-92d4-43b3-861c-d8efbdbe3b16,Author,Omar Shahbaz,Khan
e8a1dd9c-65e1-4a22-bffa-d54db2147cd4,f2136570-f73c-446f-9fb0-6d9e461e2124,Author,Yvonne,Dittrich
6e981be0-a55d-4c39-abe0-62ef58e2843e,f2136570-f73c-446f-9fb0-6d9e461e2124,Editor,Yvonne,Dittrich
3de9cec5-d124-4729-a3be-a9ca1723690b,,Author,Rosalba,Giuffrida
c1f15012-8172-460d-a7d6-b9219d804ae4,f2136570-f73c-446f-9fb0-6d9e461e2124,Author,Yvonne,Dittrich
66e9a0c2-d6bf-4cc5-8761-f61bbb3ead1e,,Author,Philippe,Bonnet
3c8f6a00-0282-11df-a523-000ea68e967b,a39b94ff-e1b6-4b96-8404-486167a9123d,Author,Andrzej,Wasowski
6a478959-7ba2-4c3e-918b-8adb8425ecb7,a39b94ff-e1b6-4b96-8404-486167a9123d,Author,Andrzej,Wasowski
e59e70bb-8397-40e5-b1ac-c6c3ebdfa427,a39b94ff-e1b6-4b96-8404-486167a9123d,Author,Andrzej,Wasowski
a5e86dcc-477c-4d8a-8dfd-f20e9df921db,a39b94ff-e1b6-4b96-8404-486167a9123d,Author,Andrzej,Wasowski
7e185a88-5bc9-4659-a94f-214d4bf379af,f073ebac-704d-4236-9206-d1d2ef2be9c3,Author,Barbara,Plank
d63c3969-3cc1-4a7a-8e47-6fbec04028b1,,Author,Aaron,Duane
d63c3969-3cc1-4a7a-8e47-6fbec04028b1,bd52cb95-025e-4106-9c13-1345c76dcbfe,Author,Björn Thór,Jónsson
1ff2bf08-bb31-4cf0-965c-7849eeca5169,,Author,Irina,Shklovski
a01f3f56-e930-4cf0-a513-c62be32d1f12,,Author,Irina,Shklovski
a01f3f56-e930-4cf0-a513-c62be32d1f12,12698500-7fd8-4508-b86a-adafaeaf91a9,Author,David,Struthers
0f0351c0-cec6-45e6-af38-5af007e19af6,,Author,Irina,Shklovski
0f3aa234-a171-4e6a-a1fc-fe52f3466594,,Author,Irina,Shklovski
46a3b5b0-47e6-47df-9f39-5f96f5ebae8f,,Author,Irina,Shklovski
65f794e7-343c-48e7-be58-cbbf671553d7,,Author,Irina,Shklovski
65f794e7-343c-48e7-be58-cbbf671553d7,,Author,Nalini Panchita,Kotamraju
de3b040e-68d2-46a4-ab47-b9c0cf154c71,,Author,Irina,Shklovski
8c8ee11d-5152-4192-b0f4-10e8dc651c1e,,Author,Irina,Shklovski
55255bcf-54c1-4a88-8272-ec1e5c285417,,Author,Irina,Shklovski
1aa3c086-dcfb-4aac-b71d-ef5ed4c2196f,,Author,Irina,Shklovski
ed244575-3cfd-40f9-a954-27ac594eb979,,Author,Irina,Shklovski
c72b2271-9d31-4b7f-817f-014e2781bade,,Author,Irina,Shklovski
c72b2271-9d31-4b7f-817f-014e2781bade,,Author,Adriana Araujo,de Souza e Silva
d10ec2b7-6918-452b-b842-5d29e36dd038,,Author,Irina,Shklovski
8ef2f530-1d5f-11df-b794-000ea68e967b,,Author,Irina,Shklovski
f51f0ebf-1f8d-49e5-887e-bd1b49e41ac1,,Author,Irina,Shklovski
f72cc94e-3f47-44e0-b145-48682273ca35,,Author,Irina,Shklovski
1dc2f7a5-e1f0-4c15-b791-0c8f054c7a6a,,Author,Irina,Shklovski
0067f0ba-9ced-4ad9-a5d6-4f5d21122f20,,Author,Irina,Shklovski
9852f71e-78e2-4e0c-a959-094cf4fee3af,,Author,Irina,Shklovski
9852f71e-78e2-4e0c-a959-094cf4fee3af,,Author,Nis,Bornø
113ff448-c271-41ed-995b-2543e1c40233,,Author,Irina,Shklovski
2c3cb44b-e5b7-44d2-8a4b-842502ac009c,,Author,Irina,Shklovski
2c3cb44b-e5b7-44d2-8a4b-842502ac009c,bd52cb95-025e-4106-9c13-1345c76dcbfe,Author,Björn Thór,Jónsson
1f2c63ba-4ac0-45d7-a55e-8b0e7e84a564,,Author,Irina,Shklovski
1f2c63ba-4ac0-45d7-a55e-8b0e7e84a564,1e0534b4-fe3e-4c5e-ad6d-5f1c7df6a14e,Author,Erik,Grönvall
cb3aca95-59b8-4e0f-8bb0-d893a85a37a0,,Author,Aurelien,Tabard
cb3aca95-59b8-4e0f-8bb0-d893a85a37a0,,Author,Juan David Hincapie,Ramos
cb3aca95-59b8-4e0f-8bb0-d893a85a37a0,,Author,Jakob,Bardram
b57588db-0a01-4b00-aa7e-bc30fb8e9e66,689427b5-8d2a-44f3-b291-6db6ba598305,Author,Miguel Angel,Sicart
6486f73c-f3c4-4cc2-b13c-08bd862a8a84,689427b5-8d2a-44f3-b291-6db6ba598305,Author,Miguel Angel,Sicart
345f7487-4820-4bea-a296-b66972310928,689427b5-8d2a-44f3-b291-6db6ba598305,Author,Miguel Angel,Sicart
b534c254-793a-4b78-b013-b8a6bd49be5f,689427b5-8d2a-44f3-b291-6db6ba598305,Author,Miguel Angel,Sicart
d42b6c6b-ca08-40b1-b6c7-9660d85a10a8,689427b5-8d2a-44f3-b291-6db6ba598305,Author,Miguel Angel,Sicart
26e678d7-47da-475e-bd12-a51251046c1d,689427b5-8d2a-44f3-b291-6db6ba598305,Author,Miguel Angel,Sicart
3f4af482-acde-448c-a106-c6a2eb46e686,689427b5-8d2a-44f3-b291-6db6ba598305,Author,Miguel Angel,Sicart
9c3e4fa1-70cf-4bea-9f1e-4880788f68d6,689427b5-8d2a-44f3-b291-6db6ba598305,Author,Miguel Angel,Sicart
095dd0e6-9f9b-496a-93a1-f9441d63cb3c,689427b5-8d2a-44f3-b291-6db6ba598305,Author,Miguel Angel,Sicart
2d9d4595-d205-4469-93b6-ebafe1a39152,689427b5-8d2a-44f3-b291-6db6ba598305,Author,Miguel Angel,Sicart
1525f0c3-6f1b-4ce2-9a33-eb852daee264,689427b5-8d2a-44f3-b291-6db6ba598305,Author,Miguel Angel,Sicart
193fdfcf-a7ab-4a1a-ae78-f2a6012ddb39,689427b5-8d2a-44f3-b291-6db6ba598305,Author,Miguel Angel,Sicart
96d715a6-d697-4072-a6e4-5d8321e679dd,689427b5-8d2a-44f3-b291-6db6ba598305,Author,Miguel Angel,Sicart
e90bb928-8aa3-412c-a48e-c5042cedd205,689427b5-8d2a-44f3-b291-6db6ba598305,Author,Miguel Angel,Sicart
e90bb928-8aa3-412c-a48e-c5042cedd205,ddcdfda8-c5ea-4e67-b0ea-21ba86966197,Author,Martin,Pichlmair
df4abdd3-307d-4ce8-a213-855c34908aa0,689427b5-8d2a-44f3-b291-6db6ba598305,Author,Miguel Angel,Sicart
da5c9817-89e6-481d-8f65-af73661821cf,689427b5-8d2a-44f3-b291-6db6ba598305,Author,Miguel Angel,Sicart
4ba37dff-52e2-4365-a49d-f8b60303d180,689427b5-8d2a-44f3-b291-6db6ba598305,Author,Miguel Angel,Sicart
05886ce9-673b-4036-84f9-5d9ba53d5530,689427b5-8d2a-44f3-b291-6db6ba598305,Author,Miguel Angel,Sicart
21a0faf8-947b-4b2b-ad56-6e6d0a0ae809,689427b5-8d2a-44f3-b291-6db6ba598305,Author,Miguel Angel,Sicart
04e62993-c521-448f-a18f-d218568dde8a,689427b5-8d2a-44f3-b291-6db6ba598305,Author,Miguel Angel,Sicart
cb572b09-e933-4830-8296-afe4765a059e,689427b5-8d2a-44f3-b291-6db6ba598305,Author,Miguel Angel,Sicart
3401ee24-3a8f-46c7-9a3d-c50093508c75,689427b5-8d2a-44f3-b291-6db6ba598305,Author,Miguel Angel,Sicart
1ee6786e-6817-48a1-82d6-7c98d845bf57,689427b5-8d2a-44f3-b291-6db6ba598305,Author,Miguel Angel,Sicart
b3cab098-f24a-47cd-860a-b1528e75ce74,689427b5-8d2a-44f3-b291-6db6ba598305,Author,Miguel Angel,Sicart
dea16795-77bc-4383-9ef4-44ea24986ba4,689427b5-8d2a-44f3-b291-6db6ba598305,Author,Miguel Angel,Sicart
bb11b885-c4bf-48bb-8f2f-24a07b176e5d,689427b5-8d2a-44f3-b291-6db6ba598305,Author,Miguel Angel,Sicart
2f64fc18-392e-4e1b-b7ea-a05c553a964e,689427b5-8d2a-44f3-b291-6db6ba598305,Author,Miguel Angel,Sicart
b3f37f21-01bd-42a7-a3ee-78a03c98da79,689427b5-8d2a-44f3-b291-6db6ba598305,Author,Miguel Angel,Sicart
ec0c5540-db2f-11dd-a259-000ea68e967b,689427b5-8d2a-44f3-b291-6db6ba598305,Author,Miguel Angel,Sicart (Vila)
76740110-db30-11dd-a259-000ea68e967b,689427b5-8d2a-44f3-b291-6db6ba598305,Author,Miguel Angel,Sicart (Vila)
326af200-f2a8-11dd-8987-000ea68e967b,689427b5-8d2a-44f3-b291-6db6ba598305,Author,Miguel Angel,Sicart (Vila)
e9195b80-e632-11de-a523-000ea68e967b,689427b5-8d2a-44f3-b291-6db6ba598305,Author,Miguel Angel,Sicart (Vila)
80ef2390-e633-11de-a523-000ea68e967b,689427b5-8d2a-44f3-b291-6db6ba598305,Author,Miguel Angel,Sicart (Vila)
ed821760-e633-11de-a523-000ea68e967b,689427b5-8d2a-44f3-b291-6db6ba598305,Author,Miguel Angel,Sicart (Vila)
489f4960-e634-11de-a523-000ea68e967b,689427b5-8d2a-44f3-b291-6db6ba598305,Author,Miguel Angel,Sicart (Vila)
bdd64b12-6adc-415c-bbc4-326d48d85f03,689427b5-8d2a-44f3-b291-6db6ba598305,Author,Miguel Angel,Sicart (Vila)
12c7721c-50e3-4de4-8096-445aa61901a5,689427b5-8d2a-44f3-b291-6db6ba598305,Author,Miguel Angel,Sicart (Vila)
bfb8fa8e-481e-4d80-b7e8-83668b9a69d1,689427b5-8d2a-44f3-b291-6db6ba598305,Author,Miguel Angel,Sicart (Vila)
200d5310-fb18-4a5c-9b19-6298ca8fe4d1,689427b5-8d2a-44f3-b291-6db6ba598305,Author,Miguel Angel,Sicart (Vila)
e9e783c0-877b-4d66-aea1-2893c79cc98e,689427b5-8d2a-44f3-b291-6db6ba598305,Author,Miguel Angel,Sicart (Vila)
b74c1afa-94e2-47e9-9127-da96fe739b38,689427b5-8d2a-44f3-b291-6db6ba598305,Author,Miguel Angel,Sicart (Vila)
1cb0c52f-bb4b-46ca-a565-ecbb29e53fef,689427b5-8d2a-44f3-b291-6db6ba598305,Author,Miguel Angel,Sicart (Vila)
61bdb704-3a7f-4ec7-b23c-242af7f377b3,689427b5-8d2a-44f3-b291-6db6ba598305,Author,Miguel Angel,Sicart (Vila)
7ddd914c-ef7e-4bd9-ba34-01a0b640c8d3,689427b5-8d2a-44f3-b291-6db6ba598305,Author,Miguel Angel,Sicart (Vila)
4f874aca-38e1-4d47-a17d-42ab723aa7fe,689427b5-8d2a-44f3-b291-6db6ba598305,Author,Miguel Angel,Sicart (Vila)
0011a2a3-e044-4740-a3ea-15b918325976,,Author,Filip,Sieczkowski
f0cd3cdf-8abe-40f3-a2b5-69dcaaaeeaaa,7dd2f4fa-dd14-4676-8f1a-f719f213f64f,Author,Eduard,Kamburjan
bb9b25ce-3bbf-4418-b3e3-1c086d105ff0,785a7089-e58e-4aaa-986d-ae0e615ba508,Author,Leon,Derczynski
9aea93d0-9079-11dd-8006-000ea68e967b,,Author,Hrönn,Sigurdardottir
8590e41d-571b-4802-aa72-e12c7cf13939,bd52cb95-025e-4106-9c13-1345c76dcbfe,Author,Björn Thór,Jónsson
7e3561dd-0daa-4b16-abb3-04f6542a6fc9,f6921641-1f0a-4e24-a3a9-546e3927ab72,Author,Signe Louise,Yndigegn
b7d2ade1-73a8-4b75-b5bd-757d2f1a4315,22ec9269-2fff-4dbf-a9c7-5037559a15ee,Author,Anders Sundnes,Løvlie
b7d2ade1-73a8-4b75-b5bd-757d2f1a4315,,Author,Richard,Ling
566f4bdd-b632-4cab-8062-468205316165,,Author,Hissu,Hyvärinen
8dd17b9d-04bf-42e4-a913-fcad3e9b9fc3,1d2ee6fa-15cb-416a-b173-2486edca10b8,Author,Mikhail,Fiadotau
9901dedc-13f0-42ab-ab36-9b556b9809ee,e726f512-d3fd-4d89-962a-3aa9f532a52f,Author,Toine,Bogers
444ad3aa-2db3-43a8-8268-831e92549baa,,Author,Francesco,Silvestri
97779dd3-7aab-4f23-9227-b4abcf8567da,,Author,Francesco,Silvestri
e8c687a7-9c34-4a37-bb1b-1ae20c7438ce,e9d14210-bc71-4824-b7cf-fd1448d022ab,Author,Marisa,Cohn
fb9f45a4-6538-4123-99c6-98062f2be629,5f52759c-418a-41b7-bbdb-050492677284,Author,Martin,Aumüller
b521a20e-c24d-4537-9c67-58691f5b6d3b,,Author,Ingmar,Lippert
c5cdffa5-b008-4f44-8931-4042555ae923,,Author,Pernille,Kræmmergaard
13d1c7ab-71fb-4124-9a60-fd55d1f9168e,,Author,Nanna,Holdgaard
cd5605da-a20d-4238-b293-8f5360c676be,,Author,Thorben,Simonsen
e4d1c660-a65c-45f8-8c33-6498ac9fd533,,Author,Thorben,Simonsen
2a9bf414-5743-460e-8d8f-c4cdc2a48ef3,,Author,Helena,Karasti
6632a8b8-21e3-48c6-9d97-5a282569ad02,,Author,Thorben,Simonsen
17baf51a-e97d-457f-825a-5c3c1585191d,,Author,Thorben,Simonsen
4f62f801-b0d9-4a40-9a44-86f0bf8ffa45,,Author,Thorben,Simonsen
b3299034-1e84-48cd-b516-3edd29e8d6df,,Author,Thorben,Simonsen
e74be8c1-fa1b-475d-bcd9-ddc4d1240d92,f11b0cc1-ad9f-4b12-b805-65b70e5bcd65,Author,Rachel,Douglas-Jones
3f8a45aa-a834-458b-80fb-5943096df644,f11b0cc1-ad9f-4b12-b805-65b70e5bcd65,Author,Rachel,Douglas-Jones
90a2f2d2-6ea9-4a75-81ba-bcf832bb7ff5,418f030f-2b26-4c74-a77b-c0c87d13f56d,Author,Roberta,Sinatra
90a2f2d2-6ea9-4a75-81ba-bcf832bb7ff5,2ef641d0-bd79-425b-8b12-b58d74b993ae,Author,Michael,Szell
a940d066-3900-43cc-a164-6e268665652a,418f030f-2b26-4c74-a77b-c0c87d13f56d,Author,Roberta,Sinatra
a940d066-3900-43cc-a164-6e268665652a,2ef641d0-bd79-425b-8b12-b58d74b993ae,Author,Michael,Szell
5c94d141-ade0-4f1d-8309-a92aca833c5a,410b0cad-d9fe-48d8-9edc-56ad6eb9c43b,Author,Ratish,Puduppully
7e80637d-d0a2-408a-9039-5af17fc21145,63342b24-28ec-40c5-a7d9-ec49867dc75d,Author,Pinar,Tözün
ef64fd73-16dc-4dc1-a3ed-b7c2089bf503,610312cd-b173-4efa-bbb5-0a22e9b9ce02,Author,Christian,Sivertsen
ef64fd73-16dc-4dc1-a3ed-b7c2089bf503,22ec9269-2fff-4dbf-a9c7-5037559a15ee,Author,Anders Sundnes,Løvlie
9330fc82-5f83-46ed-ad19-023513c6579b,610312cd-b173-4efa-bbb5-0a22e9b9ce02,Author,Christian,Sivertsen
c5e353c6-120c-4f93-8397-b30cb1c40ce7,4d7fda5a-3cf4-4d39-9daf-1ae192b0e0e7,Author,Rune Møller,Jensen
192a7e77-f4ba-4bce-a7f4-3f89c222d9de,610312cd-b173-4efa-bbb5-0a22e9b9ce02,Author,Christian,Sivertsen
192a7e77-f4ba-4bce-a7f4-3f89c222d9de,,Author,René,Haas
192a7e77-f4ba-4bce-a7f4-3f89c222d9de,82a68906-d29e-47d3-9b30-ab8c6e916283,Author,Halfdan Hauch,Jensen
192a7e77-f4ba-4bce-a7f4-3f89c222d9de,22ec9269-2fff-4dbf-a9c7-5037559a15ee,Author,Anders Sundnes,Løvlie
9e3c8d38-fe0a-4040-9d4f-0d4d6f9b327a,610312cd-b173-4efa-bbb5-0a22e9b9ce02,Author,Christian,Sivertsen
45ec16e4-d697-407b-9f94-1aae53f87b27,610312cd-b173-4efa-bbb5-0a22e9b9ce02,Author,Christian,Sivertsen
45ec16e4-d697-407b-9f94-1aae53f87b27,22ec9269-2fff-4dbf-a9c7-5037559a15ee,Author,Anders Sundnes,Løvlie
b1c4ca86-1082-449f-aeec-78a7a3b05bba,610312cd-b173-4efa-bbb5-0a22e9b9ce02,Author,Christian,Sivertsen
b1c4ca86-1082-449f-aeec-78a7a3b05bba,22ec9269-2fff-4dbf-a9c7-5037559a15ee,Author,Anders Sundnes,Løvlie
b1c4ca86-1082-449f-aeec-78a7a3b05bba,e383647f-00d3-41b1-ad95-ff69bdfffb42,Author,Jichen,Zhu
76c2ec1f-41ff-4ac2-af6e-0b264bfd3ed3,610312cd-b173-4efa-bbb5-0a22e9b9ce02,Author,Christian,Sivertsen
19834b9c-af5e-46ba-b60e-a95c61f3849a,610312cd-b173-4efa-bbb5-0a22e9b9ce02,Author,Christian,Sivertsen
19834b9c-af5e-46ba-b60e-a95c61f3849a,22ec9269-2fff-4dbf-a9c7-5037559a15ee,Author,Anders Sundnes,Løvlie
eaca52f0-895f-4d45-ae38-9b01407ada92,,Author,Johan von Tangen,Sivertsen
6712d2ad-f59f-4a99-99f4-9c623ca21221,610312cd-b173-4efa-bbb5-0a22e9b9ce02,Author,Christian,Sivertsen
f96ab6a3-d4b8-4692-a8c2-e3fe0aa6f587,4d7fda5a-3cf4-4d39-9daf-1ae192b0e0e7,Author,Rune Møller,Jensen
ceeb7d32-4b0c-4ada-9246-516300b395a7,b614ac6f-eefa-44a3-8b9a-092b88d86d37,Author,Baki,Cakici
c37fdb11-16c9-4d76-b997-7325f3671e9e,,Author,Aske,Kammer
bdf6857e-9a07-4c98-9102-c954649e489b,,Author,Aske,Kammer
02923021-6625-45dd-9363-8f9928016537,,Author,Søren,Skaarup
ea20545f-7e4f-4e83-bebe-770658cd8502,,Author,Søren,Skaarup
50738fa1-0d60-453c-9661-d399ed2cee71,,Author,Matthew,Skala
288ea56e-0e53-4995-8555-c7b65c80070f,,Author,Matthew,Skala
ff78b600-13cc-405a-81f9-9647b60ee965,,Author,Matthew,Skala
e391a633-a913-4e95-802d-7e759f808f9b,,Author,Matthew,Skala
375f8540-94e6-49a1-83a1-a6ae69105d80,,Author,Matthew,Skala
39b18f33-96fb-4963-b061-79457531f32a,,Author,Matthew,Skala
221e28ff-047b-423b-bf59-1d22f49d5006,,Author,Matthew,Skala
8ecc830d-a30f-42a1-a548-e55a4abaef7a,,Author,Matthew,Skala
512c3de3-f0b7-4bc6-af89-f9af4a966c93,,Author,Matthew,Skala
023cbf62-6f1a-497d-ad07-c6a71cc1aef7,,Author,Matthew,Skala
af64e90d-ea6e-4658-bd7f-96a92921521a,,Author,Matthew,Skala
990e2d3a-c873-43d5-82bb-9ffce8f03335,,Author,Matthew,Skala
f8946626-4e87-4fa6-b694-f33a17247a90,,Author,Matthew,Skala
08b74e2b-f8b5-44c3-8c67-948c6c392eb7,ffc6db77-95ed-452f-92ac-ca143a9db73c,Author,Maria Jung,Barrett
08b74e2b-f8b5-44c3-8c67-948c6c392eb7,8e5f2a6c-c817-4a90-b48b-d9171743ad0f,Author,Rob,van der Goot
b226102b-be5d-446c-9e07-f8e8c930759c,e726f512-d3fd-4d89-962a-3aa9f532a52f,Author,Toine,Bogers
4909ff55-9345-4693-999a-a7d3240c191a,,Author,Martin,Zachariasen
f5330237-72f2-44f7-9e16-f4201dcac072,,Author,Henrik ,Skovsgaard
f5330237-72f2-44f7-9e16-f4201dcac072,,Author,John Paulin,Hansen
a50ac94b-456f-4e95-b9b6-e83ab7f131ac,,Author,Javier San,Agustin
a50ac94b-456f-4e95-b9b6-e83ab7f131ac,,Author,Sune Alstrup,Johansen
a50ac94b-456f-4e95-b9b6-e83ab7f131ac,,Author,John Paulin,Hansen
a50ac94b-456f-4e95-b9b6-e83ab7f131ac,,Author,Martin,Tall
fc00356b-607f-4d0b-abba-4e5090eb43de,,Author,Henrik ,Skovsgaard
fc00356b-607f-4d0b-abba-4e5090eb43de,,Author,John Paulin,Hansen
fc00356b-607f-4d0b-abba-4e5090eb43de,,Author,Emilie,Møllenbach
1ff55485-2602-486e-8c76-3a3e7361e6c2,,Author,Henrik,Skovsgaard
c503f2a8-5bce-49d0-b261-1acb740ed286,,Author,Martina,Skrubbeltrang Mahnke
a26f49c7-e2b8-4b68-9a25-421ecd776083,,Author,Tijs,Slaats
a26f49c7-e2b8-4b68-9a25-421ecd776083,,Author,Raghava Rao,Mukkamala
a26f49c7-e2b8-4b68-9a25-421ecd776083,d30b96a8-4f1e-44fa-9bf5-0209bedf0268,Author,Thomas,Hildebrandt
5718da69-ef23-4a41-8545-cdb02e269ada,,Author,Tijs,Slaats
0127edb8-7da5-4cc4-b260-2f2e49c1125d,,Author,Tijs,Slaats
b896d17f-ef6d-41e8-9e9f-b84028fb5d1e,d3b41838-e2bf-4735-b1cd-03f60b49c7e5,Author,Søren,Debois
d1656b40-6cee-4b35-9f3a-b8f9f3bf44c4,,Author,Tijs,Slaats
ea2ed76c-f9a2-4f50-a6db-226c8c2f07cf,1e0534b4-fe3e-4c5e-ad6d-5f1c7df6a14e,Author,Erik,Gronvall
0413e5ee-e3f4-4713-bed2-767fea9deb19,1e0534b4-fe3e-4c5e-ad6d-5f1c7df6a14e,Author,Erik,Gronvall
6796ffd1-b635-4a55-a3c1-b8184f2fddfb,,Author,Espen J.,Aarseth
fd4d6767-2fea-459f-85d5-3158abbc3b6c,e726f512-d3fd-4d89-962a-3aa9f532a52f,Author,Toine,Bogers
4da65cf6-a8fc-491e-accb-f348adf83c0c,9ccc3d10-9e1d-4947-bd62-5d789604477e,Author,Emily Louisa Laue,Christensen
4da65cf6-a8fc-491e-accb-f348adf83c0c,2b8ff3a4-e9b0-403d-8bd8-1bf26121c234,Author,Paolo,Tell
4eee1ece-496b-4d39-abbf-2d925fe455f3,c90e23c6-5bf4-4d6f-97d8-b162b8a5b03e,Editor,Thomas,Binder
f75a672c-e70c-4b8a-a319-d90d3a83508c,9504265d-0046-4e58-b529-256a656c012d,Author,Christian,Hardmeier
67bd999b-3631-49fa-9a36-8908de916dd5,2ef641d0-bd79-425b-8b12-b58d74b993ae,Author,Michael,Szell
1b4d5f9a-81d8-4bce-ae14-c80db8d1bc30,,Author,John,Gøtze
0c2571d1-e589-43f7-b45d-936f069e1d07,,Author,Pernille ,Bjørn
bfc70176-1d61-4f41-9a12-c3e8afd36af1,bc7a60f7-45a0-401f-813f-6b4aa700c849,Author,Steffen,Dalsgaard
7beaccd0-e21c-11dd-a259-000ea68e967b,,Author,Tomas,Sokoler
1cbca920-e628-11de-a523-000ea68e967b,,Author,Tomas,Sokoler
faa18c80-e635-11de-a523-000ea68e967b,,Author,Tomas,Sokoler
faa18c80-e635-11de-a523-000ea68e967b,2fa5dc89-7d78-45d0-96c7-e8f39b78dd3e,Author,Anna K. A.,Vallgårda
ca69f963-0eab-4c86-a0e7-ab6a978bd1b4,,Author,Tomas,Sokoler
94580395-5cf5-4a8d-89b1-0c2cc654780a,,Author,Tomas,Sokoler
859b0c7b-6aa7-4fb3-a810-e10e110fa07c,,Author,Tomas,Sokoler
859b0c7b-6aa7-4fb3-a810-e10e110fa07c,c90e23c6-5bf4-4d6f-97d8-b162b8a5b03e,Author,Thomas,Binder
52fa891b-03c2-4ab4-8630-67f21a9ca673,,Author,Daniel,Cermak-Sassenrath
e7cd3bec-3bb5-494a-b89f-b6903337f42a,a420ffb3-2ca6-4925-a25f-baaa5228fc15,Author,Sebastian,Risi
1ea8c1ec-5a4e-44b2-a5fb-f0f864a48ef3,efa39e70-a80a-4780-b151-ba31b01726bb,Author,Per B.,Brockhoff
d87f37c8-3652-43fe-bc8f-6f7def5f8a85,c90e23c6-5bf4-4d6f-97d8-b162b8a5b03e,Author,Thomas,Binder
1988f5a7-6777-4734-b689-f3bcbb05fbfd,,Author,Oliver,Müller
bae58f4c-8cf5-4c53-835e-af5452e573f5,,Author,Peter,Sommerauer
bae58f4c-8cf5-4c53-835e-af5452e573f5,,Author,Oliver,Müller
ecea8214-a4db-4ee3-8664-ed11382735cc,,Author,Peter,Sommerauer
d0393e5f-c94a-4ffc-bdd0-cf5bf4e0fda4,,Author,Henrique Galvan,Debarba
58aee809-54b6-470a-9361-bdf8af7e85ed,,Author,Lei,Song
58aee809-54b6-470a-9361-bdf8af7e85ed,37d49222-56d7-4c65-8d52-3638544511cf,Author,Jens Christian,Godskesen
8e478ad1-a076-4bbe-bf0e-aef07b0365c5,,Author,Lei,Song
8e478ad1-a076-4bbe-bf0e-aef07b0365c5,37d49222-56d7-4c65-8d52-3638544511cf,Author,Jens Christian,Godskesen
a285e734-2e5c-46e0-bd52-5b976e4ff5d2,,Author,Lei,Song
b1d96155-b491-4126-a0f3-396faa048150,,Author,Lei,Song
b1d96155-b491-4126-a0f3-396faa048150,37d49222-56d7-4c65-8d52-3638544511cf,Author,Jens Christian,Godskesen
5f140d48-3e51-4015-af2a-4520249dfbc7,,Author,Lei,Song
5f140d48-3e51-4015-af2a-4520249dfbc7,37d49222-56d7-4c65-8d52-3638544511cf,Author,Jens Christian,Godskesen
b44cd321-2f2b-41b0-9222-9c41119febcf,,Author,Lei,Song
77dc186b-9611-44ef-ace9-6281e948e0d3,,Author,Lei,Song
77dc186b-9611-44ef-ace9-6281e948e0d3,37d49222-56d7-4c65-8d52-3638544511cf,Author,Jens Christian,Godskesen
43b54bc7-480d-431e-8605-744eb22dd991,,Author,Lei,Song
281a543c-8d9c-4a2d-8c98-f23433268318,8785f18a-1bf3-4c63-8d8b-d3e5d516ca40,Author,Payam,Zahadat
faa6490e-9742-4151-ab53-a4d34b5761a8,8785f18a-1bf3-4c63-8d8b-d3e5d516ca40,Author,Payam,Zahadat
4e17ab98-6c05-4726-ab59-a06e70afc823,f073ebac-704d-4236-9206-d1d2ef2be9c3,Author,Barbara,Plank
4e17ab98-6c05-4726-ab59-a06e70afc823,8e5f2a6c-c817-4a90-b48b-d9171743ad0f,Author,Rob,Van Der Goot
9c48b52b-98d6-470f-bdcf-4b1ec59b95f6,,Author,Troels Bjerre,Sørensen
653e02bc-9a52-499d-8031-e55f89a72e78,54728da8-274d-40e6-b119-23318d995721,Author,Hanne Westh,Nicolajsen
e7fd9b06-f768-4397-81db-7828c60e6e00,54728da8-274d-40e6-b119-23318d995721,Author,Hanne Westh,Nicolajsen
86423dee-c74f-4715-a19e-21555f7e5f1e,54728da8-274d-40e6-b119-23318d995721,Author,Hanne Westh,Nicolajsen
e58c9d11-abb2-41d4-97af-3de59a0167be,54728da8-274d-40e6-b119-23318d995721,Author,Hanne Westh,Nicolajsen
36c24128-bfab-48bc-a739-1d55fb2dfb8e,54728da8-274d-40e6-b119-23318d995721,Author,Hanne Westh,Nicolajsen
65d0eaa8-4326-41db-8386-174c2a1b8698,54728da8-274d-40e6-b119-23318d995721,Author,Hanne Westh,Nicolajsen
2b4d2200-93f9-4295-9ce9-8a948bbf0e7f,a420ffb3-2ca6-4925-a25f-baaa5228fc15,Author,Sebastian,Risi
f84f0637-49a7-4072-b2b9-ec39b33777c9,a420ffb3-2ca6-4925-a25f-baaa5228fc15,Author,Sebastian,Risi
bda2653f-4434-485f-88bb-54bb10f7d076,,Author,Anne-Sofie Lautrup,Sørensen
42a12da5-fae4-4bda-b6f6-96190f6176b6,,Author,Anne-Sofie Lautrup,Sørensen
a9e0a43c-3748-41e4-a3f0-bd333f5594a1,,Author,Anne-Sofie Lautrup,Sørensen
8354544b-2c66-4787-a656-97acc552ae43,e726f512-d3fd-4d89-962a-3aa9f532a52f,Author,Toine,Bogers
430f7d9a-457b-4b61-9390-30ad4294ca54,,Author,Ruth,Sørensen
05ac957d-eeaa-4507-9c8f-0c34aa6a4ffd,9504265d-0046-4e58-b529-256a656c012d,Author,Christian,Hardmeier
97519131-5be7-47c1-a0c6-e24fd9412b4d,9ba013db-4c4d-41dd-be12-dbe188f67f29,Author,Hanna Elina,Wirman
647d7ef7-9ed5-414c-92fc-2b2e4968a7c9,ea2d2480-46fb-493d-8dd4-6f054f58098a,Author,Théo,Sourget
647d7ef7-9ed5-414c-92fc-2b2e4968a7c9,64730011-f493-4dbb-abf6-b48924ddc794,Author,Amelia,Jiménez Sánchez
647d7ef7-9ed5-414c-92fc-2b2e4968a7c9,6800c64b-0e54-49cb-a703-384b4987b70c,Author,Dovile,Juodelyte
647d7ef7-9ed5-414c-92fc-2b2e4968a7c9,1c4bfd79-4336-4b17-a672-9acb465f15c0,Author,Veronika,Cheplygina
e62f13c2-1adc-41e5-9fb1-ced365e6bc68,ea2d2480-46fb-493d-8dd4-6f054f58098a,Author,Théo,Sourget
e62f13c2-1adc-41e5-9fb1-ced365e6bc68,64730011-f493-4dbb-abf6-b48924ddc794,Author,Amelia,Jiménez Sánchez
e62f13c2-1adc-41e5-9fb1-ced365e6bc68,1c4bfd79-4336-4b17-a672-9acb465f15c0,Author,Veronika,Cheplygina
1cd343e3-709d-4a62-9cd5-25254097f6e4,ea2d2480-46fb-493d-8dd4-6f054f58098a,Author,Théo,Sourget
aa9ba28d-a910-46a4-8086-fc12ca52a9e4,d7412bcc-4b0f-4ccf-97e2-11b985e93fd9,Author,Sandro,Sousa
c2087979-eba7-427c-9b28-f75655f3c128,d7412bcc-4b0f-4ccf-97e2-11b985e93fd9,Author,Sandro,Sousa
b82baaec-5d7b-4017-9800-5ffbd93b849a,d7412bcc-4b0f-4ccf-97e2-11b985e93fd9,Author,Sandro,Sousa
eca73580-6842-47b1-bae2-2fc460ece22c,7dd48cfe-3069-4563-bef4-ef661c18387a,Author,Andres,Faina
0aae5b12-0b11-4c68-b018-a86ee18bfc80,,Author,Jason,Spasovski
0aae5b12-0b11-4c68-b018-a86ee18bfc80,,Author,Peter,Eklund
45b717e5-9f70-4554-b123-915116d3ffb4,22ec9269-2fff-4dbf-a9c7-5037559a15ee,Author,Anders Sundnes,Løvlie
3c94e1cf-6d44-4548-8405-3888825d3781,689427b5-8d2a-44f3-b291-6db6ba598305,Author,Miguel Angel,Sicart
c38e0b19-173b-41ba-b235-8e201846a04c,1abda59f-c493-4824-a7b1-7470d66f08d1,Author,Stefan,Heinrich
e91545c9-aea2-4c34-9013-6dede548bf39,25a5a0d6-404b-419c-9502-b246525617a2,Author,Laurens,Boer
cd2955a2-45ca-4f08-ade6-1c3d79a4e75e,410df04c-bc1d-4cd3-9726-c35469ddab8c,Author,Aske,Mottelson
859eb54b-d835-4537-966d-202aa3de5bc3,410df04c-bc1d-4cd3-9726-c35469ddab8c,Author,Aske,Mottelson
338dcba7-2d97-4b7a-83ff-77bbbce58b23,,Author,Lisbeth,Klastrup
896e8b5d-1da0-438f-8150-43074b4f33bd,,Author,Lisbeth,Klastrup
ec9e2dfa-2bc5-47e9-9de6-adad7036b79b,,Author,Lisbeth,Klastrup
874fdd75-8186-4dfc-8773-c0f4de6921b6,805cae2a-3462-4130-88de-cc7d94aec0a5,Author,Vasiliki,Tsaknaki
abf91a60-9160-11dd-8006-000ea68e967b,b752c464-c7fb-4a52-a0c3-3b2d3db5d62f,Author,Gitte Bang,Stald
2792d6e0-e0b5-11dd-a259-000ea68e967b,b752c464-c7fb-4a52-a0c3-3b2d3db5d62f,Author,Gitte Bang,Stald
174e8d90-034e-11de-b97e-000ea68e967b,b752c464-c7fb-4a52-a0c3-3b2d3db5d62f,Author,Gitte Bang,Stald
6a5bea60-e5ba-11de-a523-000ea68e967b,b752c464-c7fb-4a52-a0c3-3b2d3db5d62f,Author,Gitte Bang,Stald
9c0773c0-e5bc-11de-a523-000ea68e967b,b752c464-c7fb-4a52-a0c3-3b2d3db5d62f,Author,Gitte Bang,Stald
7db5d8b0-e5be-11de-a523-000ea68e967b,b752c464-c7fb-4a52-a0c3-3b2d3db5d62f,Editor,Gitte Bang,Stald
f2ae5880-e5bf-11de-a523-000ea68e967b,b752c464-c7fb-4a52-a0c3-3b2d3db5d62f,Author,Gitte Bang,Stald
284a9980-e5c1-11de-a523-000ea68e967b,b752c464-c7fb-4a52-a0c3-3b2d3db5d62f,Author,Gitte Bang,Stald
f08da9e1-d75b-4c52-b9eb-07609bce7150,b752c464-c7fb-4a52-a0c3-3b2d3db5d62f,Author,Gitte Bang,Stald
f08da9e1-d75b-4c52-b9eb-07609bce7150,,Author,Sander Andreas,Schwartz
dd3cbeb9-5119-4747-8115-38d9e4a0ba54,b752c464-c7fb-4a52-a0c3-3b2d3db5d62f,Author,Gitte Bang,Stald
b70b523d-4be2-4f78-90ce-f6cbc0646f2a,b752c464-c7fb-4a52-a0c3-3b2d3db5d62f,Author,Gitte Bang,Stald
bdb50d45-43d0-4527-bacf-e6d3c8028c1f,b752c464-c7fb-4a52-a0c3-3b2d3db5d62f,Author,Gitte Bang,Stald
460e35ac-82ce-4beb-8bfe-f66173b62735,b752c464-c7fb-4a52-a0c3-3b2d3db5d62f,Author,Gitte Bang,Stald
460e35ac-82ce-4beb-8bfe-f66173b62735,10e4fc8e-556f-4104-b744-409caedc2276,Author,Morten,Hjelholt
460e35ac-82ce-4beb-8bfe-f66173b62735,,Author,Laura Høvsgaard,Nielsen
08c7dc1f-3743-46d3-9191-38f81c8d0740,b752c464-c7fb-4a52-a0c3-3b2d3db5d62f,Author,Gitte Bang,Stald
c71fda11-5803-4bdf-b843-c71802139810,b752c464-c7fb-4a52-a0c3-3b2d3db5d62f,Author,Gitte Bang,Stald
90858835-9dad-4e85-8b25-776749b6ee6c,b752c464-c7fb-4a52-a0c3-3b2d3db5d62f,Author,Gitte Bang,Stald
011743ad-20ae-4601-a3dd-a70379ea58f7,b752c464-c7fb-4a52-a0c3-3b2d3db5d62f,Author,Gitte Bang,Stald
8bedf649-8de1-4ea7-9598-511574e15592,b752c464-c7fb-4a52-a0c3-3b2d3db5d62f,Author,Gitte Bang,Stald
eb77c0c0-0974-4666-b9d3-5724a92da128,b752c464-c7fb-4a52-a0c3-3b2d3db5d62f,Author,Gitte Bang,Stald
1d1fddec-74ab-482f-b673-7b0def43933c,b752c464-c7fb-4a52-a0c3-3b2d3db5d62f,Author,Gitte Bang,Stald
ec99d342-6c49-4e0a-90fc-5ed88eb9ffeb,b752c464-c7fb-4a52-a0c3-3b2d3db5d62f,Author,Gitte Bang,Stald
7dc46e9b-6fa4-4986-80c8-bad1d498c5a0,b752c464-c7fb-4a52-a0c3-3b2d3db5d62f,Author,Gitte Bang,Stald
45129e91-ce8c-4024-9733-48ee0e6aa51d,b752c464-c7fb-4a52-a0c3-3b2d3db5d62f,Author,Gitte Bang,Stald
76dfbe4f-e4ea-4726-94a3-d4408ccd63b1,b752c464-c7fb-4a52-a0c3-3b2d3db5d62f,Author,Gitte Bang,Stald
0bce2cbc-6242-449e-8b37-b07481667b78,b752c464-c7fb-4a52-a0c3-3b2d3db5d62f,Author,Gitte Bang,Stald
d66f2386-03f5-44f7-a622-0b345600634f,b752c464-c7fb-4a52-a0c3-3b2d3db5d62f,Author,Gitte Bang,Stald
e4d0a8cd-6489-44f9-b4b6-89f40e6121d4,b752c464-c7fb-4a52-a0c3-3b2d3db5d62f,Author,Gitte Bang,Stald
b7ea3bec-9d72-43a8-b5b4-802b9cc1ea53,b752c464-c7fb-4a52-a0c3-3b2d3db5d62f,Author,Gitte Bang,Stald
f1abfc4d-94b4-4894-b927-f77014af1e13,b752c464-c7fb-4a52-a0c3-3b2d3db5d62f,Author,Gitte Bang,Stald
d99af8c1-f0b1-4248-b704-e35b72c83cc1,b752c464-c7fb-4a52-a0c3-3b2d3db5d62f,Author,Gitte Bang,Stald
47e38b49-5a65-4043-992f-e856e7a4622a,b752c464-c7fb-4a52-a0c3-3b2d3db5d62f,Author,Gitte Bang,Stald
bfecbb64-753c-409d-86ee-45cec5593ce4,b752c464-c7fb-4a52-a0c3-3b2d3db5d62f,Author,Gitte Bang,Stald
04ffe127-2850-4cc7-bfcd-4e838dad0782,b752c464-c7fb-4a52-a0c3-3b2d3db5d62f,Author,Gitte Bang,Stald
04ffe127-2850-4cc7-bfcd-4e838dad0782,,Author,Troels,Runge
b552de69-dc68-48b4-8b70-15d6e18339ec,b752c464-c7fb-4a52-a0c3-3b2d3db5d62f,Author,Gitte Bang,Stald
444189ea-3486-41c5-817d-13ed5bccda3b,b752c464-c7fb-4a52-a0c3-3b2d3db5d62f,Author,Gitte Bang,Stald
9f7a4161-e4bf-4c7a-a6a9-4de104cf36f9,b752c464-c7fb-4a52-a0c3-3b2d3db5d62f,Author,Gitte Bang,Stald
c0f0f42a-1d70-45fa-bbe6-c7ad7c81c47c,b752c464-c7fb-4a52-a0c3-3b2d3db5d62f,Author,Gitte Bang,Stald
c0f0f42a-1d70-45fa-bbe6-c7ad7c81c47c,74a08deb-18e1-48d0-a86e-ed6675da92ab,Author,Christian,Østergaard Madsen
b6ecf8ad-f46c-43c8-8990-0540a12f885b,b752c464-c7fb-4a52-a0c3-3b2d3db5d62f,Author,Gitte Bang,Stald
622c8a6c-27a2-45b6-975d-c51315bc6377,b752c464-c7fb-4a52-a0c3-3b2d3db5d62f,Author,Gitte Bang,Stald
d7f74bc3-8a59-4dfc-886b-91f7e04d612b,b752c464-c7fb-4a52-a0c3-3b2d3db5d62f,Author,Gitte Bang,Stald
4bc3fcfa-5aa9-42f2-bcf5-537bb31fe425,b752c464-c7fb-4a52-a0c3-3b2d3db5d62f,Author,Gitte Bang,Stald
cda09994-0611-4524-b4d8-d85e12f3ec22,b752c464-c7fb-4a52-a0c3-3b2d3db5d62f,Author,Gitte Bang,Stald
93813315-24c6-48da-80ce-68b0be7bf9db,b752c464-c7fb-4a52-a0c3-3b2d3db5d62f,Author,Gitte Bang,Stald
c9f55a68-5f9e-4888-9f92-cc54d1e8a742,b752c464-c7fb-4a52-a0c3-3b2d3db5d62f,Author,Gitte Bang,Stald
a8b21790-02a8-4753-a3ce-a27171110fab,b752c464-c7fb-4a52-a0c3-3b2d3db5d62f,Author,Gitte Bang,Stald
5fe07d64-c698-4ad2-8ae7-b7b68a14f800,b752c464-c7fb-4a52-a0c3-3b2d3db5d62f,Author,Gitte Bang,Stald
2bc4b3d0-e5bb-11de-a523-000ea68e967b,b752c464-c7fb-4a52-a0c3-3b2d3db5d62f,Author,Gitte Bang,Stald
f0125df0-6230-4fed-9351-148084740e53,b752c464-c7fb-4a52-a0c3-3b2d3db5d62f,Author,Gitte Bang,Stald
96e7b9c9-ca9a-41fe-9d31-802f6970164f,b752c464-c7fb-4a52-a0c3-3b2d3db5d62f,Author,Gitte Bang,Stald
db401544-c473-4510-9762-4c21f946e25f,b752c464-c7fb-4a52-a0c3-3b2d3db5d62f,Author,Gitte Bang,Stald
1366aeda-1055-4d03-99d2-de02a6febaee,,Author,Lone,Malmborg
d749de04-d0f9-4bd8-b2f6-598e65f9b8b3,,Author,Milan,Jacevic
7f7f37e7-efc3-4778-9400-c96ee01509d7,,Author,Raluca-Alexandra Byskov,Stana
cdaf4a29-90b0-468d-bd86-07e32aaf0a51,,Author,Raluca-Alexandra Byskov,Stana
cdaf4a29-90b0-468d-bd86-07e32aaf0a51,a22e85da-82e3-410d-8ef1-31407362ba19,Author,Louise Harder,Fischer
cdaf4a29-90b0-468d-bd86-07e32aaf0a51,54728da8-274d-40e6-b119-23318d995721,Author,Hanne Westh,Nicolajsen
6a2a5316-f627-428f-be64-e9ebbe38b93e,,Author,Raluca,Stana
efe3cf39-86e1-4d0b-9d76-aec7f1776305,,Author,Raluca,Stana
efe3cf39-86e1-4d0b-9d76-aec7f1776305,54728da8-274d-40e6-b119-23318d995721,Author,Hanne Westh,Nicolajsen
9bd36b8b-d9dc-495f-9a33-1d8a0fbdf919,,Author,Raluca,Stana
9bd36b8b-d9dc-495f-9a33-1d8a0fbdf919,54728da8-274d-40e6-b119-23318d995721,Author,Hanne Westh,Nicolajsen
b11c8e45-8ba9-4743-bc06-4622b3b3dea1,,Author,Raluca,Stana
b11c8e45-8ba9-4743-bc06-4622b3b3dea1,54728da8-274d-40e6-b119-23318d995721,Author,Hanne Westh,Nicolajsen
a233923c-ec6c-4659-9437-f94555596a3b,,Author,Raluca,Stana
a233923c-ec6c-4659-9437-f94555596a3b,54728da8-274d-40e6-b119-23318d995721,Author,Hanne Westh,Nicolajsen
1d258262-d15e-49b8-9ca9-921bbd99916f,54728da8-274d-40e6-b119-23318d995721,Author,Hanne Westh,Nicolajsen
46dbbfdf-da4b-488a-a9ba-e09ab91c69d8,54728da8-274d-40e6-b119-23318d995721,Author,Hanne Westh,Nicolajsen
ceb23161-c947-4ef0-bde1-0d4c007ea926,54728da8-274d-40e6-b119-23318d995721,Author,Hanne Westh,Nicolajsen
af672262-610a-4108-ae34-91e33c568d75,,Author,Raluca,Stana
243c444f-be89-4d94-b123-fcfc21ea2bc0,,Author,Raluca,Stana
243c444f-be89-4d94-b123-fcfc21ea2bc0,54728da8-274d-40e6-b119-23318d995721,Author,Hanne Westh,Nicolajsen
243c444f-be89-4d94-b123-fcfc21ea2bc0,,Author,Jari,Kickbusch
86ba524c-b0f5-4d31-abf8-1e83413f4d9c,,Author,Stefan,Stanciulescu
86ba524c-b0f5-4d31-abf8-1e83413f4d9c,a39b94ff-e1b6-4b96-8404-486167a9123d,Author,Andrzej,Wasowski
ee32c0e3-30bc-4192-8ac2-53f17c317619,,Author,Stefan,Stanciulescu
8ccb88cc-2ac5-4a22-acf3-2db4e0af4478,,Author,Stefan,Stanciulescu
8ccb88cc-2ac5-4a22-acf3-2db4e0af4478,,Author,Thorsten,Berger
8ccb88cc-2ac5-4a22-acf3-2db4e0af4478,a39b94ff-e1b6-4b96-8404-486167a9123d,Author,Andrzej,Wasowski
47544f7c-b0c4-4143-9899-83b08b411aea,,Author,Stefan,Stanciulescu
4b040814-f1ee-4829-80e9-6b37dcc45c7b,,Author,M,Frost
de1eef09-8b00-4f63-a557-f6d3bc7899e5,a420ffb3-2ca6-4925-a25f-baaa5228fc15,Author,Sebastian,Risi
a660f424-39b7-4b9d-acf1-513287077330,,Author,Joel Anthony,Lehman
e5425c83-7878-4b19-b4c3-a9a3c22f4946,41da2096-dc8b-44c2-93ad-6473e220f85e,Author,Justyna,Starostka
b6ae2ca3-8ed8-4b1c-b7ac-53993a159118,10003d22-a201-4b64-88e3-b423bc76fcc2,Author,Rasmus Ejlers,Møgelberg
b6ae2ca3-8ed8-4b1c-b7ac-53993a159118,4634ce05-3fcb-49ca-89c7-080955f450e8,Author,Maaike Annebet,Zwart
1d733101-6b74-404c-b7a4-d7019db6f5c2,,Author,Jakob,Staugaard
1d733101-6b74-404c-b7a4-d7019db6f5c2,,Author,Jens,Bennedsen
1d733101-6b74-404c-b7a4-d7019db6f5c2,fda8c630-1b0a-4910-ae2a-602850616275,Author,Christoph,Seidl
1d733101-6b74-404c-b7a4-d7019db6f5c2,e175684d-abc3-4ee4-9a12-af6c611e47c0,Author,Sebastian Mateos,Nicolajsen
1d733101-6b74-404c-b7a4-d7019db6f5c2,47a94200-3abe-4354-b5e3-c8ef6f1ba1f2,Author,Claus,Brabrand
848ca190-8954-11dd-8006-000ea68e967b,,Author,Jørgen,Staunstrup
3c6e7080-4922-11de-a476-000ea68e967b,,Author,Jørgen,Staunstrup
3c6e7080-4922-11de-a476-000ea68e967b,,Author,John Paulin,Hansen
3c6e7080-4922-11de-a476-000ea68e967b,,Author,Arne John,Glenstrup
3c6e7080-4922-11de-a476-000ea68e967b,d30b96a8-4f1e-44fa-9bf5-0209bedf0268,Author,Thomas,Hildebrandt
b6bb6f33-b88a-4b6c-928a-b31b6f7767af,,Author,Jørgen,Staunstrup
5fa42f40-f10c-11dd-8987-000ea68e967b,,Author,Signe Ellegård,Borch
b81a4a0d-f76d-4eeb-9ff5-adabc72c74fd,ceef6d97-26fe-4163-9538-6685e98bce2e,Author,Daniel,Fürstenau
cfaa2ffb-0012-4809-8bde-b532e4941894,cf6cfa0b-e3ac-4164-8de2-b956d8e23825,Author,Elisa D.,Mekler
64b191e7-e317-483c-bc02-b19d228ff04a,,Author,Alexander,Richter
d6fabc93-dbc4-452a-b057-0eff22b54da1,,Author,Sofie,Stenbøg
3b49c776-47d2-4869-811c-edeaa1210c32,,Author,Sofie,Stenbøg
fb3b1b35-e86a-43a1-8ff2-660e9f47c95f,,Author,Sofie,Stenbøg
b8c3e8db-2b5a-4fb3-8127-0e00bd9da69e,,Author,Sofie,Stenbøg
598d5d49-7caf-4e8f-a0df-31b06095f2b0,25a5a0d6-404b-419c-9502-b246525617a2,Author,Laurens,Boer
598d5d49-7caf-4e8f-a0df-31b06095f2b0,3ad26d6b-4619-4a9f-a1b6-8424aab1dd52,Author,Tom,Jenkins
8255d8a3-64d3-4d19-8163-2713e86466a0,d2ab0b30-780c-495a-abfe-963f1dfaddd3,Author,Marija,Stepanovic
12ef8a63-313d-4de7-aa6b-9d7bdf775946,9504265d-0046-4e58-b529-256a656c012d,Author,Christian,Hardmeier
0ab21470-e6a9-44e9-86d3-0ef4a0fb2aa8,,Author,Carina Antonia,Hallin
15ffe9b0-ccf5-4136-85d1-90ba94eddaa6,d37cba38-dff2-4c27-a515-226cfadfd849,Author,Jonas,Fritsch
8c9a83d3-069e-4c86-a4d5-310c6cac561b,,Author,Martin,Zachariasen
918a0c9e-c94c-45b0-866c-a47b9b96e2b1,,Author,Morten ,Stöckel
ca74f220-4d07-4791-91d0-760e2d100ae0,,Author,Morten,Stöckel
28c125a9-bafb-4d0b-bfc0-199bfe0b67fc,,Author,Morten,Stöckel
28c125a9-bafb-4d0b-bfc0-199bfe0b67fc,,Author,Rasmus,Pagh
b8a5a32b-b4ea-4d08-99ad-9961fe8ca149,,Author,Morten,Stöckel
b0567c69-ce98-42cb-8f18-729d0d9ac1ce,,Author,Muhammad,Ali Babar
03deeee2-0374-421c-8354-2f6a326cc333,,Author,Muhammad,Ali Babar
fa7c6041-6b4f-4460-a4b8-1fd85f6d13e5,,Author,Muhammad,Ali Babar
ecab6eef-9211-4e72-9ed5-b4484a2f7ac9,,Author,Muhammad,Ali Babar
2acc6a58-f7de-4b08-ad92-4123699ffacf,,Author,Muhammad,Ali Babar
d384624e-2354-4128-b651-5b1dd67d3b60,,Author,Muhammad,Ali Babar
8aaccb5e-6b9c-4a86-871a-d0f8fdd22960,c90e23c6-5bf4-4d6f-97d8-b162b8a5b03e,Author,Thomas,Binder
a50c870d-32bf-4f53-964e-7ba56e99f971,c90e23c6-5bf4-4d6f-97d8-b162b8a5b03e,Author,Thomas,Binder
eced0af5-ada9-40b8-9acb-4cec66e5cca1,2575c800-642d-4984-9c56-41601cf07a26,Author,Søren,Knudsen
d6d55740-e500-11de-a523-000ea68e967b,,Author,Kristian,Støvring
3316c3c4-f232-49f5-ae97-20578f08af28,2a9c0934-98ca-4101-b829-b88d77f6487e,Author,Kasper,Støy
63e654f9-78cf-4372-95ac-a5c2b985a175,2a9c0934-98ca-4101-b829-b88d77f6487e,Author,Kasper,Støy
e911a605-6e3a-421b-b663-15afe9a2b389,2a9c0934-98ca-4101-b829-b88d77f6487e,Author,Kasper,Støy
f9d33d1d-ab91-4219-a864-8c9bc1274137,2a9c0934-98ca-4101-b829-b88d77f6487e,Author,Kasper,Støy
34d4ca22-6fed-44bd-bd8f-5860ea848912,2a9c0934-98ca-4101-b829-b88d77f6487e,Author,Kasper,Støy
7a943603-a5a1-4c84-80e5-d0469a77e694,2a9c0934-98ca-4101-b829-b88d77f6487e,Author,Kasper,Støy
da2d7bf5-c55c-4696-b7f6-bb73a0621a78,2a9c0934-98ca-4101-b829-b88d77f6487e,Author,Kasper,Støy
2a72614a-9c64-4c32-8253-4dfac15940ff,2a9c0934-98ca-4101-b829-b88d77f6487e,Author,Kasper,Støy
6119e4d2-9811-4a91-bd93-38a451f8d74e,2a9c0934-98ca-4101-b829-b88d77f6487e,Author,Kasper,Støy
76c8681c-8401-4db6-a7a3-95a8cc3d2047,2a9c0934-98ca-4101-b829-b88d77f6487e,Author,Kasper,Støy
a584e1f4-59f4-40a7-9815-29ff3a989e93,2a9c0934-98ca-4101-b829-b88d77f6487e,Author,Kasper,Støy
c295e8b4-962c-499c-b832-bbe109497646,2a9c0934-98ca-4101-b829-b88d77f6487e,Author,Kasper,Støy
57f6e323-6674-40b6-93f7-1145f0bec280,2a9c0934-98ca-4101-b829-b88d77f6487e,Author,Kasper,Støy
8d79dd73-2783-4385-bac1-9a5bf0c48ae8,2a9c0934-98ca-4101-b829-b88d77f6487e,Author,Kasper,Støy
5e799b78-8afa-4254-99c5-3d34fb40ea77,2a9c0934-98ca-4101-b829-b88d77f6487e,Author,Kasper,Støy
1ad7c09c-8b17-4034-97da-320a4eb6ceee,2a9c0934-98ca-4101-b829-b88d77f6487e,Inventor,Kasper,Støy
1ad7c09c-8b17-4034-97da-320a4eb6ceee,7dd48cfe-3069-4563-bef4-ef661c18387a,Inventor,Andres,Faina
1ad7c09c-8b17-4034-97da-320a4eb6ceee,,Inventor,Farzad,Nejatimoharrami
3d361ed4-dd54-4018-bbe8-65feb8f07195,2a9c0934-98ca-4101-b829-b88d77f6487e,Author,Kasper,Støy
03af8806-f22b-4119-bf94-7358b4aecd82,2a9c0934-98ca-4101-b829-b88d77f6487e,Author,Kasper,Støy
03af8806-f22b-4119-bf94-7358b4aecd82,,Author,Kathryn Elizabeth,Walker
03af8806-f22b-4119-bf94-7358b4aecd82,,Author,Stig Anton,Nielsen
87bd1f6f-c9dc-4588-88dd-fb065cf581bd,2a9c0934-98ca-4101-b829-b88d77f6487e,Author,Kasper,Støy
57b30048-21af-451f-ba7a-5190d150d4da,8785f18a-1bf3-4c63-8d8b-d3e5d516ca40,Author,Payam,Zahadat
3a4d3f5a-5532-4f39-9b18-8888edd73fe8,c6b67626-5ff8-4730-93a6-70ee08f6013e,Author,Elisa,Bassignana
82076be9-e79c-47db-bb10-ad082f441a91,9504265d-0046-4e58-b529-256a656c012d,Author,Christian ,Hardmeier
b5e71284-6400-46d1-98e7-837b85b0e9bd,410df04c-bc1d-4cd3-9726-c35469ddab8c,Author,Aske,Mottelson
239bb72a-04b3-45fa-aa9a-44f42969e58a,,Author,Hugo-Andrés,López-Acosta
239bb72a-04b3-45fa-aa9a-44f42969e58a,d3b41838-e2bf-4735-b1cd-03f60b49c7e5,Author,Søren,Debois
6db5e2ea-b541-4cdc-870a-1fb9527ca7cb,9504265d-0046-4e58-b529-256a656c012d,Editor,Christian,Hardmeier
fd8e7b4e-84b4-4986-b1af-9ad1d842f64d,9504265d-0046-4e58-b529-256a656c012d,Author,Christian ,Hardmeier
1ea72cf8-8eac-466d-aaf0-24bce78e9ea7,9504265d-0046-4e58-b529-256a656c012d,Editor,Christian ,Hardmeier
69d0bd24-0f5b-41e0-98ab-298b57175cff,d43519a1-5bf4-4290-a053-fe55459ca88a,Author,Sven,Peldszus
7a3e3aaa-59eb-482d-9f87-dcad16677de2,12698500-7fd8-4508-b86a-adafaeaf91a9,Author,David,Struthers
f0df7300-6ef8-419d-84dd-b2d4c61ecaf8,12698500-7fd8-4508-b86a-adafaeaf91a9,Author,David,Struthers
1aa3fb55-1d50-40d5-9fb7-636011b48add,12698500-7fd8-4508-b86a-adafaeaf91a9,Author,David M,Struthers
192578fa-0474-42ab-8e63-92f5a2089d28,12698500-7fd8-4508-b86a-adafaeaf91a9,Author,D.,Struthers
53b71739-4f15-4dcb-9799-7ab62b338d84,12698500-7fd8-4508-b86a-adafaeaf91a9,Author,David M,Struthers
9d698c26-d887-4a0a-9df4-3c8706683e1f,12698500-7fd8-4508-b86a-adafaeaf91a9,Author,David Marshall,Struthers
5dd9c7c8-194b-4bbb-ab29-07f55a18de65,12698500-7fd8-4508-b86a-adafaeaf91a9,Author,D.,Struthers
a7785ffa-4b0c-49ec-bbb0-e73d63c75ac7,12698500-7fd8-4508-b86a-adafaeaf91a9,Author,David M,Struthers
9e4ea5b1-1ab0-4b0e-a82d-0147d7d68a61,12698500-7fd8-4508-b86a-adafaeaf91a9,Author,David M,Struthers
2dc857d7-ec50-4817-849e-760d10e96664,12698500-7fd8-4508-b86a-adafaeaf91a9,Author,David M,Struthers
770175ba-82c9-4ba2-bdcc-02eb07a7882a,12698500-7fd8-4508-b86a-adafaeaf91a9,Author,David M,Struthers
1988d02a-ed53-467e-92d9-942cb992af4c,12698500-7fd8-4508-b86a-adafaeaf91a9,Author,David M,Struthers
0811ca8d-c0c1-4999-a488-f04359c07aa4,12698500-7fd8-4508-b86a-adafaeaf91a9,Author,David M,Struthers
9c04701f-c182-4c3b-815c-473539e0819f,12698500-7fd8-4508-b86a-adafaeaf91a9,Author,David M,Struthers
197d2c35-d767-4495-b8b5-eea59139ee38,12698500-7fd8-4508-b86a-adafaeaf91a9,Author,David,Struthers
447f16f2-f63c-4714-928e-1c485d54e0d6,12698500-7fd8-4508-b86a-adafaeaf91a9,Author,David,Struthers
dc2132b1-12f7-4d81-a532-524d6336c2e6,12698500-7fd8-4508-b86a-adafaeaf91a9,Author,David ,Struthers
4e036d48-f9a6-4ca2-bb0f-09a9c55cb752,70f3c85a-9cd2-40b4-bed9-5e2a75609421,Author,Sisse,Finken
296eaf2c-7b35-4aca-a9ae-4906a419bc69,2575c800-642d-4984-9c56-41601cf07a26,Author,Søren,Knudsen
422ab397-2337-476b-9a6d-1f37bf89e99f,,Author,Jose,Abdelnour Nocera
add9ba65-1113-4065-be8f-dd9160b91045,f14f4742-c9d8-4a34-b8e2-d713c3a1f437,Author,Oliver,Krancher
b048cd2d-81e1-49a2-9f7c-3cee786d7043,9504265d-0046-4e58-b529-256a656c012d,Author,Christian,Hardmeier
858c312b-838d-48f6-8d95-572517618554,9504265d-0046-4e58-b529-256a656c012d,Author,Christian,Hardmeier
15b8afb1-d16c-4ffc-9568-af8a9efc6e42,9504265d-0046-4e58-b529-256a656c012d,Author,Christian,Hardmeier
6aacab62-fa20-4110-b6b8-cc28061e08ed,,Author,Dag,Svanæs
80e72457-bb75-450d-890a-b6ca4b84b2c5,,Author,Lone,Malmborg
8ca6935e-3ce6-4fa9-95cb-3064b8800671,,Author,Lone,Malmborg
d1de9132-637b-4e8b-85f6-ffbe0c734eeb,,Author,Lone,Malmborg
53bda5b8-4138-473b-a440-ab4cf446feef,,Author,Sathiamoorthy, Subbarayan
53bda5b8-4138-473b-a440-ab4cf446feef,4d7fda5a-3cf4-4d39-9daf-1ae192b0e0e7,Author,Rune Møller,Jensen
53bda5b8-4138-473b-a440-ab4cf446feef,,Author,Henrik Reif,Andersen
f3260290-93ae-11dd-8006-000ea68e967b,,Author,Sathiamoorthy,Subbarayan
13e59c40-fdac-11dd-b964-000ea68e967b,,Author,Sathiamoorthy,Subbarayan
b4151d35-c0a0-4d3c-a17b-8621f1f4e3e2,,Author,Dag,Svanæs
4056ceed-152c-4cf2-97b8-a66b0aaf04f6,,Author,Dag,Svanæs
9cfbe7f0-0225-46d0-ac0e-eaca10caa909,b4a6e67f-0caa-4faf-a136-bf77496f3659,Author,Shyam,Sudhakaran
9cfbe7f0-0225-46d0-ac0e-eaca10caa909,c596539b-3ceb-497c-9a43-e71d6b0f65a6,Author,Djordje,Grbic
9cfbe7f0-0225-46d0-ac0e-eaca10caa909,71efb6df-0032-4f63-9a05-8489aedd9023,Author,Siyan,Li
9cfbe7f0-0225-46d0-ac0e-eaca10caa909,,Author,Adam,Katona
9cfbe7f0-0225-46d0-ac0e-eaca10caa909,98a59a44-499e-4a6e-a8e8-24211f117b23,Author,Elias,Najarro
9cfbe7f0-0225-46d0-ac0e-eaca10caa909,f2b81a70-1d6c-42d1-a3b5-1d4338be4b8c,Author,Claire,Glanois
9cfbe7f0-0225-46d0-ac0e-eaca10caa909,a420ffb3-2ca6-4925-a25f-baaa5228fc15,Author,Sebastian,Risi
8b41e710-937d-11dd-8006-000ea68e967b,,Author,Martin,Sulzmann
8b41e710-937d-11dd-8006-000ea68e967b,,Author,Edmund Soon Lee,Lam
f0b98880-9384-11dd-8006-000ea68e967b,,Author,Martin,Sulzmann
f0b98880-9384-11dd-8006-000ea68e967b,,Author,Edmund Soon Lee,Lam
c3630898-a433-4524-8ca4-f6e872405b89,,Author,Pernille,Rydén
7acd290d-531e-4ec2-9d82-14928c400669,54728da8-274d-40e6-b119-23318d995721,Author,Hanne Westh,Nicolajsen
a5614773-5f69-49c7-b1bc-e62c39fbdfac,,Author,Richard,Ling
7eb84af9-4fec-429e-8287-5cf0369c25ed,,Author,Richard,Ling
32dd93c5-0f2c-454a-aab9-b51a95e120a4,,Author,Roman,Beck
7b732486-f81f-4486-9f91-db5dc018ca05,ceef6d97-26fe-4163-9538-6685e98bce2e,Author,Daniel,Fürstenau
3e3a41be-b816-475f-86f6-7c4a7325599a,,Author,Carina Antonia,Hallin
5b6c7f89-e015-41b9-ab5d-6e9e79fe8e27,,Author,Thomas,Pederson
47d01a8d-f0b5-41de-be5c-afbee6f710ad,,Author,Thomas,Pederson
79985107-ae7a-4018-87d3-1072d7bb448a,,Author,Thomas,Pederson
10bb6f4c-133b-4070-a6af-45d08ea88fb3,,Author,Adriana Araujo,de Souza e Silva
d9f9f1ba-2b7c-4a64-963a-b6f581baea88,,Author,Dag,Svanaes
d1df5133-6f4f-4370-8c66-57823f390e73,,Author,Dag,Svanæs
7bd46ce3-d238-482c-b1a2-05bba5cbc92f,,Author,Dag,Svanæs
f4f76fec-e3c7-4d21-9c91-df9f442125aa,,Author,Dag,Svanæs
611334e7-e8ff-4c64-86c8-6a8c4975a4fd,,Author,Dag,Svanæs
4c577e69-bffa-4631-8cb6-7ec945984ffd,,Author,Dag,Svanæs
38d439d2-5319-4983-8142-ffa29ca63673,,Author,Dag,Svanæs
38d439d2-5319-4983-8142-ffa29ca63673,831421c0-027f-4a25-b795-ee2fce0c8d2a,Author,Louise,Barkhuus
385cc9f0-ec8a-11dd-8987-000ea68e967b,,Author,Kasper,Svendsen
385cc9f0-ec8a-11dd-8987-000ea68e967b,,Author,Alexandre,Buisse
385cc9f0-ec8a-11dd-8987-000ea68e967b,,Author,Lars,Birkedal
4144ef87-6678-413e-b18d-f2eb3c6c363a,,Author,Kasper,Svendsen
4144ef87-6678-413e-b18d-f2eb3c6c363a,,Author,Lars,Birkedal
5ef7173d-87d7-45be-83cf-af2f633b98a0,,Author,Kasper,Svendsen
5ef7173d-87d7-45be-83cf-af2f633b98a0,,Author,Lars,Birkedal
8780e389-1c7d-4baa-9363-7625fd363b96,,Author,Kasper,Svendsen
8780e389-1c7d-4baa-9363-7625fd363b96,,Author,Lars,Birkedal
6ef5152b-4b99-4e16-bed8-e2ae050772ca,,Author,Kasper,Svendsen
6ef5152b-4b99-4e16-bed8-e2ae050772ca,,Author,Lars,Birkedal
f203b3f6-f7fe-480e-b7c0-58b6fa5ece57,,Author,Kasper,Svendsen
9542c130-e21a-11dd-a259-000ea68e967b,,Author,Tomas,Sokoler
9b7c7cf4-2db2-4d02-a657-776113c19b5a,,Author,Christina,Neumayer
802a62fe-a4c6-4fa4-aaba-a634f21b01d0,,Author,Christina,Neumayer
665702d8-fec4-4643-8063-3a1273bfa0ac,,Author,Louisa Jane,Di Felice
d65ac40d-7c1c-42b1-9ae9-403c6bc75edf,,Author,Helena,Karasti
ead7a813-f7b4-478e-9d97-407f4c39fd4b,2ef641d0-bd79-425b-8b12-b58d74b993ae,Author,Michael,Szell
ead7a813-f7b4-478e-9d97-407f4c39fd4b,418f030f-2b26-4c74-a77b-c0c87d13f56d,Author,Roberta,Sinatra
368678a0-70ca-436b-bd2f-e75435ca78d7,2ef641d0-bd79-425b-8b12-b58d74b993ae,Author,Michael,Szell
368678a0-70ca-436b-bd2f-e75435ca78d7,418f030f-2b26-4c74-a77b-c0c87d13f56d,Author,Roberta,Sinatra
e10e1acb-65d6-4610-bce3-c0d37c572b26,2ef641d0-bd79-425b-8b12-b58d74b993ae,Author,Michael,Szell
459e9e94-46f9-4bbf-9883-797760ea3e3f,2ef641d0-bd79-425b-8b12-b58d74b993ae,Author,Michael,Szell
459e9e94-46f9-4bbf-9883-797760ea3e3f,418f030f-2b26-4c74-a77b-c0c87d13f56d,Author,Roberta,Sinatra
64ff099c-c8ce-4ec9-8a02-06f1356f7898,2ef641d0-bd79-425b-8b12-b58d74b993ae,Author,Michael,Szell
6bfb8db2-b641-4799-a2b8-d953932f3927,2ef641d0-bd79-425b-8b12-b58d74b993ae,Author,Michael,Szell
5e79b1bb-d9f5-4a8f-8335-b97b8d820247,2ef641d0-bd79-425b-8b12-b58d74b993ae,Author,Michael,Szell
9e61cecb-4e43-4de4-a369-004ecd658560,2ef641d0-bd79-425b-8b12-b58d74b993ae,Author,Michael,Szell
debd6b18-9c6d-4227-a961-64a2bc8f3fbb,2ef641d0-bd79-425b-8b12-b58d74b993ae,Author,Michael,Szell
09616a80-9a3f-4a45-9e72-00cbfd7f7308,2ef641d0-bd79-425b-8b12-b58d74b993ae,Author,Michael,Szell
318640d4-b62b-476f-abd2-e784f057a6d1,2ef641d0-bd79-425b-8b12-b58d74b993ae,Author,Michael,Szell
b15fce50-5ba7-47a5-9817-7c951ac936f3,2ef641d0-bd79-425b-8b12-b58d74b993ae,Author,Michael,Szell
ee4a2a8e-e621-4dac-9ef3-324b38317068,2ef641d0-bd79-425b-8b12-b58d74b993ae,Author,Michael,Szell
56fcbd49-91d1-4e71-bce7-1dbad16b5d22,2ef641d0-bd79-425b-8b12-b58d74b993ae,Author,Michael,Szell
117c3257-5575-4f27-bd1c-4a9aea4a4e52,2ef641d0-bd79-425b-8b12-b58d74b993ae,Author,Michael,Szell
d3ed33d8-cda0-424f-9f44-c048d64586ff,2ef641d0-bd79-425b-8b12-b58d74b993ae,Author,Michael,Szell
d3ed33d8-cda0-424f-9f44-c048d64586ff,418f030f-2b26-4c74-a77b-c0c87d13f56d,Author,Roberta,Sinatra
12c76d0b-1461-4612-b998-c55df87095b5,2ef641d0-bd79-425b-8b12-b58d74b993ae,Author,Michael,Szell
12c76d0b-1461-4612-b998-c55df87095b5,418f030f-2b26-4c74-a77b-c0c87d13f56d,Author,Roberta,Sinatra
0b779f6b-e734-42cd-83c4-332354f60b83,,Author,Aurélien,Tabard
0b779f6b-e734-42cd-83c4-332354f60b83,,Author,Juan David Hincapie,Ramos
0b779f6b-e734-42cd-83c4-332354f60b83,,Author,Morten,Esbensen
0b779f6b-e734-42cd-83c4-332354f60b83,,Author,Jakob Eyvind,Bardram
b93735f9-6ca5-4eeb-8c08-4ad4959f9b25,,Author,Aurelien,Tabard
b93735f9-6ca5-4eeb-8c08-4ad4959f9b25,,Author,Jakob,Bardram
957f5f03-b67f-491b-9664-46a057f2f541,,Author,Aurélien,Tabard
957f5f03-b67f-491b-9664-46a057f2f541,,Author,Juan David,Hincapié Ramos
957f5f03-b67f-491b-9664-46a057f2f541,,Author,Jakob,Bardram
1d0841ed-8d36-438c-b5e6-00e69f77e2b7,,Author,Rasmus,Pagh
ee0f7194-ac3a-45d0-b1fa-cf8d18d6d30f,,Author,Rasmus,Pagh
8ec3c9d9-7a93-4982-acbe-913fcab40cef,2ef641d0-bd79-425b-8b12-b58d74b993ae,Author,Michael,Szell
896e8898-fe73-4ba5-8541-f898a6149797,c40e1e8a-50ee-4a7c-b7f0-2fc0fdd62adc,Editor,Anna,Rogers
b67da57f-dcb1-4f89-a669-2e54404bde65,c40e1e8a-50ee-4a7c-b7f0-2fc0fdd62adc,Editor,Anna,Rogers
7f39b4ec-69a3-4509-9ba0-2c38c631ccc4,7dd2f4fa-dd14-4676-8f1a-f719f213f64f,Author,Eduard,Kamburjan
caf22070-fc03-11dd-b964-000ea68e967b,,Author,Martin,Tall
b979b810-e5ca-11de-a523-000ea68e967b,,Author,Martin,Tall
b979b810-e5ca-11de-a523-000ea68e967b,,Author,Javier,San Agustin
b979b810-e5ca-11de-a523-000ea68e967b,,Author,Henrik Tomra Skovsgaard Hegner,Jensen
b979b810-e5ca-11de-a523-000ea68e967b,,Author,John Paulin,Hansen
b979b810-e5ca-11de-a523-000ea68e967b,5ad9c220-e37f-443a-8a31-fc4abf365db5,Author,Dan,Witzner Hansen
b979b810-e5ca-11de-a523-000ea68e967b,,Author,Emilie,Møllenbach
778721cd-aa5f-4fac-9be1-5924ae3926aa,,Author,Isabel Cristina G.,Froes
2bd1f716-8647-4514-8b94-1b99d56a31a4,02960d47-7677-4b2c-99d4-490a31fd6885,Author,Mircea,Lungu
1246a376-be43-4a7b-9483-eb748c38b677,661b700e-7c1d-4e6d-b90b-4dbbfaab2adf,Author,Mylène,Tanferri
22aabf8d-d43f-4a0b-99b2-0332079d1385,661b700e-7c1d-4e6d-b90b-4dbbfaab2adf,Author,Mylène,Tanferri
c2c8eb0b-dbb3-48c0-9605-defa0642d454,661b700e-7c1d-4e6d-b90b-4dbbfaab2adf,Author,Mylène,Tanferri
0b1a58a0-9c65-4a27-87fb-57ecbb509999,661b700e-7c1d-4e6d-b90b-4dbbfaab2adf,Developer,Mylène,Tanferri
92eb4c30-56a5-422f-b75e-7acb25e15f08,661b700e-7c1d-4e6d-b90b-4dbbfaab2adf,Author,Mylène,Tanferri
322d24bc-8084-49c3-bb76-b30df290b3ca,661b700e-7c1d-4e6d-b90b-4dbbfaab2adf,Author,Mylène,Tanferri
4e601d00-c2f8-47a2-8cc6-7e2824c4d193,661b700e-7c1d-4e6d-b90b-4dbbfaab2adf,Author,Mylène,Tanferri
cca57ec7-df44-42c6-8f21-9b539e76beec,661b700e-7c1d-4e6d-b90b-4dbbfaab2adf,Author,Mylène,Tanferri
16c6c8d4-4d24-461b-9bfa-238f3f1b4c7c,661b700e-7c1d-4e6d-b90b-4dbbfaab2adf,Author,Mylène,Tanferri
39e740c9-d7a8-4bc6-a1b7-4fb9ee07bb33,661b700e-7c1d-4e6d-b90b-4dbbfaab2adf,Author,Mylène,Tanferri
94d20d65-22be-474b-87cb-fe83cf63fcab,661b700e-7c1d-4e6d-b90b-4dbbfaab2adf,Author,Mylène,Tanferri
86afd622-969d-47c2-8326-3b0ee11e843b,661b700e-7c1d-4e6d-b90b-4dbbfaab2adf,Author,Mylène,Tanferri
f8f34445-9da3-4c32-b687-e79269160469,661b700e-7c1d-4e6d-b90b-4dbbfaab2adf,Author,Mylène,Tanferri
a3445aad-6fd4-4b58-83a5-b290fbaa9b45,661b700e-7c1d-4e6d-b90b-4dbbfaab2adf,Author,Mylène,Tanferri
89998d65-725b-47b1-be87-64cb15d3a65b,661b700e-7c1d-4e6d-b90b-4dbbfaab2adf,Author,Mylène,Tanferri
17b0077c-3042-4de1-9c73-4f6fef27d5c3,661b700e-7c1d-4e6d-b90b-4dbbfaab2adf,Author,Mylène,Tanferri
dbbc0285-76d9-4ecb-b1d7-aa7ef4d35fbe,661b700e-7c1d-4e6d-b90b-4dbbfaab2adf,Author,Mylène,Tanferri
9b4a9339-d630-4bcf-bffa-b5199203e188,661b700e-7c1d-4e6d-b90b-4dbbfaab2adf,Author,Mylène,Tanferri
0c569707-9792-4c35-befd-f4dd1328711d,661b700e-7c1d-4e6d-b90b-4dbbfaab2adf,Author,Mylène,Tanferri
aa59c5f4-b614-44a8-86ea-d8cc57f9c875,661b700e-7c1d-4e6d-b90b-4dbbfaab2adf,Author,Mylène,Tanferri
b3ef3d16-506e-4b78-b22b-ade1e3782683,661b700e-7c1d-4e6d-b90b-4dbbfaab2adf,Author,Mylène ,Tanferri
cca6a76a-cad8-4885-a091-b5aa29008f4e,,Author,Muhammad,Ali Babar
669e4778-b4ea-49eb-a8dc-920fe5722925,9504265d-0046-4e58-b529-256a656c012d,Author,Christian,Hardmeier
b34f5987-c4ab-4ebc-89a6-1f31cf2f9709,9504265d-0046-4e58-b529-256a656c012d,Author,Christian,Hardmeier
140faae4-11c9-431b-a8ca-87d46771d135,e23e8096-59cb-4ef6-af48-ce9d806fd1eb,Author,Nanna,Inie
994cecba-593d-468d-bf3b-cd7eaa52f5e3,,Author,Han,Tao
994cecba-593d-468d-bf3b-cd7eaa52f5e3,f11b0cc1-ad9f-4b12-b805-65b70e5bcd65,Author,Rachel,Douglas-Jones
4d34a891-1244-4c4a-93dd-6e56e1a70a7e,,Author,Han,Tao
1c91b03a-4319-4326-8761-830c1d707b12,,Author,Han,Tao
01660277-2bec-417f-84b4-e556ae3a3c7d,,Author,Han,Tao
10177599-4f2f-4585-b04d-fe0b54018f46,,Author,Daniel,Cermak
2ff44900-2487-4b73-b698-017e96ea9b14,,Author,Nina Sofia ,Taslaman
9778477c-6968-48be-be6a-96e4bbb736a0,0baaf9f8-3126-4cb1-b22f-b9fceabb8b54,Author,Lara,Tatjana Reime
9778477c-6968-48be-be6a-96e4bbb736a0,805cae2a-3462-4130-88de-cc7d94aec0a5,Author,Vasiliki,Tsaknaki
716354a2-2bc8-4489-b1fa-4724ba37117b,0baaf9f8-3126-4cb1-b22f-b9fceabb8b54,Author,Lara,Tatjana Reime
716354a2-2bc8-4489-b1fa-4724ba37117b,805cae2a-3462-4130-88de-cc7d94aec0a5,Author,Vasiliki,Tsaknaki
716354a2-2bc8-4489-b1fa-4724ba37117b,e9d14210-bc71-4824-b7cf-fd1448d022ab,Author,Marisa,Cohn
376f589a-1fb6-4fdf-b43c-2232775dd5df,0baaf9f8-3126-4cb1-b22f-b9fceabb8b54,Author,Lara,Tatjana Reime
51d8503a-8655-4c8d-8418-100e0b4d38c7,0baaf9f8-3126-4cb1-b22f-b9fceabb8b54,Author,Lara,Tatjana Reime
51d8503a-8655-4c8d-8418-100e0b4d38c7,805cae2a-3462-4130-88de-cc7d94aec0a5,Author,Vasiliki,Tsaknaki
fbd3ff6a-908d-4997-a8e8-45223b55cc14,0baaf9f8-3126-4cb1-b22f-b9fceabb8b54,Author,Lara,Tatjana Reime
fbd3ff6a-908d-4997-a8e8-45223b55cc14,e9d14210-bc71-4824-b7cf-fd1448d022ab,Author,Marisa,Cohn
fbd3ff6a-908d-4997-a8e8-45223b55cc14,805cae2a-3462-4130-88de-cc7d94aec0a5,Author,Vasiliki,Tsaknaki
60a83879-f48f-49c1-8edf-9eef03bc7cbd,5ad9c220-e37f-443a-8a31-fc4abf365db5,Author,Dan Witzner,Hansen
0ea0d000-f74f-11dd-9b71-000ea68e967b,,Author,T.L.,Taylor
a9f8f620-f751-11dd-9b71-000ea68e967b,,Author,T.L.,Taylor
ee26b0e0-efac-11de-a523-000ea68e967b,,Author,T. L.,Taylor
119b81c0-f4dc-11de-a523-000ea68e967b,,Author,T. L.,Taylor
9f163659-c122-411b-97e6-90c6159f131a,,Author,T. L.,Taylor
9f163659-c122-411b-97e6-90c6159f131a,,Author,Emma,Witkowski
0ba9023d-d25d-40ac-9bee-499140107ff1,,Author,T. L.,Taylor
0312f26e-c85b-4eae-babe-58746ba70c40,,Author,T. L.,Taylor
ab0be700-f4dc-11de-a523-000ea68e967b,,Author,T. L.,Taylor
255f3cd6-d690-4944-abd6-8e45ab1cfd6e,,Author,T. L.,Taylor
8abadfee-0486-4283-af52-b2fc40db65c8,,Author,T. L.,Taylor
75d0f261-8a97-4279-acdb-d0d8d168a816,a420ffb3-2ca6-4925-a25f-baaa5228fc15,Author,Sebastian,Risi
dcb7e191-405f-4067-8875-0bbd83af7cd9,80784458-06f6-4eff-b0c8-df982ffa9835,Author,Rune Kristian Lundedal,Nielsen
dcb7e191-405f-4067-8875-0bbd83af7cd9,cf5e1d64-5489-4534-ba34-8dba5fd354a6,Author,Paolo,Burelli
195563ee-cc19-488f-90e6-c48a5e1d600e,a39b94ff-e1b6-4b96-8404-486167a9123d,Author,Andrzej,Wasowski
034483e5-c3c9-4c44-84a6-776e878a258e,f2136570-f73c-446f-9fb0-6d9e461e2124,Author,Yvonne,Dittrich
6448a213-a497-4600-a274-3d1b1fa18628,f2136570-f73c-446f-9fb0-6d9e461e2124,Author,Y.,Dittrich
a41c3e50-928d-4b83-8938-56eba0567e29,f2136570-f73c-446f-9fb0-6d9e461e2124,Author,Y.,Dittrich
ff6a29db-2313-40b2-b166-df681f337118,f2136570-f73c-446f-9fb0-6d9e461e2124,Author,Yvonne,Dittrich
138f08dc-1f44-4fd1-a180-951d3b8bd032,f2136570-f73c-446f-9fb0-6d9e461e2124,Author,Yvonne,Dittrich
57991860-f478-4225-9d56-41397bbe3b88,f2136570-f73c-446f-9fb0-6d9e461e2124,Author,Yvonne,Dittrich
eebad70d-be76-49a3-a86a-d91452cee8ca,2b8ff3a4-e9b0-403d-8bd8-1bf26121c234,Author,Paolo,Tell
eebad70d-be76-49a3-a86a-d91452cee8ca,,Author,Muhammad Ali,Babar
4356a570-f728-457e-929b-b77fa53fa257,2b8ff3a4-e9b0-403d-8bd8-1bf26121c234,Author,Paolo,Tell
4356a570-f728-457e-929b-b77fa53fa257,,Author,Muhammad,Ali Babar
e1094ec3-29dd-4140-960b-f6c06f2b3559,2b8ff3a4-e9b0-403d-8bd8-1bf26121c234,Author,Paolo,Tell
e1094ec3-29dd-4140-960b-f6c06f2b3559,,Author,Muhammad,Ali Babar
50714ee6-03f1-4736-ae25-9bba5ee17e93,2b8ff3a4-e9b0-403d-8bd8-1bf26121c234,Author,Paolo,Tell
50714ee6-03f1-4736-ae25-9bba5ee17e93,,Author,Muhammad,Ali Babar
2a551d02-db8c-42fc-80ad-7cd62b37e219,2b8ff3a4-e9b0-403d-8bd8-1bf26121c234,Author,Paolo,Tell
2a551d02-db8c-42fc-80ad-7cd62b37e219,,Author,Muhammad,Ali Babar
2508604f-3032-428d-8088-a748da1ebd16,2b8ff3a4-e9b0-403d-8bd8-1bf26121c234,Author,Paolo,Tell
2508604f-3032-428d-8088-a748da1ebd16,,Author,Rosalba,Giuffrida
61a083fc-3fba-4746-91c7-dabd56178a1f,2b8ff3a4-e9b0-403d-8bd8-1bf26121c234,Author,Paolo,Tell
61a083fc-3fba-4746-91c7-dabd56178a1f,,Author,Shahram,Jalaliniya
61a083fc-3fba-4746-91c7-dabd56178a1f,,Author,Jakob,Bardram
83cb8e3b-fa90-415a-a23e-5cfce8801deb,2b8ff3a4-e9b0-403d-8bd8-1bf26121c234,Author,Paolo,Tell
83cb8e3b-fa90-415a-a23e-5cfce8801deb,,Author,Jacob Benjamin,Cholewa
1db17eca-2766-43d3-8668-6d8f8130c1b0,2b8ff3a4-e9b0-403d-8bd8-1bf26121c234,Author,Paolo,Tell
85b278c6-b82c-401b-8019-cb36f09485a8,2b8ff3a4-e9b0-403d-8bd8-1bf26121c234,Author,Paolo,Tell
85b278c6-b82c-401b-8019-cb36f09485a8,,Author,Muhammad Ali,Babar
662963b0-45e6-4b86-9b2e-7b3bb81ae007,2b8ff3a4-e9b0-403d-8bd8-1bf26121c234,Author,Paolo,Tell
6fca882d-cdc7-4753-8202-48f1a45bcb74,2b8ff3a4-e9b0-403d-8bd8-1bf26121c234,Author,P.,Tell
5cb8db6e-1737-456b-961e-15dfbb4b8004,2b8ff3a4-e9b0-403d-8bd8-1bf26121c234,Author,Paolo,Tell
d8acefd7-36bf-441f-ae50-12a0ebb1240e,2b8ff3a4-e9b0-403d-8bd8-1bf26121c234,Author,Paolo,Tell
39418e9e-2933-4580-90de-fb7cfa33cd43,2b8ff3a4-e9b0-403d-8bd8-1bf26121c234,Author,Paolo,Tell
1091c646-46e6-4c75-8ede-d8da7b09ddc7,5f52759c-418a-41b7-bbdb-050492677284,Author,Martin,Aumüller
c0b3409a-119b-4b34-a8fe-12feecf9a8e8,5f52759c-418a-41b7-bbdb-050492677284,Author,Martin,Aumüller
814405e4-6eb8-480c-98de-06acf194c07d,805cae2a-3462-4130-88de-cc7d94aec0a5,Author,Vasiliki,Tsaknaki
ee6f343d-fc98-4081-b450-144348bbcf7f,1bcb6a4e-4298-4ac7-bdc6-c936d3d45055,Author,Debasmita ,Lohar
ea110576-65e9-4da6-9d49-6d99a7ec81f3,,Author,Jacob Junker,Thamsborg
ea110576-65e9-4da6-9d49-6d99a7ec81f3,,Author,Lars,Birkedal
ec3fa241-201c-4962-a636-c3680bcace37,,Author,Jacob Junker,Thamsborg
ec3fa241-201c-4962-a636-c3680bcace37,,Author,Lars,Birkedal
c161513f-d799-4e8e-b663-6fd54286960c,,Author,Jacob Junker,Thamsborg
4349978f-d594-42bd-a4b8-3ab5ee807811,8785f18a-1bf3-4c63-8d8b-d3e5d516ca40,Author,Payam,Zahadat
850b850c-378c-4992-ae13-22ca9c749ba1,7dd48cfe-3069-4563-bef4-ef661c18387a,Author,Andres,Faina
850b850c-378c-4992-ae13-22ca9c749ba1,,Author,Farzad,Nejatimoharrami
850b850c-378c-4992-ae13-22ca9c749ba1,2a9c0934-98ca-4101-b829-b88d77f6487e,Author,Kasper,Støy
44e74f53-1ed0-403c-88aa-f6acdae2ffff,7dd48cfe-3069-4563-bef4-ef661c18387a,Author,Andres,Faina
44e74f53-1ed0-403c-88aa-f6acdae2ffff,2a9c0934-98ca-4101-b829-b88d77f6487e,Author,Kasper,Støy
4c2aa8bc-ba5d-4b22-9895-0f218f5d642b,1bcb6a4e-4298-4ac7-bdc6-c936d3d45055,Author,Debasmita,Lohar
6774701c-c698-4c22-a050-8e941f08d77a,f240d002-893f-45bd-b9ad-6a6ddc015e40,Author,Alena,Thiel
eed29187-3bb0-4add-b158-a983c87b447f,f240d002-893f-45bd-b9ad-6a6ddc015e40,Author,Alena,Thiel
e92895c1-4d34-4c91-bbf3-857598d98df1,f240d002-893f-45bd-b9ad-6a6ddc015e40,Author,Alena,Thiel
6566c919-e8f5-4ad5-ac0f-8b96143f7881,f240d002-893f-45bd-b9ad-6a6ddc015e40,Author,Alena,Thiel
0f71f7f7-3ed0-403a-8ed2-9aed319d2bf3,f240d002-893f-45bd-b9ad-6a6ddc015e40,Author,Alena,Thiel
abf19fcc-8a0f-4a9d-bbce-2b8cce886112,f240d002-893f-45bd-b9ad-6a6ddc015e40,Author,Alena,Thiel
867dd83b-111e-4571-84af-9cd06da8a336,f240d002-893f-45bd-b9ad-6a6ddc015e40,Author,Alena,Thiel
f10e5c4a-41e9-4679-9177-6a84dad0ddfa,f240d002-893f-45bd-b9ad-6a6ddc015e40,Author,Alena,Thiel
78a2ec1e-d944-413d-8f3a-e39fd54bb977,f240d002-893f-45bd-b9ad-6a6ddc015e40,Author,Alena,Thiel
3fa11df5-e6a8-41e6-b80f-68b6f0a64506,f240d002-893f-45bd-b9ad-6a6ddc015e40,Author,Alena,Thiel
85e1d009-f813-43e7-b81d-8565675ec91e,f240d002-893f-45bd-b9ad-6a6ddc015e40,Author,Alena,Thiel
1cc7ab3d-1f47-438e-809e-fbb3edf286c5,f240d002-893f-45bd-b9ad-6a6ddc015e40,Author,Alena,Thiel
6705e66e-0e21-4895-9792-688433450537,f240d002-893f-45bd-b9ad-6a6ddc015e40,Author,Alena,Thiel
e65e3168-9c0d-4f27-b138-38fad478c6cc,f240d002-893f-45bd-b9ad-6a6ddc015e40,Author,Alena,Thiel
8e8707c3-d0fa-47c3-ac9f-3cc0b40c380b,f240d002-893f-45bd-b9ad-6a6ddc015e40,Author,Alena,Thiel
53631750-584f-4895-be19-3ffb76ffcde8,f240d002-893f-45bd-b9ad-6a6ddc015e40,Author,Alena,Thiel
59f16be1-e8e6-4a85-aff4-9bf969d3a583,f240d002-893f-45bd-b9ad-6a6ddc015e40,Author,Alena,Thiel
0b3c4713-eb3c-49cb-a4a7-6a301d8127ba,f240d002-893f-45bd-b9ad-6a6ddc015e40,Author,Alena,Thiel
6b862639-1d44-4a80-9027-a79a6b80a7bb,f240d002-893f-45bd-b9ad-6a6ddc015e40,Author,Alena,Thiel
0658a59a-4d14-46f5-957a-745accadab90,f240d002-893f-45bd-b9ad-6a6ddc015e40,Author,Alena,Thiel
6ad4c116-4ba6-4e39-8221-b8dcee0c791e,f240d002-893f-45bd-b9ad-6a6ddc015e40,Author,Alena,Thiel
db92d274-b32d-4698-aa22-f0cc64f81b81,f240d002-893f-45bd-b9ad-6a6ddc015e40,Author,Alena,Thiel
9b5b6de1-655c-4732-b041-f01239ae0f8f,f240d002-893f-45bd-b9ad-6a6ddc015e40,Author,Alena,Thiel
c16d68f0-2a4d-4058-a869-20578d4c5d1a,f240d002-893f-45bd-b9ad-6a6ddc015e40,Author,Alena,Thiel
1a9c3380-6349-412b-bc0b-671f3b5fcccd,f240d002-893f-45bd-b9ad-6a6ddc015e40,Author,Alena,Thiel
8fd3a591-0b5a-4340-ab3a-a2a9f31e9dde,f240d002-893f-45bd-b9ad-6a6ddc015e40,Author,Alena,Thiel
80fe1e42-a974-4baa-8290-1407459ff278,f240d002-893f-45bd-b9ad-6a6ddc015e40,Author,Alena,Thiel
f902db0d-8131-419c-b29b-5d685bb13b04,f240d002-893f-45bd-b9ad-6a6ddc015e40,Author,Alena,Thiel
05b43721-feac-438f-a6ec-7d2ae003356f,f240d002-893f-45bd-b9ad-6a6ddc015e40,Author,Alena,Thiel
83141bf1-1a14-4df1-a982-b632acdb6773,f240d002-893f-45bd-b9ad-6a6ddc015e40,Author,Alena,Thiel
e25e02c1-6a02-49f6-a4d7-f7fd15fc57d9,f240d002-893f-45bd-b9ad-6a6ddc015e40,Author,Alena,Thiel
68554e49-e3dd-4fcb-ba77-e6760e55ec4d,f240d002-893f-45bd-b9ad-6a6ddc015e40,Editor,Alena,Thiel
98dcf57a-782a-4293-a23c-2a61d02ce0ad,f240d002-893f-45bd-b9ad-6a6ddc015e40,Author,Alena,Thiel
bde870e1-df02-4b39-b879-754232cbf89f,f240d002-893f-45bd-b9ad-6a6ddc015e40,Author,Alena,Thiel
bde870e1-df02-4b39-b879-754232cbf89f,92f6c3f3-0ad2-40fc-b278-69170f87567d,Author,Lars Rune,Christensen
5b3ef9c7-e1c9-4544-817b-e1dc46748f79,,Author,Tiemo,Thiess
5b3ef9c7-e1c9-4544-817b-e1dc46748f79,,Author,Oliver,Müller
1c6e8194-ed4c-4a1f-9761-238c0bc137a8,,Author,Tiemo,Thiess
f86895c2-39b5-4317-9ea0-164c2776440f,39f7afe3-fd9c-4ac5-8ba1-fa2f2826ab8c,Author,Paloma,Thomé de Lima
426de3be-cefe-4bdd-863f-b40ae10062e2,39f7afe3-fd9c-4ac5-8ba1-fa2f2826ab8c,Author,Paloma,Thomé de Lima
af2b400f-c7c6-4bc3-acf5-d929930fd4f4,39f7afe3-fd9c-4ac5-8ba1-fa2f2826ab8c,Author,Paloma,Thomé de Lima
766a6f63-7a57-4efd-a958-63db2e7f95df,47a94200-3abe-4354-b5e3-c8ef6f1ba1f2,Author,Claus,Brabrand
95bd649c-6eb9-4820-ae07-42fb508e8d80,,Author,Nino,Javakhishvili-Larsen
6c057bfa-97b6-493a-929d-99976808b02b,d37cba38-dff2-4c27-a515-226cfadfd849,Author,Jonas,Fritsch
b01add19-d989-4c47-98c4-92f0f74fa455,d37cba38-dff2-4c27-a515-226cfadfd849,Author,Jonas,Fritsch
25ac0ed1-6b97-4b8c-afe0-974ac0ace7e9,,Author,Jessica,Enevold
25ac0ed1-6b97-4b8c-afe0-974ac0ace7e9,80784458-06f6-4eff-b0c8-df982ffa9835,Author,Rune Kristian,Nielsen
04eee400-ba9f-4089-ba0d-b633eaeba2e3,0ee7ba1e-3108-4db3-a908-97977980d032,Author,Peter,Sestoft
c3027b3a-72b6-42d7-b607-6cccfceb1356,c40e1e8a-50ee-4a7c-b7f0-2fc0fdd62adc,Author,Anna,Rogers
87188ede-179d-4fca-94e0-a82ac3ff308f,,Author,Irina,Shklovski
69cb5a2a-e859-4d37-8333-41859bb1b440,2ef641d0-bd79-425b-8b12-b58d74b993ae,Author,Michael,Szell
c4e5a3cc-41fd-490f-8fcb-2d17a70463b3,2ef641d0-bd79-425b-8b12-b58d74b993ae,Author,Michael,Szell
c8b5d059-1813-466a-8db9-3e47afe19242,2ef641d0-bd79-425b-8b12-b58d74b993ae,Author,Michael,Szell
c8b5d059-1813-466a-8db9-3e47afe19242,418f030f-2b26-4c74-a77b-c0c87d13f56d,Author,Roberta,Sinatra
941bc99f-3b5f-486a-8856-4afca2c1698e,1dbd1112-eb47-4406-936c-6807e8845610,Author,Oksana,Kulyk
4dc3a770-f13d-11dd-8987-000ea68e967b,,Author,Peter,Tiedemann
d7205c06-ece9-4668-b434-410b48b3c5e5,,Author,Kevin ,Tierney
d7205c06-ece9-4668-b434-410b48b3c5e5,4d7fda5a-3cf4-4d39-9daf-1ae192b0e0e7,Author,Rune Møller,Jensen
1a5deb8a-7e47-416d-9d88-0616980d665f,,Author,Kevin ,Tierney
1a5deb8a-7e47-416d-9d88-0616980d665f,4d7fda5a-3cf4-4d39-9daf-1ae192b0e0e7,Author,Rune Møller,Jensen
17beb993-f144-4bd1-9399-c2093ad4e79e,,Author,Kevin ,Tierney
17beb993-f144-4bd1-9399-c2093ad4e79e,4d7fda5a-3cf4-4d39-9daf-1ae192b0e0e7,Author,Rune Møller,Jensen
b908647f-20ef-445d-b2a6-1cd941a4f313,,Author,Kevin ,Tierney
b908647f-20ef-445d-b2a6-1cd941a4f313,4d7fda5a-3cf4-4d39-9daf-1ae192b0e0e7,Author,Rune Møller,Jensen
48ae20db-e890-4ed3-bfdb-c87258c9485b,,Author,Kevin,Tierney
e65abe8b-febe-420d-adc5-4a53be0fcc4d,,Author,Kevin,Tierney
b8d06be8-4f87-403c-89a0-e94ad41970b5,,Author,Kevin,Tierney
b8d06be8-4f87-403c-89a0-e94ad41970b5,4d7fda5a-3cf4-4d39-9daf-1ae192b0e0e7,Author,Rune Møller,Jensen
a401311e-0f11-470c-a6b9-06fb9085a0cd,,Author,Kevin,Tierney
a401311e-0f11-470c-a6b9-06fb9085a0cd,,Author,Dario,Pacino
a401311e-0f11-470c-a6b9-06fb9085a0cd,4d7fda5a-3cf4-4d39-9daf-1ae192b0e0e7,Author,Rune Møller,Jensen
55bdbd21-074a-4023-a928-6a3feaf447c3,,Author,Kevin,Tierney
55bdbd21-074a-4023-a928-6a3feaf447c3,b7c1af22-ef9c-444e-a1d5-dfd1721d5a8d,Author,Yuri,Malitsky
933937c1-80a5-41cb-b764-5d5e6f2b97ba,,Author,Kevin,Tierney
933937c1-80a5-41cb-b764-5d5e6f2b97ba,4d7fda5a-3cf4-4d39-9daf-1ae192b0e0e7,Author,Rune Møller,Jensen
db74bae2-d128-4e76-9e21-ac24c9a29950,,Author,Kevin,Tierney
db74bae2-d128-4e76-9e21-ac24c9a29950,4d7fda5a-3cf4-4d39-9daf-1ae192b0e0e7,Author,Rune Møller,Jensen
b38adccb-87bb-4c23-b448-b7612c77fc84,,Author,Kevin,Tierney
b38adccb-87bb-4c23-b448-b7612c77fc84,,Author,Björg ,Áskelsdóttir
b38adccb-87bb-4c23-b448-b7612c77fc84,4d7fda5a-3cf4-4d39-9daf-1ae192b0e0e7,Author,Rune Møller,Jensen
ec70a514-1e29-4834-8eca-e6039bfa96f9,,Author,Kevin,Tierney
e0b2a113-46ec-4f64-aab4-a230c8c35b3d,,Author,Peter,Eklund
fc6ea197-8c5f-47c3-858a-ccf9b017ab29,,Author,Peter,Eklund
ed2c6e7a-d23b-4243-8a79-703d470a4895,12df9187-47b5-4d7e-87f5-9089a3d229c1,Author,Dawit,Tirore
ed2c6e7a-d23b-4243-8a79-703d470a4895,b2b68ce2-6257-45bf-ab48-dc17d05c885e,Author,Jesper,Bengtson
ed2c6e7a-d23b-4243-8a79-703d470a4895,9027b41a-4159-4db7-9ddd-8fc8f41f1fb3,Author,Marco,Carbone
a934d36b-f7e4-404a-bd3a-fa1cbda10b15,12df9187-47b5-4d7e-87f5-9089a3d229c1,Author,Dawit,Tirore
2ed36218-54fe-444b-88b2-63c760bf413d,12df9187-47b5-4d7e-87f5-9089a3d229c1,Author,Dawit Legesse,Tirore
2ed36218-54fe-444b-88b2-63c760bf413d,b2b68ce2-6257-45bf-ab48-dc17d05c885e,Author,Jesper,Bengtson
2ed36218-54fe-444b-88b2-63c760bf413d,9027b41a-4159-4db7-9ddd-8fc8f41f1fb3,Author,Marco,Carbone
cc9e7e7b-3992-48a8-9335-4abeb442e439,12df9187-47b5-4d7e-87f5-9089a3d229c1,Author,Dawit Legesse,Tirore
cc9e7e7b-3992-48a8-9335-4abeb442e439,b2b68ce2-6257-45bf-ab48-dc17d05c885e,Author,Jesper,Bengtson
cc9e7e7b-3992-48a8-9335-4abeb442e439,9027b41a-4159-4db7-9ddd-8fc8f41f1fb3,Author,Marco,Carbone
b78c605c-2424-4256-a64c-f0deb4830908,785a7089-e58e-4aaa-986d-ae0e615ba508,Author,Leon,Derczynski
5b8fe428-a67b-4872-9767-b39f7927290b,,Author,Gitte,Tjørnehøj
5b8fe428-a67b-4872-9767-b39f7927290b,54728da8-274d-40e6-b119-23318d995721,Author,Hanne Westh,Nicolajsen
a2c2581b-0cff-4549-8a1f-79a30130c567,,Author,Gitte,Tjørnehøj
edfd3ea7-09ef-4b98-9068-715a1fd3f85e,,Author,Gitte,Tjørnehøj
faaef382-ae82-4b2a-8c50-daf3078e474f,,Author,Gitte,Tjørnehøj
d3fbcd18-ffa9-40c5-ad6f-8a465c6076d4,,Author,Gitte,Tjørnehøj
4af9ca1d-0db4-4e17-82c6-3a65bcb1653a,,Author,Gitte,Tjørnehøj
40a8cc4a-21e9-4fb7-90ee-33916419ac91,,Author,Gitte,Tjørnehøj
69438c1c-8a2e-4074-9fee-d837b75c9f93,,Author,Gitte,Tjørnehøj
a59f6487-ab23-43c4-be74-bc7dec25bf9c,,Author,Gitte,Tjørnehøj
8e9bf172-ad48-4e43-a0d6-fce753ac17ed,,Author,Gitte,Tjørnehøj
3fa7d483-209e-464d-9e23-428927e16567,,Author,Gitte,Tjørnehøj
b5d91e4b-b748-44fe-baf4-7a1a1acdea8d,,Author,Gitte,Tjørnehøj
5b161d08-72f1-4b38-9584-1ed0ec2c8bf4,,Author,Gitte,Tjørnehøj
5b161d08-72f1-4b38-9584-1ed0ec2c8bf4,79ebe3ed-0527-4160-9af6-be0b0853b00e,Editor,Jan,Pries-Heje
3ddd6056-dd12-4e88-aef6-8ac62395af11,,Author,Gitte,Tjørnehøj
182042f5-b68e-4c8b-a0cc-4b8fb3bee28a,,Author,Gitte,Tjørnehøj
9ad8159d-a929-464f-b13c-aa82661a4277,,Author,Gitte,Tjørnehøj
99a14deb-0282-4d28-a3c9-c209855eacd7,,Author,Gitte,Tjørnehøj
66e71cc7-1fc8-4b80-8c9f-a5fa1cc8e8e2,,Author,Gitte,Tjørnehøj
570bdcd7-a04a-4bf0-acfe-eea79bec6d3a,,Author,Gitte,Tjørnehøj
570bdcd7-a04a-4bf0-acfe-eea79bec6d3a,54728da8-274d-40e6-b119-23318d995721,Author,Hanne,Westh Nicolajsen
5b942e60-e345-11de-a523-000ea68e967b,,Author,Julian,Togelius
0b664080-e346-11de-a523-000ea68e967b,,Author,Julian,Togelius
c3cff890-e4af-11de-a523-000ea68e967b,,Author,Julian,Togelius
73ec465c-9721-4585-b4a7-616823835a6d,,Author,Julian,Togelius
73ec465c-9721-4585-b4a7-616823835a6d,,Author,Georgios N.,Yannakakis
781d23ce-be94-4b16-9de2-b790666a3836,,Author,Julian,Togelius
781d23ce-be94-4b16-9de2-b790666a3836,,Author,Georgios N.,Yannakakis
7b028858-43ea-4dbc-b0b8-a3d5536f3cbe,,Author,Julian,Togelius
7b028858-43ea-4dbc-b0b8-a3d5536f3cbe,,Author,Georgios N.,Yannakakis
4e159d47-dc91-4508-bbbe-2c15c8f6ae79,,Author,Julian,Togelius
4e159d47-dc91-4508-bbbe-2c15c8f6ae79,,Author,Georgios N.,Yannakakis
4e159d47-dc91-4508-bbbe-2c15c8f6ae79,,Author,Noor ,Shaker
31df99ca-3396-4b5a-87b5-1488aa2838ee,,Author,Julian,Togelius
31df99ca-3396-4b5a-87b5-1488aa2838ee,,Author,Noor,Shaker
31df99ca-3396-4b5a-87b5-1488aa2838ee,,Author,Georgios N.,Yannakakis
e15af360-39b1-4e09-b083-31d7699db97d,,Author,Julian,Togelius
e15af360-39b1-4e09-b083-31d7699db97d,,Author,Mark,Nelson
e15af360-39b1-4e09-b083-31d7699db97d,,Author,Antonios,Liapis
8ba334b7-c50c-4061-a031-9593b1c51ab2,,Author,Julian,Togelius
1083a640-8656-4496-adcb-b609681b1c7a,,Author,Julian,Togelius
1083a640-8656-4496-adcb-b609681b1c7a,a420ffb3-2ca6-4925-a25f-baaa5228fc15,Author,Sebastian,Risi
1083a640-8656-4496-adcb-b609681b1c7a,,Author,Georgios,Yannakakis
33f697ac-055e-4f08-999b-9581f2186edb,410b0cad-d9fe-48d8-9edc-56ad6eb9c43b,Author,Ratish,Puduppully
8873ec55-0087-4f42-821f-0e8fe42b036d,74a08deb-18e1-48d0-a86e-ed6675da92ab,Author,Christian,Østergaard Madsen
964cc570-fa1a-4223-b2bf-207bea8d731b,74a08deb-18e1-48d0-a86e-ed6675da92ab,Author,Christian,Østergaard Madsen
52f006df-a39a-46ea-8e2e-d51b1d7b950e,,Author,Teresa,Almeida
12806539-1cd3-4bce-afd1-51f8a0920668,1b3cff7f-1549-4998-b52e-0ba9093e1d01,Author,Pedro ,Ferreira
24e1a5c1-fbda-43a5-90d6-98954700ef36,,Author,Raffaele,Ciriello
87959894-b706-4946-a939-7e9f55e8f638,63342b24-28ec-40c5-a7d9-ec49867dc75d,Author,Pinar,Tözün
a9d25780-9389-11dd-8006-000ea68e967b,,Author,Noah,Torp-Smith
a9d25780-9389-11dd-8006-000ea68e967b,,Author,Lars,Birkedal
144b373a-b8d0-4a74-8e7c-49e727211408,,Author,N.,Justesen
144b373a-b8d0-4a74-8e7c-49e727211408,a420ffb3-2ca6-4925-a25f-baaa5228fc15,Author,S.,Risi
144b373a-b8d0-4a74-8e7c-49e727211408,,Author,J.,Togelius
0604d9a9-f6ac-463e-ae1a-56765d46434e,6aed9698-9a0c-4956-be0d-ec658bbfe09a,Author,Luca Maria,Aiello
ca874570-8309-11dd-b116-000ea68e967b,,Author,Susana Pajares,Tosca
8c42e3c0-c5fb-11dd-867b-000ea68e967b,,Author,Susana Pajares,Tosca
d61f5130-7aa6-11de-8664-000ea68e967b,,Author,Susana Pajares,Tosca
42880b40-7aa8-11de-8664-000ea68e967b,,Author,Susana Pajares,Tosca
42880b40-7aa8-11de-8664-000ea68e967b,,Author,Lisbeth,Klastrup
4b082420-7aa9-11de-8664-000ea68e967b,,Author,Susana Pajares,Tosca
e02c6b50-7aaa-11de-8664-000ea68e967b,,Author,Susana Pajares,Tosca
719acbe0-7aab-11de-8664-000ea68e967b,,Author,Susana Pajares,Tosca
2d3b8a70-e0db-11de-a523-000ea68e967b,,Author,Susana Pajares,Tosca
34600af0-e0dc-11de-a523-000ea68e967b,,Author,Susana Pajares,Tosca
34600af0-e0dc-11de-a523-000ea68e967b,,Author,Lisbeth,Klastrup
553e9716-81fc-45be-bb4a-e77261d33ce9,,Author,Susana Pajares,Tosca
553e9716-81fc-45be-bb4a-e77261d33ce9,,Author,Lisbeth,Klastrup
79fc441c-1930-42ba-9fab-3bf00ebffe91,,Author,Susana Pajares,Tosca
79fc441c-1930-42ba-9fab-3bf00ebffe91,,Author,Simon,Egenfeldt-Nielsen
138abedf-284c-4cf3-89ba-ba2fe967bbfe,,Author,Susana,Tosca
1b997b51-26b3-4fc1-ae36-c36dca4dc29e,,Author,Susana Pajares,Tosca
c212f602-87d8-4499-9d3a-db2f33d8f173,,Author,Susana Pajares,Tosca
a2d3520f-fdc1-4936-a34c-2f15205c5bed,,Author,Susana Pajares,Tosca
c3ec05cc-3ae3-40ac-900c-5ca8b82ef098,,Author,Susana Pajares,Tosca
97ace6eb-ecb2-4c27-ae00-01b76090daff,,Author,Susana Pajares,Tosca
97ace6eb-ecb2-4c27-ae00-01b76090daff,,Author,Helle Nina,Pedersen
58f86ced-7130-4222-b05e-263ae158be4e,,Author,Susana Pajares,Tosca
58f86ced-7130-4222-b05e-263ae158be4e,,Author,Helle Nina,Pedersen
0ff1209e-ee5f-4fca-8044-2b927c68d794,,Author,Susana Pajares,Tosca
0ff1209e-ee5f-4fca-8044-2b927c68d794,7998ba0f-5ca2-4f16-a4c3-275c12f77fc0,Author,Héctor Puente ,Bienvenido
d5026572-f0a6-415e-bae8-270f6ab1148d,,Author,Diako,Mardanbeigi
d5026572-f0a6-415e-bae8-270f6ab1148d,5ad9c220-e37f-443a-8a31-fc4abf365db5,Author,Dan,Witzner Hansen
a23e3074-b0e8-4c92-b19c-3778a881ce7d,,Author,Signe Lund,Tovgaard
a23e3074-b0e8-4c92-b19c-3778a881ce7d,bc7a60f7-45a0-401f-813f-6b4aa700c849,Author,Steffen,Dalsgaard
da634aae-c0f1-471a-8ba8-3547da2b84ec,63342b24-28ec-40c5-a7d9-ec49867dc75d,Author,Pinar,Tözün
dc84f6db-df30-4c3a-aabb-6fa5ce09a736,63342b24-28ec-40c5-a7d9-ec49867dc75d,Author,Pinar,Tözün
3638baea-6830-4b2a-a477-d47897fe8a08,63342b24-28ec-40c5-a7d9-ec49867dc75d,Editor,Pinar,Tözün
657b5164-d9db-4c27-8558-da2af056005e,63342b24-28ec-40c5-a7d9-ec49867dc75d,Author,Pınar,Tözün
536f4ec8-3923-4607-b8ff-a45c187cf283,63342b24-28ec-40c5-a7d9-ec49867dc75d,Author,Pınar,Tözün
09cc8e02-e0e9-4456-99e8-4b8dbb9b1de5,,Author,Peter,Eklund
db860fed-41f7-4112-b214-ae1adc990cd3,,Author,Peter,Eklund
e0802c9f-d3a9-4425-beb0-096401a5a13b,,Author,Peter,Eklund
d0414118-9236-40ff-a950-ca7b79f7e551,,Author,Peter,Eklund
23c7c8b2-c149-4a88-b1a9-590fcc8c4a8c,,Author,Peter,Eklund
97c4f392-7741-460d-bb14-56da8e6849b9,b55a7155-5e64-4230-b7da-94f7872e9742,Author,Louie Søs,Meyer
5aac9495-c9cd-4c35-8dac-10f0709d529e,857b3b5b-92d4-43b3-861c-d8efbdbe3b16,Author,Omar Shahbaz,Khan
5aac9495-c9cd-4c35-8dac-10f0709d529e,,Author,Aaron,Duane
88dedb00-8fb2-11dd-8006-000ea68e967b,,Author,Richard,Ling
b64e9cb0-c502-4691-bbb6-e46ea38fc447,,Editor,Roman,Beck
d42e441d-a4f2-41ac-afdf-41b341746cee,,Editor,Roman,Beck
9551d25d-b852-41ae-bc5a-06cdf2ee62a3,,Author,Roman,Beck
3fc4a0a0-8ef7-11dd-8006-000ea68e967b,,Author,Simeon,Keates
b0679dd3-d05a-465f-9877-cf7e0de28a2a,3ad26d6b-4619-4a9f-a1b6-8424aab1dd52,Author,Tom,Jenkins
6cc4ac32-07be-48e4-b3e6-01e44a702b39,,Author,Kristian,Møller
6cc4ac32-07be-48e4-b3e6-01e44a702b39,,Author,Christina,Neumayer
ad50d832-b686-4f9d-9fc2-3d723695f47a,2b8ff3a4-e9b0-403d-8bd8-1bf26121c234,Author,Paolo,Tell
63d5d848-3210-4249-af8f-6e81ff8ca8c5,d21db1f2-9a89-4611-8077-e06e89985faa,Author,Peter Brunsgaard,Trolle
63d5d848-3210-4249-af8f-6e81ff8ca8c5,9504265d-0046-4e58-b529-256a656c012d,Author,Christian,Hardmeier
63d5d848-3210-4249-af8f-6e81ff8ca8c5,1b45e3f5-b8cd-4c0d-a444-2901304f76ee,Author,Luca,Rossi
c105cfde-646f-401f-a0d8-d78c7c415acb,d21db1f2-9a89-4611-8077-e06e89985faa,Author,Peter Brunsgaard,Trolle
c105cfde-646f-401f-a0d8-d78c7c415acb,9504265d-0046-4e58-b529-256a656c012d,Author,Christian,Hardmeier
330acc26-5c63-4760-8d2b-50b4fa5d2ee1,5f52759c-418a-41b7-bbdb-050492677284,Author,Martin,Aumüller
658f4f5c-2334-445e-97ab-57ab957c9344,ce1a5350-f645-4a53-a745-fca8d4f1f030,Author,Elda,Paja
cdee80f4-e354-4cea-8208-ca75d08824bd,e9d14210-bc71-4824-b7cf-fd1448d022ab,Author,Marisa,Cohn
cdee80f4-e354-4cea-8208-ca75d08824bd,25a5a0d6-404b-419c-9502-b246525617a2,Author,Laurens,Boer
cdee80f4-e354-4cea-8208-ca75d08824bd,2fa5dc89-7d78-45d0-96c7-e8f39b78dd3e,Author,Anna,Vallgårda
45a468bf-42d2-406a-85c7-c7921666f024,805cae2a-3462-4130-88de-cc7d94aec0a5,Author,Vasiliki,Tsaknaki
45a468bf-42d2-406a-85c7-c7921666f024,3ad26d6b-4619-4a9f-a1b6-8424aab1dd52,Author,Tom,Jenkins
45a468bf-42d2-406a-85c7-c7921666f024,25a5a0d6-404b-419c-9502-b246525617a2,Author,Laurens,Boer
45a468bf-42d2-406a-85c7-c7921666f024,,Author,Sarah,Homewood
cf8a07ba-9cc9-47d5-a59b-8ee3fcf42ee0,805cae2a-3462-4130-88de-cc7d94aec0a5,Author,Vasiliki,Tsaknaki
22c468cd-9260-4747-a357-0be3672e1e0a,805cae2a-3462-4130-88de-cc7d94aec0a5,Author,Vasiliki,Tsaknaki
47ba173b-e9b3-4699-92e6-1084b1ac331d,805cae2a-3462-4130-88de-cc7d94aec0a5,Author,Vasiliki,Tsaknaki
af853e47-60ba-48b8-be95-4e879ae2c602,805cae2a-3462-4130-88de-cc7d94aec0a5,Author,Vasiliki,Tsaknaki
595a8ea9-4a43-4e61-8281-413de86655f4,805cae2a-3462-4130-88de-cc7d94aec0a5,Author,Vasiliki,Tsaknaki
595a8ea9-4a43-4e61-8281-413de86655f4,,Author,Stina Hasse,Jørgensen
595a8ea9-4a43-4e61-8281-413de86655f4,7d7aa141-f716-4165-a057-f49e3f5d5b1e,Author,Lena,Kühn
595a8ea9-4a43-4e61-8281-413de86655f4,,Author,Karin,Ryding
595a8ea9-4a43-4e61-8281-413de86655f4,c4e4fa45-a84f-4422-a4f5-7cc5706782a2,Author,Mai,Hartmann
595a8ea9-4a43-4e61-8281-413de86655f4,d37cba38-dff2-4c27-a515-226cfadfd849,Author,Jonas,Fritsch
595a8ea9-4a43-4e61-8281-413de86655f4,,Author,Maria,Foverskov
cd8f7db2-48b6-472a-be5c-c2df1477c8c8,805cae2a-3462-4130-88de-cc7d94aec0a5,Author,Vasiliki,Tsaknaki
d214142c-0b76-4bde-8b12-d0283d07c629,805cae2a-3462-4130-88de-cc7d94aec0a5,Author,Vasiliki,Tsaknaki
d214142c-0b76-4bde-8b12-d0283d07c629,3ad26d6b-4619-4a9f-a1b6-8424aab1dd52,Author,Tom,Jenkins
d214142c-0b76-4bde-8b12-d0283d07c629,25a5a0d6-404b-419c-9502-b246525617a2,Author,Laurens,Boer
9cc9d2fc-4b52-45de-be3e-3ee489da1338,805cae2a-3462-4130-88de-cc7d94aec0a5,Author,Vasiliki,Tsaknaki
9cc9d2fc-4b52-45de-be3e-3ee489da1338,2fa5dc89-7d78-45d0-96c7-e8f39b78dd3e,Author,Anna,Vallgårda
242c5614-07a9-4745-a8ef-0a07a28ab52a,805cae2a-3462-4130-88de-cc7d94aec0a5,Author,Vasiliki,Tsaknaki
242c5614-07a9-4745-a8ef-0a07a28ab52a,0baaf9f8-3126-4cb1-b22f-b9fceabb8b54,Author,Lara,Reime
242c5614-07a9-4745-a8ef-0a07a28ab52a,e9d14210-bc71-4824-b7cf-fd1448d022ab,Author,Marisa,Cohn
58eee051-e246-4282-aafd-070cf7725368,805cae2a-3462-4130-88de-cc7d94aec0a5,Author,Vasiliki ,Tsaknaki
58eee051-e246-4282-aafd-070cf7725368,,Author,Sarah,Homewood
58eee051-e246-4282-aafd-070cf7725368,d37cba38-dff2-4c27-a515-226cfadfd849,Author,Jonas ,Fritsch
58eee051-e246-4282-aafd-070cf7725368,b611f406-3531-4b9a-a511-831d28cf62ef,Author,Anna ,Brynskov
9df42d00-0f98-4d70-a677-74b030a8efcf,d43519a1-5bf4-4290-a053-fe55459ca88a,Author,Sven,Peldszus
b4e05439-7b4a-47fd-a5a6-7a1fe9e0d9c6,,Author,Lone,Malmborg
7723a669-640c-4fcc-b5ca-efa5da0b3249,cf5e1d64-5489-4534-ba34-8dba5fd354a6,Author,Paolo,Burelli
f2b6c4d6-8f44-455b-89b9-2375c4616209,e23e8096-59cb-4ef6-af48-ce9d806fd1eb,Author,Nanna,Inie
1cf94227-f0f3-4aab-8c1d-af495477c43e,,Author,John,Gøtze
0fca7063-76a4-41ad-bd30-a53cd9430445,1abda59f-c493-4824-a7b1-7470d66f08d1,Author,Stefan,Heinrich
88d117c1-eb60-49bc-86f3-b087ea30c7d8,fa03d816-cd99-4fea-b45b-efe7ecd3cb0a,Author,Jaike van,Twiller
88d117c1-eb60-49bc-86f3-b087ea30c7d8,c596539b-3ceb-497c-9a43-e71d6b0f65a6,Author,Djordje ,Grbic
88d117c1-eb60-49bc-86f3-b087ea30c7d8,4d7fda5a-3cf4-4d39-9daf-1ae192b0e0e7,Author,Rune Møller,Jensen
6d908b2d-3d48-497e-9fe4-1b9f09b9bc2e,fa03d816-cd99-4fea-b45b-efe7ecd3cb0a,Author,Jaike van,Twiller
6d908b2d-3d48-497e-9fe4-1b9f09b9bc2e,c596539b-3ceb-497c-9a43-e71d6b0f65a6,Author,Djordje ,Grbic
6d908b2d-3d48-497e-9fe4-1b9f09b9bc2e,4d7fda5a-3cf4-4d39-9daf-1ae192b0e0e7,Author,Rune Møller,Jensen
1b0692bf-f4fa-4f56-b5ef-df123562bfd2,cf6cfa0b-e3ac-4164-8de2-b956d8e23825,Author,Elisa D.,Mekler
ce16c7fc-031a-41bc-b194-87520a4bc540,cf6cfa0b-e3ac-4164-8de2-b956d8e23825,Author,Elisa D.,Mekler
74f2ce1e-8b3a-4647-8de1-3ee5c40ff953,cf6cfa0b-e3ac-4164-8de2-b956d8e23825,Author,Elisa,Mekler
e75e4710-830a-11dd-b116-000ea68e967b,,Author,Anders,Tychsen
a28bc210-830b-11dd-b116-000ea68e967b,,Author,Anders,Tychsen
edebdec0-830b-11dd-b116-000ea68e967b,,Author,Anders,Tychsen
b55dea20-830c-11dd-b116-000ea68e967b,,Author,Anders,Tychsen
b578c520-830c-11dd-b116-000ea68e967b,,Author,Anders,Tychsen
d8f71d70-830d-11dd-b116-000ea68e967b,,Author,Anders,Tychsen
1a06a8b0-e873-11dd-a259-000ea68e967b,,Author,Anders,Tychsen
ae879910-e876-11dd-a259-000ea68e967b,,Author,Anders,Tychsen
15ee1cf0-f9bb-11dd-b964-000ea68e967b,,Author,Anders,Tychsen
96abb200-f9be-11dd-b964-000ea68e967b,,Author,Anders,Tychsen
d2f7ae20-f9bf-11dd-b964-000ea68e967b,,Author,Anders,Tychsen
d8243cf0-f9c5-11dd-b964-000ea68e967b,,Author,Anders,Tychsen
4c684460-f9c8-11dd-b964-000ea68e967b,,Author,Anders,Tychsen
f737911b-5af9-48e0-88f8-c2a17b0209d3,,Author,Jose,Abdelnour-Nocera
a27784f9-3f60-46bc-9503-fd0ab9363293,f2136570-f73c-446f-9fb0-6d9e461e2124,Author,Yvonne,Dittrich
658f3c55-b4c1-4140-aa75-100e88309388,0bdda5a8-b38a-4532-b9a2-e5d9a98c05a7,Author,Hasib,Ahsan
d431e888-9652-4997-9655-105536581ccd,,Author,Mansooreh,Zahedi
d431e888-9652-4997-9655-105536581ccd,,Author,Muhammad Ali,Babar
b80af5a9-b1ae-45c4-b002-93bdd1b99f5b,6596de1d-ea29-4252-a22e-f98cf28090c6,Author,Dennis Thomas,Ulmer
448a8623-ec53-4e7a-bb63-74fd4d673b03,6596de1d-ea29-4252-a22e-f98cf28090c6,Author,Dennis Thomas,Ulmer
448a8623-ec53-4e7a-bb63-74fd4d673b03,9504265d-0046-4e58-b529-256a656c012d,Author,Christian,Hardmeier
448a8623-ec53-4e7a-bb63-74fd4d673b03,,Author,Jes,Frellsen
fc23a8ce-731e-4697-aad6-c6f8388c5a44,6596de1d-ea29-4252-a22e-f98cf28090c6,Author,Dennis Thomas,Ulmer
fc23a8ce-731e-4697-aad6-c6f8388c5a44,c6b67626-5ff8-4730-93a6-70ee08f6013e,Author,Elisa,Bassignana
fc23a8ce-731e-4697-aad6-c6f8388c5a44,523ffd96-f3b2-49cc-8f24-dc9215b84bed,Author,Max,Müller-Eberstein
fc23a8ce-731e-4697-aad6-c6f8388c5a44,,Author,Daniel,Varab
fc23a8ce-731e-4697-aad6-c6f8388c5a44,78a992d3-b8eb-4fd6-8a5e-18c464d0b254,Author,Mike,Zhang
fc23a8ce-731e-4697-aad6-c6f8388c5a44,9504265d-0046-4e58-b529-256a656c012d,Author,Christian,Hardmeier
fc23a8ce-731e-4697-aad6-c6f8388c5a44,f073ebac-704d-4236-9206-d1d2ef2be9c3,Author,Barbara,Plank
cc5a86d5-a1f6-45be-bd29-0c4319271ed7,6596de1d-ea29-4252-a22e-f98cf28090c6,Author,Dennis Thomas,Ulmer
cc5a86d5-a1f6-45be-bd29-0c4319271ed7,,Author,Jes,Frellsen
cc5a86d5-a1f6-45be-bd29-0c4319271ed7,9504265d-0046-4e58-b529-256a656c012d,Author,Christian,Hardmeier
b05d6e08-61c7-49ec-ad5d-e9ce8f0f531e,6596de1d-ea29-4252-a22e-f98cf28090c6,Author,Dennis Thomas,Ulmer
b05d6e08-61c7-49ec-ad5d-e9ce8f0f531e,c6b67626-5ff8-4730-93a6-70ee08f6013e,Author,Elisa,Bassignana
b05d6e08-61c7-49ec-ad5d-e9ce8f0f531e,523ffd96-f3b2-49cc-8f24-dc9215b84bed,Author,Max,Müller-Eberstein
b05d6e08-61c7-49ec-ad5d-e9ce8f0f531e,,Author,Daniel,Varab
b05d6e08-61c7-49ec-ad5d-e9ce8f0f531e,78a992d3-b8eb-4fd6-8a5e-18c464d0b254,Author,Mike,Zhang
b05d6e08-61c7-49ec-ad5d-e9ce8f0f531e,8e5f2a6c-c817-4a90-b48b-d9171743ad0f,Author,Rob,van der Goot
b05d6e08-61c7-49ec-ad5d-e9ce8f0f531e,9504265d-0046-4e58-b529-256a656c012d,Author,Christian,Hardmeier
b05d6e08-61c7-49ec-ad5d-e9ce8f0f531e,f073ebac-704d-4236-9206-d1d2ef2be9c3,Author,Barbara,Plank
c7f81896-c30d-4035-bf12-322f8099e025,6596de1d-ea29-4252-a22e-f98cf28090c6,Author,Dennis Thomas,Ulmer
c7f81896-c30d-4035-bf12-322f8099e025,9504265d-0046-4e58-b529-256a656c012d,Author,Christian,Hardmeier
c7f81896-c30d-4035-bf12-322f8099e025,,Author,Jes,Frellsen
8de7a07d-a214-43db-b1ae-46a0e4a06587,6596de1d-ea29-4252-a22e-f98cf28090c6,Author,Dennis Thomas,Ulmer
e7e0c7a9-8533-4b00-9866-34baf318db46,6596de1d-ea29-4252-a22e-f98cf28090c6,Author,Dennis Thomas,Ulmer
a6e2dd9e-6851-42bf-9d0a-52f7e84d87b1,6596de1d-ea29-4252-a22e-f98cf28090c6,Author,Dennis Thomas,Ulmer
3c0d7bac-d02e-4684-9e93-5f6bf698315b,6596de1d-ea29-4252-a22e-f98cf28090c6,Author,Dennis Thomas,Ulmer
5c3b396c-485d-4208-bbf2-eeb8b959f13d,f073ebac-704d-4236-9206-d1d2ef2be9c3,Author,Barbara,Plank
d1d4c1af-e0b4-4785-b35c-23dbcc887a3f,f073ebac-704d-4236-9206-d1d2ef2be9c3,Author,Barbara,Plank
fc272fe0-dd7d-11dd-a259-000ea68e967b,,Author,Hataichanok,Unphon
fc272fe0-dd7d-11dd-a259-000ea68e967b,f2136570-f73c-446f-9fb0-6d9e461e2124,Author,Yvonne,Dittrich
c9f478f0-e4d6-11de-a523-000ea68e967b,,Author,Hataichanok,Unphon
631c1560-e4d7-11de-a523-000ea68e967b,,Author,Hataichanok,Unphon
631c1560-e4d7-11de-a523-000ea68e967b,f2136570-f73c-446f-9fb0-6d9e461e2124,Author,Yvonne,Dittrich
260b6d80-ff60-11de-a523-000ea68e967b,,Author,Hataichanok,Unphon
260b6d80-ff60-11de-a523-000ea68e967b,f2136570-f73c-446f-9fb0-6d9e461e2124,Author,Yvonne,Dittrich
e0e6749a-a889-41d8-b4c0-7e7f58c37bf7,,Author,Hataichanok,Unphon
0cbc6785-2152-4618-a0c0-8cba2d0f56b9,,Author,Hataichanok,Unphon
2f1465cd-c525-4ef7-b505-736bb5c0b1ba,,Author,Aske,Kammer
78bf174c-516d-4288-8441-d237bc295648,1b45e3f5-b8cd-4c0d-a444-2901304f76ee,Author,Luca,Rossi
78bf174c-516d-4288-8441-d237bc295648,,Author,Irina,Shklovski
8940cf24-b800-4c45-8204-482e79d4fb22,,Author,Niccolò,Veltri
ca2c6228-5765-4e92-8797-8f385ce86192,,Author,Niccolò,Veltri
28f40215-cc86-4e62-9d69-a2df9264a3d2,,Author,Niccolò,Veltri
017a70a3-01f1-4bb2-98da-a69e732d5b62,,Author,Anne Kathrine Pihl,Vadgaard
51011c7a-fbfd-491a-8ea1-1feaee5c7afc,,Author,Anne Kathrine Pihl,Vadgård
8f63359b-85f5-4d38-978e-3409174e58ff,,Author,Anne Kathrine Pihl,Vadgård
abb23a26-4b1d-4346-879b-261db7aaade2,cf6cfa0b-e3ac-4164-8de2-b956d8e23825,Author,Elisa,Mekler
5a3f449f-485c-4010-bda1-cf0f162f7a3e,,Author,Oliver,Müller
81e56ec3-7811-444c-aab5-7826d766c041,06b69b03-fa50-410d-a8e5-fd3da1876353,Author,Arturo,Valdivia Martinez
81e56ec3-7811-444c-aab5-7826d766c041,cf5e1d64-5489-4534-ba34-8dba5fd354a6,Author,Paolo,Burelli
edfb6f9b-47d4-4cb7-90ca-81c2d2e5350d,e23e8096-59cb-4ef6-af48-ce9d806fd1eb,Author,Nanna,Inie
d3207420-e6ed-11dd-a259-000ea68e967b,2fa5dc89-7d78-45d0-96c7-e8f39b78dd3e,Author,Anna K. A.,Vallgårda
86973200-e6f3-11dd-a259-000ea68e967b,2fa5dc89-7d78-45d0-96c7-e8f39b78dd3e,Author,Anna K. A.,Vallgårda
e3a233b0-e3fe-11de-a523-000ea68e967b,2fa5dc89-7d78-45d0-96c7-e8f39b78dd3e,Author,Anna K. A.,Vallgårda
cdf5ecc0-e401-11de-a523-000ea68e967b,2fa5dc89-7d78-45d0-96c7-e8f39b78dd3e,Author,Anna K. A.,Vallgårda
cdf5ecc0-e401-11de-a523-000ea68e967b,,Author,Tomas,Sokoler
ef6392bb-6b11-45f3-bbe7-17be4770709f,,Author,Tomas,Sokoler
3dc61972-d6c8-4cc9-a20d-def21c215392,2fa5dc89-7d78-45d0-96c7-e8f39b78dd3e,Author,Anna K. A.,Vallgårda
508e8b7d-1c15-4c1f-bcb2-1dbf67a8980f,2fa5dc89-7d78-45d0-96c7-e8f39b78dd3e,Author,Anna,Vallgårda
b03a84e8-f99b-4377-b68c-d92d523edb90,2fa5dc89-7d78-45d0-96c7-e8f39b78dd3e,Author,Anna,Vallgårda
6cf9e270-d3d2-4586-99a8-2c00e146cd1d,2fa5dc89-7d78-45d0-96c7-e8f39b78dd3e,Author,Anna,Vallgårda
2c5eaa2c-71e2-456a-8975-c9691876f1ba,2fa5dc89-7d78-45d0-96c7-e8f39b78dd3e,Author,Anna,Vallgårda
2c5eaa2c-71e2-456a-8975-c9691876f1ba,,Author,Morten Trøstrup,Winther
66649102-3e9a-480e-ad03-af64c9d0c35d,2fa5dc89-7d78-45d0-96c7-e8f39b78dd3e,Author,Anna,Vallgårda
18c8171c-0bc6-4b54-833d-3bd2c500c498,2fa5dc89-7d78-45d0-96c7-e8f39b78dd3e,Author,Anna,Vallgårda
18c8171c-0bc6-4b54-833d-3bd2c500c498,25a5a0d6-404b-419c-9502-b246525617a2,Author,Laurens,Boer
18c8171c-0bc6-4b54-833d-3bd2c500c498,,Author,Dag,Svanæs
1cbaae35-308d-430f-ba74-217578a5f548,2fa5dc89-7d78-45d0-96c7-e8f39b78dd3e,Author,Anna,Vallgårda
1cbaae35-308d-430f-ba74-217578a5f548,25a5a0d6-404b-419c-9502-b246525617a2,Author,Laurens,Boer
1cbaae35-308d-430f-ba74-217578a5f548,,Author,Dag,Svanæs
eeb6cd45-99ad-4dad-b873-f5e373bcc7c7,2fa5dc89-7d78-45d0-96c7-e8f39b78dd3e,Author,Anna,Vallgårda
eeb6cd45-99ad-4dad-b873-f5e373bcc7c7,25a5a0d6-404b-419c-9502-b246525617a2,Author,Laurens,Boer
eeb6cd45-99ad-4dad-b873-f5e373bcc7c7,,Author,Dag,Svanæs
6d007e4b-3736-4231-9504-a850d4582ab0,2fa5dc89-7d78-45d0-96c7-e8f39b78dd3e,Author,Anna,Vallgårda
6d007e4b-3736-4231-9504-a850d4582ab0,1e0534b4-fe3e-4c5e-ad6d-5f1c7df6a14e,Author,Erik,Grönvall
6d007e4b-3736-4231-9504-a850d4582ab0,d37cba38-dff2-4c27-a515-226cfadfd849,Author,Jonas,Fritsch
3af7d376-6ff6-4174-84bc-38034822a3d9,2fa5dc89-7d78-45d0-96c7-e8f39b78dd3e,Author,Anna,Vallgårda
3af7d376-6ff6-4174-84bc-38034822a3d9,25a5a0d6-404b-419c-9502-b246525617a2,Author,Laurens,Boer
3af7d376-6ff6-4174-84bc-38034822a3d9,4b32d446-5acb-42c7-83b2-41ca287d8613,Author,Ben,Cahill
af205964-572b-48cd-8b5b-1ba01c105939,2fa5dc89-7d78-45d0-96c7-e8f39b78dd3e,Author,Anna,Vallgårda
af205964-572b-48cd-8b5b-1ba01c105939,,Author,Camille,Wagner-Eckert
af205964-572b-48cd-8b5b-1ba01c105939,,Author,Caroline Bøgvad,Mølhave
af205964-572b-48cd-8b5b-1ba01c105939,5d268f64-6963-4991-9ac4-e7510c0ae705,Author,Harvey,Bewley
7ce8c40a-7005-4407-a71a-1723173920c3,2fa5dc89-7d78-45d0-96c7-e8f39b78dd3e,Author,Anna,Vallgårda
72dda5c0-1e36-11df-b794-000ea68e967b,2fa5dc89-7d78-45d0-96c7-e8f39b78dd3e,Author,Anna K. A.,Vallgårda
7dd21677-7ec8-4b14-a928-99346bd4686c,12698500-7fd8-4508-b86a-adafaeaf91a9,Author,David,Struthers
7dd21677-7ec8-4b14-a928-99346bd4686c,,Author,Isabel,Fróes
0316a004-a3d9-43ea-a9ea-ba1c5092d0c4,f2136570-f73c-446f-9fb0-6d9e461e2124,Author,Yvonne,Dittrich
0a22d740-7b4c-11de-8664-000ea68e967b,,Author,Bjarki,Valtysson
8fec90f0-7b4c-11de-8664-000ea68e967b,,Author,Bjarki,Valtysson
633835e0-7b4d-11de-8664-000ea68e967b,,Author,Bjarki,Valtysson
ef0cdf30-7b4d-11de-8664-000ea68e967b,,Author,Bjarki,Valtysson
81bbfd20-7b4e-11de-8664-000ea68e967b,,Author,Bjarki,Valtysson
fdaf5560-7b50-11de-8664-000ea68e967b,,Author,Bjarki,Valtysson
440d18d0-7b51-11de-8664-000ea68e967b,,Author,Bjarki,Valtysson
25b08a40-6a32-11df-b794-000ea68e967b,,Author,Bjarki,Valtysson
8ff1257b-c9ba-46db-b2c7-a74158d53b07,,Author,Bjarki,Valtysson
8ff1257b-c9ba-46db-b2c7-a74158d53b07,,Author,Nanna,Holdgaard
8ff1257b-c9ba-46db-b2c7-a74158d53b07,,Author,Richard,Ling
aed924e9-acfb-4385-848c-0caebdef2cc5,,Author,Bjarki,Valtysson
f83721f4-256b-4537-a584-b8720e774a54,,Author,Bjarki,Valtysson
394a6f20-6a33-11df-b794-000ea68e967b,,Author,Bjarki,Valtysson
d05af0e2-a811-41cb-ad9b-49dae4a12ac0,,Author,Bjarki,Valtysson
9645eeca-bcbe-4298-a3a3-d33ffaf46820,,Author,Bjarki,Valtysson
54992c1c-e1da-4352-a78a-722d405dcbd2,,Author,Bjarki,Valtysson
09c485d4-8ee4-4419-8343-00e3a9c602b2,,Author,Bjarki,Valtysson
30ee839c-0bd0-4705-8780-a0c50df23b65,,Author,Bjarki,Valtysson
403b45c0-7b50-11de-8664-000ea68e967b,,Author,Bjarki,Valtysson
89d7cee8-f0c0-4ca4-a244-98e151477af3,,Author,Nanna,Holdgaard
a10f30c4-479e-48a8-84e7-62881270a1d6,0c46864b-a7f8-4439-aeda-0781f77bfe88,Author,Katrine Meldgaard,Kjær
26076e5f-3301-4d86-a7a3-1c1c7500a812,0c46864b-a7f8-4439-aeda-0781f77bfe88,Author,Katrine Meldgaard,Kjær
a546dac0-dbeb-4e39-bb97-e8efaf01fd17,e726f512-d3fd-4d89-962a-3aa9f532a52f,Author,Toine,Bogers
1ee0eb6f-28e7-4d26-8879-d0ac5e52ab17,e726f512-d3fd-4d89-962a-3aa9f532a52f,Author,Toine,Bogers
6f1f3487-75be-4b70-a103-d5cb59624500,e726f512-d3fd-4d89-962a-3aa9f532a52f,Author,Toine,Bogers
b644265b-c2e5-42f6-8435-34c733e11dc0,e726f512-d3fd-4d89-962a-3aa9f532a52f,Author,Toine,Bogers
7875b848-19d4-4a91-9404-d3e22a99b8d2,f073ebac-704d-4236-9206-d1d2ef2be9c3,Author,Barbara,Plank
e4de4c1a-cfbc-433e-b4cd-10346c884126,8e5f2a6c-c817-4a90-b48b-d9171743ad0f,Author,Rob,van der Goot
3b5ca7c9-20d5-46c7-954e-8de335e1b592,8e5f2a6c-c817-4a90-b48b-d9171743ad0f,Author,Rob,van der Goot
9ccd65d1-8327-42c8-b7c5-a34835af22b2,8e5f2a6c-c817-4a90-b48b-d9171743ad0f,Author,Rob,van der Goot
9ccd65d1-8327-42c8-b7c5-a34835af22b2,f073ebac-704d-4236-9206-d1d2ef2be9c3,Author,Barbara,Plank
2ceeedec-0045-45a9-921d-eea5fe4336c1,8e5f2a6c-c817-4a90-b48b-d9171743ad0f,Author,Rob,van der Goot
2ceeedec-0045-45a9-921d-eea5fe4336c1,f073ebac-704d-4236-9206-d1d2ef2be9c3,Author,Barbara,Plank
d2d5d052-9bdc-4831-838b-2b7215d6dc52,8e5f2a6c-c817-4a90-b48b-d9171743ad0f,Author,Rob,van der Goot
d2d5d052-9bdc-4831-838b-2b7215d6dc52,d2ab0b30-780c-495a-abfe-963f1dfaddd3,Author,Marija,Stepanovic
d2d5d052-9bdc-4831-838b-2b7215d6dc52,f073ebac-704d-4236-9206-d1d2ef2be9c3,Author,Barbara,Plank
e5ccae92-4344-4d08-a3e7-75fbd93d60bb,8e5f2a6c-c817-4a90-b48b-d9171743ad0f,Author,Rob,van der Goot
e5ccae92-4344-4d08-a3e7-75fbd93d60bb,d2ab0b30-780c-495a-abfe-963f1dfaddd3,Author,Marija,Stepanovic
e5ccae92-4344-4d08-a3e7-75fbd93d60bb,,Author,Alan,Ramponi
e5ccae92-4344-4d08-a3e7-75fbd93d60bb,f073ebac-704d-4236-9206-d1d2ef2be9c3,Author,Barbara,Plank
721a6459-166e-48e9-85bc-dd9d57d02d52,8e5f2a6c-c817-4a90-b48b-d9171743ad0f,Author,Rob,van der Goot
e1a0e8c5-8bfd-48ad-8e5a-b451f7799bad,8e5f2a6c-c817-4a90-b48b-d9171743ad0f,Author,Rob,van der Goot
b4fdb59b-b633-40e6-a970-f1451af7e848,8e5f2a6c-c817-4a90-b48b-d9171743ad0f,Author,Rob,van der Goot
81af4099-5441-4f3a-9581-e0f3cbc83aaf,8e5f2a6c-c817-4a90-b48b-d9171743ad0f,Author,Rob,van der Goot
81af4099-5441-4f3a-9581-e0f3cbc83aaf,f073ebac-704d-4236-9206-d1d2ef2be9c3,Author,Barbara,Plank
ca3e68ab-977b-47b8-ba11-0f77eeeb5c41,8e5f2a6c-c817-4a90-b48b-d9171743ad0f,Author,Rob,van der Goot
ca3e68ab-977b-47b8-ba11-0f77eeeb5c41,523ffd96-f3b2-49cc-8f24-dc9215b84bed,Author,Max,Müller-Eberstein
ca3e68ab-977b-47b8-ba11-0f77eeeb5c41,f073ebac-704d-4236-9206-d1d2ef2be9c3,Author,Barbara,Plank
87da939d-f680-4f10-ac8f-b86653b6f968,8e5f2a6c-c817-4a90-b48b-d9171743ad0f,Author,Rob,van der Goot
a63f2167-57e8-44cb-afe8-fa03beb07acd,8e5f2a6c-c817-4a90-b48b-d9171743ad0f,Author,Rob,van der Goot
89d29c24-960c-4fdc-bf66-df1c913f3269,8e5f2a6c-c817-4a90-b48b-d9171743ad0f,Author,Rob,van der Goot
89d29c24-960c-4fdc-bf66-df1c913f3269,523ffd96-f3b2-49cc-8f24-dc9215b84bed,Author,Max,Müller-Eberstein
debca73d-1cbc-468c-b15f-666b74d5c158,8e5f2a6c-c817-4a90-b48b-d9171743ad0f,Author,Rob,van der Goot
2aca5c64-a064-4a90-9045-2e931daae5a6,50d4bf89-8621-4bc3-bdce-6916656c12fa,Author,Ivor,van der Hoog
2aca5c64-a064-4a90-9045-2e931daae5a6,ab7600cd-0bd2-4d86-9def-2c6fd1ade1c5,Author,Eva,Rotenberg
2aca5c64-a064-4a90-9045-2e931daae5a6,a11914d7-cda4-4928-821a-746dad4eb60f,Author,Daniel,Rutschmann
c8e5678b-f32f-4749-a13a-b3fd3b2845b6,50d4bf89-8621-4bc3-bdce-6916656c12fa,Author,Ivor,van der Hoog
c8e5678b-f32f-4749-a13a-b3fd3b2845b6,ab7600cd-0bd2-4d86-9def-2c6fd1ade1c5,Author,Eva,Rotenberg
c8e5678b-f32f-4749-a13a-b3fd3b2845b6,a11914d7-cda4-4928-821a-746dad4eb60f,Author,Daniel,Rutschmann
eb89c6a0-fa29-4264-b752-f1d272a39e07,50d4bf89-8621-4bc3-bdce-6916656c12fa,Author,Ivor,van der Hoog
eb89c6a0-fa29-4264-b752-f1d272a39e07,ab7600cd-0bd2-4d86-9def-2c6fd1ade1c5,Author,Eva,Rotenberg
eb89c6a0-fa29-4264-b752-f1d272a39e07,a11914d7-cda4-4928-821a-746dad4eb60f,Author,Daniel,Rutschmann
a0996549-bc12-469d-8d79-bac30b64a635,50d4bf89-8621-4bc3-bdce-6916656c12fa,Author,Ivor,van der Hoog
a0996549-bc12-469d-8d79-bac30b64a635,ab7600cd-0bd2-4d86-9def-2c6fd1ade1c5,Author,Eva,Rotenberg
a0996549-bc12-469d-8d79-bac30b64a635,a11914d7-cda4-4928-821a-746dad4eb60f,Author,Daniel,Rutschmann
9d5ebee8-136d-4d88-8d97-7eff81fa180e,50d4bf89-8621-4bc3-bdce-6916656c12fa,Author,Ivor,van der Hoog
f74f120b-6dd8-4fcf-a8ea-cc521912becf,50d4bf89-8621-4bc3-bdce-6916656c12fa,Author,Ivor,van der Hoog
f74f120b-6dd8-4fcf-a8ea-cc521912becf,ab7600cd-0bd2-4d86-9def-2c6fd1ade1c5,Author,Eva,Rotenberg
12d1f903-a987-487e-bbe3-58148791c98c,50d4bf89-8621-4bc3-bdce-6916656c12fa,Author,Ivor,van der Hoog
cf13852e-d97b-4750-ada7-f428c136510b,50d4bf89-8621-4bc3-bdce-6916656c12fa,Author,Ivor,van der Hoog
81c69c6a-32ab-468d-9ff1-ba6a5dad1ad3,50d4bf89-8621-4bc3-bdce-6916656c12fa,Author,Ivor,van der Hoog
81c69c6a-32ab-468d-9ff1-ba6a5dad1ad3,ab7600cd-0bd2-4d86-9def-2c6fd1ade1c5,Author,Eva,Rotenberg
0082be92-ecbd-4c4c-8906-ce0308a2eaeb,50d4bf89-8621-4bc3-bdce-6916656c12fa,Author,Ivor,van der Hoog
45604d4a-86de-4c49-b0ac-a5d18ecc134b,50d4bf89-8621-4bc3-bdce-6916656c12fa,Author,Ivor,van der Hoog
31ea4b10-d9b1-4c98-a705-09522284a7fd,50d4bf89-8621-4bc3-bdce-6916656c12fa,Author,Ivor,van der Hoog
f2bc87bb-8a05-48a9-994f-4fc537e65f13,50d4bf89-8621-4bc3-bdce-6916656c12fa,Author,Ivor,van der Hoog
d1405498-3c37-42ed-a2b0-7bc440599a5c,50d4bf89-8621-4bc3-bdce-6916656c12fa,Author,Ivor,van der Hoog
d323bd49-2e76-42c4-b9a8-8dffddf80c6d,50d4bf89-8621-4bc3-bdce-6916656c12fa,Author,Ivor,van der Hoog
238acb26-3618-46a7-9397-a6b8a7ba1010,50d4bf89-8621-4bc3-bdce-6916656c12fa,Author,Ivor,van der Hoog
5f1690c6-32b1-41ba-8e66-10188ec0bb04,50d4bf89-8621-4bc3-bdce-6916656c12fa,Author,Ivor,van der Hoog
5f1690c6-32b1-41ba-8e66-10188ec0bb04,ab7600cd-0bd2-4d86-9def-2c6fd1ade1c5,Author,Eva,Rotenberg
5f1690c6-32b1-41ba-8e66-10188ec0bb04,06e2c784-e628-4c15-a0d4-478a94e1ee15,Author,Lasse,Wulf
7696a290-98eb-46f8-9efe-5f1d013be349,1ee9fda3-cb4e-4c06-82b1-7e248c20a700,Author,Willem,van der Maden
ec56d433-5755-4131-9371-8f78606df0d4,1ee9fda3-cb4e-4c06-82b1-7e248c20a700,Author,Willem,van der Maden
ecf526f3-343d-410b-877e-29ca7c674c94,1ee9fda3-cb4e-4c06-82b1-7e248c20a700,Author,Willem,van der Maden
ecf526f3-343d-410b-877e-29ca7c674c94,f30d35c6-4320-476f-8506-481764e6009e,Author,Peter,Kun
ecf526f3-343d-410b-877e-29ca7c674c94,e383647f-00d3-41b1-ad95-ff69bdfffb42,Author,Jichen,Zhu
f1aef365-813f-46e9-9d30-0ece9a9415f7,1ee9fda3-cb4e-4c06-82b1-7e248c20a700,Author,Willem,van der Maden
3611398d-5104-4e67-8af3-7e3d6fa842b7,1ee9fda3-cb4e-4c06-82b1-7e248c20a700,Author,Willem,van der Maden
5e8d1189-66e3-41f2-afc0-dc50c11cc930,1ee9fda3-cb4e-4c06-82b1-7e248c20a700,Author,Willem,van der Maden
b89d5d18-9511-4b7b-a004-2b3051205037,1ee9fda3-cb4e-4c06-82b1-7e248c20a700,Author,Willem,van der Maden
b89d5d18-9511-4b7b-a004-2b3051205037,410df04c-bc1d-4cd3-9726-c35469ddab8c,Author,Aske ,Mottelson
b89d5d18-9511-4b7b-a004-2b3051205037,e383647f-00d3-41b1-ad95-ff69bdfffb42,Author,Jichen ,Zhu
f1c6a747-8d29-4778-8876-f7ae03b77623,e726f512-d3fd-4d89-962a-3aa9f532a52f,Author,Toine,Bogers
d2188c4a-96c6-49c2-9c35-f804101e821e,c90e23c6-5bf4-4d6f-97d8-b162b8a5b03e,Author,Thomas,Binder
fd38d221-d2e8-43b4-ab35-01f7fa246faf,523ffd96-f3b2-49cc-8f24-dc9215b84bed,Author,Max,Müller-Eberstein
da7a4c8f-fe1d-4190-b257-cca90b2dec3f,410df04c-bc1d-4cd3-9726-c35469ddab8c,Author,Aske,Mottelson
4f0a1c62-e2ca-4262-a3d9-619c0766539c,a39b94ff-e1b6-4b96-8404-486167a9123d,Author,Andrzej,Wasowski
b0730060-e4d4-11de-a523-000ea68e967b,,Author,Julian,Togelius
6d8d6570-f82c-452c-9f08-cc19c883861f,,Author,Yun-Gyung,Cheong
6d8d6570-f82c-452c-9f08-cc19c883861f,,Author,Mark Jason,Nelson
f17b0005-5d43-47b3-963a-520e65c4a18a,9504265d-0046-4e58-b529-256a656c012d,Author,Christian,Hardmeier
a8c1ba5a-32e4-43d9-a825-a41c13c29aeb,9504265d-0046-4e58-b529-256a656c012d,Author,Christian,Hardmeier
19590e84-65a0-4d1a-8408-55ac89d813b9,80784458-06f6-4eff-b0c8-df982ffa9835,Author,Rune Kristian Lundedal,Nielsen
19590e84-65a0-4d1a-8408-55ac89d813b9,,Author,Espen J.,Aarseth
e2faf9d5-06da-4b56-bc95-1d2a9ab9d559,fa03d816-cd99-4fea-b45b-efe7ecd3cb0a,Author,Jaike,van Twiller
e2faf9d5-06da-4b56-bc95-1d2a9ab9d559,4d7fda5a-3cf4-4d39-9daf-1ae192b0e0e7,Author,Rune Møller,Jensen
3f8da0cf-0e96-4f0d-a428-2e9d50067227,fa03d816-cd99-4fea-b45b-efe7ecd3cb0a,Author,Jaike,van Twiller
3f8da0cf-0e96-4f0d-a428-2e9d50067227,c596539b-3ceb-497c-9a43-e71d6b0f65a6,Author,Djordje,Grbic
3f8da0cf-0e96-4f0d-a428-2e9d50067227,4d7fda5a-3cf4-4d39-9daf-1ae192b0e0e7,Author,Rune Møller,Jensen
72ec79d1-1d9c-4d00-9044-229379c58d55,fa03d816-cd99-4fea-b45b-efe7ecd3cb0a,Author,Jaike,van Twiller
72ec79d1-1d9c-4d00-9044-229379c58d55,,Author,Dario,Pacino
72ec79d1-1d9c-4d00-9044-229379c58d55,4d7fda5a-3cf4-4d39-9daf-1ae192b0e0e7,Author,Rune Møller,Jensen
f7fa485f-93db-4c73-9c7d-3081538c5a96,fa03d816-cd99-4fea-b45b-efe7ecd3cb0a,Author,Jaike,van Twiller
f7fa485f-93db-4c73-9c7d-3081538c5a96,4d7fda5a-3cf4-4d39-9daf-1ae192b0e0e7,Author,Rune Møller,Jensen
322d98a1-2942-418b-9da9-45b6752dd133,fa03d816-cd99-4fea-b45b-efe7ecd3cb0a,Author,Jaike,van Twiller
322d98a1-2942-418b-9da9-45b6752dd133,c596539b-3ceb-497c-9a43-e71d6b0f65a6,Author,Djordje,Grbic
322d98a1-2942-418b-9da9-45b6752dd133,4d7fda5a-3cf4-4d39-9daf-1ae192b0e0e7,Author,Rune Møller,Jensen
1afa8020-96f7-4e7b-9fc2-cb0128ad5fa0,fa03d816-cd99-4fea-b45b-efe7ecd3cb0a,Author,Jaike,van Twiller
1afa8020-96f7-4e7b-9fc2-cb0128ad5fa0,4d7fda5a-3cf4-4d39-9daf-1ae192b0e0e7,Author,Rune Møller,Jensen
abf6eac6-433a-479e-96d5-e136dd18bc61,fa03d816-cd99-4fea-b45b-efe7ecd3cb0a,Author,Jaike,van Twiller
abf6eac6-433a-479e-96d5-e136dd18bc61,c596539b-3ceb-497c-9a43-e71d6b0f65a6,Author,Djordje,Grbic
abf6eac6-433a-479e-96d5-e136dd18bc61,4d7fda5a-3cf4-4d39-9daf-1ae192b0e0e7,Author,Rune Møller,Jensen
ca34d4a5-56e3-44f0-b729-36099497eff8,fa03d816-cd99-4fea-b45b-efe7ecd3cb0a,Author,Jaike,van Twiller
85b71ca7-6f77-4d8b-9650-0ae57a5df79c,fa03d816-cd99-4fea-b45b-efe7ecd3cb0a,Author,Jaike,van Twiller
85b71ca7-6f77-4d8b-9650-0ae57a5df79c,c596539b-3ceb-497c-9a43-e71d6b0f65a6,Author,Djordje,Grbic
85b71ca7-6f77-4d8b-9650-0ae57a5df79c,4d7fda5a-3cf4-4d39-9daf-1ae192b0e0e7,Author,Rune Møller,Jensen
448828b4-0d75-48e9-9841-9ad54c8b2727,,Author,Daniel,Varab
448828b4-0d75-48e9-9841-9ad54c8b2727,879e7ac4-e64c-4c5f-9591-421e56cd0678,Author,Natalie,Schluter
2ca66db1-1b43-4557-9565-5718d8fea3c2,2575c800-642d-4984-9c56-41601cf07a26,Author,Søren,Knudsen
08256e90-88b2-11dd-8006-000ea68e967b,,Author,Lars,Birkedal
dbad6a77-1b97-4a14-b65f-cc3b7af03185,1c4bfd79-4336-4b17-a672-9acb465f15c0,Author,Veronika,Cheplygina
979f2c9e-24d0-424c-a4d4-1319ab3cbbc5,1c4bfd79-4336-4b17-a672-9acb465f15c0,Author,Veronika,Cheplygina
c1a10abd-9db2-4146-815d-57736cc40085,fb4b9d17-f1ec-466b-b222-caba06823edc,Author,Mahsa,Varshosaz
c1a10abd-9db2-4146-815d-57736cc40085,c12518ce-b3ab-469c-81fb-e2178e6b87e3,Author,Mohsen,Ghaffari
c1a10abd-9db2-4146-815d-57736cc40085,a39b94ff-e1b6-4b96-8404-486167a9123d,Author,Andrzej,Wasowski
e1a419da-e1e2-4370-82df-ef6d760dcef4,fb4b9d17-f1ec-466b-b222-caba06823edc,Author,Mahsa,Varshosaz
e1a419da-e1e2-4370-82df-ef6d760dcef4,c12518ce-b3ab-469c-81fb-e2178e6b87e3,Author,Mohsen,Ghaffari
e1a419da-e1e2-4370-82df-ef6d760dcef4,a39b94ff-e1b6-4b96-8404-486167a9123d,Author,Andrzej,Wasowski
a5f1651a-870d-46b8-9281-21bd7e2023a9,8785f18a-1bf3-4c63-8d8b-d3e5d516ca40,Author,Payam,Zahadat
6025c21c-db31-47a8-be13-adc545c6e217,,Author,Martin Tvede,Zachariasen
4cac742c-3311-48b2-a27b-6b683669ba51,,Author,Raghava Rao,Mukkamala
13ff8a00-f763-11dd-9b71-000ea68e967b,,Author,Sebastien,Vaucouleur
3c00fdf0-1d63-11df-b794-000ea68e967b,,Author,Sebastien,Vaucouleur
0c326cb0-1e37-11df-b794-000ea68e967b,,Author,Sebastien,Vaucouleur
88b9c886-0e00-4b8f-a94b-78311cb41f34,2a9c0934-98ca-4101-b829-b88d77f6487e,Author,Kasper,Støy
7746e99a-763b-469f-839a-92129c14ac70,2a9c0934-98ca-4101-b829-b88d77f6487e,Author,Kasper,Støy
cfaadc6c-5b2b-44bd-901a-d3e433dede4f,1dfe5d85-a1cc-4810-b5f7-7790e77896b9,Author,Israel,Vazques Marquez
cfaadc6c-5b2b-44bd-901a-d3e433dede4f,,Author,Susana,Pajares Tosca
44312f02-66af-4fb8-876f-3aadb09d9b6d,6596de1d-ea29-4252-a22e-f98cf28090c6,Author,Dennis Thomas,Ulmer
02c04371-43a6-4dba-a1d8-59a1ddb71f4b,cf5e1d64-5489-4534-ba34-8dba5fd354a6,Author,Paolo,Burelli
9d750abe-ae7b-481e-a238-4785fd2583e2,d55dab65-fffe-4da4-a383-cfcf5ee3a8cd,Author,Christopher,Gad
33b11ae2-1485-4b88-93c0-e28bed2e1f98,,Author,Frank,Veenstra
33b11ae2-1485-4b88-93c0-e28bed2e1f98,7dd48cfe-3069-4563-bef4-ef661c18387a,Author,Andres,Faina
33b11ae2-1485-4b88-93c0-e28bed2e1f98,2a9c0934-98ca-4101-b829-b88d77f6487e,Author,Kasper,Støy
33b11ae2-1485-4b88-93c0-e28bed2e1f98,a420ffb3-2ca6-4925-a25f-baaa5228fc15,Author,Sebastian,Risi
beec2120-d28f-4eda-b1b8-dc16d299dd09,,Author,Frank,Veenstra
32dfa560-6838-4b38-8c1f-ccd0a0fcb432,,Author,Frank,Veenstra
32dfa560-6838-4b38-8c1f-ccd0a0fcb432,7dd48cfe-3069-4563-bef4-ef661c18387a,Author,Andres,Faina
32dfa560-6838-4b38-8c1f-ccd0a0fcb432,2a9c0934-98ca-4101-b829-b88d77f6487e,Author,Kasper,Støy
32dfa560-6838-4b38-8c1f-ccd0a0fcb432,a420ffb3-2ca6-4925-a25f-baaa5228fc15,Author,Sebastian,Risi
3e05d80f-13ca-438f-8722-697a1beda810,,Author,Frank,Veenstra
3e05d80f-13ca-438f-8722-697a1beda810,7dd48cfe-3069-4563-bef4-ef661c18387a,Author,Andres,Faina
3e05d80f-13ca-438f-8722-697a1beda810,a420ffb3-2ca6-4925-a25f-baaa5228fc15,Author,Sebastian,Risi
3e05d80f-13ca-438f-8722-697a1beda810,2a9c0934-98ca-4101-b829-b88d77f6487e,Author,Kasper,Støy
e2ffe95a-13e7-4f08-953f-1ab046df2343,,Author,Frank,Veenstra
e2ffe95a-13e7-4f08-953f-1ab046df2343,7dd48cfe-3069-4563-bef4-ef661c18387a,Author,Andres,Faina
e2ffe95a-13e7-4f08-953f-1ab046df2343,2a9c0934-98ca-4101-b829-b88d77f6487e,Author,Kasper,Støy
e2ffe95a-13e7-4f08-953f-1ab046df2343,a420ffb3-2ca6-4925-a25f-baaa5228fc15,Author,Sebastian,Risi
0d455fa4-2b14-4126-8121-b78dba84a1cd,,Author,Frank,Veenstra
0d455fa4-2b14-4126-8121-b78dba84a1cd,,Author,Chloe,Metayer
0d455fa4-2b14-4126-8121-b78dba84a1cd,a420ffb3-2ca6-4925-a25f-baaa5228fc15,Author,Sebastian,Risi
0d455fa4-2b14-4126-8121-b78dba84a1cd,2a9c0934-98ca-4101-b829-b88d77f6487e,Author,Kasper,Stoy
d057c748-3cf6-41f5-beee-da2df6785955,,Author,Frank,Veenstra
d057c748-3cf6-41f5-beee-da2df6785955,,Author,Jonas,Jørgensen
d057c748-3cf6-41f5-beee-da2df6785955,a420ffb3-2ca6-4925-a25f-baaa5228fc15,Author,Sebastian,Risi
cdfc6ef3-ca56-4dd9-b3b6-f2b94054eaf8,,Author,Pablo González,de Prado Salas
cdfc6ef3-ca56-4dd9-b3b6-f2b94054eaf8,2a9c0934-98ca-4101-b829-b88d77f6487e,Author,Kasper,Stoy
cdfc6ef3-ca56-4dd9-b3b6-f2b94054eaf8,a420ffb3-2ca6-4925-a25f-baaa5228fc15,Author,Sebastian,Risi
48d89449-03cf-4491-96ba-d31d5b50c6b8,,Author,Frank,Veenstra
b2e2c822-88da-460c-807d-e8c79dc47240,,Author,Daniel,Vella
d7c7d757-ed03-450e-9629-d486212ad6aa,,Author,Daniel,Vella
5877eb42-85c2-4795-9ffa-6625d00b3418,,Author,Daniel,Vella
427bbe6d-d8d0-46dc-b2f9-8179ba4f0551,,Author,Niccolò,Veltri
427bbe6d-d8d0-46dc-b2f9-8179ba4f0551,10003d22-a201-4b64-88e3-b423bc76fcc2,Author,Rasmus Ejlers,Møgelberg
b50625a9-5b39-4861-8679-5d77c6264e33,,Author,Niccolò,Veltri
80d3b38f-59e8-4776-817d-c419fc7e5d11,,Author,Niccolò,Veltri
80d3b38f-59e8-4776-817d-c419fc7e5d11,,Author,Andrea,Vezzosi
24603506-a58d-4550-bca0-d366c5393070,79ebe3ed-0527-4160-9af6-be0b0853b00e,Author,Jan,Pries-Heje
db80f903-08d8-4b56-9863-5e0ba11d5ed4,6aed9698-9a0c-4956-be0d-ec658bbfe09a,Author,Luca Maria,Aiello
ce457e98-6d30-4935-999f-8c83ba89bda1,,Author,Neela Narayanan,Venkataraman
adc2a286-2eb9-40b2-9c32-79a749d971dd,1e0534b4-fe3e-4c5e-ad6d-5f1c7df6a14e,Author,Erik,Gronvall
7f27f16d-8f25-4e75-ba42-b933a89bb360,1e0534b4-fe3e-4c5e-ad6d-5f1c7df6a14e,Author,Erik,Gronvall
af6967f5-a384-4924-b098-2bfd3d65b041,,Author,Marcus,Chang
af6967f5-a384-4924-b098-2bfd3d65b041,,Author,Philippe,Bonnet
11108724-bd5f-4e66-878b-08f5c649f9b8,25a5a0d6-404b-419c-9502-b246525617a2,Author,L.,Boer
a88f81d5-a74f-4e08-862d-b865ec41debc,,Author,Brit Ross,Winthereik
3756a5c3-63dd-4252-99ce-4e980cd57fa3,,Author,Irina,Shklovski
ec7a457b-17c5-4df2-89de-26de15776f76,e9d14210-bc71-4824-b7cf-fd1448d022ab,Author,Marisa,Cohn
08dc48f0-8e38-11dd-8006-000ea68e967b,5ad9c220-e37f-443a-8a31-fc4abf365db5,Author,Dan Witzner,Hansen
66c9f1e9-1321-4d04-b93b-ae8662eab5bb,ef9b447a-d6c4-4250-a506-093730db84d6,Author,Holger,Dell
e5f316a5-1817-449a-a686-6a16a785afab,,Author,Andrea,Vezzosi
5403634f-8b66-4307-9292-96d385ae145e,,Author,Roman,Beck
d3625252-8f5f-41d9-a83d-ebb323b0c945,,Author,Roman,Beck
838f076b-bf31-4f59-9744-bae123f0a785,785a7089-e58e-4aaa-986d-ae0e615ba508,Author,Leon,Derczynski
87235d80-a730-4fa7-b080-a4d79e0cc725,,Author,Magda,Pischetola
4662c751-0002-47ef-9ac6-ed66cf5810c0,8e5f2a6c-c817-4a90-b48b-d9171743ad0f,Author,Rob,van der Goot
44371a4f-0e57-4472-a28d-c4e445a6c87b,45b600aa-d6c7-4c4b-91b3-1d934aec4402,Author,Ane Rahbek,Vierø
44371a4f-0e57-4472-a28d-c4e445a6c87b,,Author,Anastassia,Vybornova
44371a4f-0e57-4472-a28d-c4e445a6c87b,2ef641d0-bd79-425b-8b12-b58d74b993ae,Author,Michael,Szell
00865963-6ad8-41ef-a860-5258d1c67b74,45b600aa-d6c7-4c4b-91b3-1d934aec4402,Author,Ane Rahbek,Vierø
00865963-6ad8-41ef-a860-5258d1c67b74,,Author,Anastassia,Vybornova
00865963-6ad8-41ef-a860-5258d1c67b74,2ef641d0-bd79-425b-8b12-b58d74b993ae,Author,Michael,Szell
53ec5342-d7d8-40d7-a12f-ffea725c870d,45b600aa-d6c7-4c4b-91b3-1d934aec4402,Author,Ane Rahbek,Vierø
53ec5342-d7d8-40d7-a12f-ffea725c870d,2ef641d0-bd79-425b-8b12-b58d74b993ae,Author,Michael,Szell
39e61eb4-2dab-4d24-a156-ffd296551357,45b600aa-d6c7-4c4b-91b3-1d934aec4402,Author,Ane Rahbek,Vierø
c51ab87b-d222-4cdf-afa3-8cc26cfdd78f,45b600aa-d6c7-4c4b-91b3-1d934aec4402,Author,Ane Rahbek,Vierø
c51ab87b-d222-4cdf-afa3-8cc26cfdd78f,2ef641d0-bd79-425b-8b12-b58d74b993ae,Author,Michael,Szell
d0e35140-fe9a-11dd-b964-000ea68e967b,689427b5-8d2a-44f3-b291-6db6ba598305,Author,Miguel Angel Sicart,Vila
f13603bb-3c75-469f-a923-83464e3a3c5e,,Author,Mathias,Löwe
f13603bb-3c75-469f-a923-83464e3a3c5e,a420ffb3-2ca6-4925-a25f-baaa5228fc15,Author,Sebastian,Risi
f13603bb-3c75-469f-a923-83464e3a3c5e,e383647f-00d3-41b1-ad95-ff69bdfffb42,Author,Jichen,Zhu
e819e102-2f1e-4cfa-9009-49e690a43e4c,e383647f-00d3-41b1-ad95-ff69bdfffb42,Author,Jichen,Zhu
5ab09d97-7fcb-4bd5-bae7-16cac574019d,,Author,Jennifer,Villareale
5ab09d97-7fcb-4bd5-bae7-16cac574019d,e383647f-00d3-41b1-ad95-ff69bdfffb42,Author,Jichen,Zhu
80c4ef17-6a44-49da-b5fa-c89f8c6074cf,,Author,Irina,Shklovski
80c4ef17-6a44-49da-b5fa-c89f8c6074cf,1b45e3f5-b8cd-4c0d-a444-2901304f76ee,Author,Luca,Rossi
f9721c04-faa0-4648-8553-2fe7375e53e7,90b501a9-4d44-460b-b193-4d7d524bb21b,Author,Michele,Coscia
940e35dd-1911-4096-8cc9-e5f25c4811c2,661b700e-7c1d-4e6d-b90b-4dbbfaab2adf,Author,Mylène,Tanferri
a938b88a-8a95-4f6a-b5d3-9f3542455cab,,Author,Philippe,Bonnet
0fc2d493-a9ea-43e0-b5ad-6fa4321ebf47,82f8ffa4-b7d6-490d-b3b4-2c68b79cd77a,Author,Megan,Maurer
ca9b563e-17c9-40d0-aad1-5a325443db4f,b36939ee-d7f6-4e4d-aebf-ff5d0ea2524a,Author,Leo,Vitasovic
57dc6c59-b9b0-46ac-a6cf-2a335514adac,b36939ee-d7f6-4e4d-aebf-ff5d0ea2524a,Author,Leo,Vitasovic
57dc6c59-b9b0-46ac-a6cf-2a335514adac,ad50bed7-77fd-4c7f-819c-54455506e3f0,Author,Stella,Graßhof
57dc6c59-b9b0-46ac-a6cf-2a335514adac,41da2096-dc8b-44c2-93ad-6473e220f85e,Author,Justyna,Starostka
57dc6c59-b9b0-46ac-a6cf-2a335514adac,e8e88610-5144-41da-95bf-597abf1d7869,Author,Sami Sebastian,Brandt
4e0d4761-958d-4391-8f08-a5892c7de576,0537edb0-1a18-425e-8a82-c92b2882a597,Author,Vasilieos-Spyridon,Vlassis
e6be5f29-ecb7-4452-93c7-5a7e8029316f,0537edb0-1a18-425e-8a82-c92b2882a597,Author,Vasilieos-Spyridon,Vlassis
8b1e9c96-2993-40db-9054-6b583671feda,ceef6d97-26fe-4163-9538-6685e98bce2e,Author,Daniel,Fürstenau
e0d8e8c6-fe49-44d2-a5e6-a1a6e2c72c6d,63342b24-28ec-40c5-a7d9-ec49867dc75d,Author,Pinar,Tözün
35c1a4ad-f396-47b4-9c3f-be34a274d64a,ceef6d97-26fe-4163-9538-6685e98bce2e,Author,Daniel,Fürstenau
dc2917f0-1923-4431-af11-37320273bdb7,ad9a85fb-d2fc-4c47-a486-1cc30be3a555,Author,Juliette,Vlieghe
ab67d959-0806-4a70-99e3-193d34eba5dc,,Author,Roman,Beck
1a158d41-175f-41ff-a1b9-08edad2f7bcd,7e884581-3d40-42e6-af12-453e052c9c87,Author,Thomas,Volden
1a158d41-175f-41ff-a1b9-08edad2f7bcd,c596539b-3ceb-497c-9a43-e71d6b0f65a6,Author,Djordje,Grbic
1a158d41-175f-41ff-a1b9-08edad2f7bcd,cf5e1d64-5489-4534-ba34-8dba5fd354a6,Author,Paolo,Burelli
19dd2ef9-15d7-4e0d-907e-b79f6ea87448,7e884581-3d40-42e6-af12-453e052c9c87,Author,Thomas Vase Schultz,Volden
19dd2ef9-15d7-4e0d-907e-b79f6ea87448,cf5e1d64-5489-4534-ba34-8dba5fd354a6,Author,Paolo,Burelli
9ce701a3-057e-4657-a53b-4acc1f6f9cac,7e884581-3d40-42e6-af12-453e052c9c87,Author,Thomas Vase Schultz,Volden
9ce701a3-057e-4657-a53b-4acc1f6f9cac,cf5e1d64-5489-4534-ba34-8dba5fd354a6,Author,Paolo,Burelli
5c945a2d-4573-49f3-af05-a7391888bc77,9504265d-0046-4e58-b529-256a656c012d,Author,Christian,Hardmeier
584c0914-7b4a-4c5b-9b78-70664353b42e,1dbd1112-eb47-4406-936c-6807e8845610,Author,Oksana,Kulyk
81b552c7-4d97-472a-9c4c-b7496e9cef15,cf6cfa0b-e3ac-4164-8de2-b956d8e23825,Author,Elisa D.,Mekler
65c89c47-ab0c-41d7-bbd6-0012cf208787,a420ffb3-2ca6-4925-a25f-baaa5228fc15,Author,Sebastian,Risi
c4faf2d3-d5fe-4ba3-b11e-4e446e8d0af1,,Author,Oliver,Müller
ddafa298-f2f8-4a42-8ac9-1460b033560b,a39b94ff-e1b6-4b96-8404-486167a9123d,Author,Andrzej,Wasowski
1a648be5-0888-4478-aa78-9a93a3ed73dd,ceef6d97-26fe-4163-9538-6685e98bce2e,Author,Daniel,Fürstenau
e6a5b6e9-432a-47a7-a4d6-e14838f54888,ecc36d3e-77ac-4333-9918-2431807cd4e0,Author,Jan Benjamin,Vornhagen
e6a5b6e9-432a-47a7-a4d6-e14838f54888,cf6cfa0b-e3ac-4164-8de2-b956d8e23825,Author,Elisa D.,Mekler
cbbc0238-dae1-4690-871b-4c7553cdb368,ecc36d3e-77ac-4333-9918-2431807cd4e0,Author,Jan Benjamin,Vornhagen
cbbc0238-dae1-4690-871b-4c7553cdb368,ca2a035e-64a1-4a75-9269-d6ee91496191,Author,Daniel,Bennett
cbbc0238-dae1-4690-871b-4c7553cdb368,cf6cfa0b-e3ac-4164-8de2-b956d8e23825,Author,Elisa,Mekler
c6b2b412-5496-4f20-9d49-067dcfe341de,ecc36d3e-77ac-4333-9918-2431807cd4e0,Author,Jan Benjamin,Vornhagen
2512ec3b-3f61-47f8-94ad-fc7938155dcb,,Author,Miruna,Vozaru
728aafa1-8e3a-45d2-800c-8e82aac01a41,,Author,Anastassia,Vybornova
728aafa1-8e3a-45d2-800c-8e82aac01a41,,Author,Tiago Oliveira,Cunha
728aafa1-8e3a-45d2-800c-8e82aac01a41,2ef641d0-bd79-425b-8b12-b58d74b993ae,Author,Michael,Szell
9e01b1de-a91a-45d0-9021-4628233e1eb6,,Author,Anastassia,Vybornova
26499c3b-a8be-408a-ab9e-a36d1cda6062,,Author,Anastassia,Vybornova
26499c3b-a8be-408a-ab9e-a36d1cda6062,45b600aa-d6c7-4c4b-91b3-1d934aec4402,Author,Ane Rahbek,Vierø
26499c3b-a8be-408a-ab9e-a36d1cda6062,2ef641d0-bd79-425b-8b12-b58d74b993ae,Author,Michael,Szell
3e9b7287-a091-476d-9b18-f69b5bd2f52f,,Author,Roman,Beck
1b8b3587-f764-437b-9a5e-cf4b8c58148c,,Author,Roman,Beck
1cdc1f40-b7e7-4cc7-8236-d9ed0daea6a2,,Author,Roman,Beck
bbabf49b-5dc3-4017-b30e-671e4f90b82e,,Author,Roman,Beck
88f1b223-39a8-4e41-9db5-3502bbfd745a,,Author,Roman,Beck
f98de618-8764-44a0-880b-dd6b8a904179,3ec363e3-83f0-4dd8-9b2d-b87a7d34dc55,Author,Eleni Tzirita,Zacharatou
37651698-84d6-42b7-b1f4-866f9b649f70,661b700e-7c1d-4e6d-b90b-4dbbfaab2adf,Author,Mylène,Tanferri
56d58f45-2248-4a1b-ad51-09e4b941aa17,661b700e-7c1d-4e6d-b90b-4dbbfaab2adf,Author,Mylène,Tanferri
414c2558-3a24-49da-b39c-304dbaaed962,22ec9269-2fff-4dbf-a9c7-5037559a15ee,Author,Anders Sundnes,Løvlie
3ad6e130-967c-44fd-9a39-c137e5f70da6,22ec9269-2fff-4dbf-a9c7-5037559a15ee,Editor,Anders Sundnes,Løvlie
9cd50ae6-e328-4564-819d-02446cbf586e,22ec9269-2fff-4dbf-a9c7-5037559a15ee,Author,Anders Sundnes,Løvlie
de54aacd-df32-4bb0-a484-1d237b1d33d9,,Author,Alexander,Richter
ef14b168-c00e-4d13-b263-7d0078a2bb07,,Author,Sophia Aumüller,Wagner
ef14b168-c00e-4d13-b263-7d0078a2bb07,4e33d926-364b-47b8-97d7-409c16b62db9,Author,Vasiliki,Baka
915ec9d9-a957-4b7a-b576-ead3874aa79c,8785f18a-1bf3-4c63-8d8b-d3e5d516ca40,Author,Payam,Zahadat
915ec9d9-a957-4b7a-b576-ead3874aa79c,a420ffb3-2ca6-4925-a25f-baaa5228fc15,Author,Sebastian,Risi
249a3e08-057c-40a0-81df-e3250af84425,8785f18a-1bf3-4c63-8d8b-d3e5d516ca40,Author,Payam,Zahadat
1535b59f-4e67-498a-8696-bc08a370825d,8785f18a-1bf3-4c63-8d8b-d3e5d516ca40,Author,Payam,Zahadat
6964344a-10b3-4ede-95c6-5b96dd38946b,,Author,Antonia Caitlin,Walford
0a957b67-d70e-453c-8f8b-bd5c0e3311e6,,Author,Kathryn Elizabeth,Walker
0a957b67-d70e-453c-8f8b-bd5c0e3311e6,,Author,Rasmus,Berg Palm
0a957b67-d70e-453c-8f8b-bd5c0e3311e6,5c54c44a-9eaa-4a97-a78a-e853dc73e9d9,Author,Rodrigo Moreno,Garcia
0a957b67-d70e-453c-8f8b-bd5c0e3311e6,7dd48cfe-3069-4563-bef4-ef661c18387a,Author,Andres,Faina
0a957b67-d70e-453c-8f8b-bd5c0e3311e6,2a9c0934-98ca-4101-b829-b88d77f6487e,Author,Kasper,Støy
0a957b67-d70e-453c-8f8b-bd5c0e3311e6,a420ffb3-2ca6-4925-a25f-baaa5228fc15,Author,Sebastian,Risi
8f020ab0-c6cb-11de-8daf-000ea68e967b,,Author,Richard,Ling
d8760fb9-f2dc-4859-9b5e-17737844866e,,Author,Richard,Ling
21c7cec3-d1a9-42a4-becd-0587b11cb2c9,bc7a60f7-45a0-401f-813f-6b4aa700c849,Author,Steffen,Dalsgaard
b5834f8c-342b-42d5-8332-a7f0cf171b98,ddcdfda8-c5ea-4e67-b0ea-21ba86966197,Author,Martin,Pichlmair
b5e69f70-9d1e-4bec-bbef-ab1f1fe9526f,,Author,Anna,Wallsten
b5e69f70-9d1e-4bec-bbef-ab1f1fe9526f,443362d7-b255-460d-a559-0fa80a8d9fbc,Author,Vasilis,Galis
5dc9d4dc-3851-4c44-9c1c-3160e72217f0,2575c800-642d-4984-9c56-41601cf07a26,Author,Soren,Knudsen
c465a75d-34ff-4b75-99dc-48f6d2efd895,2575c800-642d-4984-9c56-41601cf07a26,Author,Soren,Knudsen
0ca95140-9842-46c9-967e-c9b62a32760e,76ad912b-dbb1-45c6-93f5-b2fe7f1ec3e9,Author,Wusheng,Wang
0ca95140-9842-46c9-967e-c9b62a32760e,,Author,Gian David,Perrone
0ca95140-9842-46c9-967e-c9b62a32760e,d30b96a8-4f1e-44fa-9bf5-0209bedf0268,Author,Thomas,Hildebrandt
dcceaf9e-7806-487b-ac13-ff6e7ace4c02,76ad912b-dbb1-45c6-93f5-b2fe7f1ec3e9,Author,Wusheng,Wang
dcceaf9e-7806-487b-ac13-ff6e7ace4c02,d30b96a8-4f1e-44fa-9bf5-0209bedf0268,Author,Thomas,Hildebrandt
adbad441-6e23-490a-a2a9-873ede01a873,605b59ab-91b4-4f8e-bb12-df68ce0491c5,Author,Cancan,Wang
df353d1b-585d-48db-9522-0baed77ca33e,605b59ab-91b4-4f8e-bb12-df68ce0491c5,Author,Cancan,Wang
b82d064e-75b8-458d-a58d-c258320d9f97,605b59ab-91b4-4f8e-bb12-df68ce0491c5,Author,Cancan,Wang
d7f3e03d-d96b-4e93-9d35-e2cf765574e7,605b59ab-91b4-4f8e-bb12-df68ce0491c5,Author,Cancan,Wang
d07e1a11-8bc9-40fa-bb4b-0ae192b59462,605b59ab-91b4-4f8e-bb12-df68ce0491c5,Author,Cancan,Wang
b2632b08-9bd1-4676-abd4-9fdbeb177eff,605b59ab-91b4-4f8e-bb12-df68ce0491c5,Author,Cancan,Wang
5fd7825e-e3cd-40ce-b8ef-f67bb5b2da85,605b59ab-91b4-4f8e-bb12-df68ce0491c5,Author,Cancan,Wang
4a657e42-4acd-435d-830e-35eed1f3c427,605b59ab-91b4-4f8e-bb12-df68ce0491c5,Author,Cancan,Wang
6b7c9335-19c2-4132-8fc0-18f243cabe3f,605b59ab-91b4-4f8e-bb12-df68ce0491c5,Author,Cancan,Wang
3ba2f2bd-e4c8-40fe-a68a-0e40f77c5254,605b59ab-91b4-4f8e-bb12-df68ce0491c5,Author,Cancan,Wang
1a4566ac-1e4e-4004-8a14-4b22f39a1071,605b59ab-91b4-4f8e-bb12-df68ce0491c5,Author,Cancan,Wang
1a4566ac-1e4e-4004-8a14-4b22f39a1071,,Author,Barbara Patricia,Nino Carreras
4ea7fd57-cce8-414f-8fd6-0a7f99986b13,605b59ab-91b4-4f8e-bb12-df68ce0491c5,Author,Cancan,Wang
c1fe0a49-00de-4f37-a62b-41432c20941a,605b59ab-91b4-4f8e-bb12-df68ce0491c5,Author,Cancan,Wang
a6471db4-b125-41fb-b48d-d4bd9754f3bd,605b59ab-91b4-4f8e-bb12-df68ce0491c5,Author,Cancan,Wang
d488a83c-ea76-4a37-9cb7-a23196e7ef2d,605b59ab-91b4-4f8e-bb12-df68ce0491c5,Author,Cancan,Wang
cbecc8b2-5d33-4feb-a785-fb61d2555272,9504265d-0046-4e58-b529-256a656c012d,Author,Christian,Hardmeier
1f92fc2f-dd2a-4110-88c8-f49ae7f87c57,605b59ab-91b4-4f8e-bb12-df68ce0491c5,Author,Cancan,Wang
f50fb45d-1f6f-4b55-9d45-10906b9fe464,605b59ab-91b4-4f8e-bb12-df68ce0491c5,Author,Cancan,Wang
41ae3a75-fc4e-4140-9d41-cabaa9c4b267,605b59ab-91b4-4f8e-bb12-df68ce0491c5,Author,Cancan,Wang
41ae3a75-fc4e-4140-9d41-cabaa9c4b267,0284519c-3320-48a2-8b0d-b4ae9351a403,Author,Qiuyu,Jiang
41ae3a75-fc4e-4140-9d41-cabaa9c4b267,f2136570-f73c-446f-9fb0-6d9e461e2124,Author,Yvonne,Dittrich
bcbeff41-3770-43ce-91c4-9b7f78ad8db2,605b59ab-91b4-4f8e-bb12-df68ce0491c5,Author,Cancan,Wang
bcbeff41-3770-43ce-91c4-9b7f78ad8db2,4ca57c3b-1d1f-4ecf-87b0-fe690510c887,Author,Jessamy,Perriam
fc28080e-72d7-47e7-9a4a-715527905639,605b59ab-91b4-4f8e-bb12-df68ce0491c5,Author,Cancan,Wang
fc28080e-72d7-47e7-9a4a-715527905639,f2136570-f73c-446f-9fb0-6d9e461e2124,Author,Yvonne,Dittrich
9ead329e-331d-4056-9a41-7238df054a8a,605b59ab-91b4-4f8e-bb12-df68ce0491c5,Editor,Cancan,Wang
9ead329e-331d-4056-9a41-7238df054a8a,,Editor,Laura,Juncker-Jensen
9ead329e-331d-4056-9a41-7238df054a8a,605b59ab-91b4-4f8e-bb12-df68ce0491c5,Author,Cancan,Wang
9ead329e-331d-4056-9a41-7238df054a8a,54728da8-274d-40e6-b119-23318d995721,Author,Hanne Westh,Nicolajsen
9ead329e-331d-4056-9a41-7238df054a8a,92f6c3f3-0ad2-40fc-b278-69170f87567d,Author,Lars Rune,Christensen
9ead329e-331d-4056-9a41-7238df054a8a,,Author,Laura,Juncker-Jensen
9ead329e-331d-4056-9a41-7238df054a8a,1052b289-f510-4c5a-9662-2db48c12ebc2,Author,Lene,Nielsen
9ead329e-331d-4056-9a41-7238df054a8a,528393a3-e784-47a8-85be-c81d44c393bd,Author,Sanna-Maria,Marttila
9ead329e-331d-4056-9a41-7238df054a8a,70f3c85a-9cd2-40b4-bed9-5e2a75609421,Author,Sisse,Finken
9ead329e-331d-4056-9a41-7238df054a8a,0284519c-3320-48a2-8b0d-b4ae9351a403,Author,Qiuyu,Jiang
9ead329e-331d-4056-9a41-7238df054a8a,4e33d926-364b-47b8-97d7-409c16b62db9,Author,Vasiliki,Baka
9ead329e-331d-4056-9a41-7238df054a8a,bc8bcc0c-c956-451c-8f18-6caed523f6d6,Author,Vivian,Guo
9ead329e-331d-4056-9a41-7238df054a8a,f2136570-f73c-446f-9fb0-6d9e461e2124,Author,Yvonne,Dittrich
bfb6b7f9-f8a5-4b4c-b651-f8cc3b36e49c,605b59ab-91b4-4f8e-bb12-df68ce0491c5,Author,Cancan,Wang
bfb6b7f9-f8a5-4b4c-b651-f8cc3b36e49c,0284519c-3320-48a2-8b0d-b4ae9351a403,Author,Qiuyu,Jiang
bfb6b7f9-f8a5-4b4c-b651-f8cc3b36e49c,f2136570-f73c-446f-9fb0-6d9e461e2124,Author,Yvonne,Dittrich
9f4e5679-7d34-4988-b623-6b5fd17d525f,605b59ab-91b4-4f8e-bb12-df68ce0491c5,Author,Cancan,Wang
82c33291-32eb-4204-845e-1748c1708ae6,605b59ab-91b4-4f8e-bb12-df68ce0491c5,Author,Cancan,Wang
d8b34e8e-2db9-456c-8d00-60e34b4b5fa2,605b59ab-91b4-4f8e-bb12-df68ce0491c5,Author,Cancan,Wang
d8b34e8e-2db9-456c-8d00-60e34b4b5fa2,54728da8-274d-40e6-b119-23318d995721,Author,Hanne Westh,Nicolajsen
214596db-b6fa-4673-a392-4bf1715e0d2e,,Author,Jian,Wang
e9c0bbb1-ee8f-4530-9889-d593dedfca7d,605b59ab-91b4-4f8e-bb12-df68ce0491c5,Author,Cancan,Wang
f16f2158-e1fa-4e47-b708-8367233b7cc7,,Author,Martin,Zachariasen
f7ba7b92-255d-42b1-8499-03081d1120e3,,Author,Martin Tvede,Zachariasen
b1a22530-830d-11dd-b116-000ea68e967b,a39b94ff-e1b6-4b96-8404-486167a9123d,Author,Andrzej,Wasowski
88a0fbc7-e967-4924-9815-fa4f834f61e6,a39b94ff-e1b6-4b96-8404-486167a9123d,Author,Andrzej,Wasowski
8b0f0604-0ebe-4748-bd10-27b3554a266f,a39b94ff-e1b6-4b96-8404-486167a9123d,Author,Andrzej,Wasowski
3c237425-bde2-4948-86ea-ada57063bbbe,a39b94ff-e1b6-4b96-8404-486167a9123d,Author,Andrzej,Wasowski
018b3764-64ce-4b12-8c59-9e588e3ef3ba,a39b94ff-e1b6-4b96-8404-486167a9123d,Author,Andrzej,Wasowski
f3596c05-28e1-4fa8-a23a-ca3f648a238f,a39b94ff-e1b6-4b96-8404-486167a9123d,Author,Andrzej,Wasowski
e0bc4d4d-1fc2-4d8a-b297-b463cce8ec86,a39b94ff-e1b6-4b96-8404-486167a9123d,Author,Andrzej,Wasowski
b240a841-9893-42c5-9541-dedf203a23d3,a39b94ff-e1b6-4b96-8404-486167a9123d,Author,Andrzej,Wasowski
b240a841-9893-42c5-9541-dedf203a23d3,0ee7ba1e-3108-4db3-a908-97977980d032,Author,Peter,Sestoft
9b0c3edd-67eb-4ac8-bc66-081d3ae137dc,,Author,Laura ,Watts
c443e59b-23a0-48e1-95fa-47b439fc2acc,,Author,Laura ,Watts
b9aaed02-892a-4c78-884a-52975bec5801,,Author,Laura ,Watts
7a880d9c-28a0-43b9-9846-18a14f4ff34c,,Author,Laura ,Watts
7cf8d156-b3a3-46df-b6cf-8e42b8a1e174,,Author,Laura ,Watts
416ec526-c655-44e5-b655-7845542dd679,,Author,Laura,Watts
85e58b93-650c-415d-bdeb-4b90cf62293a,,Author,Laura,Watts
ae8089ce-6cd0-46d8-aaf8-cb8408278ac4,,Author,Laura,Watts
b6bd04ed-d176-4ddc-b9d2-4749a0e770a2,,Editor,Laura,Watts
5ec8faa2-b388-40b7-b3d1-3d1978cdf35a,,Author,Laura,Watts
5ec8faa2-b388-40b7-b3d1-3d1978cdf35a,,Author,Brit Ross,Winthereik
84f3c5eb-82ce-4bdf-8b9f-e178beedf613,,Author,Laura,Watts
57645e9e-4d53-43e3-89a4-71cc9bafb65b,,Author,Laura,Watts
57645e9e-4d53-43e3-89a4-71cc9bafb65b,,Author,Lucy,Suchman
a8986cad-1f6e-4a94-b9ba-911ce822029a,,Author,Laura,Watts
f0181e70-97fe-4806-b919-c623636695e3,,Author,Laura,Watts
433b9c90-a261-45eb-99cb-70854cf3187d,,Author,Laura,Watts
813c6e3a-acd1-4c9e-bdf0-8998e445ded5,,Author,Laura,Watts
d13ed610-9e37-44cf-92a9-c968aca5a97c,,Author,Laura,Watts
80ce278b-bc12-443e-a85f-e39ec61c64d6,,Author,Laura,Watts
80ce278b-bc12-443e-a85f-e39ec61c64d6,,Author,Brit Ross,Winthereik
dbd436aa-7d10-4cca-b9d6-00ebeb42fbcc,,Author,Roman,Beck
2a793579-bf57-40a0-8bb3-09101b5a5e2e,,Author,Roman,Beck
aff17d3f-8fcc-41b4-b412-65c8fda37397,,Author,Roman,Beck
97cb98da-6890-4da8-a117-d0d86ca12e16,,Author,Roman,Beck
25bab4d7-0ddf-4dd2-bb3a-4c909bcab507,,Author,Roman,Beck
841b3182-e8a2-41c7-a999-3500237903a8,,Author,Roman,Beck
7d62978b-bfad-48c4-be44-5013592ca8b6,20ad2ae0-df32-484d-84ed-f65810600cfa,Author,Konstantinos,Floros
30d0e713-d5b8-401e-8aab-c80941dcb5fc,9504265d-0046-4e58-b529-256a656c012d,Author,Christian,Hardmeier
89eda697-95de-4a4e-8d3f-a95d7b71a018,,Author,Jose,Abdelnour-Nocera
3178c4f5-06c6-49f9-818a-8fbfa990b372,dda395cd-41ec-469e-a3e9-b1c024bbb1a7,Author,Anna-Mamusu,Wehlitz
2a8ab611-1037-43be-a192-dfc08245d1b7,dda395cd-41ec-469e-a3e9-b1c024bbb1a7,Author,Anna-Mamusu,Wehlitz
253e02ca-2520-403d-972e-f2c1c0bc93ac,,Author,Matias,Bjørling
253e02ca-2520-403d-972e-f2c1c0bc93ac,,Author,Philippe,Bonnet
6727c21d-2fde-4d38-b3ef-a4c698b88d44,02fbfd2f-9290-41dc-b82e-fcc2abcd9b2a,Author,Laura,Weihl
6727c21d-2fde-4d38-b3ef-a4c698b88d44,a39b94ff-e1b6-4b96-8404-486167a9123d,Author,Andrzej ,Wasowski
00319df1-4912-48a7-936a-48b2da0f15b0,02fbfd2f-9290-41dc-b82e-fcc2abcd9b2a,Author,Laura ,Weihl
ea147b40-3cbb-419e-badd-a7977ef9cf4c,63342b24-28ec-40c5-a7d9-ec49867dc75d,Author,Pinar,Tözün
0ea7b1a0-5d92-4174-a431-d87cfadd9227,63342b24-28ec-40c5-a7d9-ec49867dc75d,Author,Pınar,Tözün
339163a4-eee2-4a16-bbb3-0ca7ae57e2dc,02960d47-7677-4b2c-99d4-490a31fd6885,Author,Mircea,Lungu
7b4f66f7-ace4-4c9f-83dd-48e5481374f6,efa39e70-a80a-4780-b151-ba31b01726bb,Author,Per B.,Brockhoff
d13d7a5f-f33d-449d-a0e6-d3cc0d02762b,b2431f12-bff1-4a97-af68-defe62b81aee,Author,Karl,Werder
0c46b343-ec19-4b0a-9acf-ac1826696fb8,b2431f12-bff1-4a97-af68-defe62b81aee,Author,Karl,Werder
076ded10-c9b2-49c3-b798-8a4f4ba97635,b2431f12-bff1-4a97-af68-defe62b81aee,Author,Karl,Werder
babe063e-2b1a-4996-b827-8d9ea503f202,b2431f12-bff1-4a97-af68-defe62b81aee,Author,Karl,Werder
06004919-e58a-4cd6-aa02-0d5f36d4a331,b2431f12-bff1-4a97-af68-defe62b81aee,Author,Karl,Werder
c34b9b53-0266-488c-b17e-8dc7949dafa4,b2431f12-bff1-4a97-af68-defe62b81aee,Author,Karl,Werder
3cf2a545-13b4-40c8-a5de-d36742ef88cb,b2431f12-bff1-4a97-af68-defe62b81aee,Author,Karl,Werder
156b1e30-bd6e-4b86-a811-bb91549fce80,b2431f12-bff1-4a97-af68-defe62b81aee,Author,Karl,Werder
c64e12e5-f57e-4399-b44e-583dfaedf90e,b2431f12-bff1-4a97-af68-defe62b81aee,Author,Karl,Werder
17aa2e55-b1e9-4dc8-bfc5-c85ec905cf8d,b2431f12-bff1-4a97-af68-defe62b81aee,Author,Karl,Werder
595337c5-3f63-4b16-bef7-87a77b45cc79,b2431f12-bff1-4a97-af68-defe62b81aee,Author,Karl,Werder
8afae3c1-046c-430e-a17d-2c615d4dceed,b2431f12-bff1-4a97-af68-defe62b81aee,Author,Karl,Werder
2b1d7e4e-973e-489e-9d8c-1a0ab5d2fd6f,b2431f12-bff1-4a97-af68-defe62b81aee,Author,Karl,Werder
550d064b-4998-4ed6-bca5-ab778b029dc2,b2431f12-bff1-4a97-af68-defe62b81aee,Author,Karl,Werder
dddb3c42-961f-4942-b9f3-402074354bcf,b2431f12-bff1-4a97-af68-defe62b81aee,Author,Karl,Werder
60c0002d-2fe2-44f2-8958-1e1f3d288c6f,b2431f12-bff1-4a97-af68-defe62b81aee,Author,Karl,Werder
e2821585-a73f-4e7e-8144-23f8378dfbe9,b2431f12-bff1-4a97-af68-defe62b81aee,Author,Karl,Werder
db51f709-36f6-433b-a6f7-18f82e998e1c,b2431f12-bff1-4a97-af68-defe62b81aee,Author,Karl,Werder
34e4b2fb-401e-4a44-a0ef-977e5e8c13b0,b2431f12-bff1-4a97-af68-defe62b81aee,Author,Karl,Werder
e6b6c650-77e3-4fef-b139-7b1b56be024a,b2431f12-bff1-4a97-af68-defe62b81aee,Author,Karl ,Werder
e02bec41-cc73-462a-b340-263161a20d8a,1abda59f-c493-4824-a7b1-7470d66f08d1,Author,Stefan,Heinrich
d1b41e50-3294-4dd3-b9b6-743353354426,f2136570-f73c-446f-9fb0-6d9e461e2124,Author,Yvonne,Dittrich
075937a7-3d78-49fe-b1a3-b2352b109f4f,,Author,Tijs,Slaats
813a0260-dbbb-42b1-8d42-e4626ecfcf38,90b501a9-4d44-460b-b193-4d7d524bb21b,Author,Michele,Coscia
f48d14a6-4f0b-4ef6-85f9-64b989c0ebb1,,Author,Bjørn Hjorth,Westh
f48d14a6-4f0b-4ef6-85f9-64b989c0ebb1,e23e8096-59cb-4ef6-af48-ce9d806fd1eb,Author,Nanna,Inie
f48d14a6-4f0b-4ef6-85f9-64b989c0ebb1,831421c0-027f-4a25-b795-ee2fce0c8d2a,Author,Louise,Barkhuus
f48d14a6-4f0b-4ef6-85f9-64b989c0ebb1,47a94200-3abe-4354-b5e3-c8ef6f1ba1f2,Author,Claus,Brabrand
89c2e0bb-d61a-42c8-adb1-5b26868634c0,,Author,Oscar,Westlund
105770a0-1206-4088-9e26-9683c49cf660,,Author,Oscar,Westlund
95ca1403-abc3-4cd4-a271-ada97e8b1c2a,,Author,Oscar,Westlund
4f260cff-b798-482c-9a81-4b65f710ed82,,Author,Oscar,Westlund
1ae4700e-9b61-453d-93eb-962ea14fe607,,Author,Oscar,Westlund
73e21863-243d-439e-822c-f81e11162546,,Author,Oscar,Westlund
03b42dd1-8087-4586-85d7-741a631e3383,,Author,Oscar,Westlund
0044419a-fe19-43e8-9bb9-c19ff74584f8,,Author,Oscar,Westlund
f9b59db3-2a07-4f59-a918-e4c77296f207,,Author,Oscar,Westlund
e2793bb4-63a4-4147-b3b6-5f639c7a2714,,Author,Oscar,Westlund
e3fc60f6-2cf3-4835-ace0-f76e3d86e386,,Author,Oscar,Westlund
6d617aa1-582c-4657-bc9b-a1e10c9a76be,,Author,Oscar,Westlund
bf64f443-9d45-4921-8136-a4bb155ff313,,Author,Oscar,Westlund
28de9b54-971a-4a48-b0d1-f77d406f14c4,,Author,Oscar,Westlund
63334415-d002-4834-8e01-63bc9f5fc095,,Author,Oscar,Westlund
360b36f2-93c6-4f50-abac-9638699f1a8f,,Author,Oscar,Westlund
23b712fb-b363-40f4-937f-a67eb66f5275,,Author,Oscar,Westlund
d19bfe0c-8a71-408e-999a-ec7490fa60d3,,Author,Oscar,Westlund
c97e7cf5-d660-40a0-9351-068f2c6cfbdd,,Author,Oscar,Westlund
6ccdd9a1-82c3-4f4e-b6bf-ffce31ca688b,,Author,Oscar,Westlund
c29f06d8-692a-451f-95ef-cc5c089d0756,,Author,Oscar,Westlund
8ed37f2f-a669-468b-bc88-938ccdb64d39,,Author,Oscar,Westlund
deb72842-d20e-4726-b1e0-880c96073381,,Author,Mar,Alaranta
dad49726-d075-44f4-8f40-8f76b74097ce,2fa5dc89-7d78-45d0-96c7-e8f39b78dd3e,Author,Anna K. A.,Vallgårda
70cb2e23-5ba7-43c5-abab-9d197f727dfc,d5c3a434-36d5-4861-862d-3c5b3e332121,Author,Zoi,Kaoudi
72e32680-657f-4d63-95a7-d53c28d1a278,1abda59f-c493-4824-a7b1-7470d66f08d1,Author,Stefan,Heinrich
e5107ee5-e510-46c4-a572-f4c836fcfdbb,1abda59f-c493-4824-a7b1-7470d66f08d1,Author,Stefan,Heinrich
a7d86adb-b5c0-45d3-ae33-e4adf7054b32,1abda59f-c493-4824-a7b1-7470d66f08d1,Author,Stefan,Heinrich
ce82b52e-484e-4c02-a62e-3fc0dc99312c,1313519f-2074-41d6-8b79-589648e37211,Author,Carsten,Schürmann
70db34d7-0f40-4c7a-9009-5c961ef8a41d,2fa5dc89-7d78-45d0-96c7-e8f39b78dd3e,Author,Anna,Vallgårda
98f7efcc-2d32-41ce-9c34-14105a37f604,,Author,Henrik Reif,Andersen
4b56ae0d-6d1b-43c1-9bac-19b589e1927d,,Author,Douglas,Wilson
4b56ae0d-6d1b-43c1-9bac-19b589e1927d,689427b5-8d2a-44f3-b291-6db6ba598305,Author,Miguel Angel,Sicart (Vila)
4fd6c38a-b6c3-434c-8638-07c8adf37e61,,Author,Douglas,Wilson
ef773d5b-348c-4839-9200-cc3b4ebee88f,,Author,Douglas,Wilson
78e84191-d8f4-46cd-84d0-1d05c08bceb9,8e5f2a6c-c817-4a90-b48b-d9171743ad0f,Author,Rob,van der Goot
78e84191-d8f4-46cd-84d0-1d05c08bceb9,f073ebac-704d-4236-9206-d1d2ef2be9c3,Author,Barbara,Plank
ba2513ab-ce82-4b66-865e-b24c454db8d1,,Author,Martin,Zachariasen
db5f45ae-fb32-45e2-8a37-e3e7f0073b4c,,Author,Martin,Zachariasen
5246d22d-b19d-4cad-b572-18bea916baa2,,Author,Martin,Zachariasen
d2abaeb8-3d35-4d6f-bfd6-472e2284978e,,Author,Martin Tvede,Zachariasen
321df0b6-4dc5-44b9-a4fc-f7dde2875e82,,Author,Morten Trøstrup,Winther
321df0b6-4dc5-44b9-a4fc-f7dde2875e82,2fa5dc89-7d78-45d0-96c7-e8f39b78dd3e,Author,Anna,Vallgårda
ce3c4a80-9399-11dd-8006-000ea68e967b,,Author,Brit Ross,Winthereik
ce3c4a80-9399-11dd-8006-000ea68e967b,,Author,Nis,Johannsen
aecc8680-93a1-11dd-8006-000ea68e967b,,Author,Brit Ross,Winthereik
bbe7ae50-c990-11de-8daf-000ea68e967b,,Author,Brit Ross,Winthereik
01290540-c991-11de-8daf-000ea68e967b,,Author,Brit Ross,Winthereik
c82dcfe0-c991-11de-8daf-000ea68e967b,,Author,Brit Ross,Winthereik
7549d210-e683-11de-a523-000ea68e967b,,Author,Julie C. Thiesen,Winthereik
7549d210-e683-11de-a523-000ea68e967b,,Author,Lone,Malmborg
7549d210-e683-11de-a523-000ea68e967b,,Author,Tanja Belinda,Andersen
e7906640-7f6c-11df-b794-000ea68e967b,,Author,Brit Ross,Winthereik
fc1ea25b-c2d4-48d5-9f3d-0b94779b2977,,Author,Brit Ross,Winthereik
ab87e310-d0f2-4595-aea4-f562ac1c86ff,,Author,Brit Ross,Winthereik
cdb505a1-873d-4560-bb4c-6a47e653988f,,Author,Brit Ross,Winthereik
cdb505a1-873d-4560-bb4c-6a47e653988f,,Author,Peter,Lutz
cdb505a1-873d-4560-bb4c-6a47e653988f,,Author,Lucy,Suchman
5ed9582a-9605-4d9c-8abb-8a1befa0f5f9,,Author,Brit Ross,Winthereik
ac0e32b7-7c09-4e99-a380-1163d1ddf3b3,,Author,Brit Ross,Winthereik
ac0e32b7-7c09-4e99-a380-1163d1ddf3b3,,Author,Casper Bruun,Jensen
8903d4b8-fd43-4866-b2b8-f1ccd880ee60,,Author,Brit Ross,Winthereik
11c22c91-727e-4d7f-8a35-d5f2fe62a1b4,,Author,Brit Ross,Winthereik
50922405-7a47-410a-a1fd-1c6d5ca2b730,,Author,Brit Ross,Winthereik
65948d01-6bf3-49eb-9f5c-c409f2c7f28d,,Author,Brit Ross,Winthereik
2ec163ba-45f9-4f35-82d9-7fb4a386abfe,,Author,Brit Ross,Winthereik
2ec163ba-45f9-4f35-82d9-7fb4a386abfe,,Author,Laura,Watts
2ec163ba-45f9-4f35-82d9-7fb4a386abfe,2efbc294-1ce4-4148-a403-93fe6450d879,Author,James,Maguire
42ade4ac-a08b-423b-957a-2707b903ff9d,,Author,Brit Ross,Winthereik
9baa57d0-9681-4eb9-a2ab-7acae366f380,,Author,Brit Ross,Winthereik
9a4c16fc-d894-4b3b-b317-627038cca52e,,Author,Brit Ross,Winthereik
040e2ac3-f25b-4d00-a7d5-94501b0026a4,,Author,Brit Ross,Winthereik
db4d831d-4bb6-467b-8078-9e63df1a19fa,,Author,Brit Ross,Winthereik
db4d831d-4bb6-467b-8078-9e63df1a19fa,2efbc294-1ce4-4148-a403-93fe6450d879,Author,James,Maguire
6c00ed14-6d9a-4157-9578-473b1de4a137,,Author,Brit Ross,Winthereik
6c00ed14-6d9a-4157-9578-473b1de4a137,6ec63914-1f4e-4708-8830-1b054c2ee03a,Author,Irina,Papazu
6c00ed14-6d9a-4157-9578-473b1de4a137,,Author,Caroline Anna,Salling
6e7d2310-e263-411a-ac62-625a975ee87e,,Author,Brit Ross,Winthereik
e3ae2bee-e45d-42da-8f7b-7886e2fb5d3d,,Author,Brit Ross,Winthereik
e3ae2bee-e45d-42da-8f7b-7886e2fb5d3d,df52a23b-7109-4616-a59a-d6d90f777595,Author,Katja Sara Pape,de Neergaard
c2808598-6630-477a-aa87-ff87e6575c8f,,Author,Brit Ross,Winthereik
011e7f05-d31c-485b-ba16-1d35c6f57e97,,Author,Brit Ross,Winthereik
f2e5f633-3fd5-4514-b27f-956389d049a2,,Author,Jacob,Winther Jespersen
fd2ee61d-7755-4b10-adef-7052dd8385ad,,Author,Jacob,Winther Jespersen
b46bd587-7299-4232-9073-fe492368d681,,Author,Jacob,Winther Jespersen
669b1c02-9834-4041-b4c2-b7a1ecdea11d,ff6f398b-4bde-46da-a460-9815134b42eb,Author,Joachim,Winther Pedersen
669b1c02-9834-4041-b4c2-b7a1ecdea11d,a420ffb3-2ca6-4925-a25f-baaa5228fc15,Author,Sebastian,Risi
2b41decf-c75e-4ecf-be2e-497eb8f0fc66,ff6f398b-4bde-46da-a460-9815134b42eb,Author,Joachim,Winther Pedersen
2b41decf-c75e-4ecf-be2e-497eb8f0fc66,a420ffb3-2ca6-4925-a25f-baaa5228fc15,Author,Sebastian,Risi
2b01c277-1c11-4d53-a676-e3f8d9b0dcbe,ff6f398b-4bde-46da-a460-9815134b42eb,Author,Joachim,Winther Pedersen
0516ac4f-6f81-43b0-bb44-7918f9fa72fa,,Author,Samuel,Wiqvist
0516ac4f-6f81-43b0-bb44-7918f9fa72fa,,Author,Pierre-Alexandre,Mattei
0516ac4f-6f81-43b0-bb44-7918f9fa72fa,,Author,Jes,Frellsen
11690530-f2c4-11dd-8987-000ea68e967b,9ba013db-4c4d-41dd-be12-dbe188f67f29,Author,Hanna Elina,Wirman
53e5aad7-3d3f-40f7-a03e-a27c980a2088,9ba013db-4c4d-41dd-be12-dbe188f67f29,Author,Hanna Elina,Wirman
53e5aad7-3d3f-40f7-a03e-a27c980a2088,c27ebbb6-7aae-41d4-b6fe-eb4a09024eca,Author,Ida Kathrine Hammeleff,Jørgensen
aab2bf7d-b686-4494-9e2c-de38f5cd8bb3,9ba013db-4c4d-41dd-be12-dbe188f67f29,Author,Hanna Elina,Wirman
aab2bf7d-b686-4494-9e2c-de38f5cd8bb3,c27ebbb6-7aae-41d4-b6fe-eb4a09024eca,Author,Ida Kathrine Hammeleff,Jørgensen
32b0beb4-4c39-4186-a8d3-0a2d8e488809,9ba013db-4c4d-41dd-be12-dbe188f67f29,Author,Hanna Elina,Wirman
262998d7-a305-4708-b827-c36ca30ee1d5,9ba013db-4c4d-41dd-be12-dbe188f67f29,Author,Hanna Elina,Wirman
069ea95e-caba-4258-a8ff-45900d91257f,9ba013db-4c4d-41dd-be12-dbe188f67f29,Author,Hanna Elina,Wirman
069ea95e-caba-4258-a8ff-45900d91257f,,Author,Olli Tapio,Leino
6f4f93be-a57c-4acf-9c4c-9941e5b41e42,9ba013db-4c4d-41dd-be12-dbe188f67f29,Author,Hanna Elina,Wirman
a9320c6b-6cb3-4475-9087-085b033aa2f2,9ba013db-4c4d-41dd-be12-dbe188f67f29,Author,Hanna Elina,Wirman
1918f576-8234-4b94-a44c-6802df567c5b,9ba013db-4c4d-41dd-be12-dbe188f67f29,Author,Hanna Elina,Wirman
6d541f32-5798-45ad-9e97-8657e0df56e3,9ba013db-4c4d-41dd-be12-dbe188f67f29,Author,Hanna Elina,Wirman
c624f505-8c04-4656-a0c9-94e933e0236c,9ba013db-4c4d-41dd-be12-dbe188f67f29,Author,Hanna Elina,Wirman
d8509e51-4907-47e9-9a1c-c7572da3df6e,9ba013db-4c4d-41dd-be12-dbe188f67f29,Author,Hanna Elina,Wirman
382287f8-fda7-432b-8a09-0b8c25577e37,9ba013db-4c4d-41dd-be12-dbe188f67f29,Author,Hanna Elina,Wirman
5f39d1a7-de98-4250-a557-fba20374ca38,9ba013db-4c4d-41dd-be12-dbe188f67f29,Author,Hanna Elina,Wirman
abd2a47d-4d2d-4882-930d-b0ac5263b551,9ba013db-4c4d-41dd-be12-dbe188f67f29,Author,Hanna Elina,Wirman
158fc9cc-7d2c-4a00-a964-c012c1958873,9ba013db-4c4d-41dd-be12-dbe188f67f29,Author,Hanna Elina,Wirman
84b34e56-5ae3-49b2-820e-68bce2411fe1,9ba013db-4c4d-41dd-be12-dbe188f67f29,Author,Hanna Elina,Wirman
111a0c22-7514-4418-a427-56552541c6b3,9ba013db-4c4d-41dd-be12-dbe188f67f29,Author,Hanna Elina,Wirman
3539f9ec-157c-49c7-b6a7-290d93954459,9ba013db-4c4d-41dd-be12-dbe188f67f29,Author,Hanna Elina,Wirman
bc5acfed-6217-481e-9be0-27a4b141291e,9ba013db-4c4d-41dd-be12-dbe188f67f29,Author,Hanna Elina,Wirman
b0e1a51c-da86-4952-af83-91c940a6a504,9ba013db-4c4d-41dd-be12-dbe188f67f29,Author,Hanna Elina,Wirman
13dd3762-9302-4bc2-8be1-9063b5fe25f2,9ba013db-4c4d-41dd-be12-dbe188f67f29,Author,Hanna Elina,Wirman
e57509b9-ba7e-4e71-9964-2db3e08d9af6,9ba013db-4c4d-41dd-be12-dbe188f67f29,Author,Hanna Elina,Wirman
0eeeef5d-ae75-4391-818c-be363266b16d,9ba013db-4c4d-41dd-be12-dbe188f67f29,Author,Hanna Elina,Wirman
1409bed1-c876-4567-91fe-0a4cbd6198e2,9ba013db-4c4d-41dd-be12-dbe188f67f29,Author,Hanna Elina,Wirman
b49930ea-6cc7-48b8-8b42-3872e35ec623,9ba013db-4c4d-41dd-be12-dbe188f67f29,Author,Hanna Elina,Wirman
0096e9a3-ecdc-4dad-ab9a-0b0f1601bb7c,9ba013db-4c4d-41dd-be12-dbe188f67f29,Author,Hanna Elina,Wirman
d4194f6a-c286-4eed-86fd-0da3e5e5a635,9ba013db-4c4d-41dd-be12-dbe188f67f29,Author,Hanna Elina,Wirman
11fad752-1da7-4c1a-b8a9-a3ea32a00ac4,9ba013db-4c4d-41dd-be12-dbe188f67f29,Author,Hanna Elina,Wirman
9dabecc1-99e6-4604-b7be-7144cf1f9b6e,9ba013db-4c4d-41dd-be12-dbe188f67f29,Author,Hanna Elina,Wirman
c842c027-0281-4ce6-8e40-34699f248f73,9ba013db-4c4d-41dd-be12-dbe188f67f29,Author,Hanna Elina,Wirman
8165d198-7028-4ddf-aed8-a75dbc705c1b,9ba013db-4c4d-41dd-be12-dbe188f67f29,Author,Hanna Elina,Wirman
ece2cc12-2b1f-4386-be0a-762d1edf05d9,9ba013db-4c4d-41dd-be12-dbe188f67f29,Author,Hanna Elina,Wirman
9060798b-ead9-4c37-ac10-bca3c7431f63,9ba013db-4c4d-41dd-be12-dbe188f67f29,Author,Hanna Elina,Wirman
eeb9a803-aa1f-4908-aa8e-2c5196c23eda,9ba013db-4c4d-41dd-be12-dbe188f67f29,Author,Hanna Elina,Wirman
f4a1f57b-545b-4223-9f18-c559452edb41,9ba013db-4c4d-41dd-be12-dbe188f67f29,Author,Hanna Elina,Wirman
2984f040-e114-4728-a796-387b4e3c591b,9ba013db-4c4d-41dd-be12-dbe188f67f29,Author,Hanna Elina,Wirman
5c9a005c-05b5-465a-b875-1f6d042e554f,9ba013db-4c4d-41dd-be12-dbe188f67f29,Author,Hanna Elina,Wirman
40ba31e8-4639-423b-8bfa-0c56253e1421,9ba013db-4c4d-41dd-be12-dbe188f67f29,Author,Hanna Elina,Wirman
bee68dd3-3da3-447f-9cec-275fa289ca9b,9ba013db-4c4d-41dd-be12-dbe188f67f29,Author,Hanna Elina,Wirman
5a2b0864-7263-496e-91af-48ff13fdca9a,9ba013db-4c4d-41dd-be12-dbe188f67f29,Author,Hanna Elina,Wirman
59f5c2dd-c342-4787-b155-b4e1268b60ca,9ba013db-4c4d-41dd-be12-dbe188f67f29,Author,Hanna Elina,Wirman
9dede198-2d93-4fc8-b61a-5a981984ece2,9ba013db-4c4d-41dd-be12-dbe188f67f29,Author,Hanna Elina,Wirman
5b7cb5a5-ef1a-40df-91b7-db27713459e5,9ba013db-4c4d-41dd-be12-dbe188f67f29,Author,Hanna Elina,Wirman
152c7e91-6fe9-48a6-9c12-df7ae7d3658d,9ba013db-4c4d-41dd-be12-dbe188f67f29,Author,Hanna Elina,Wirman
6d0ce737-e411-4c9c-afaa-cb8b65bc4f08,9ba013db-4c4d-41dd-be12-dbe188f67f29,Author,Hanna Elina,Wirman
4a62a210-b8d8-4d64-af98-82fa7f4b4dc2,9ba013db-4c4d-41dd-be12-dbe188f67f29,Author,Hanna Elina,Wirman
50d40e06-a7a2-4072-abde-a7d5e3f1a3dc,9ba013db-4c4d-41dd-be12-dbe188f67f29,Author,Hanna Elina,Wirman
e2a8b6a6-b463-4e16-8069-c8e7c8d9b0a6,9ba013db-4c4d-41dd-be12-dbe188f67f29,Author,Hanna Elina,Wirman
5e429edf-3449-48fb-b11d-e4f3722a84cf,9ba013db-4c4d-41dd-be12-dbe188f67f29,Author,Hanna Elina,Wirman
e9231c16-d366-41ab-ada1-a7fce6e4f4a6,9ba013db-4c4d-41dd-be12-dbe188f67f29,Author,Hanna Elina,Wirman
c5c34b57-b4c4-4464-8682-96d0b244ce43,9ba013db-4c4d-41dd-be12-dbe188f67f29,Author,Hanna Elina,Wirman
109abef8-6a49-4217-8079-9fd167f22cf9,9ba013db-4c4d-41dd-be12-dbe188f67f29,Author,Hanna Elina,Wirman
0ee20f7e-2358-4542-8340-de1cd7ca0c01,9ba013db-4c4d-41dd-be12-dbe188f67f29,Author,Hanna Elina,Wirman
81aca53b-acb0-4b37-82d5-61f5c19e5265,9ba013db-4c4d-41dd-be12-dbe188f67f29,Author,Hanna Elina,Wirman
020ba915-3724-4769-93bd-223320e48dc1,9ba013db-4c4d-41dd-be12-dbe188f67f29,Author,Hanna Elina,Wirman
8668fe52-ac24-4819-a249-329471b91499,9ba013db-4c4d-41dd-be12-dbe188f67f29,Author,Hanna Elina,Wirman
ec7419e1-1f75-44a5-b268-4c7225d67a71,9ba013db-4c4d-41dd-be12-dbe188f67f29,Author,Hanna Elina,Wirman
136a2fa1-ef1b-4b95-82c6-33def3bf2678,9ba013db-4c4d-41dd-be12-dbe188f67f29,Author,Hanna Elina,Wirman
9daf8e81-15e6-4f72-b1a9-2cd16e368466,9ba013db-4c4d-41dd-be12-dbe188f67f29,Author,Hanna Elina,Wirman
a5e8b0a0-a1f8-432d-a7b4-2c70f4441c40,9ba013db-4c4d-41dd-be12-dbe188f67f29,Author,Hanna Elina,Wirman
0aba60ce-d7ac-4b78-8d18-d1ee4cb0573c,9ba013db-4c4d-41dd-be12-dbe188f67f29,Author,Hanna Elina,Wirman
1794ad98-6eb8-4d63-b480-c1f2abed7062,9ba013db-4c4d-41dd-be12-dbe188f67f29,Author,Hanna Elina,Wirman
8ca2cde1-7936-44d8-836c-ea64b0e2a411,9ba013db-4c4d-41dd-be12-dbe188f67f29,Author,Hanna Elina,Wirman
0da9bba4-e7d7-4791-b79a-c790bd7e1ed8,9ba013db-4c4d-41dd-be12-dbe188f67f29,Author,Hanna Elina,Wirman
0f1260f0-1245-47af-8fde-acdbbdd4eb61,9ba013db-4c4d-41dd-be12-dbe188f67f29,Author,Hanna Elina,Wirman
7a6bcd9a-8e05-45f4-b181-4fef3e6dbea7,9ba013db-4c4d-41dd-be12-dbe188f67f29,Author,Hanna Elina,Wirman
2331ea04-a468-46f1-86dd-4e33b8d52462,9ba013db-4c4d-41dd-be12-dbe188f67f29,Author,Hanna Elina,Wirman
c0b9d242-cf64-4e66-9037-8b0a4af93669,9ba013db-4c4d-41dd-be12-dbe188f67f29,Author,Hanna Elina,Wirman
9b0917fb-068a-4dde-ac03-7af73f388ad5,9ba013db-4c4d-41dd-be12-dbe188f67f29,Author,Hanna Elina,Wirman
7ae55843-ec47-4ea4-87b2-fe139cf2edeb,9ba013db-4c4d-41dd-be12-dbe188f67f29,Author,Hanna Elina,Wirman
1d0eb81a-89d5-43b2-aa86-7839a3ef69ac,9ba013db-4c4d-41dd-be12-dbe188f67f29,Author,Hanna Elina,Wirman
2dfc4881-ef90-40ee-9080-ddcb1cfd230f,9ba013db-4c4d-41dd-be12-dbe188f67f29,Author,Hanna Elina,Wirman
56922d53-7683-4eb1-a9a8-7ba3f66ce440,9ba013db-4c4d-41dd-be12-dbe188f67f29,Author,Hanna,Wirman
c7225527-9270-4dea-8748-71ab44afa93d,9ba013db-4c4d-41dd-be12-dbe188f67f29,Author,Hanna,Wirman
ebcf4879-5750-44b0-b359-175378f4b89a,9ba013db-4c4d-41dd-be12-dbe188f67f29,Author,Hanna Elina,Wirman
ebcf4879-5750-44b0-b359-175378f4b89a,42147e05-f94c-471d-a889-c57a01e4bdd0,Author,Pawel ,Grabarczyk
4e22bd05-c5cb-49cb-91ca-e1bc31703dfc,9ba013db-4c4d-41dd-be12-dbe188f67f29,Author,Hanna Elina,Wirman
18d2b6e1-c4f5-4706-850e-f4581da104af,,Author,Emma,Witkowski
ae81d901-edc9-48bf-bcca-cbf106950d40,ceef6d97-26fe-4163-9538-6685e98bce2e,Author,Daniel,Fürstenau
8ebb0bc6-0326-40ee-b22e-bcd75b060fd2,,Author,Anne Sophie,Witzke
8ebb0bc6-0326-40ee-b22e-bcd75b060fd2,d37cba38-dff2-4c27-a515-226cfadfd849,Author,Jonas,Fritsch
c6ef2040-f2b7-11dd-8987-000ea68e967b,5ad9c220-e37f-443a-8a31-fc4abf365db5,Author,Dan,Witzner Hansen
4c0dc850-ac01-11de-b2ea-000ea68e967b,5ad9c220-e37f-443a-8a31-fc4abf365db5,Inventor,Dan,Witzner Hansen
3f7c5710-d27a-11de-8daf-000ea68e967b,5ad9c220-e37f-443a-8a31-fc4abf365db5,Author,Dan,Witzner Hansen
bfabe910-125c-11df-a523-000ea68e967b,5ad9c220-e37f-443a-8a31-fc4abf365db5,Author,Dan,Witzner Hansen
19b56bb0-125e-11df-a523-000ea68e967b,5ad9c220-e37f-443a-8a31-fc4abf365db5,Author,Dan,Witzner Hansen
19b56bb0-125e-11df-a523-000ea68e967b,,Author,Javier,San Agustin
c8d54940-824a-4923-89d1-641c5fd70b81,5ad9c220-e37f-443a-8a31-fc4abf365db5,Author,Dan,Witzner Hansen
c8d54940-824a-4923-89d1-641c5fd70b81,,Author,Nanna,Holdgaard
8f93001d-4c4d-4d26-97cc-ddb2c5953151,f2136570-f73c-446f-9fb0-6d9e461e2124,Author,Yvonne,Dittrich
9f4e4db3-1c67-4c19-84fb-451e990840b1,,Author,Roman,Beck
ccaf1c25-cabe-4a8c-b56c-98c69d3121a2,,Author,Roman,Beck
01e5fd92-4f40-4623-b412-da11cb883522,,Author,Roman,Beck
ce0e4b25-e419-41e2-9d7c-f408744e2e01,,Author,Roman,Beck
ad2eb472-c60b-4e11-84bb-f18e99adc950,,Author,Roman,Beck
53e47c79-3dbe-4d13-89b3-55b05ebf2b04,,Author,Roman,Beck
5520a1d2-e88a-4fd9-b965-6d2dd784b8fb,,Author,Roman,Beck
42619e77-eb69-452d-aae1-f852b44d6085,45b600aa-d6c7-4c4b-91b3-1d934aec4402,Author,Ane Rahbek,Vierø
42619e77-eb69-452d-aae1-f852b44d6085,2ef641d0-bd79-425b-8b12-b58d74b993ae,Author,Michael,Szell
6f31e456-f8dc-429c-a9b6-3d2b87ccfab5,,Author,Lone,Malmborg
6f31e456-f8dc-429c-a9b6-3d2b87ccfab5,c90e23c6-5bf4-4d6f-97d8-b162b8a5b03e,Author,Thomas,Binder
0df217ba-4c34-499a-b71a-28bd0b3fe065,,Author,Peter,Eklund
aca17d83-f288-4473-9488-98fee2234407,,Author,Peter,Eklund
f1707811-cf04-4506-ba9b-f1e2cf11c7ab,,Author,Peter,Eklund
acd74a01-0c36-4c5d-a101-4eb35e4aa86b,,Author,Tim,Wray
acd74a01-0c36-4c5d-a101-4eb35e4aa86b,,Author,Peter,Eklund
355c0c0d-4745-408a-bc01-15e974bef3da,,Author,Tim,Wray
ce081209-c689-4e9b-a98f-44c582b316ba,,Author,Peter,Eklund
968cee59-4c36-4b71-af3e-8bb63440921c,,Author,Tim,Wray
968cee59-4c36-4b71-af3e-8bb63440921c,,Author,Peter,Eklund
22ec5116-18a6-4abb-836b-b7635637f689,,Author,Ryan Christopher,Wright
1e3d1ff3-01c5-46c9-b511-b73a68fa7028,,Author,Ryan Christopher,Wright
a790a6cb-bf47-4d32-a775-4141c09ee074,2575c800-642d-4984-9c56-41601cf07a26,Author,Søren,Knudsen
d3c779cc-7743-4c96-8a7b-c306fe995232,,Author,Nico,Wunderlich
d3c779cc-7743-4c96-8a7b-c306fe995232,,Author,Roman,Beck
fc50cf85-e108-4d3a-b6ae-39012b409305,,Author,Nico,Wunderlich
fc50cf85-e108-4d3a-b6ae-39012b409305,,Author,Roman,Beck
41d93cb1-f309-4776-8f50-b149d8a08f2c,,Author,Nico,Wunderlich
41d93cb1-f309-4776-8f50-b149d8a08f2c,,Author,Roman,Beck
ddd31cb1-6953-43db-898a-4b36ce7ee074,,Author,Nico,Wunderlich
ddd31cb1-6953-43db-898a-4b36ce7ee074,,Author,Roman,Beck
65b9b2b2-c60d-497c-bdc2-c90631c8ba09,,Author,Nico,Wunderlich
f4d9ef02-dea6-4b0a-9269-a98c7f52e0e5,,Author,Nico,Wunderlich
f4d9ef02-dea6-4b0a-9269-a98c7f52e0e5,a22e85da-82e3-410d-8ef1-31407362ba19,Author,Louise Harder,Fischer
b7741a1b-4760-42cb-bf70-856778f65d61,,Author,Nico,Wunderlich
b7741a1b-4760-42cb-bf70-856778f65d61,a22e85da-82e3-410d-8ef1-31407362ba19,Author,Louise Harder,Fischer
f954d79e-925f-403b-b6ac-6d3e5bae3b90,,Author,Nico,Wunderlich
f954d79e-925f-403b-b6ac-6d3e5bae3b90,,Author,Jan,Schwiderowski
f954d79e-925f-403b-b6ac-6d3e5bae3b90,,Author,Roman,Beck
25d87396-1b59-4239-8d73-7e60b37558ac,0a2a2206-180b-4443-bdb7-92deba889221,Author,Leon Y.,Xiao
959af68f-afa4-44a3-afca-b696c197895b,0a2a2206-180b-4443-bdb7-92deba889221,Author,Leon Y.,Xiao
e2e332a1-f9ba-44a4-bb2c-0e397d7b4616,0a2a2206-180b-4443-bdb7-92deba889221,Author,Leon Y.,Xiao
f6489166-a24d-49bf-958b-0aeea8667a70,0a2a2206-180b-4443-bdb7-92deba889221,Author,Leon Y.,Xiao
4b42e0bc-9ed8-43a3-8a73-1338a2d50712,0a2a2206-180b-4443-bdb7-92deba889221,Author,Leon Y.,Xiao
3f0b6710-2ecc-44c9-9c25-7f5e2a823932,0a2a2206-180b-4443-bdb7-92deba889221,Author,Leon Y.,Xiao
76dce200-285f-476d-a981-43fca1cdf4a8,0a2a2206-180b-4443-bdb7-92deba889221,Author,Leon Y.,Xiao
fe64409e-7ad5-4f9c-8e1f-1a9dd0aa92be,0a2a2206-180b-4443-bdb7-92deba889221,Author,Leon Y.,Xiao
7e2d0845-8924-421a-84b8-8a9b11681e99,0a2a2206-180b-4443-bdb7-92deba889221,Author,Leon Y.,Xiao
474909fd-f9a3-4331-9b43-953647f1cc67,0a2a2206-180b-4443-bdb7-92deba889221,Author,Leon Y.,Xiao
474909fd-f9a3-4331-9b43-953647f1cc67,80784458-06f6-4eff-b0c8-df982ffa9835,Author,Rune Kristian Lundedal,Nielsen
474909fd-f9a3-4331-9b43-953647f1cc67,42147e05-f94c-471d-a889-c57a01e4bdd0,Author,Paweł,Grabarczyk
a24abf09-1ba1-46d1-8a41-5ff15325f7c6,0a2a2206-180b-4443-bdb7-92deba889221,Author,Leon Y.,Xiao
f6c17f3c-2738-40b4-bc86-64c95341938a,0a2a2206-180b-4443-bdb7-92deba889221,Author,Leon Y.,Xiao
2563bbdc-d5d4-4d91-8001-eb96f5561851,0a2a2206-180b-4443-bdb7-92deba889221,Author,Leon Y.,Xiao
72f3e83d-9831-4d10-9e77-e5a9da2d37f3,0a2a2206-180b-4443-bdb7-92deba889221,Author,Leon Y.,Xiao
250312b5-1eda-4f28-8c1c-2080f785e504,0a2a2206-180b-4443-bdb7-92deba889221,Author,Leon Y.,Xiao
823f91e8-758e-445a-bc09-3946145cfe5e,0a2a2206-180b-4443-bdb7-92deba889221,Author,Leon Y.,Xiao
62952a12-a6a7-4522-ba08-e3f761abf82b,0a2a2206-180b-4443-bdb7-92deba889221,Author,Leon Y.,Xiao
95ec220e-fb44-42d2-9068-3a0238adb947,0a2a2206-180b-4443-bdb7-92deba889221,Author,Leon Y.,Xiao
d1bdabd8-7865-4307-ba4a-ab18d0f50704,0a2a2206-180b-4443-bdb7-92deba889221,Author,Leon Y.,Xiao
5cf405ba-10d8-4ac0-a72a-b2f1ea81103f,0a2a2206-180b-4443-bdb7-92deba889221,Author,Leon Y.,Xiao
155d7ab8-5fd9-4e7c-8435-475a69f4295a,0a2a2206-180b-4443-bdb7-92deba889221,Author,Leon Y.,Xiao
467fab83-bc26-4021-95e6-add48edb1e8f,0a2a2206-180b-4443-bdb7-92deba889221,Author,Leon Y.,Xiao
44bb2a88-5b64-4b4f-99a9-73ca6927dbec,0a2a2206-180b-4443-bdb7-92deba889221,Author,Leon Y.,Xiao
1cc3a810-b7f9-4f5b-a7f6-9842d21664f5,0a2a2206-180b-4443-bdb7-92deba889221,Author,Leon Y.,Xiao
c63316b3-099b-48c0-9694-e7ed71078437,0a2a2206-180b-4443-bdb7-92deba889221,Author,Leon Y.,Xiao
3941d691-3dbb-4457-a645-c6e91f0d8ed3,0a2a2206-180b-4443-bdb7-92deba889221,Author,Leon Y.,Xiao
6a18899f-d62c-47d7-88c5-212e57bb9cdc,0a2a2206-180b-4443-bdb7-92deba889221,Author,Leon Y.,Xiao
be07b61b-36da-449d-bad5-fa04f50b95c1,0a2a2206-180b-4443-bdb7-92deba889221,Author,Leon Y.,Xiao
2d7e975b-e781-49c7-95be-0fb37bb1cff8,0a2a2206-180b-4443-bdb7-92deba889221,Author,Leon Y.,Xiao
05c86c8c-6931-4ae2-8645-e61baef9fdd3,0a2a2206-180b-4443-bdb7-92deba889221,Author,Leon Y.,Xiao
a8e8ae99-805f-42b2-85b7-0e4afc5b09f7,0a2a2206-180b-4443-bdb7-92deba889221,Author,Leon Y.,Xiao
4021bd52-2661-43ae-a477-f41be989c587,0a2a2206-180b-4443-bdb7-92deba889221,Author,Leon Y.,Xiao
16ab68b2-aa2a-492b-9efb-b884f6c66b60,0a2a2206-180b-4443-bdb7-92deba889221,Author,Leon Y.,Xiao
16ab68b2-aa2a-492b-9efb-b884f6c66b60,80784458-06f6-4eff-b0c8-df982ffa9835,Author,Rune Kristian Lundedal,Nielsen
7c398dd3-ea24-49ad-ba5c-7775314da24b,0a2a2206-180b-4443-bdb7-92deba889221,Author,Leon Y.,Xiao
091bf607-b8a6-41f2-af25-af985888d17d,0a2a2206-180b-4443-bdb7-92deba889221,Author,Leon Y.,Xiao
091bf607-b8a6-41f2-af25-af985888d17d,80784458-06f6-4eff-b0c8-df982ffa9835,Author,Rune Kristian Lundedal,Nielsen
fe9961f7-6429-476c-9565-5ce4ef89afb3,0a2a2206-180b-4443-bdb7-92deba889221,Author,Leon Y.,Xiao
3d58fb1e-7050-4a70-8c62-51a2b0130dbd,0a2a2206-180b-4443-bdb7-92deba889221,Author,Leon Y.,Xiao
8788feeb-ac07-4547-8640-0ed9c5b0d9f9,0a2a2206-180b-4443-bdb7-92deba889221,Author,Leon Y.,Xiao
6d2d3a50-6b0c-4cb8-af2e-0a11c160b785,0a2a2206-180b-4443-bdb7-92deba889221,Author,Leon Y.,Xiao
ab784e83-3e1d-4fc0-b544-28c67f145eff,0a2a2206-180b-4443-bdb7-92deba889221,Author,Leon Y.,Xiao
f51b3303-7720-4949-8e91-d20d2f96f436,0a2a2206-180b-4443-bdb7-92deba889221,Author,Leon Y.,Xiao
b1393e33-c476-48f0-b82f-da73cf6b3ab3,0a2a2206-180b-4443-bdb7-92deba889221,Author,Leon Y.,Xiao
5c7cd659-a69b-44a9-b1d2-8e62547f8a08,0a2a2206-180b-4443-bdb7-92deba889221,Author,Leon Y.,Xiao
0f79152f-d9ee-49ea-8632-94fb4ee78f16,0a2a2206-180b-4443-bdb7-92deba889221,Author,Leon Y.,Xiao
c9399cbb-908b-401a-b98b-5629889b28ab,0a2a2206-180b-4443-bdb7-92deba889221,Author,Leon Y.,Xiao
686c703c-4793-481f-a173-5965ab9140d5,1abda59f-c493-4824-a7b1-7470d66f08d1,Author,Stefan,Heinrich
896de3a8-5357-49d3-9b9a-08004ea42386,f073ebac-704d-4236-9206-d1d2ef2be9c3,Author,Barbara,Plank
fc0bd925-38d8-494e-be34-831c846ae1f2,605b59ab-91b4-4f8e-bb12-df68ce0491c5,Author,Cancan,Wang
99f1ebb1-9deb-4fe7-83d7-e73bdd851248,,Author,Shangjin,Xu
548f6530-93aa-11dd-8006-000ea68e967b,,Author,Georgios,Yannakakis
e31f5f60-d02e-11dd-a259-000ea68e967b,,Author,Georgios,Yannakakis
584a5220-d036-11dd-a259-000ea68e967b,,Author,Georgios,Yannakakis
95876a50-5755-11de-8664-000ea68e967b,,Author,Georgios N.,Yannakakis
14f55540-5756-11de-8664-000ea68e967b,,Author,Georgios N.,Yannakakis
89246000-5756-11de-8664-000ea68e967b,,Author,Georgios N.,Yannakakis
d088a760-da02-11de-b0f9-000ea68e967b,,Author,Georgios N.,Yannakakis
48e703f0-da03-11de-b0f9-000ea68e967b,,Author,Georgios N.,Yannakakis
a9fac7a0-e271-11de-a523-000ea68e967b,,Author,Georgios N.,Yannakakis
f99de947-7671-4ad9-9526-baef1458f6fa,,Author,Georgios N.,Yannakakis
f99de947-7671-4ad9-9526-baef1458f6fa,,Author,Héctor Pérez,Martínez
f99de947-7671-4ad9-9526-baef1458f6fa,,Author,Arnav Harish,Jhala
cfa197e6-ec22-40be-bdc9-205db467c3a6,,Author,Georgios N.,Yannakakis
cfa197e6-ec22-40be-bdc9-205db467c3a6,,Author,Julian,Togelius
cfa197e6-ec22-40be-bdc9-205db467c3a6,,Author,Rilla,Khaled
cfa197e6-ec22-40be-bdc9-205db467c3a6,,Author,Arnav Harish,Jhala
2bbcd1a5-0f08-4803-a82d-5d4b340dcaa2,,Author,Georgios N.,Yannakakis
2bbcd1a5-0f08-4803-a82d-5d4b340dcaa2,,Author,Julian,Togelius
e55a398f-e156-4603-bfe0-2ea052371133,,Author,Georgios N.,Yannakakis
f3e649b6-2c13-4782-9255-bc5d8bfceab5,,Author,Georgios N.,Yannakakis
6bef7dcc-2ab7-45ca-9224-a609fb5acf82,,Author,Pernille ,Bjørn
6de02c50-ab68-11de-b2ea-000ea68e967b,,Author,Mika,Yasuoka
47ae3ad0-ab69-11de-b2ea-000ea68e967b,,Author,Mika,Yasuoka
267d3894-99f0-450e-8fe0-3eecbcf35118,,Author,Mika,Yasuoka
3bb2426e-4055-4591-9621-2af847f08626,,Author,Mika,Yasuoka
d7569e32-200d-45ec-bfca-c7e521347095,,Author,Mika,Yasuoka
dfee4898-fe47-4f52-916e-e886b3914473,,Author,Mika,Yasuoka
c8cc136f-c0f5-42f8-84fa-8620542599b6,,Author,Mika,Yasuoka
75843c8a-9867-42c7-9463-d3ff1ec149d5,,Author,Mika,Yasuoka
93de8323-ce0b-44ea-8c52-45c4e4e59ba6,,Author,Mika,Yasuoka
58858cb4-1aec-4880-9004-ad08bbb498a8,,Author,Mika,Yasuoka
80b14d11-64b7-4c54-a57d-c7bc165e81ba,,Author,Mika,Yasuoka
b96b69d9-beed-4033-bd10-cbc1b5a5d6d4,,Author,Mika,Yasuoka
986e9617-1c4c-4dab-ad40-a3986c25cd2e,,Author,Mika,Yasuoka
1e58eda0-992e-49e1-958b-28a49e669941,,Author,Mika,Yasuoka
e4816f27-eb38-4bbb-a758-8ac6f66bde4e,,Author,Mika,Yasuoka
79e16392-a510-4e64-8bed-adae9a30c6fc,,Author,Mika,Yasuoka
2099f093-ae59-4daf-b22f-c6495228309a,,Author,Mika,Yasuoka
88554182-034f-4548-a06a-107f20efc9ae,,Author,Mika,Yasuoka
fde29621-361b-48e7-a0f9-b90ac1c6be78,,Author,Mika,Yasuoka
49868e48-766c-4f7b-8ac5-6645258faa68,,Author,Mika,Yasuoka 
e78d5532-6a82-48c7-a4c3-00411362445b,,Author,Mika,Yasuoka 
716ad4b2-872b-4e76-a697-1ef503401953,f6921641-1f0a-4e24-a3a9-546e3927ab72,Author,Signe Louise,Yndigegn
7dc60851-ce15-451b-98c3-18b391a7f11d,f6921641-1f0a-4e24-a3a9-546e3927ab72,Author,Signe Louise,Yndigegn
cefcb6a7-6e1d-4281-8b42-49b1ae685538,f6921641-1f0a-4e24-a3a9-546e3927ab72,Author,Signe Louise,Yndigegn
b9118579-adff-4e50-bf54-c7ed87e5276c,f6921641-1f0a-4e24-a3a9-546e3927ab72,Author,Signe Louise,Yndigegn
b9118579-adff-4e50-bf54-c7ed87e5276c,,Author,Lone,Malmborg
e4b2d535-88df-4067-855a-91f8635654b3,f6921641-1f0a-4e24-a3a9-546e3927ab72,Author,Signe Louise,Yndigegn
e4b2d535-88df-4067-855a-91f8635654b3,,Author,Lone,Malmborg
7c7e68b5-84c6-43c6-bcd3-565783bd7c2c,f6921641-1f0a-4e24-a3a9-546e3927ab72,Author,Signe Louise,Yndigegn
7c7e68b5-84c6-43c6-bcd3-565783bd7c2c,,Author,Rikke Gammeltoft,Gerwien
0627c0dd-258b-4005-af9f-b35528ec6ddc,f6921641-1f0a-4e24-a3a9-546e3927ab72,Author,Signe Louise,Yndigegn
3bdb0898-84bc-4e87-906b-08c31d897f5e,f6921641-1f0a-4e24-a3a9-546e3927ab72,Author,Signe Louise,Yndigegn
ed03df98-dc84-4868-b4d4-e67534f221f8,418f030f-2b26-4c74-a77b-c0c87d13f56d,Author,Roberta,Sinatra
cca3125c-2bc6-46b1-825b-e0b749c6682f,,Author,Jose,Abdelnour-Nocera
1bfc6ba0-f044-4ad1-9511-27c1e9925dcf,ac400e55-5188-4efd-872a-12df089e7068,Author,Ehsan,Yousefzadeh-Asl-Miandoab
1bfc6ba0-f044-4ad1-9511-27c1e9925dcf,42c316a3-1a31-469b-b436-635edc389e02,Author,Titus Theodorus (Ties),Robroek
1bfc6ba0-f044-4ad1-9511-27c1e9925dcf,63342b24-28ec-40c5-a7d9-ec49867dc75d,Author,Pinar,Tözün
004355df-fbf7-4bc1-a083-1ef6c5d5db82,ac400e55-5188-4efd-872a-12df089e7068,Author,Ehsan,Yousefzadeh-Asl-Miandoab
bfb83b46-73f5-494f-a042-a5f9b0e96c82,ac400e55-5188-4efd-872a-12df089e7068,Author,Ehsan,Yousefzadeh-Asl-Miandoab
bfb83b46-73f5-494f-a042-a5f9b0e96c82,42c316a3-1a31-469b-b436-635edc389e02,Author,Ties,Robroek
bfb83b46-73f5-494f-a042-a5f9b0e96c82,63342b24-28ec-40c5-a7d9-ec49867dc75d,Author,Pinar,Tözün
f65aaa2e-f01f-4b78-8cfd-5b3072bd37e2,,Author,Arne John,Glenstrup
05d56f73-921d-4627-956a-c27aeec91d5f,,Author,Arne John,Glenstrup
84d9b150-e634-11dd-a259-000ea68e967b,,Author,Arnav,Jhala
8c2e8164-62fe-48e7-b3f1-2a15bf0bfb1a,,Author,Martin,Zachariasen
e4900c77-7f00-49a8-960f-be2c4af98a3d,,Author,Martin,Zachariasen
98ecb08f-b820-4dc4-8795-c99ea331a760,,Author,Martin,Zachariasen
bfae487b-7122-4287-add5-3a3bd95a5de9,,Author,Martin,Zachariasen
2e4b885b-d4c6-4180-9363-3ddf50ad2aaa,,Author,Martin,Zachariasen
ee08f152-d903-486d-b0ed-fd4b0891ecf1,,Author,Martin,Zachariasen
d1c4cf49-8d07-4736-be0c-08964d257942,,Author,Martin Tvede,Zachariasen
7642f06e-e55a-4a4b-806a-440c6152b00c,,Author,Martin Tvede,Zachariasen
f660b1de-ac1b-42f8-91b8-7f1a42540334,,Author,Martin Tvede,Zachariasen
f018a7ab-1250-4bd3-9ed7-7bf49c53366f,,Author,Martin Tvede,Zachariasen
5fff4587-3640-434f-a533-28fadfc798b3,,Author,Martin Tvede,Zachariasen
e638bf61-140a-485d-9b19-30065dd23c1a,,Author,Martin Tvede,Zachariasen
ad11238a-fa51-4631-b2bd-e7f30eb0895e,,Author,Martin Tvede,Zachariasen
fda3472a-7c6b-466b-ba5b-3ab4b823df7b,,Author,Martin Tvede,Zachariasen
a853679b-0a88-4ce0-be45-9f37092f43b8,,Author,Martin Tvede,Zachariasen
afc7eda1-b61d-47bc-90ed-630df24bfc84,,Author,Martin Tvede,Zachariasen
d2b45bd9-f4a0-4682-9de2-3e065322840a,2a9c0934-98ca-4101-b829-b88d77f6487e,Author,Kasper,Støy
44046c85-77f7-4578-8d33-4a4505b47792,2a9c0934-98ca-4101-b829-b88d77f6487e,Author,Kasper,Støy
d0747e66-1cc6-4c31-bfaf-f5ec645487a1,8785f18a-1bf3-4c63-8d8b-d3e5d516ca40,Author,Payam,Zahadat
db9e7d8f-ac8b-4544-870b-caafdd0c310c,8785f18a-1bf3-4c63-8d8b-d3e5d516ca40,Author,Payam,Zahadat
f676610d-a3c6-48a0-a1ec-f2fc27d64af9,8785f18a-1bf3-4c63-8d8b-d3e5d516ca40,Author,Payam,Zahadat
7e439738-f368-48b6-8764-0984bb19447f,8785f18a-1bf3-4c63-8d8b-d3e5d516ca40,Author,Payam,Zahadat
ae6b6d19-df70-4f94-a457-bd05bfbe7653,8785f18a-1bf3-4c63-8d8b-d3e5d516ca40,Author,Payam,Zahadat
7b818190-e5fd-4f16-afcc-8d7078ea86c5,8785f18a-1bf3-4c63-8d8b-d3e5d516ca40,Author,Payam,Zahadat
ca23ffbc-ea24-4e2b-b250-6dc53bfe9404,8785f18a-1bf3-4c63-8d8b-d3e5d516ca40,Author,Payam,Zahadat
5cf8ed2d-e68b-42f3-a42a-0c3e19483867,8785f18a-1bf3-4c63-8d8b-d3e5d516ca40,Author,Payam,Zahadat
a01fba7a-d115-442f-bb14-6283628a4f0a,8785f18a-1bf3-4c63-8d8b-d3e5d516ca40,Author,Payam,Zahadat
01b5f9f9-d589-4c66-92bb-d84e20626511,8785f18a-1bf3-4c63-8d8b-d3e5d516ca40,Author,Payam,Zahadat
a5a389b2-d706-45a2-b197-7bc206ac7439,8785f18a-1bf3-4c63-8d8b-d3e5d516ca40,Author,Payam,Zahadat
de7e1055-1654-46b0-8f8d-708a3fbe703f,8785f18a-1bf3-4c63-8d8b-d3e5d516ca40,Author,Payam,Zahadat
56e8feb6-f769-4c54-a237-5f71518e6441,8785f18a-1bf3-4c63-8d8b-d3e5d516ca40,Author,Payam,Zahadat
7cd4fac9-c846-48bb-aca8-8f7c0db09892,8785f18a-1bf3-4c63-8d8b-d3e5d516ca40,Author,Payam,Zahadat
d32ca9c0-d30c-49e5-9696-ba0c6b211355,8785f18a-1bf3-4c63-8d8b-d3e5d516ca40,Author,Payam,Zahadat
712e087c-ea6d-4a16-8ad9-9db13dc3ccc7,8785f18a-1bf3-4c63-8d8b-d3e5d516ca40,Author,Payam,Zahadat
712e087c-ea6d-4a16-8ad9-9db13dc3ccc7,2a9c0934-98ca-4101-b829-b88d77f6487e,Author,Kasper,Støy
3915ab13-3d41-4893-bd69-72ecdecf3f1e,8785f18a-1bf3-4c63-8d8b-d3e5d516ca40,Author,Payam,Zahadat
87853e89-f1e8-4044-8504-b68d75ec4178,8785f18a-1bf3-4c63-8d8b-d3e5d516ca40,Author,Payam,Zahadat
639c359c-6c4b-4358-b55d-f41747f59b38,8785f18a-1bf3-4c63-8d8b-d3e5d516ca40,Author,Payam,Zahadat
06615fb7-74eb-4aba-bbec-c6cd497a0e2f,8785f18a-1bf3-4c63-8d8b-d3e5d516ca40,Author,Payam,Zahadat
99a2fe7d-b0b2-4e96-855a-4cbbc455f700,8785f18a-1bf3-4c63-8d8b-d3e5d516ca40,Author,Payam,Zahadat
e29c55bf-c7c7-4f85-8cc2-a7ae0e2366e3,8785f18a-1bf3-4c63-8d8b-d3e5d516ca40,Author,Payam,Zahadat
9703013c-74a1-44e3-a234-ab73f0c5840c,8785f18a-1bf3-4c63-8d8b-d3e5d516ca40,Author,Payam,Zahadat
61c09d87-047d-4936-a42d-efc7395e4989,8785f18a-1bf3-4c63-8d8b-d3e5d516ca40,Author,Payam,Zahadat
427b70fa-1923-485a-8742-1167d12012a9,8785f18a-1bf3-4c63-8d8b-d3e5d516ca40,Author,Payam,Zahadat
c32c7809-f3d6-4a6c-ba87-76671315a87e,bd52cb95-025e-4106-9c13-1345c76dcbfe,Author,Björn Thór,Jónsson
c7a927bf-3bd3-4e9c-8067-4719af152b1d,,Author,Mansooreh,Zahedi
c7a927bf-3bd3-4e9c-8067-4719af152b1d,,Author,Muhammad,Ali Babar
c99631f5-0b08-44b1-9b5a-f1ff6abbed52,,Author,Mansooreh,Zahedi
c99631f5-0b08-44b1-9b5a-f1ff6abbed52,,Author,Muhammad,Ali Babar
e0e212cc-6e84-481d-a271-83b23a1e7003,,Author,Mansooreh,Zahedi
e0e212cc-6e84-481d-a271-83b23a1e7003,,Author,Muhammad Ali,Babar
ae8e7999-2f0d-4140-bbd6-5beedac85f66,,Author,Mansooreh,Zahedi
ae8e7999-2f0d-4140-bbd6-5beedac85f66,,Author,Muhammad Ali,Babar
db24261a-5e83-4638-aff3-04fd27ecca9e,,Author,Mansooreh,Zahedi
db24261a-5e83-4638-aff3-04fd27ecca9e,,Author,Muhammad Ali,Babar
da6bc1da-c3e8-4d78-8109-9a3e953e707a,,Author,Mansooreh,Zahedi
da6bc1da-c3e8-4d78-8109-9a3e953e707a,,Author,Muhammad Ali,Babar
6cc18386-2dc1-4ad9-bc7d-34200f0f4c8b,,Author,Mansooreh,Zahedi
a2e73515-72e9-4f45-b2f5-e6282e594bb6,,Author,Mansooreh,Zahedi
a2e73515-72e9-4f45-b2f5-e6282e594bb6,,Author,Muhammad Ali,Babar
916d06b9-a61f-462e-9e5a-df5c57424289,,Author,Dag,Svanæs
03abf325-beca-4a77-864c-4813c3c6ec70,aabb6eb1-afb9-4570-8e8e-4725a423ee5f,Author,Aycan,Aslan
177f1db4-837e-40a8-a8f1-e45eb1af4c65,a420ffb3-2ca6-4925-a25f-baaa5228fc15,Author,Sebastian,Risi
22d95e9f-ade7-47d1-ae2d-4e1792e17a32,9ba013db-4c4d-41dd-be12-dbe188f67f29,Author,Hanna Elina,Wirman
2619c87f-b285-413f-b331-c8594f3a4c32,785a7089-e58e-4aaa-986d-ae0e615ba508,Author,Leon,Derczynski
847ffa0a-5d9e-4de2-b213-0fc46c66c639,e726f512-d3fd-4d89-962a-3aa9f532a52f,Author,Toine,Bogers
274d2228-a805-4763-994d-7c2951a0c8a1,,Author,Philine,Zeinert
274d2228-a805-4763-994d-7c2951a0c8a1,e23e8096-59cb-4ef6-af48-ce9d806fd1eb,Author,Nanna,Inie
274d2228-a805-4763-994d-7c2951a0c8a1,785a7089-e58e-4aaa-986d-ae0e615ba508,Author,Leon,Derczynski
e054d3dd-f393-44b5-8613-db19842d638e,0a2a2206-180b-4443-bdb7-92deba889221,Author,Leon Y.,Xiao
6b6016bc-d2ca-4fdc-bf8b-de5016cc9ebf,,Author,Amanuel,Zewge
6b6016bc-d2ca-4fdc-bf8b-de5016cc9ebf,f2136570-f73c-446f-9fb0-6d9e461e2124,Author,Yvonne,Dittrich
f03e1c80-5e4f-4edd-891a-00eef478ff1a,,Author,Amanuel,Zewge
f03e1c80-5e4f-4edd-891a-00eef478ff1a,f2136570-f73c-446f-9fb0-6d9e461e2124,Author,Yvonne,Dittrich
342e12be-7624-416e-885b-5b829b42cb18,,Author,Amanuel,Zewge
342e12be-7624-416e-885b-5b829b42cb18,f2136570-f73c-446f-9fb0-6d9e461e2124,Author,Yvonne,Dittrich
728d593c-9764-4eb9-8ae9-b18f71a18f2d,,Author,Amanuel,Zewge
728d593c-9764-4eb9-8ae9-b18f71a18f2d,f2136570-f73c-446f-9fb0-6d9e461e2124,Author,Yvonne,Dittrich
97ce009d-a8da-427c-8ded-3322d49dbb1b,,Author,Amanuel,Zewge
97ce009d-a8da-427c-8ded-3322d49dbb1b,f2136570-f73c-446f-9fb0-6d9e461e2124,Author,Yvonne,Dittrich
1323a419-1770-4a32-a078-586f0337c245,,Author,Amanuel,Zewge
ec834f00-fac5-46e3-824c-16ef9f7788ea,,Author,Muhammad,Ali Babar
ec834f00-fac5-46e3-824c-16ef9f7788ea,2b8ff3a4-e9b0-403d-8bd8-1bf26121c234,Author,Paolo,Tell
1d96d3fd-a11d-4f61-a1a4-e9c071b8598f,,Author,Muhammad,Ali Babar
e3201a9f-cf2b-4095-a3ff-13282a34d295,,Author,Muhammad,Ali Babar
49a43f25-e058-495c-aa28-f0ae0e42e3d9,,Author,Muhammad,Ali Babar
462eb836-759f-42b7-bcaf-caae7a99f0a9,,Author,Muhammad,Ali Babar
5b75e8b1-6e97-4efd-b2d8-142dcfa12f54,,Author,Muhammad,Ali Babar
a0be4d48-5b5d-422f-bba8-e33191abb9f5,,Author,Muhammad,Ali Babar
d67fc973-ee33-4b4b-993e-88a1cdfa593d,,Author,Antonios,Liapis
d67fc973-ee33-4b4b-993e-88a1cdfa593d,a420ffb3-2ca6-4925-a25f-baaa5228fc15,Author,Sebastian,Risi
1233bb64-f688-4ed5-a1e3-5eaf4c901f8d,605b59ab-91b4-4f8e-bb12-df68ce0491c5,Author,Cancan,Wang
21639807-2ef7-4e5b-a21b-9a126477ecb6,,Author,Nino,Javakhishvili-Larsen
a27ef98e-b998-4b5f-a8cd-df71fd254033,78a992d3-b8eb-4fd6-8a5e-18c464d0b254,Author,Mike,Zhang
a27ef98e-b998-4b5f-a8cd-df71fd254033,f073ebac-704d-4236-9206-d1d2ef2be9c3,Author,Barbara,Plank
321f010f-12ed-4b42-8813-8680d5e53162,605b59ab-91b4-4f8e-bb12-df68ce0491c5,Author,Cancan,Wang
2d1c959e-fb6d-4574-8703-4580d6589c9d,78a992d3-b8eb-4fd6-8a5e-18c464d0b254,Author,Mike,Zhang
2d1c959e-fb6d-4574-8703-4580d6589c9d,04344edd-2f02-45d5-ad45-baffe4c08898,Author,Kristian Nørgaard,Jensen
2d1c959e-fb6d-4574-8703-4580d6589c9d,f073ebac-704d-4236-9206-d1d2ef2be9c3,Author,Barbara,Plank
4d269477-b9cb-46cd-8e06-896bff23e62c,78a992d3-b8eb-4fd6-8a5e-18c464d0b254,Author,Mike,Zhang
4d269477-b9cb-46cd-8e06-896bff23e62c,04344edd-2f02-45d5-ad45-baffe4c08898,Author,Kristian Nørgaard,Jensen
4d269477-b9cb-46cd-8e06-896bff23e62c,e9d5602d-a3ba-4ac4-9c9c-7a51100e41d3,Author,Sif Dam,Sonniks
4d269477-b9cb-46cd-8e06-896bff23e62c,f073ebac-704d-4236-9206-d1d2ef2be9c3,Author,Barbara,Plank
4735afc6-4ec5-480d-a806-0c23dd07bd04,78a992d3-b8eb-4fd6-8a5e-18c464d0b254,Author,Mike,Zhang
4735afc6-4ec5-480d-a806-0c23dd07bd04,04344edd-2f02-45d5-ad45-baffe4c08898,Author,Kristian Nørgaard,Jensen
4735afc6-4ec5-480d-a806-0c23dd07bd04,8e5f2a6c-c817-4a90-b48b-d9171743ad0f,Author,Rob,van der Goot
4735afc6-4ec5-480d-a806-0c23dd07bd04,f073ebac-704d-4236-9206-d1d2ef2be9c3,Author,Barbara,Plank
a054f9c5-d7be-4fd9-8e24-929d6a822457,78a992d3-b8eb-4fd6-8a5e-18c464d0b254,Author,Mike,Zhang
a054f9c5-d7be-4fd9-8e24-929d6a822457,8e5f2a6c-c817-4a90-b48b-d9171743ad0f,Author,Rob,van der Goot
a054f9c5-d7be-4fd9-8e24-929d6a822457,f073ebac-704d-4236-9206-d1d2ef2be9c3,Author,Barbara,Plank
bb7d209c-5a51-4ecd-8570-6f5b82c31397,1abda59f-c493-4824-a7b1-7470d66f08d1,Author,Stefan,Heinrich
2a506ba1-33c4-4015-bd87-ce515688f65b,78a992d3-b8eb-4fd6-8a5e-18c464d0b254,Author,Mike,Zhang
2a506ba1-33c4-4015-bd87-ce515688f65b,8e5f2a6c-c817-4a90-b48b-d9171743ad0f,Author,Rob,van der Goot
2a506ba1-33c4-4015-bd87-ce515688f65b,f073ebac-704d-4236-9206-d1d2ef2be9c3,Author,Barbara,Plank
f13178df-cafe-4855-86ee-f18db7fc8afa,78a992d3-b8eb-4fd6-8a5e-18c464d0b254,Author,Mike,Zhang
f13178df-cafe-4855-86ee-f18db7fc8afa,8e5f2a6c-c817-4a90-b48b-d9171743ad0f,Author,Rob,van der Goot
f13178df-cafe-4855-86ee-f18db7fc8afa,f073ebac-704d-4236-9206-d1d2ef2be9c3,Author,Barbara,Plank
547e19a2-a61b-45ca-99c6-04568cb78b86,78a992d3-b8eb-4fd6-8a5e-18c464d0b254,Author,Mike,Zhang
bb98c006-6693-41e0-b20c-84f6825ba953,78a992d3-b8eb-4fd6-8a5e-18c464d0b254,Author,Mike,Zhang
bb98c006-6693-41e0-b20c-84f6825ba953,523ffd96-f3b2-49cc-8f24-dc9215b84bed,Author,Max,Müller-Eberstein
bb98c006-6693-41e0-b20c-84f6825ba953,c6b67626-5ff8-4730-93a6-70ee08f6013e,Author,Elisa,Bassignana
bb98c006-6693-41e0-b20c-84f6825ba953,8e5f2a6c-c817-4a90-b48b-d9171743ad0f,Author,Rob,van der Goot
4ec2be47-110b-4f7e-91cf-c741a7776fa3,b2431f12-bff1-4a97-af68-defe62b81aee,Author,Karl,Werder
6d921128-2252-4858-91d2-4376b30c6c48,78a992d3-b8eb-4fd6-8a5e-18c464d0b254,Author,Mike,Zhang
6d921128-2252-4858-91d2-4376b30c6c48,8e5f2a6c-c817-4a90-b48b-d9171743ad0f,Author,Rob,van der Goot
5c2d1880-73d2-494b-b041-681a0c5609ce,,Author,Stefan,Stanciulescu
5c2d1880-73d2-494b-b041-681a0c5609ce,a39b94ff-e1b6-4b96-8404-486167a9123d,Author,Andrzej,Wasowski
9da90335-1f5d-43b1-8f7a-ea7a424906eb,6aed9698-9a0c-4956-be0d-ec658bbfe09a,Author,Luca Maria,Aiello
e9f28556-7ad6-4874-9b29-971f3aec6409,6aed9698-9a0c-4956-be0d-ec658bbfe09a,Author,Luca Maria,Aiello
e6593f80-211b-42f9-a392-c9609c17985c,3ec363e3-83f0-4dd8-9b2d-b87a7d34dc55,Author,Eleni Tzirita,Zacharatou
cc3a7373-f8a5-4c22-8008-a32026c2cf12,b8c7a59c-125b-48a6-9a1f-e22b82335828,Author,Luís,Cruz-Filipe
1905cb2c-0865-4aa7-898e-b11bd8f6ae3d,,Author,Antonios,Liapis
1905cb2c-0865-4aa7-898e-b11bd8f6ae3d,a420ffb3-2ca6-4925-a25f-baaa5228fc15,Author,Sebastian,Risi
976d285d-9749-49c7-84cf-ac2ec0a4fb72,e383647f-00d3-41b1-ad95-ff69bdfffb42,Author,Jichen,Zhu
66eb1199-34f5-4f8b-8c30-153651c65ce9,e383647f-00d3-41b1-ad95-ff69bdfffb42,Author,Jichen,Zhu
66eb1199-34f5-4f8b-8c30-153651c65ce9,a420ffb3-2ca6-4925-a25f-baaa5228fc15,Author,Sebastian,Risi
66eb1199-34f5-4f8b-8c30-153651c65ce9,,Author,Mathias,Löwe
dfc8cbf4-0005-4e3f-a3e6-3f84f072fda7,e383647f-00d3-41b1-ad95-ff69bdfffb42,Author,Jichen,Zhu
77c84ddf-b977-46ff-8d18-feed25611f19,e383647f-00d3-41b1-ad95-ff69bdfffb42,Author,Jichen,Zhu
6340b37e-db29-4950-99d9-e79c2f96d4a4,e383647f-00d3-41b1-ad95-ff69bdfffb42,Author,Jichen,Zhu
6340b37e-db29-4950-99d9-e79c2f96d4a4,805cae2a-3462-4130-88de-cc7d94aec0a5,Author,Vasiliki,Tsaknaki
6340b37e-db29-4950-99d9-e79c2f96d4a4,1ee9fda3-cb4e-4c06-82b1-7e248c20a700,Author,Willem,van der Maden
b1393c84-eb48-4885-8bf6-32752838e3c1,,Author,Roman,Beck
2403e7cd-00bc-47d2-acc0-77a622213f59,,Author,Roman,Beck
c0e2e6ea-b79c-458c-a6a8-a4080b8d805b,,Author,Roman,Beck
4180f825-cc87-4883-815f-173b57bd414e,,Author,Roman,Beck
d68a11c1-2708-4477-932a-5731c408b429,,Author,Roman,Beck
9873d17b-7dd7-4ca1-ab32-dea9afe7c294,,Author,Daniel ,Zimmerman
9873d17b-7dd7-4ca1-ab32-dea9afe7c294,,Author,Joseph Roland,Kiniry
9873d17b-7dd7-4ca1-ab32-dea9afe7c294,,Author,Fintan,Fairmichael
7c131ce5-02bb-4ae2-b252-d8822957409e,b2431f12-bff1-4a97-af68-defe62b81aee,Author,Karl,Werder
5ed91c39-d228-4efa-9506-c39daea51eff,,Author,Zhoulai,Fu
64f56d00-5cec-4d9a-a2cf-f49a23dea5a2,9ba013db-4c4d-41dd-be12-dbe188f67f29,Author,Hanna Elina,Wirman
2e807293-1a92-4322-92e5-17528bc89adf,,Author,Mate,Bestek
21cbdaca-79a5-45df-b0d0-fd0f9c6211ba,,Author,Mate,Bestek
51aa74fe-c7b3-4db3-9698-04891db0446d,,Author,Philippe,Bonnet
9c69fe3a-090c-455d-a915-935eb21d207d,2efbc294-1ce4-4148-a403-93fe6450d879,Author,James,Maguire
af5d9363-eb8f-4ccc-b39b-f57416263d89,ce1a5350-f645-4a53-a745-fca8d4f1f030,Author,Elda,Paja
c843451d-66b5-4663-bf72-951f4528cb9d,,Author,Tomas,Sokoler
db356825-15d9-49fa-8cf8-7ab6969f33fa,,Author,Magda,Pischetola
dcab4946-23a1-4322-a816-908cf2e77b03,,Author,Kathryn Elizabeth,Walker
04c939eb-355f-41c3-b418-88aff5a9251c,,Author,Kathryn Elizabeth,Walker
04c939eb-355f-41c3-b418-88aff5a9251c,a420ffb3-2ca6-4925-a25f-baaa5228fc15,Author,Sebastian,Risi
56c746f6-6ef8-47e4-9753-1615f77e2a2c,,Author,Kathryn Elizabeth,Walker
56c746f6-6ef8-47e4-9753-1615f77e2a2c,a420ffb3-2ca6-4925-a25f-baaa5228fc15,Author,Sebastian,Risi
d371a84b-cf7a-4e79-84ce-90b3c1008870,fea53dc2-758b-4dc3-962c-68e0b52d2925,Author,Mahya,Mohammadi Kashani
d371a84b-cf7a-4e79-84ce-90b3c1008870,a39b94ff-e1b6-4b96-8404-486167a9123d,Author,Andrzej,Wasowski
255def5d-d5a1-47b1-9e98-30aa5d4edbd2,80784458-06f6-4eff-b0c8-df982ffa9835,Author,Rune Kristian Lundedal,Nielsen
f44bbddd-cdd8-4118-91c6-e0d6e1389cd9,c40e1e8a-50ee-4a7c-b7f0-2fc0fdd62adc,Author,Anna,Rogers
bff59fa6-2f4d-4330-ac01-bbb626b928a3,c40e1e8a-50ee-4a7c-b7f0-2fc0fdd62adc,Author,Anna,Rogers
