uuid,title,periodStartDate,periodEndDate,description,portalUrl
fdb81bd5-74a4-45dd-9e7f-31d7a53fedd4, Monitoring Remote Environment with Autonomous Sensor network-based Data Acquisition Systems,2008-02-01,2012-08-31,,https://pure.itu.dk/portal/da/projects/fdb81bd5-74a4-45dd-9e7f-31d7a53fedd4
43e52d24-2010-4aeb-b453-c33971dc382a,International Network for Terrestrial Research and Monitoring in the Arctic,2011-01-01,2014-12-31,,https://pure.itu.dk/portal/da/projects/43e52d24-2010-4aeb-b453-c33971dc382a
8d371dc6-a3eb-43ec-93b0-116764f1db22,Scalable Query Evaluation in Relational Databases,2007-06-01,2010-08-31,"<p>The goal of the SQERD project (pronounced “squared”) is to apply modern algorithmic techniques to problems arising in database management systems in connection with evaluation of queries. We aim to develop algorithms that excel in two orthogonal directions:</p><p class=""MsoNormal"" style=""LINE-HEIGHT: 15pt; MARGIN: 0cm 0cm 0pt"">1. Are very scalable (work well with increasing amounts of data).<br/>2. Are reliable in the sense that there is a solid mathematical understanding of their performance on any kind of data set they might be used on.<br/>Previously, these goals have been achieved only for the simplest types of queries. We are aiming at extending the range of queries that are algorithmically well understood.<br/></p>",https://pure.itu.dk/portal/da/projects/8d371dc6-a3eb-43ec-93b0-116764f1db22
0694dccc-b954-4680-8d26-6c8d53685d29,Collaborative Mini-Grids for Prediction of Viral RNA Structure and Evolution,2007-01-01,2012-12-31,"<p>The Collaborative Mini-Grids for Prediction of Viral RNA Structure and Evolution project (in short: Mini-Grid project) aims at designing a voluntary, peer-to-peer software architecture for executing parallelized bioinformatics algorithms, which makes research into RNA-based diseases like HIV, SARS, and bird flu more efficient than with current approaches. The project also studies how users can become aware of such an infrastructure, and designs the future technologies for biologist to use in the lab. The project is interdisciplinary and involves researchers from computer science, bioinformatics, molecular biology, and nanotechnology. The partners involve the The IT University of Copenhagen, the Department of Molecular Biology, at the interdisciplinary nanoscience centre (iNANO) at Aarhus University (AU), and CLC Bio. <br/><br/>The research done in the Mini-Grid project is divided into 4 interdependent research strands:<br/>The Mini-Grid Framework - this research is focusing on creating a runtime infrastructure and programming framework for distribution of computational tasks in a local area network. This research strand focuses on the basic infrastructure of the Mini-Grid project. The PPFold Algorithm - this research is focusing on the design and implementation of a parallel algorithm for RNA analysis. GridOrbit Awareness Technologies - this research focuses on the design and evaluation of awareness technologies (public displays and notification system) aimed at creating a general awareness of the availability of an otherwise invisible infrastructure. The eLabBench - this research focuses on the design of an interactive tabletop computing system, which is going to replace existing lab benches.</p>",https://pure.itu.dk/portal/da/projects/0694dccc-b954-4680-8d26-6c8d53685d29
55453a09-dd3c-4254-b50c-1d6e0d281dff,Trustworthy Pervasive Healthcare Services,2008-01-01,2012-06-30,"Computers and digital services are increasingly pervading the everyday life of most people at work and privately. This development possesses great opportunities as well as significant challenges, in particular in the development and deployment of technologies for healthcare services.<br/><br/>By nature, healthcare services involve coordination of a heterogeneous set of professionals, patients, organizations, and sectors; is highly safety critical; deals with sensitive medical data; and must be able to support dynamic changes to adapt to inevitable evolution of treatment processes and unforeseen events.<br/><br/>The overall goal ofTrustCareis to address these challenges in a strategic and interdisciplinary research effort aimed at innovation of effective and trustworthy it-support for pervasive healthcare services in collaboration with the industrial partner, as well as innovation in research across areas in experimental and theoretical research in computer science",https://pure.itu.dk/portal/da/projects/55453a09-dd3c-4254-b50c-1d6e0d281dff
498b8d8c-7879-407e-b867-1aee0c7aa170,Critical and High Assurance Requirements Transformed through Engineering Rigour,2009-04-01,2012-04-01,"CHARTER is an ARTEMIS Embedded Computing Systems Initiative project.<br/><br/>CHARTER aims to develop concepts, methods, and tools for embedded system design and deployment that will enable developers to master the complexity and substantially improve the development, verification and certification of critical embedded systems.<br/><br/>CHARTER will ease, accelerate, and cost-reduce the certification of critical embedded systems by melding real-time Java, Model Driven Development, rule-based compilation, and formal verification. This approach, Quality-Embedded Development (QED), will push software certification to a new level and thereby significantly contribute to the safety and security of the upcoming age of an embedded software society.",https://pure.itu.dk/portal/da/projects/498b8d8c-7879-407e-b867-1aee0c7aa170
8097c0e5-c30a-430a-9106-e48815dc802e,"MONitoring, treAtment and pRediCtion of bipolAr Disorder Episodes",2010-02-01,2013-07-31,"MONARCA will develop and validate solutions for multi-parametric, long term monitoring of behavioural and physiological information relevant to bipolar disorder. It will combine those solutions with an appropriate platform and a set of services into an innovative system for management, treatment, and self-treatment of the disease. The MONARCA system will be designed to comply with all relevant security, privacy and medical regulations, will pay close attention to interoperability with existing medical information systems, will be integrated into relevant medical workflows, and will be evaluated in a statistically significant manner in clinical trials.<br/><br/>The MONARCA system will consists of 5 components: a sensor enabled mobile phone, a wrist worn activity monitor, a novel “sock integrated” physiological (GSR, pulse) sensor, a stationary EEG system for periodic measurements, and a home gateway. It will combine GPS location traces, physical motion information, and recognition of complex activities (nutrition habits, household activity, amount and quality of sleep) into a continuously updated behavioural profile. Physiological information from the “GSR sock”, the periodic EEG measurements, voice analysis from mobile phone conversations, and motion analysis will provide an assessment of emotional state and mood. Combining this information with patients’ medical records and established psychiatric knowledge quantitative assessment of patients condition (expressed in Psychiatric Rating Scales like BRAM or HAMD) and prediction of depressive and manic episodes will be implemented.<br/><br/>Closing the loop between the system and the patient an interface for self assessment (on the basis of the above information), provision of warnings and risk profiles and a coaching concept for self treatment will be implemented. For the medical staff, interfaces for interpreting the data, therapy assessment and therapy planning tools (scheduling visits, planning medication) will be developed.",https://pure.itu.dk/portal/da/projects/8097c0e5-c30a-430a-9106-e48815dc802e
c86e7edb-8709-491c-8b10-21f4f5871e2c,JML Reloaded,2007-10-21,2012-01-01,"This Formal Methods Europe grant supports the organization of a series of workshops called ""the JML Spec-a-thon.""  This grant was awarded to myself and Dr. Dan Zimmerman at the University of Washington, Tacoma in 2007.",https://pure.itu.dk/portal/da/projects/c86e7edb-8709-491c-8b10-21f4f5871e2c
ebbc254e-67ff-46a8-b14c-b70b4305141b,Verifiable Elections,2010-01-01,2012-01-01,"Dermot Cochran's PhD work, initially funded by Lero in Ireland, now funded by ITU.",https://pure.itu.dk/portal/da/projects/ebbc254e-67ff-46a8-b14c-b70b4305141b
55316e4c-736b-48df-9898-7e1887bb2486,Self-healing Systems,2010-01-01,2012-01-01,"Josu Martinez's PhD work on self-healing systems, originally funded by Lero in Ireland, now funded by ITU.",https://pure.itu.dk/portal/da/projects/55316e4c-736b-48df-9898-7e1887bb2486
a42b0888-e444-4dd2-93c6-a157b92a7770,Extended BON,2006-01-01,2011-05-01,,https://pure.itu.dk/portal/da/projects/a42b0888-e444-4dd2-93c6-a157b92a7770
820953a2-9085-49f5-84eb-2b7b90f26f74,Tools and Methods for Scalable Software Verifications,2009-03-01,2013-06-30,"The need for correct and reliable software pervades all branches of society, such as telecommunications, manufacturing, trade, healthcare, finance, defense, and research. While software correctness has many facets (usability, security, and so on), this project focuses on functional correctness of sequential programs.<br/><br/>The last 50 years have shown how difficult it is to construct software that works correctly. In the last 40 years researchers have endeavored to develop program logics for formal specification of software's intended behavior and to prove that it satisfies the specification.<br/><br/>So-called shared mutable data have proven to be especially problematic, yet are ubiquitous in widely use programming languages such as Java and C#. It is hard to express properties of such software and it is hard to conduct proofs about it.<br/><br/>In recent years progress has been made on two fronts: the development of program logics, notably separation logic, and the development of proof assistants. Separation logic allows one to focus a proof on only the relevant substructures of shared mutable data, but so far only smallish ""toy"" programs have been specified and proven using separation logic.<br/><br/>The goals of this project are therefore: <br/>- To apply the above-mentioned theoretical advances to practice<br/>- To develop prototype software tools for formal specification with separation logic<br/>- To apply the prototypes in a realistic case study<br/>- To give methodological advice on how to structure software so as to facilitate formal specification and proof about it, and give advice on how to conduct such proofs. ",https://pure.itu.dk/portal/da/projects/820953a2-9085-49f5-84eb-2b7b90f26f74
def5ee8f-0260-44af-b3ae-e02e5aec1605,Modular Reasoning about Software,2008-01-01,2011-12-31,"For almost 40 years, computer science researchers have hoped to be able to mathematically verify properties of software. Despite a lot of research effort, most tools used in practice can still only verify simple properties. In particular, it has proved very difficult to develop tools to verify non-trivial properties of programs that use references to shared mutable data, ubiquitous in modern object-oriented languages. The consequence is that the developed tools will only work on small programs.<br/><br/>The goal of this project is to investigate and develop theories and methods for modular reasoning about software written in modern programming languages. The purpose is to lay the foundation for improvement of software tools, which are being and will be developed over the next five to ten years and which will be used to improve software practice. This is very important for society because software errors are extremely costly and can have fatal consequences.",https://pure.itu.dk/portal/da/projects/def5ee8f-0260-44af-b3ae-e02e5aec1605
612922b8-de39-4ff6-80c5-dbfe46873ce0,Activity-Based Computing : A Software Architecture for Pervasive Computing,2005-01-01,2010-09-30,"Generally speaking, contemporary computer technology is designed according to an application- and document-centered model. This model enables users to work with specific, targeted applications that support the manipulation of particular kinds of information and performing specific tasks, like writing a letter or making a budget.<br/><br/><br/><br/>This model is deeply embedded in the hardware, operating systems and user interface software, as well as the development frameworks available today. <br/><br/><br/><br/>It has proven well suited for office work at a desktop, but the personal and task-oriented approach provides little support for the aggregation of resources and tools required in carrying out higher-level activities. It is left to the user to aggregate such resources and tools in meaningful bundles according to the activity at hand, and manual reconfiguration of this aggregation is often required when multi-tasking between parallel activities. <br/><br/><br/><br/>Research shows that these problems are highly exacerbated when moving out of the office and into a highly distributed, mobile, and collaborative working environment like a hospital or any non-office working setting. Mobile and collaborative work amplify the reconfiguration overhead when users move from one work context to another, potentially using different computers and different types of devices.<br/><br/><br/><br/>Research Objectives and Goals<br/><br/><br/><br/>To meet these challenges, we are pursuing the concept of activity-based computing (ABC). In activity-based computing, the basic computational unit is no longer the file (e.g. a document) or the application (e.g. MS Word) but the activity of a user. The end-user is directly supported by computational activities which can be initiated, suspended, stored, resumed, and shared on any computing device in the infrastructure at any point in time, handed over to other persons, or shared among several persons asynchronously or in real time. Furthermore, the execution of activities is adapted to the usage context of the users, i.e. making activities context-aware. <br/><br/><br/><br/>The research goals of the project are to research, design, and implement a proof-of-concept for activity-based computing, which includes an underlying infrastructure and user interfaces for end-users. These technologies are designed and evaluated in close collaboration with end-users.<br/><br/><br/><br/>Research Activities<br/><br/>The research in activity-based computing pivots around the following core research activities;<br/><br/><br/><br/>development of a conceptual framework for activity-based computing<br/><br/><br/><br/>design and implementation of an underlying infrastructure for activity-based computing which supports activity handling, mobile computing, collaboration, and context-aware computing<br/><br/><br/><br/>design and implementation of novel interaction design and user interfaces for activity-based computing which runs on next-generation devices like wall-based displays, tabletop displays, handheld computers, embedded computers, and sensor networks.<br/><br/><br/><br/>evaluation together with end-users like physicians, nurses, and biologists.<br/><br/><br/><br/>Activity-based computing is located under the Global Interaction Research Initiative (GIRI)1, and used as a conceptual and technological foundation in several other GIRI projects, including the TrustCare project2, the Mini-Grid project3, and the Global Software Development (GSD) project. <br/><br/><br/><br/><br/><br/>",https://pure.itu.dk/portal/da/projects/612922b8-de39-4ff6-80c5-dbfe46873ce0
627db78d-dc0c-4fa3-879d-b5b4aef2867f,Technologies for Declarative Model-driven Development of Cross-organizational Process Aware,2011-08-01,2014-07-30,"Exformatics A/S develops workflow management systems (WfMS), which are increasingly becoming distributed and cross-organizational. It has been recognized that the current standard imperative business process notations used for WfMS are too rigid for knowledge workers and declarative models are being put forward as an alternative. The project aims to develop technologies for declarative model-based design of distributed WfMS continuing a successful collaboration between Exformatics and ITU.",https://pure.itu.dk/portal/da/projects/627db78d-dc0c-4fa3-879d-b5b4aef2867f
94132b8e-3a13-439c-beae-73eaa2bfc6c2,Improving Database Systems Performance on Flash Devices through Cross-Layer Optimizations,2011-10-01,2015-07-31,,https://pure.itu.dk/portal/da/projects/94132b8e-3a13-439c-beae-73eaa2bfc6c2
415160df-572d-4afb-b812-19ec0f6af6e1,The role of computer-mediated communication in relational maintenance,2009-10-01,2014-08-01,"As new technologies capitalize on human sociability, people are increasingly able not only to maintain existing active relationships despite distance, but also to re-activate relationships that may have lapsed over time. Yet little research has considered why people seek out such ties and whether they benefit from them. This project focuses on Russia and Kazakhstan as locations where high levels of emigration and frequent mobility due to an economically volatile environment created conditions where people were especially likely to engage in the practice of reconnection via communication technologies such as social network sites. Using a transnational lens on technology use for communication activities, the goal of this research is to assess the way technologies have been appropriated in relational maintenance, what role distance and national borders might play in this form of relating and what this might mean for future technology design and development. A secondary goal of this research is to consider how and why the same technologies may become deeply integrated into daily life for some people and remain as occasionally used curiosities for others and what that might mean for design and development of new technologies.<br/><br/><br/><br/>Moreover, this research brings up issues that go beyond studying interpersonal use of communication technologies and considers how the social and political context of the locations under study can shape the way the Internet is interpreted, adopted and used. In this work we consider how extensive state blocking of Internet sites and surveillance of Internet use might be implicated in people’s decisions about and attitudes toward contributing content online. What role might online communication play in fostering grass roots organizing and civic engagement in Russia and Kazakhstan? Given the different ways that Russia and Kazakhstan exert state control over their national Internet spaces through technical and ideological means how might we take into account the political context of technology use as this relates to design and development of technology conducted with a human-centered computing sensibility? <br/><br/>",https://pure.itu.dk/portal/da/projects/415160df-572d-4afb-b812-19ec0f6af6e1
a5cd3c3c-d1ff-4fe6-b08e-263d51de6813,VELUX Visiting Professor Programme 2013-2014,2013-01-22,2015-01-21,,https://pure.itu.dk/portal/da/projects/a5cd3c3c-d1ff-4fe6-b08e-263d51de6813
5c75c8dc-6b67-4956-8626-37f6d8778805,Adaptive Game Content Creation using Computational Intelligence,2009-08-01,2011-07-31,"The principal goal of this project is to enhance the experience of computer game-players by developing computational intelligence algorithms that learn mappings between game features and player satisfaction.<br/><br/>Computer game productions are becoming more and more complex and expensive. Recent advances in audio, graphics, and storytelling mandate ever-increasing budgets for game content development. Strong international competition forces game developers to keep delivering innovative game concepts. The problem for the game development industry – and especially the Danish one that primarily consists of small companies – is that traditional design methods makes this development process very expensive. Consequently, the AGameComIn project will create new methods and algorithms to partly automate the game design process – particularly in relation to the creation of challenging virtual environments and rule sets.<br/><br/>The methods and algorithms developed will make labour-intensive aspects of game development substantially more efficient, amplify the creativity of game designers, and enable the creation of new types of games. On that basis, the outcomes of the project will advance the state-of-the-art in human-machine interaction in computer games by introducing real-time, emergent, and user-driven interaction design.",https://pure.itu.dk/portal/da/projects/5c75c8dc-6b67-4956-8626-37f6d8778805
c66417ee-9cd8-4918-b872-25574a724c2a,Healthcare Innovation Lab,2010-01-01,2011-12-31,"Projektet har to hovedmål:<br/><br/>1. At udvikle og teste simulation som brugerfreven innovationsmetode gennem konkrete innovationsforløb inden for temaområder/casestudier mellem brugere og virksomheder.<br/><br/>2. At afdække de gevinster, som brugerdreven sundhedsinnovation skaber. Herunder det erhvervsudviklingsmæssige potitentiale, som projektet erfaringer og resultater skaber gennem konkret samspil mellem de deltagende private virksomheder, videninstitutioner og offentlige hospitaler.  ",https://pure.itu.dk/portal/da/projects/c66417ee-9cd8-4918-b872-25574a724c2a
51ac42a5-e884-400e-92a7-6f200f189499,Jingling Genie: Context-Sensitive Services Developed in Global Collaboration,2009-01-01,2013-12-31,,https://pure.itu.dk/portal/da/projects/51ac42a5-e884-400e-92a7-6f200f189499
eca259ab-ea40-4758-bbb5-6533b2c39916,Senior:Interaction,2009-10-01,2012-09-01,"In the co-design project Senior:Interaction (S:I) a public care unit (Københavns Kommune), university researchers (ITU &amp; The Danish Design School), industrial partners, and senior citizens in a specific urban location are working together to design new horizontal service concepts that can strengthen social interaction among seniors in the urban environment. The project started late 2009 and will be finalized late 2012.<br/><br/>The overall objective of this project is to develop new design concepts and interaction technologies for social interaction on top of the service models that create the basis for experience sharing and social interaction among seniors- and thus contributing to greater self-reliance and social wellbeing.<br/><br/>The project focuses particularly on three everyday areas: the meal, physical mobility &amp; strength, and cultural experiences in everyday life. These everyday areas have the potential of binding people together in a neighbourhood and thus contribute to the feeling of belonging and being confident in the local environment.<br/><br/>The S:I project uses the design laboratory and living labs as platforms for organizing and guiding innovation. With design laboratory we refer to open collaborations between many stakeholders sharing a mutual interest in design research in a particular field.  The open collaborations means that “what” is to be designed is not predefined in the outset but something, which is co-designed, experimented with and rehearsed as the process goes along.<br/><br/>We have finished the first concept development phase and are in the middle of the platform phase, where we are going to develop the first version of designs and prototypes based on the identified concepts and bring these into the seniors’ everyday contexts in two living labs: a senior apartment community in Valby, and ad hoc networks in Valby Parken.<br/>",https://pure.itu.dk/portal/da/projects/eca259ab-ea40-4758-bbb5-6533b2c39916
8dc6ea1f-9006-408b-9e5c-77126c827bc3,LevVel mødestedet,2010-01-01,2012-12-31,"LevVel er et strategisk partnerskab, som samler udviklingsprojekter om services, teknologi og organisation inden for velfærd og sundhed. Fokus er at bevare ældre borgere aktive og selvhjulpne i længere tid. Gevinsten er større livskvalitet til de ældre, frigjorte ressourcer i det offentlige og nye vækstmuligheder på velfærdsområdet for private virksomheder.<br/><br/>LevVel er et forum for udvikling og afprøvning af nye velfærdsløsninger. Her kan kommuner, virksomheder, forskere, hospitaler og organisationer mødes og få adgang til viden, inspiration, og samarbejdspartnere. Målet er at skabe nye resultater gennem offentlig-private innovationsalliancer. <br/><br/>LevVel består af tre delprojekter. ITU deltager i delprojekt Mødestedet, som er et brugerdrevent innovationsprojekt, der vil gøre det muligt for selvhjulpne ældre at fastholde deres ønskede hverdag og funktionsevne.<br/><br/>Målet med partnernes samarbejde i delprojekt Mødestedet er at undersøge, hvordan man kan sammentænke fysisk aktivitet, samvær og sundhed for ældre ved at kombinere leg, oplevelser, træning og socialt samvær. Forskningen viser, at fysisk og mental aktivitet i en social sammenhæng giver en højere livskvalitet for de ældre og sikrer mere velvære i dagligdagen.<br/><br/>Delprojekt Mødestedet har til formål at udvikle nye servicekoncepter i form af mødesteder til selvhjulpne ældre, der:<br/><br/>• Øger de ældres fysiske og mentale fitness ved at kombinere leg, oplevelser, træning og socialt samvær<br/>• Tiltrækker selvhjulpne ældre<br/>• Anvender social netværksteknologi, der giver mulighed for selvorganisering og understøtter fysiske sociale netværk med en virtuel dimension<br/>• Matcher de udviklede produkter og services med det eksisterende og fremtidige behov og marked<br/><br/>Målgruppen for de nye service koncepter er ældre, der har brug for mental og fysisk fitness som forebyggelse og fremme af deres selvhjulpenhed.<br/>",https://pure.itu.dk/portal/da/projects/8dc6ea1f-9006-408b-9e5c-77126c827bc3
dc6f55b6-2134-4962-bcc0-ffe6dcb3997b,,2010-09-01,2012-12-31,,https://pure.itu.dk/portal/da/projects/dc6f55b6-2134-4962-bcc0-ffe6dcb3997b
cfcf30c3-2e6c-4854-85a9-2504572752a5,,2010-09-01,2013-08-31,"Confronting conflicts and coping with them is part of social life. Indeed, conflicts seem to arise in almost every context and developmental stage of human life, from scuffles in schoolyards, to bullying in the workplace and to international warfare. While the question of whether conflicts are inevitable or not is disputed, there is widespread agreement that the current prevalence and lack of resolution to conflicts is incurring substantial cost to society at large. The personal and collective gains that follow conflict resolution have motivated scholars in the fields of law, education, organisational management, psychology and social science, among others, to advocate the use of pro-social mechanisms for resolution. Interventions that may impart individuals with experience in resolving conflicts will be of clear benefit to society.<br/><br/>Improving conflict resolution skills among the population at large is of paramount importance for a healthier, more peaceful and productive European society. These skills are best taught in early years, using teaching tools that are appropriate and engaging for today's children, for whom computer games and social networks are natural parts of life. The SIREN project aims to create a new type of educational game, the conflict resolution game, which takes advantage of recent advances in serious games, social networks, computational intelligence and emotional modelling to create uniquely motivating and educating games that can help shape how children think about and handle conflict. The software developed by the project will be able to automatically generate conflict scenarios that fit the teaching needs of particular groups of children with varying cultural background, maturity, and technical expertise, and the desired learning outcomes as specified by a teacher. This will enable the system to be used by school teachers all over Europe, without specific technical training. To realize this vision, a number of advances to the state of the art will be made throughout the various disciplines that members of our thoroughly multi-disciplinary consortium specialize in.<br/><br/>The key aim of the Siren project is to create an intelligent interactive software system, specifically a serious game, which supports teachers’ role to educate young people on how to resolve conflicts.",https://pure.itu.dk/portal/da/projects/cfcf30c3-2e6c-4854-85a9-2504572752a5
070091f2-5713-48cd-9633-e3918315931f,"Intelligent Context-Aware Systems for Healthcare, Wellness, and Assisted Living",2011-01-01,2014-12-31,"Context awareness has the potential to revolutionise the way people interact with information technology. Whereas conventional computers merely interpret explicit user input, context-aware systems analyse and automatically respond upon users’ behaviour and situation he/she is in. This enables electronic systems to assist users in situations in which the use of conventional computers and mobile devices is out of question. A particularly relevant field are healthcare, wellness, and assisted living (HWA) applications, which is at the focus of the proposed network. Research on context awareness has continued to intensify in the last decade due to the availability of cheap sensing technologies and mobile<br/><br/>systems. Still, building reliable context-aware systems that can deal with complex real-life situations and environments remains an open research challenge and requires a multi-disciplinary effort. iCareNet will make a decisive contribution towards solutions, leveraged through an interdisciplinary perspective ranging from sensing and sensor integration, to human-computer interaction and social factors involved in the deployment of context-aware applications. Robust and scalable system architectures and design methodologies are the principal objective of all iCareNet efforts. iCareNet unites efforts of an interdisciplinary network of leading European research groups and a strong industrial participation. Researchers will receive comprehensive inter-domain training through a series of network-wide training events on topics including signal processing, behaviour inference techniques, privacy and security, and social aspects. A number of measures including the establishment ERASUMS partnerships, formal recognition of lectures, and the design of long-term joint Ph.D. programs will ensure that the network leads to long-lasting collaborations<br/><br/>and benefits for the involved institutions.",https://pure.itu.dk/portal/da/projects/070091f2-5713-48cd-9633-e3918315931f
1f0930fb-e0c4-4f6f-a76e-8c918d86fd0b,Conceptual approach for new routes in eHealth: Movement practices of elderly care,2009-09-01,2012-08-31,"CareMoves is a research project focused on movements in old age homecare.<br/><br/>It is led by Peter A. Lutz, PhD Research Fellow at the IT University of Copenhagen. It is based on ethnographic fieldwork in the United States and Sweden, two countries that face the demographic challenge of an ageing population.<br/><br/>Movement helps center a number of important challenges and emerging tensions in old age homecare. These include moving from home into a care facility, everyday mobility – e.g. getting from A to B – as well as the timing, spacing and acting of homecare delivery. Movement is often understood in literal terms. However it also involves figurative dimensions such as the link between movement and independence, care as emotional movement and the sense of social connection engendered with IT devices.<br/><br/>In this project movement is positioned as an ontological heuristic to empirically explore how tensions surface in the field of old age homecare. This includes how tensions are entangled with movements situated by homecare trajectories (the sites, actors, plans and actions). One practical ambition is to contribute scientific knowledge that informs IT design and policy interventions aimed at alleviating tensions in care. It also aims to construct novel theoretical intersections between anthropology, science &amp; technology studies (STS), human-computer interaction (HCI), design and care science.  <br/><br/>",https://pure.itu.dk/portal/da/projects/1f0930fb-e0c4-4f6f-a76e-8c918d86fd0b
83ed0d7a-acf2-4908-bed1-7f047235d2fd,,2009-07-01,2012-06-30,,https://pure.itu.dk/portal/da/projects/83ed0d7a-acf2-4908-bed1-7f047235d2fd
c27aeaee-ce0c-41cd-887b-627225b6b0b6,Interaktive træningsteknologier i kommunal genoptræning af hofte og apopleksipatienter,2010-10-01,2013-12-31,"Genoptræning er en væsentlig sundhedsopgave med stor betydning for succesfuld rehabilitering af behandlede patienter og dermed for den efterfølgende selvhjulpenhed og oplevede livskvalitet. Kommunerne, der overtog opgaven med strukturreformen, oplever en klar stigning i efterspørgslen på genoptræning. Der er behov for nye metoder til at effektivisere de eksisterende forløb samt stimulere borgernes selvtræning.<br/><br/>Rudersdal, Lyngby-Taarbæk, Gladsaxe og Gentofte kommuner vil sammen med Delta og IT-universitetet modne et projekt, der har til formål at anvende diagnosetilpasset interaktiv træningsteknologi til at effektivisere de eksisterende træningsforløb. Det skal ske ved at kombinere motiverende interaktive teknologier fra spildomænet med træningsprincipper fra genoptræningsdomænet med henblik på at udvikle nye diagnosespecifikke interaktive træningsprogrammer. Målgruppen er de store diagnosegrupper, patienter med hoftealloplastik samt apopleksiramte. I modningsprojektet identificeres og udvælges træningsøvelser til motiverende feedback i samarbejde med terapeuter. Muligheder for at imødekomme disse i eksisterende teknologier fra spildomænet afsøges ligesom de tekniske muligheder for udvikling af diagnosespecifikke løsninger afprøves i nogle løsningsskitser, som udvikles sammen med brugere og behandlere fra de involverede kommuner. Projektets resultater er afgørende input til modning af en ABT-fonds ansøgning til november 2010. Det endelige projekt forventes at indeholde endelig tilpasning af teknologi og redesign af træningsforløbs samt demonstration af træningseffekt og arbejdskraftbesparende potentiale.",https://pure.itu.dk/portal/da/projects/c27aeaee-ce0c-41cd-887b-627225b6b0b6
0cd95d03-f132-4f54-9f5a-6da55336125a,Games for Health - PTSD,2011-01-01,2012-12-31,"Games for Health aims to test and combine technologies and concepts from computer games and e-learning in treatment methods in the health area. As a unique, innovative step, the project intends to involve user reactions and behaviour as determining factors in game development. This insight in user behavior will be used to optimize and individualize methods for treatment and learning.<br/><br/>The field of interest of the project is the psychiatric area with a focus on screening, diagnosis and treatment of soldiers with Post Traumatic Stress Disorder (PTSD). The project has potential with respect to a wide array of groups of people at particular risk of developing PSTD and for this reason may prove to be ground-breaking within the field, according to Peter Treufeldt, deputy director of Mental Health Services of the Copenhagen regional authority.<br/><br/>Through involvement of the newest knowledge about games technology (AI and user behavior), games/play and learning the project partners will develop concrete examples of learning sequences in which the aforementioned technologies are used to optimize processes of screening, diagnosis, treatment and learning. In this process, experience and research results regarding traumatology and behavioral psychology will be used. Center for Computer Games Research at the IT University of Copenhagen is among the world’s leading research centres in regard to affective modelling and creation of dynamic game content.<br/><br/>Therefore, the ITU has a prominent role in the project, in which the Center for Computer Games Research will be responsible for coupling biophysical data from the individual player with in-game data on the player’s behavior within the game itself, so-called gamemetrics.<br/><br/>The matching of biophysical data and gamemetrics offers new knowledge of realtime interaction between user and game which may be used to adapt and individualize the game to the profile of the individual player. In this way, the gaming/learning experience may be optimized in a treatment and/or learning process. This has never been attempted before.  ",https://pure.itu.dk/portal/da/projects/0cd95d03-f132-4f54-9f5a-6da55336125a
9ba6cf3a-4ac3-41b0-a77e-f8e4a9a3117e,Architecting for Cloud-enabled software systems,2011-03-01,2011-12-31,"Cloud computing is an emerging computing paradigm, which promises to be a major driver of business innovation by exploiting the technological advances of Infrastructure as a Service (IaaA), Platform as a Service (PaaS), and Software as a Service (SaaS). We intend to explore following key questions through a collaborative network: How can Cloud computing impact on architecture of software and, more generally, architectures of systems? What are the key architectural challenges and potential solutions for migrating enterprise systems to Cloud computing? What kinds of methods and tools required for evaluating architectures of cloud computing based systems? What are the appropriate architectures for autonomic monitoring and resource management of Cloud-Aware services?",https://pure.itu.dk/portal/da/projects/9ba6cf3a-4ac3-41b0-a77e-f8e4a9a3117e
02e9b18e-a36f-40c9-acd9-06ea815e7c6d,The Aesthetics of Global connectivity: exploring design strategies and networked technologies of distrubted sites trough artistic processes.,2011-03-01,2011-12-31,"The aesthetics of global connectivity: exploring design strategies and networked technologies of distributed sites through artistic processes.<br/><br/>The project is an explorative investigation of the aesthetics of global connec-tivity. The aesthetic approach is a way to explore possibilities in technologically mediated relationships, which then inform the development of consistent models that correlate between the participatory experience, the compositional strategies, and the technological design. The offline/online workshops enable an exploration through developing prototypes and staging events, which involve the total com-municational complexity of the integrated platform as the artistic medium. <br/><br/>The research network is established expecting that researchers at IT University Copenhagen, Federal University of Rio de Janeiro, and Central Conservatory of Music Beijing will complement each other in the interdisciplinary research into globally connected performance activities. The workshops will include the par-ticipation of a wider selection of researchers, using the events to introduce related institutions and individuals to the project themes. The network project includes three workshops on-site at the respective collaborators, and a continuous process of online collaboration. <br/><br/>We want to initiate a close research collaboration focusing on global collabor-ative practices related to the design of explorative artistic platforms, connecting Danish researchers with researchers from China and Brazil. The collaborators shared approach is based on methods of integrated design, which, through artistic exploration, drive technological prototyping processes involving a range of hy-brid technologies. The chosen partners contribute with methods and aesthetic concepts from radically different fields and position (performance/narrativation, organic/artificial symbiosis, music/acoustics), which is intended to form a vigo-rous interdisciplinary collaboration through concrete explorative workshop events. <br/><br/>The intended research takes the perspective of a hybrid ecology of networked communication. We will utilise experiential and situational methods of analysis, and develop narrative models of the semiosis operations embedded in the techno-logical mediation. The prototype events will be generated to situate engaged par-ticipants, viewing the totality of the integrated ecology of online and offline communication as staged aesthetic events. The network project will seek to iden-tify a common ground by transfer of methods and aesthetic paradigms, and en-gage further fields of expertise through each of our local interdisciplinary net-works of collaborators. The workshops will develop explorative prototypes for robotic, performative, and acoustic interfacing, which will be installed at all sites and form the base for online research events.<br/><br/>Our interest is in the new ecologies that takes form in the telematised envi-ronments, and our approach is to view connected spaces and situations as staged events, composed for participatory exploration, and to qualify these new habitats by performance methods of analysis. Through explorative prototypes, driven by artistic intent, we will re-evaluate the telematic ecology of relations. The overall purpose of the three workshops is to consolidate the base for further collaborative research in-between the participants, distributed across timezones, cultural di-versity, and interdisciplinary difference. <br/><br/>Our long-term aim is to explore new ways of conducting explorative research in global networks, and through the developed strategies enact new hybrid tech-nologies and practices. The participants each represent a position of excellence within their specific field, and they are selected to form an interdisciplinary net-work of excellence. We will through the activities planned in 2011 be able to in-itiate a strong ground for research collaboration, based on working prototypes and the developed telematic research platform. <br/><br/>The network partners, and their respective research networks, will form part of a series of research applications. This will take form as a consortium for global col-laboration, which can participate in EU applications towards the FP7 framework. The Danish partner will formulate proposals for both Danish and EU project funding based on the research identified and developed during the network work-shops.",https://pure.itu.dk/portal/da/projects/02e9b18e-a36f-40c9-acd9-06ea815e7c6d
22225314-e30a-47e7-b5c5-3e9e1ecdc8d3,Cross-Cultural explorations of mobile gaze interaction for everyday aging,2011-04-01,2011-12-31,"In order for gaze-based devices and application to reach more general populations and domains, we focus on low cost solutions with enhanced usability (i.e., easy calibration, robust to head motion and flexibility), and new context-aware gaze-based interaction paradigms for mobile scenarios. Some of the initial questions that will be investigated are: How can gaze estimation be performed in low cost and mobile scenarios (e.g. on mobile devices or when using a head mounted eye tracker outdoors)? How to improve the accuracy of the eye tracking methods with better usability? In particular, how does socio-cultural differences between future users at the different sites influence models for gaze-based context-aware computing? Relevant cross-cultural domains will be selected during the initial workshops and used to guide the joint development of user-centered prototypes.",https://pure.itu.dk/portal/da/projects/22225314-e30a-47e7-b5c5-3e9e1ecdc8d3
fb5462ca-cc1b-4534-b83a-fea1c580873d,Surveillance in Denmark,2010-09-01,2013-08-31,"This is the first Danish research project to investigate surveillance in the contexts of police work and the administration of housing communities. The project describes how surveillance practices and technologies are deployed, and it explores the implications for organizations and citizens. <br/><br/>The project has its starting point in Science and Technology Studies (STS), in particular the notion of socio-technical practice. Thus, the project supports a developing theoretical interest within Surveillance Studies.<br/><br/>The project consists of five interrelated subprojects:<br/>1) Closed circuit television (CCTV) in police work<br/>2) DNA in crime investigation<br/>3) Preventing crime in residential areas, with CCTV<br/>4) Mapping as surveillance strategy in marginalised residential areas<br/>5) Concepts, theories and ethics of surveillance.<br/><br/>The project is a Danish contribution to the European COST action ISO0807, ‘Living in Surveillance Societies’..",https://pure.itu.dk/portal/da/projects/fb5462ca-cc1b-4534-b83a-fea1c580873d
a3eec805-3c21-4472-83b3-dfde1ec5a377,An Epistemic Logical Framework,2011-01-01,2011-08-31,"The goal of the eight month research visit with Prof. Frank Pfenning, Prof. Karl Crary, and Prof. robert Harper at Carnegie Mellon University (CMU) is to develop an epistemic logical framwork for reasoning formally about specifications and implementations of electronic voting systems.",https://pure.itu.dk/portal/da/projects/a3eec805-3c21-4472-83b3-dfde1ec5a377
2ff25b7f-6d17-43d1-9f32-55982346437c,Community Baseret Innovation med social og mobil IKT,2011-03-01,2014-04-03,"User activity on the net and on mobile platforms is increasing rapidly - and the inclination and motivation among consumers, users and citizens towards sharing their needs, ideas and feedback on products and services is growing.<br/><br/>The question is how the user generated knowledge is staged, socially, technologically, commercially and organisationally in order to ensure the greatest possible outcome with regards to innovation in private and public organizations alike.<br/><br/>The Danish and international cases which are being followed closely by the OECD and others conclude that this type of Community-Based Innovation (CBI) has a very large unutilized innovation potential - and that this form of innovation is by no means reserved for large scale commercial or public organizations.<br/><br/>It is, indeed, this potential which the Innovation Consortium aims to bring online, in order for Danish companies to gains access to new models, tools and concepts for succesful mobile and community based innovation together with their users and customers.  ",https://pure.itu.dk/portal/da/projects/2ff25b7f-6d17-43d1-9f32-55982346437c
48d847bc-226c-4bf5-9da5-1597d52fe4e0,,2010-07-09,2011-04-09,,https://pure.itu.dk/portal/da/projects/48d847bc-226c-4bf5-9da5-1597d52fe4e0
ee36c318-11de-4301-8b75-6d6ebe121e01,Choreography-driven Programming and Security,2011-01-01,2013-12-31,"New technologies and styles of software systems such as multi-core processors, web services and ubiquitous computing are contributing to a shift in software architectures and systems, where communication is the norm rather than the exception. Programming such distributed communicating systems, however, is known to be hard as it exposes programmers to several new levels of complexity including deadlock/livelock and diverse forms of partial failure, and current programming languages and methodologies lack formal foundations and techniques for ensuring safety and security properties.<br/><br/>Choreography-driven programming is an emerging paradigm for communication-based systems based on the idea that the pattern of interactions among individual peers (known as end-points) is specified by a global description (often referred to as choreography). Such a global description allows to abstract from local input/output primitives and focus on the system global flow of interactions avoiding typical concurrency problems, such as races over a synchronisation and deadlocks. However, since communication-based systems ultimately consist of end-point behaviour, global descriptions demand a mapping into programs containing the necessary input/output operations for each endpoint. Such a translation is often referred to as end-point projection (EPP). EPP is often coupled with its reverse operation, known as global view extraction (GVE), which maps end-point behaviour into a choreography. EPP and GVE provide what is best known as round-trip engineering: existing source code can be abstracted and converted into a specification, subjected to software engineering methods and then converted back.<br/><br/>The aim of this project is to provide mathematical foundations for choreography driven programming covering realistic communication and security protocols and supporting algorithms for provable correct mappings between choreography and end-points. Our hypothesis is that this foundation can be built starting from the recent work by the PI and collaborators. The aim is made feasible by the PI’s experience on formal foundations of communication-based and service-oriented computing, the local competences at the host organisation and a unique combination of expertise among the PI’s international collaborators, namely Dr. K. Honda and Dr N. Yoshida, both experts in concurrency theory, Prof. J. Guttman, a security expert, and Dr. S. Ross-Talbot, W3C WS-CDL working group co-chair.",https://pure.itu.dk/portal/da/projects/ee36c318-11de-4301-8b75-6d6ebe121e01
f6d20d05-9881-45a8-b3dc-7625585ee4c9,Massive Data Mining by Sampling,2011-01-01,2014-12-31,"Data mining is the driving force behind a paradigm shift in the way we conceive models of our surroundings. Society relies extensively on models of physical, social, and economic phenomena, that give the predictive power allowing us to build a bridge, confident that it will not collapse, forecast the effect of economic stimulus packages, select the best livestock for breeding, etc. The massive amount of data that has become available opens up for completely new ways of understanding and modeling data, through the use of algorithms.<br/><br/>In this project we will explore the possibilities in a new approach to massive data mining with origins in advanced sampling methods of data stream algorithmics. This happy marriage of efficient algorithms and statistical principles is the unifying idea of several recent highly successful research contributions of the applicant in the field of data mining. In collaboration with external partners, the project will focus on three application areas with a common theoretical core: Financial modeling, recommendation systems, and genotype/phenotype mining.",https://pure.itu.dk/portal/da/projects/f6d20d05-9881-45a8-b3dc-7625585ee4c9
0138e9a0-ad7f-434d-9594-e7597b1c3e2b,Rebels og Today: a critical analysis of the representation of far right and left activism in digital media,2011-09-01,2011-12-31,,https://pure.itu.dk/portal/da/projects/0138e9a0-ad7f-434d-9594-e7597b1c3e2b
ed6bd979-6a16-4c9b-ba0c-f22b3ec3c37b,Actuarial Calculus and Computing,2011-04-01,2015-09-30,"The vision of the project is to develop a new generation of software for demanding calculation tasks in the life and pension business, a so-called calculation platform. The idea is to create a calculation kernel based on systems of partial differential equations which characterise the values which the stakeholders, i.e. policy holders, companies, or financial authorities might want. The calculation platform can provide the basis for calculations for many different insurance products to be expressed in a specially developed modelling language. In the context of globalisation and more advanced accounting and solvency rules, the demands to software in the life and pension business are increasing, and a number of demands are difficult to meet with the current systems which are primarily based on so-called closed-form expressions. Simultaneously, a continuous society beneficial product development is taking place in the business that requires greater flexibility in the supporting software. The vision is to create a platform which not only meets the increasing regulatory and product development demands of today, but which also solves the tasks that will be given tomorrow.<br/><br/>The success criterion is to create a calculation platform which can be marketed primarily in Denmark, and secondarily in the EU. The product shall generalise current technology and be able to solve problems that the current generation of software fails to resolve. An obvious prerequisite, making it a general success criterion in itself, is that the kernel calculates correctly, which calls on actuarial knowledge and innovation, and efficiently, which requires computer scientific knowledge and innovation.  ",https://pure.itu.dk/portal/da/projects/ed6bd979-6a16-4c9b-ba0c-f22b3ec3c37b
35af1726-589d-4cd1-bbea-3fa051ef76ce,Trustworthy Democratic Technology,2011-07-01,2018-01-31,"Over the last several decades, information technology has transformed the electoral process, which is perhaps the most foundational process upon which democratic societies are built. Computers are gradually replacing the manual parts of the democratic process. For example, rather than hand-counting a vote for days, Microsoft Excel is used to tally results. Or, more locally relevant, a UNIX program is used to compute the seat assignments to parties in parliament, as has been done since 1962 here in Denmark.<br/><br/>Some of these changes make the overall process more efficient or economical. However, there is a risk of the process becoming less trustworthy. The deployed technology tends to be complex, and is therefore prone to programming error and vulnerable to malicious attacks. This, in turn, has an adverse effect on the very foundations of democracy. Voters are less likely to trust the electoral process, which inevitably leads to lower voter participation and cynicism. Consequently, virtually all e-voting researchers, hackers, and activists are against the introduction of computers in the democratic process.<br/><br/>The hypothesis of this research project is the following: Is it possible to modernize the electoral process, while balancing the trust of the people on the trustworthiness of the deployed technology?<br/><br/>In order to provide evidence in support of (or to refute) this hypothesis, we propose to design a rigorous software engineering principle, which we call trust by design, that reproduces the trust&amp;#x0;0;1F;instilling elements of the conventional democratic process in the new electronic infrastructure of elections. Together with our industry partners Aion and Siemens, we will develop electronic election technology based on the trust by design principle. Finally, working with Århus, Copenhagen, and Frederiksberg Municipalities, we will empirically evaluate the technology in order to analyze the social, political, and cultural implications inherent in the digital transformation of the democratic process.<br/><br/>The result of this project will be a computational democratic process and a reference technology platform for electronic elections that e-voting researchers, hackers, and activists the world-over will either (a) acknowledge as being trustworthy, correct, and secure enough for certain kinds of elections, or (b) we will refute the hypothesis and permanently close the door on the use of computers in the democratic process.<br/><br/>Regardless of the outcome, this research will provide decision makers, in Denmark and elsewhere, important and invaluable insights for how to modernize the democratic process without jeopardizing our fundamental democratic principles. ",https://pure.itu.dk/portal/da/projects/35af1726-589d-4cd1-bbea-3fa051ef76ce
8cc58f09-1f41-458e-a3a3-f266e1ea62e9,Relational Reasoning for Programers using Higher-Order Store,2012-02-01,2012-12-31,"The main aim of this project is to research new relational reasoning techniques for programming languages with features found in modern programming languages, in particular polymorphism and higher-order store (aka general references).<br/><br/>To develop correct and reliable software we need good formal reasoning methods for reasoning about programs written in modern programming languages. One of the most fundamental notions in formal reasoning about programs is contextual equivalence, which expresses when one program fragment may be interchanged by another fragment, without changing the overall meaning of a complete program. This is the notion of correctness that one is interested in when, e.g., proving compiler optimizations correct. Moreover, understanding contextual equivalence is, of course, a crucial ingredient in simply understanding the semantics of a programming language, and as such it forms the basis for other reasoning methods.  <br/><br/>",https://pure.itu.dk/portal/da/projects/8cc58f09-1f41-458e-a3a3-f266e1ea62e9
8b8aa3f9-bc17-42c5-9a59-c48f17799881,Environmental infrastructures,2011-04-01,2012-03-31,"The overall objective proposed research is to improve our understanding of the social technological conditions for making global environmentally sustainable infrastructures the research uses theoretical and methodological tool from science and technolofy studies and social anthropology. The proposed three-month research visit in Japan has the following specific obejctives relating to social studies of environmental infrastructures.<br/><br/>1.Theoretically, it aims to futher specify the analytical concept of ‘environmental infrastructures’.<br/>2.Methodological, it aims to develop a comparative framework for contrasting environmental infrastructures.<br/>3.Empirically, it aims to begin case analysis of the applicant´s and collaborators’ data materials.",https://pure.itu.dk/portal/da/projects/8b8aa3f9-bc17-42c5-9a59-c48f17799881
85a633e3-4ceb-452b-9870-52e2f69289d5,,2012-01-01,2014-12-31,,https://pure.itu.dk/portal/da/projects/85a633e3-4ceb-452b-9870-52e2f69289d5
315e4871-b891-4423-a4d2-e754d7a843ea,,2011-01-18,2011-05-18,,https://pure.itu.dk/portal/da/projects/315e4871-b891-4423-a4d2-e754d7a843ea
2bbc8b50-82a7-4543-9e8a-be4890c1c108,,2011-03-01,2011-06-01,"To expand and further develop the Digital Culture Network activities, to develop and integrate curricula and to initiate joint curricular activities among existing programs (annual graduate seminar), and to develop joint quality assurance processes.",https://pure.itu.dk/portal/da/projects/2bbc8b50-82a7-4543-9e8a-be4890c1c108
96a6bce3-9ace-4be7-a5df-c2b7836aea43,Academic Network For Disaster Resilience to Optimise Educational Development,2011-10-01,2014-09-30,"ANDROID aims to promote co-operation and innovation among European Higher Education Institutes (HEI) to increase society's resilience to disasters of human and natural origin. The network's teaching and research is concerned with what resilience is, what it means to society, and how societies might achieve greater resilience in the face of increasing threats from natural and human induced hazards. The network will create a European approach that will help us understand the attributes that enable physical, socio-cultural, politico-economic and natural systems to adapt, by resistance or changing in order to reach and maintain an acceptable level of functioning. The network will also raise awareness and promote a common understanding among stakeholders of the importance of disaster resilience education and the essential role of European HEIs in improving society's ability increase disaster resilience.",https://pure.itu.dk/portal/da/projects/96a6bce3-9ace-4be7-a5df-c2b7836aea43
52636f43-4fb0-43ed-8c56-b644ddd62be9,Next Generation Technology for Global Software Development,2011-01-01,2016-12-31,"The software development paradigm is changing with the rise of geographically distributed, global software development (GSD). Increasingly, organizations like NNIT A/S shift all or part of their software development offshore. Several studies show that compared to collocated projects, GSD projects are more likely to be unsuccessful due to geographical, temporal, and cultural distances, which hampers close collaboration. This project aims at providing knowledge and tools for organizations to excel in software development on a global scale. <br/><br/>The two core contributions of this project are (i) to view cultural diversity as an opportunity for increased innovation, and (ii) to build technologies that help practitioners to move from an outsourcing model to a collaborative model of GSD.<br/><br/>The project consists of a strong interdisciplinary and international consortium of industrial and academic partners with substantial GSD experience – both from an industrial and a scientific point of view. Together, we aim to;<br/>- understand the collaborative and distributed nature of GSD with a special emphasis on cultural discontinuities and opportunities<br/>- design and evaluate a new paradigm for a collaborative infrastructure and tools for GSD<br/>- improve GSD processes, practices, norms, and practical guidelines<br/>- pilot trial the new technologies and practices in an industrial setting.",https://pure.itu.dk/portal/da/projects/52636f43-4fb0-43ed-8c56-b644ddd62be9
eac60df9-3b9b-4910-9700-2d23d577e728,MT-Lab - Modelling of Information Technology,2008-11-01,2013-10-31,"MT-Lab is a cooperative project with researchers from three Danish universities that will develop powerful computational methods and algorithms for the analysis of discrete, stochastic and continuous properties. This will result in new methods, techniques and software tools that can be used to guarantee complex properties of systems.<br/><br/>Almost everybody working professionally has experienced the frustration of having their computer application or web browser freezing in the midst of performing a task. This happens much less frequently to relatively simple computer programs like for instance the control program in a dishwasher or in a piece of stereo equipment. This is to a large extent due to now commonly used techniques in Computer Science such as static analysis and model checking – these types of analyses have proved extremely efficient in securing reliable functioning of simple computer programs. <br/><br/>However, for larger and more complicated computer systems like internet web browsers, intelligent homes, digital health care, and electronic payment systems these techniques are no longer sufficient. Indeed, future consumer electronic devices like PDAs, mobile phones, and domestic medical equipment will have a complexity that is comparable to web browsers and complex control systems.<br/><br/>The idea of the MT-Lab project is therefore to enhance well-known techniques on Computer Science like static analysis and model checking with modern methods in applied mathematics. The goal is to develop novel techniques that eventually will benefit the everyday citizen.",https://pure.itu.dk/portal/da/projects/eac60df9-3b9b-4910-9700-2d23d577e728
058ab940-9a91-4e18-a472-0f25ed203769,,2007-10-01,2010-12-31,,https://pure.itu.dk/portal/da/projects/058ab940-9a91-4e18-a472-0f25ed203769
13537467-eee8-4756-af4a-0c04d42666fb,BAYSTOW,2008-10-01,2012-07-31,"Formålet med dette projekt er:<br/><br/>At generere stuvningsplaner ved hjælp af matematiske og datalogiske optimeringsprincipper, der sænker de operationelle omkostninger for rederier og terminaloperatører ved at:<br/><br/>1) Nedbringe antallet af kranoperationer,<br/>2) Nedsætte lastningstiden i terminalen,<br/>3) Generere stuvningsplaner, der tillader at containerne kan lastes i en rækkefølge, der er økonomisk og fleksibel for terminalen<br/>4) Generere stuvningsplaner så hurtigt, at koordinatorer kan afprøve forskellige scenarier baseret på flere stuvningsberegninger for hvert skib.  ",https://pure.itu.dk/portal/da/projects/13537467-eee8-4756-af4a-0c04d42666fb
ca858287-aec2-476c-b096-b8c18e3e7196,The Successful Electronic Health Record,2008-01-01,2012-12-31,,https://pure.itu.dk/portal/da/projects/ca858287-aec2-476c-b096-b8c18e3e7196
1b24e063-c479-47e0-a8c1-47c039848a85,Serious Games on a Global Market Place,2007-01-01,2011-12-31,<br/><br/><br/><br/><br/><br/><br/><br/>,https://pure.itu.dk/portal/da/projects/1b24e063-c479-47e0-a8c1-47c039848a85
abe67227-b89c-4906-b63f-4d4f3870666b,Co-constructing IT and Healthcare,2008-01-01,2011-12-31,"The overall goal of the CITH project will design, develop ,and test IT applications and services to help healthcare professionals and patients with ICDs (advanced pacemakers) get an overview of the patient’s condition for timely and adequate intervention. <br/><br/><br/><br/>The project focuses on the treatment of patients with ICDs at The Hearth Centre at Rigshospitalet with the overall goal to improve both communication and collaboration between all involved parties. This will improve the quality of life for the patients as well as the quality and efficiency of treatment and care plans. <br/><br/><br/><br/>Another goal for the project is to develop the conceptual basis for successful IT solutions for shared care (when the responsibility for the healthcare of the patient is shared between individuals or teams who are parts of separate organizations, or when substantial organizational boundaries exist) applying a socio-technical perspective. <br/><br/><br/><br/>The combination of telemedicine and shared care programs addresses the problem of supporting communication across institutional and professional boundaries, in highly heterogeneous networks of healthcare professionals and patients. This is not a simple of straightforward task. Research on organizational communication has consistently shown that working across functional boundaries and sharing knowledge is difficult, because knowledge is localized, embedded and invested in practice.<br/><br/><br/><br/><br/><br/>",https://pure.itu.dk/portal/da/projects/abe67227-b89c-4906-b63f-4d4f3870666b
4f709a71-18d5-4a90-9b77-675fa6dcee65,Danish online museum communication from a user perspective – Practices and Methodologies,2010-03-01,2014-05-01,"This research project will study the museum web users, their understanding, precognition, and experience of the museum websites in connection to the museums’ intended digital communication. The project wishes to map and investigate the discrepancy between the behavior and understand9ing of the museum web users and the museums’ intentions in order to improve the museums’ communication. To do so, the project will explore and develop a methodology to measure and evaluate the effect of the museums’ digital communication concerning the web users.<br/><br/><br/><br/>The research project has two objectives<br/><br/><br/><br/>• To investigate, explore and analyze who the real users are, their preconceptions, experiences, and understandings of the museum websites (both web 1.0 and web 2.0 communication) compared to the museums’ intended communication in order to enhance and professionalize the museums’ digital communication<br/><br/><br/><br/>• To explore and develop a methodology to measure the effect of the museums’ digital communication – especially web 2.0 and social media – including mapping the challenges and problems. Additionally, the methodology also aims at corresponding kinds of digital cultural communication<br/><br/><br/><br/>The objectives will be examined, explored and discussed partly through empirical studies of the museum web users and partly through theory.<br/><br/>",https://pure.itu.dk/portal/da/projects/4f709a71-18d5-4a90-9b77-675fa6dcee65
9bf034c6-728d-4527-89dc-c8ba689c0cee,Energy Efficient Transportation Planning,2009-01-01,2014-08-31,"Hvor de fleste sektorer bevæger sig mod mere CO2 neutral energiformer er transportsektoren fortsat afhængig af fossilt brændstof. Hvert år udleder danske container skibe lige så meget CO2 som hele Danmark, og transportsektoren indenfor landet står for 72% af energiforbruget. Ved at udvikle intelligente IT-baserede planlægningsværktøjer til transportsektoren vil vi reducere energiforbruget og dermed miljøpåvirkningen. Forskningsprojektet omfatter bl.a. beslutningsstøtte til planlægning af rutenet således at en høj udnyttelsesgrad kan opnås, algoritmer til at fylde containere og stuve fartøjer mere effektivt, samt metoder til at finde mere effektive distributions veje. Pervasive computing metoder, som bruger RFID og hånd-holdte computere, vil blive brugt til at integrere alle disse tiltag så man kan tilbyde beslutningsstøtte ved pludselige ændringer, og dermed reducere overflødigt energiforbrug som følge af at tidsplanen skal indhentes. Endelig vil vi udvikle beslutningsstøtte til kunder som sætter fokus på transportformernes miljøpåvirkning. Forskningen udføres I samarbejde med et af verdens førende shipping selskaber hvilket sikrer at de udviklede metoder vil kunne få en signifikant indflydelse på CO2 udledningen. Projektet adskiller sig fra andre forskningsprojekter indenfor transport ved at have miljøpåvirkning som er ligeværdigt optimeringskriterie.<br/>",https://pure.itu.dk/portal/da/projects/9bf034c6-728d-4527-89dc-c8ba689c0cee
19e3b064-21f8-47c1-8b9d-f531323964d4,VARiability In safety critical Embedded Systems,2013-05-01,2015-04-30,"In order to succeed or even to survive, manufacturers and system integrators must be able to deliver new products with speed, diversity, high quality, and at an acceptable cost.<br/><br/>Embedded Systems (ES) are rarely entirely conceived from scratch. Companies developing ES constantly face decisions about using and adapting existing products or product assets versus new developments. Determining the long term risk and benefits of such decisions is very challenging.<br/><br/>Complex ES are often produced by assembling parts supplied by different partners. This adds extra complexity that all actors in the supply chain need to manage.<br/><br/>Safety critical ES product ecosystems require mechanisms allowing safe and trusted integration of ES components. Furthermore, safety critical ES need to comply with stringent safety standards. Determining the safety level based on individual parts’ safety characteristics is far from straightforward.<br/><br/>The main goal of the VARIES project is to help ES developers to maximize the full potential of variability in safety critical ES. The objectives of this project will be therefore (i) to enable companies to make informed decisions on variability use in safety critical ES; (ii) to provide effective variability architectures and approaches for safety-critical ES; and (iii) to offer consistent, integrated and continuous variability management over the entire product life cycle.<br/><br/>The VARIES project will deliver the VARIES Platform: a complete, cross-domain, multi-concern, state-of-the-art reference platform for managing variability in safety critical ES. Special attention will be given to aspects specific to safety critical ES, in particular the impact of reuse and composition on certification.<br/><br/>In addition to this ambitious goal, the VARIES project will create a Center of Innovation Excellence (CoIE) for managing variability in ES. The VARIES CoIE will support the European ES industry on the 3 aforementioned objectives.",https://pure.itu.dk/portal/da/projects/19e3b064-21f8-47c1-8b9d-f531323964d4
d45740c6-4ec2-4792-9c02-18663999b0b6,EU KIDS ONLINE III,2011-11-01,2014-10-31,"To ensure that policy developments regarding children’s online safety are soundly evidence-based, a third phase of the EU Kids Online network is proposed. Building on its successful track record, the network will update, widen and deepen its work, bringing together social scientists and experts<br/><br/>in the field of child internet use, risk and safety in order to stimulate and coordinate investigation into the way that children and young people use digital, convergent, mobile and online media. <br/><br/>The result will be both a proactive and a responsive resource, strengthening the evidence base and informing policy developments in Europe and beyond.<br/><br/>In its first phase, the network identified and critically evaluated the findings of 400 research studies, drawing substantive, methodological and policy-relevant conclusions. In its second phase, the network has surveyed children and parents across Europe. In the third phase, the network will provide a focal point for new findings and critical evaluations of new media uses, focusing on the<br/><br/>consequences of the changing risk environment (technological, social) and developing practices of safety mediation (by parents, schools, industry, third sector, children). This will provide the bases for an active dialogue with stakeholders about priority areas of concern for child online safety.<br/><br/>EU Kids Online III will widen its work by including all member states, undertaking international comparisons with countries outside the European Union, and extending its engagement – proactively and responsively - with policy stakeholders and internet safety initiatives. It will deepen its work through targeted hypothesis testing of the European dataset, testing innovative<br/><br/>research methodologies for the nature and meaning of children’s online risk experiences, and conducting longitudinal comparisons of findings where available. It will update its online database to produce timely updates on the latest knowledge about new and emerging issues.",https://pure.itu.dk/portal/da/projects/d45740c6-4ec2-4792-9c02-18663999b0b6
a2a761b8-5d11-443d-91a7-c1fcce59bbbf,Marine Renewable Energy as 'Alien': Social Studies of an Emerging Industry,2013-01-01,2016-09-30,"Danmark sigter mod at blive fri for fossile brændstoffer senest i år 2050. Målet skal nås gennem massive investeringer i vedvarende energikilder såsom sol-, vind- og bølgeenergi. I Danmark er bølgeenergien stadig en nyankommen energiform, der skal finde sin plads i energiinfrastrukturen. Formålet med forskningsprojektet er at undersøge lokalsamfunds rolle for udviklingen af bølgeenergi i Danmark gennem et sammenlignende etnografisk studie af relationer mellem lokalsamfund, industri og myndigheder, på steder hvor bølgeenergianlæg afprøves. På Orkney-øerne, hvor bølgeenergi er tættere på en kommercialisering, har det vist sig at lokalsamfundets accept spiller en væsentlig rolle for innovation i og udbredelse af denne nye energiform. Forskningsprojektet analyserer og sammenligner hvordan industrien udvikles i Danmark og på Orkney-øerne med henblik på at forstå innovationsprocesserne. I fokus er overgangen fra afprøvning af bølgeenergi til at denne energiindustri er integreret i den nationale energiinfrastruktur. En del af projektets praktiske udkomme er en online platform og en mobil udstilling, som løbende formidler projektets resultater til et bredere publikum og som giver teoretisk og analytisk informerede bud på hvordan lokalsamfund kan være en ressource i udviklingen af bølgeenergi.",https://pure.itu.dk/portal/da/projects/a2a761b8-5d11-443d-91a7-c1fcce59bbbf
1360e564-b050-41ec-b091-f87c6fdfa3ce,Integrated Intelligent Learning Environment for Reading and Writing,2012-01-17,2012-05-17,,https://pure.itu.dk/portal/da/projects/1360e564-b050-41ec-b091-f87c6fdfa3ce
b20bd2bf-be76-4373-b1c3-9266f4826ee7,Exchange of Excellence in Ubiquitous Computing Technologies to Address Healthcare Challenges,2012-01-18,2012-05-18,,https://pure.itu.dk/portal/da/projects/b20bd2bf-be76-4373-b1c3-9266f4826ee7
dc13ab93-8585-4c80-99ee-2daa95ba51eb,Global Software – Software Design and Development with User Participation in Culturally Diverse Settings,2010-08-01,2010-12-31,"The scope of this project is the development of a joint research effort together with the Indian Institute of Technology Madras (IITM), particularly the IITM’s Rural Technology and Business Incubator (RTBI), which will explore how Participatory Design (PD) methods and especially software engineering methods promoting use‐orientation in development need to be appropriated in a culturally different setting.Because the development and usage of software is now globalized, the methods and tools used to design and develop software needs to incorporate this global nature of software.",https://pure.itu.dk/portal/da/projects/dc13ab93-8585-4c80-99ee-2daa95ba51eb
a23aa47f-1463-4103-9b6c-f4632823fa04,Digital teknologi for rehabilitering i hjemmet,2012-02-20,2012-12-31,,https://pure.itu.dk/portal/da/projects/a23aa47f-1463-4103-9b6c-f4632823fa04
713351fe-d5ca-446f-924c-dc08cb9d0f73,APPPRENTICE,2012-01-24,2012-04-24,,https://pure.itu.dk/portal/da/projects/713351fe-d5ca-446f-924c-dc08cb9d0f73
862e99fb-8f4d-4692-8a13-86475361d120,EyeTribe,2012-01-24,2012-02-27,,https://pure.itu.dk/portal/da/projects/862e99fb-8f4d-4692-8a13-86475361d120
baaacdcd-40b8-4d34-9f9f-a885bcd6ebb0,Variability in Portfolios of Dependable Systems,2013-04-01,2017-08-31,"Modern mechanical systems, such as cars, airplanes, wind turbines and other machinery, are controlled by software. For safety of passengers, operators and so on, such software must be correct and extremely reliable, and therefore must be subject to strict quality control, testing and certification. This presents a challenge. For economical reasons, mechanical systems are designed to form product portfolios, and the controlling software is structured the same way: as software product families with highly parametrized and combinable components. Suppliers of components often do not even know how the parameters are set by the vendors that embed these components into a complex machine. It is completely infeasible to test and certify all the possible software configurations individually: a medium size software system has more potential variants than there is basic particles in the universe. Yet this extensive task appears to be necessary: due to the discrete nature of software, the successful certification of one software variant predicts little about the<br/>correctness of the next, only slightly different, variant. The goal of the proposed project VARIETE is to develop techniques, which ensuring that all variants of a software product are correct, that it is known for which values of parameters components behave well, and that no errors are introduced during the process of combining components into a software system.",https://pure.itu.dk/portal/da/projects/baaacdcd-40b8-4d34-9f9f-a885bcd6ebb0
799a3f33-d0dc-4ee6-a1d9-e697f5e9b7c7,,2012-03-02,2012-09-01,,https://pure.itu.dk/portal/da/projects/799a3f33-d0dc-4ee6-a1d9-e697f5e9b7c7
0eb1f00e-9fbf-4ffa-9e8b-47b5c4c34b25,Smartphones meet Online Social Networks,2012-03-06,2013-06-30,,https://pure.itu.dk/portal/da/projects/0eb1f00e-9fbf-4ffa-9e8b-47b5c4c34b25
88d25392-3fb5-45c6-bfa9-377d573df7bf,"Net Children Going Mobile - Enhancing knowledge regarding European children's mobile internet and convergent mobile media use, risks, and online safety",2012-11-01,2014-10-31,"Action 4.1 Knowledge enhancement project: <br/>investigating the impact on young people of convergence of technology Internet provides children with new opportunities to play, learn, and be creative, to participate, communicate with people from all over the world and express themselves. The EUKidsOnline survey33 shows that children start using new technologies from a very young age, not only from computers but from a more and more diversified range of connected devices. While new technologies bring a wide range of opportunities to children, they also carry some risks.<br/>This is why the 2012 Work Programme calls for a knowledge enhancement project which should investigate through a quantitative and qualitative methodology how the changing conditions of access and use (mobile devices) bring greater or lesser risks to children’s safety.<br/>Proposals for training and education, awareness and mediation strategies to children’s parents and professionals working with children should also be included in the project.<br/>The results of the project should be made available in order to provide topics for further actions and studies.",https://pure.itu.dk/portal/da/projects/88d25392-3fb5-45c6-bfa9-377d573df7bf
eadbf729-3f6a-47a9-9470-5938e65174f9,A Good Day,2012-05-31,2012-09-30,,https://pure.itu.dk/portal/da/projects/eadbf729-3f6a-47a9-9470-5938e65174f9
3e165725-56f9-4ad8-b2de-0d98d6dc25e8,Fra fire til firs procent? Diffusion og Domesticering af webbaserede selvbetjeningsløsninger til offentlige ydelser.,2012-08-01,2015-11-23,Industrial PhD ,https://pure.itu.dk/portal/da/projects/3e165725-56f9-4ad8-b2de-0d98d6dc25e8
a69e8631-d120-4068-91d3-7e3fead61864,Mobile platforme som afsæt for borgercentrerede offentlige selvbetjeningsløsninger,2012-08-01,2015-07-31,,https://pure.itu.dk/portal/da/projects/a69e8631-d120-4068-91d3-7e3fead61864
20e31a7d-3ebe-4f01-8190-cf57832c1279,Behavioural Types for Reliable Large-Scale Software Systems,2012-08-01,2015-06-30,"This Action will use behavioural type theory as the basis for new foundations, programming languages, and software development methods for communication-intensive distributed systems. Behavioural type theory encompasses concepts such as interfaces, communication protocols, contracts, and choreography. As a unifying structural principle it will transform the theory and practice of distributed software development.",https://pure.itu.dk/portal/da/projects/20e31a7d-3ebe-4f01-8190-cf57832c1279
fd108cbf-5e63-45e4-9757-af95ea6540a1,Brugerinddragelse via Online Service i Agil udvikling,2012-09-07,2013-09-07,"Ved at udvikle på brugertest.nu’s online værktøj opnår begge virksomheder en forretningsmæssig udvikling og mulighed for øget salg på nye markeder. For brugertest.nu et udækket marked i starten af produktudvikligen, for Pentia en konkurrencefordel pga. billig brugerinddragelse, både i start og slutning af udviklingen, der giver større brugertilfredshed.<br/>ITU bidrager med eksperimenter med brugerinddragelse vha online-tjenesten og indtænkt i Pentias agile udviklingsprocesser. Herunder design, gennemførsel og opsamling af læring.<br/>Brugertest.nu bidrager med den tekniske platform, og med udvikling af platformen.<br/>Pentia bidrager med konkrete projekter hvori eksperimenterne kan gennemføres. Begge bidrager med tid til design af eksperimentet, gennemførsel, opsamling og dialog om de forretningsmæssige potentialer samt udvikling af nye forretningsplaner.<br/>",https://pure.itu.dk/portal/da/projects/fd108cbf-5e63-45e4-9757-af95ea6540a1
4a5fe21c-a2d9-426a-bdb0-524a2754e75d,Scalable Similarity Search,2014-05-01,2019-04-30,,https://pure.itu.dk/portal/da/projects/4a5fe21c-a2d9-426a-bdb0-524a2754e75d
b10dc8f6-0aec-47e7-91a2-60d11b9deadf,A general-purpose framework for software verification,2013-07-01,2017-04-30,<br/><br/>,https://pure.itu.dk/portal/da/projects/b10dc8f6-0aec-47e7-91a2-60d11b9deadf
136f261a-f853-4d6e-9abe-ad52ce52fd79,"CGID, Infinit Persona",2012-10-01,2014-06-30,,https://pure.itu.dk/portal/da/projects/136f261a-f853-4d6e-9abe-ad52ce52fd79
a075adc0-abb3-430c-8035-95fc7a8b8250,VELUX Visiting Professor Programme 2011-2012,2011-01-01,2012-12-31,The goal of the Velux – Visiting Professor Programme is to finance 3 leading scientists' visit and teaching at ITU during their period in Denmark.,https://pure.itu.dk/portal/da/projects/a075adc0-abb3-430c-8035-95fc7a8b8250
78e0e2e2-82fd-412e-b4ff-aa7f46dca3d4,Creative Digital Industries,2012-12-01,2014-05-31,,https://pure.itu.dk/portal/da/projects/78e0e2e2-82fd-412e-b4ff-aa7f46dca3d4
cb8996d1-e7e2-443d-8bc5-4225476b21eb,Eye Tracking for mobile devices,2013-04-01,2016-03-31,,https://pure.itu.dk/portal/da/projects/cb8996d1-e7e2-443d-8bc5-4225476b21eb
31342706-ad62-4319-9863-be5a302e65cd,MBU Elevernes egenproduktion og elevinddragelse,2013-02-28,2015-08-01,Udviklingsprojekter med demonstrationsskoleforsøg vedr. it i folkeskolen,https://pure.itu.dk/portal/da/projects/31342706-ad62-4319-9863-be5a302e65cd
190c1b56-5561-4a2a-88e1-d4aab076ddff,Designing a reciprocal exchange service for a good and engaged senior life,2014-05-01,2017-04-30,"In the Give&amp;Take project, research organisations, SMEs, end-user organisations, and endusers<br/>co-design a reciprocal exchange for a good and engaged senior life. Through engaging<br/>senior citizens, the service addresses a major market opportunity and also releases an unexploited<br/>societal potential for solving tasks predominately under the public sector realm. Behind<br/>the need and opportunity are strong societal macro trends as well as documented positive<br/>effects of seniors' prolonged professional activity and voluntary work. The technological<br/>solution is a state-of-the-art advancement of enabling ICT interfaces for mobile and tablet<br/>formats, including networking tools supporting social innovation. Give&amp;Take empowers seniors,<br/>by improving occupational lifestyle through a reciprocal exchange-service to maintain societal<br/>engagement as a key to mental, social and physical fitness. The Give&amp;Take service offers<br/>a platform for knowledge and experience transfer by making skills and competencies visible<br/>in local communities. Target users are seniors in their early seniority, currently often in<br/>the transition and void between an active work life and retirement. Intensive end-user participation,<br/>including primary, secondary and tertiary segments is ensured throughout the project's<br/>duration through a mixed methods approach, including ethnographic techniques of observations<br/>and interviews, focus groups, cultural probes, LivingLabs and Open Community<br/>Labs taking place in both Denmark and Austria. The business model foresees revenue derived<br/>from marketing the platform and its services to business partners such as municipalities,<br/>senior associations and companies, who aim to engage and empower senior citizens and<br/>reach their untapped potential inside communities and organisations. Customers are partners<br/>interesting in hosting or sponsoring a service exchange platform through which they can invite<br/>citizens to engage in service exchange activities against a monthly license fee.",https://pure.itu.dk/portal/da/projects/190c1b56-5561-4a2a-88e1-d4aab076ddff
d5f2984c-cbf0-4c30-8020-7fcccb4b1ba6,Playful Games with Active Learning,2014-10-01,2017-09-30,,https://pure.itu.dk/portal/da/projects/d5f2984c-cbf0-4c30-8020-7fcccb4b1ba6
6ef75dd3-ea0c-4db9-af19-bdd91397d783,Towards a design-oriented theory of computational artifacts in cooperative work practices,2014-01-01,2019-05-31,"Datamatiske artefakter (‘computational artifacts’, ‘softwaremaskiner’) gennemtrænger efterhånden alle livssfærer, ikke blot i form af datamatiske versioner af gammelkendte redskaber (skrive- og tegneredskaber, regnemaskiner, musikafspillere osv.), men også og især i form af maskinel regulering af mellemmenneskelig interaktion: fra produktions-, logistik-, økonomi-, dokument- og projektstyring til kunderådgivning. Dette fænomen er ganske nyt.<br/><br/>Mennesker har i årtusinder udnyttet naturligt forekommende automatiske processer, dvs. kausale processer, der — under bestemte betingelser — uden menneskelig indgriben udspiller sig på en forudsigelig måde, til egne formål. Et eksempel er fremstilling og konservering af fødevarer vha. naturligt forekommende gæringsprocesser. I det 18. århundrede gik europæiske ingeniører skridtet videre og begyndte at konstruere kausale processer i form af kontrolsystemer til automatisk regulering af maskiner og maskinsystemer. Det nye er således ikke, at vi tilegner os eller konstruerer kausale processer, men at vi nu konstruerer kausale processer til regulering af mellemmenneskelig interaktion. Det nye er altså, at sociale regler (procedurer, konventioner, klassifikationsskemaer, notationer) delvis eksekveres maskinelt, og at social praksis således reguleres gennem maskinelle eller kausale processer.<br/><br/>På trods af den åbenlyse økonomiske og sociale betydning af maskinel regulering af mellemmenneskelig interaktion er fænomenet teoretisk underudviklet. Trods fremgangsrig forskning inden for discipliner som teoretisk datalogi, sociologi og kommunikationsteori har vi intet teoretisk fundament for at kunne forstå fænomenet. Vi mangler ganske enkelt begreber. Vi har dermed heller intet systematisk teoretisk grundlag for den videre udvikling af sådanne teknologier med henblik på deres inkorporering i organisatorisk praksis.<br/><br/>Som et svar på denne fundamentale udfordring har det foreslåede projekt til formål at bidrage til en systematisk og begrebsmæssigt afklaret teori om datamatiske artefakter i deres essentielle indplacering i organisatorisk praksis. Udviklingen af en sådan teori forudsætter interdisciplinær grundlagsforskning, og den planlagte forskning er derfor forankret i forskning inden for datamatisk procesmodellering, design-orienterede etnografiske studier af arbejdspraksis samt kommunikations- og medieteori og vil udvikle en fælles platform i form af en systematisk begrebsramme for datamatiske artefakter, især med henblik på koordination af professionelt arbejde.",https://pure.itu.dk/portal/da/projects/6ef75dd3-ea0c-4db9-af19-bdd91397d783
8296a97c-b8a8-497a-b23e-6d60f337d391,Greenship,2014-01-01,2016-07-31,,https://pure.itu.dk/portal/da/projects/8296a97c-b8a8-497a-b23e-6d60f337d391
610fe295-e17f-415b-b874-267047f0d4ca,Technological Evolution of Synergy Between Physicochemical and Living Systems,2014-02-01,2018-01-31,"We will develop artificial, technological evolution and use it to design functional ecosystems consisting of up to three forms of living technology, namely, artificial chemical life, living microorganisms, and complex chemical reaction networks for the purpose of improved treatment and cleanup of wastewater for energy generation. The goals of this project are i) develop a general, robotic platform, which by using artificial evolution can optimize the performance of a physicochemical or microbial system and its environment and ii) use the robotic platform to evolve improved microbial fuel cells in terms of robustness, longevity, or adaptability. The robot evolutionary platform will take the form of an open-source 3D printer extended with functionality for handling liquids and<br/>reaction vessels, and for obtaining feedback from the reaction vessels either using computer vision or task-specific sensors in real-time. The robot platform will optimize parameters such as the environment, hydraulics or real-time interaction with experiments (for instance, timing of injection of nutrients, removal of metabolic products, stirring, etc.) to maximize a desired functionality. Initially, we investigate processes such as fluid-structure-interaction driving bio-aggregate structure and in turn metabolic activity as well as the interaction of nanoparticles and bacterial cells by analyzing the outcome of the evolutionary process using state-of-the-art imaging techniques. We then seek to exploit synergies between these technologies to significantly improve the ability of the living technology, in the form of optimized microbial fuel cells, to cleanup wastewater. Overall, this is a crossdisciplinary project involving state-of-the-art chemistry, imaging, robotics, artificial life, microbiology and bioenergy harvesting for the purpose of enhancing our understanding of living technologies and how to best design and exploit groundbreaking bio-hybrid systems.",https://pure.itu.dk/portal/da/projects/610fe295-e17f-415b-b874-267047f0d4ca
4ad1bb80-b49b-4d03-9ace-4f65fb49eb73,Innovative Service Design Method,2013-08-01,2014-02-28,,https://pure.itu.dk/portal/da/projects/4ad1bb80-b49b-4d03-9ace-4f65fb49eb73
2faf88a2-2490-4de1-9382-08e6e00cc944,Reframing the design of digital technology for everyday physical rehabilitation across India and Denmark,2014-01-01,2014-12-31,,https://pure.itu.dk/portal/da/projects/2faf88a2-2490-4de1-9382-08e6e00cc944
cda0274e-252f-4c43-acb3-04504dbb74b4,Internationale personas,2013-09-01,2014-06-30,,https://pure.itu.dk/portal/da/projects/cda0274e-252f-4c43-acb3-04504dbb74b4
e501979d-fd25-4c86-ba59-1a0a368581f5,Choreographies for Reliable and Efficient Communication Software,2014-08-01,2017-07-31,,https://pure.itu.dk/portal/da/projects/e501979d-fd25-4c86-ba59-1a0a368581f5
552a3c22-d614-490c-9e58-0ed1fcc2e35f,Stedbestemte informationer til medarbejdere i servicejobs,2014-02-01,2014-06-30,,https://pure.itu.dk/portal/da/projects/552a3c22-d614-490c-9e58-0ed1fcc2e35f
07548a95-a062-420a-9a8c-0073892e3826,"Automated verification of properties of concurrent, distributed and parallel specifications with applications to computer security",2016-03-01,2019-03-01,,https://pure.itu.dk/portal/da/projects/07548a95-a062-420a-9a8c-0073892e3826
a2f4b3e2-31c0-4a77-a4cc-05980e763c2d,Integrated Data Visualisation and Decision Making Solutions to Forecast and Manage Complex Urban Challenges,2014-06-01,2017-04-30,"The rise and spread of new technologies lead to significant societal changes and is characterised by exponential dynamics. New trends and developments touch upon the relationship between technology and society and have created new needs and requirements. These eminent potentials of the Internet have led scholars to label these technological innovations an emerging “Fifth Estate”.4 While the mass media and the press are the traditional Fourth Estate of every democratic system, providing important functions of control and trustful information, the Internet enables novel forms of democratic accountability and voice to thrive. This is especially important on the level of urban governance where new modes of democracy and participatory can be elaborated and tested. New technologies may provide important tools and solutions to foster this process.<br/>But these new technologies are not only a catalyst for new social developments but also represent an additional information channel for political decision makers. In fact it must be an important step in this process of developing and using the potentials of the Fifth Estate to provide interfaces between city governments and the existing information and data pools of the internet.<br/>It is especially in the local context of cities and municipalities that these potentials of new technologies will be of great use. While the concept of Smart Cities has highlighted the various aspects of how cities and city management can profit from the usage of new technologies, the aspect of urban governance and urban decision support hasn’t seen the attention it deserves so far. Additionally, it has been highlighted how smart solutions aren’t taken up by cities automatically but require strategic support and learning opportunities.5<br/>Together this poses a serious challenge for the development of new approaches that fully can exploit this new potential and that deliver flexible and sustainable models towards new solutions of urban governance. Such an approach has to bring together three separated branches that have been discussed in the context of modern urban governance but so far have not been combined to an integrated and comprehensive method.",https://pure.itu.dk/portal/da/projects/a2f4b3e2-31c0-4a77-a4cc-05980e763c2d
38b49115-9ce3-4dea-83a0-69f9d56e6952,Hybrid Matters,2014-09-01,2016-12-31,,https://pure.itu.dk/portal/da/projects/38b49115-9ce3-4dea-83a0-69f9d56e6952
6a47283a-c073-4d31-be9b-92c1d3b59e6f,Societies of Symbiotic Robot-plant Bio-Hybrids as social Architectural Artifacts,2015-04-01,2019-03-31,"This project's objective is to develop and to investigate closely linked symbiotic relationships between robots and natural plants and to explore the potentials of a plant-robot society able to produce architectural artifacts and living spaces. We will create a society of robot-plant bio-hybrids functioning as an embodied, self-organizing, and distributed cognitive system. The system grows and develops over long periods of time in interactions with humans resulting in the creation of meaningful architectural structures. The robotic assemblies (‘artificial plants’) support and control the biological plants through appropriate scaffolding, watering, and stimuli that exploit the plants’ different tropisms. The natural plant, in turn, supports and controls the robotic plant by guiding it through growth and support the weight of the robot in later growth phases. The artificial plants are built from small heterogeneous sensing and actuation modules connected using lightweight construction elements. Each robotic plant connects wirelessly to the Internet. In contrast to top-down control, we explore a developmental plasticity of bio-hybrid systems, where robots and plans grow together from sprout to adult stage and form a closely co-dependent and self-organized system. The robot-plant organisms live in a human-inhabited environment and through interaction with humans grow into architectural structures (e.g., walls, roofs, benches) providing functionality such as shade, air quality control, and stress relief. Humans, plants, and robots form an internet-connected social garden where desired structures and behavior patterns emerge based on both local interactions and global interaction with parts of the garden growing at other locations. Hence, the social garden is a cultural system that shows long-term learning and adaptation where all past actions and interactions between the natural and artificial plants are represented in the embodiment of the garden.",https://pure.itu.dk/portal/da/projects/6a47283a-c073-4d31-be9b-92c1d3b59e6f
bcc8e40e-1dc8-4a83-bcf7-598a7ce3e760,Intelligent BagRollator: a walker with supportive technology for everyday activities,2014-02-01,2014-04-30,,https://pure.itu.dk/portal/da/projects/bcc8e40e-1dc8-4a83-bcf7-598a7ce3e760
56c7e428-0ac6-4690-a382-d7a9bd9dda2c,,2013-04-23,2015-12-14,,https://pure.itu.dk/portal/da/projects/56c7e428-0ac6-4690-a382-d7a9bd9dda2c
7549cee6-e577-4a0a-909e-3a2851f665ea,Enactive Architecture: Considering the Role of Architectural Movement in Building Cognition,2014-07-01,2017-12-02,,https://pure.itu.dk/portal/da/projects/7549cee6-e577-4a0a-909e-3a2851f665ea
4e64a749-acda-40f6-ab44-038c0f3d356b,Contextual Convergence on Social Network Sites,2012-07-01,2015-06-30,,https://pure.itu.dk/portal/da/projects/4e64a749-acda-40f6-ab44-038c0f3d356b
f3efa811-72b6-47db-9787-5ce9d84eeec0,New Collaborative Awareness Platforms for European Makers,2014-07-01,2015-04-14,,https://pure.itu.dk/portal/da/projects/f3efa811-72b6-47db-9787-5ce9d84eeec0
45e498cd-e0ff-4f9d-81be-de8c646469ef,,2014-09-01,2015-02-02,,https://pure.itu.dk/portal/da/projects/45e498cd-e0ff-4f9d-81be-de8c646469ef
8a714bfe-19f8-4fc8-a902-34d5c5bcd600,,2015-01-01,2015-12-31,,https://pure.itu.dk/portal/da/projects/8a714bfe-19f8-4fc8-a902-34d5c5bcd600
87fbf8aa-fc1d-48f8-af04-307a66b66090,Design for Engagement,2015-01-01,2015-12-31,"Our focus is “Design for  Engagement: Civic, Social and Personal.” In recent years the field of interaction design has been exploring a variety of new directions, including civic computing and social computing, critical design, design to promote health, creativity, etc.  All of these varied approaches are concerned with design as a means of  promoting engagement, often  in social, civic, and political issues. At the same time interest has increased in the aesthetics of interaction design, where aesthetics is interpreted broadly (e.g. by Wright and McCarthy) as emotional involvement or engagement with the designed artifact or activity, suggesting  a redefinition of the relationship between the user and the artifact. The designer seeks to fashion not only a tool for information retrieval but also an experience that will engage and motivate the user. This question of engagement therefore provides an excellent theme to bring together faculty and PhD students at the IT University of Copenhagen and Georgia Tech. We will examine engagement in focused research areas in which the two faculties now specialize: civic media and social computing, infrastructure and/in design, augmented and mixed reality (especially for cultural heritage), pervasive games and play, interactive narrative, creativity and learning. The goal is to discover which techniques can best promote engagement on the personal and collective levels.  We seek to address the questions: are there techniques common to all or most of these research areas? <br/>",https://pure.itu.dk/portal/da/projects/87fbf8aa-fc1d-48f8-af04-307a66b66090
791d371e-e311-4150-9f1e-f1bb4196e396,Research on a process to introduce and disseminate design thinking and participatory design methods into service development process and organizational culture,2014-08-01,2015-02-28,,https://pure.itu.dk/portal/da/projects/791d371e-e311-4150-9f1e-f1bb4196e396
10bcb6a5-6e2f-441b-9180-65cce065a126,Energy optimization through adaptive lighting control,2015-02-06,2017-07-01,,https://pure.itu.dk/portal/da/projects/10bcb6a5-6e2f-441b-9180-65cce065a126
42b30a10-30b5-4a6f-ba07-de3564094906,Kundeprofil Matrix,2014-10-01,2016-03-31,"Danmark består af mange små og mellemstore virksomheder, der henvender sig til en lang række<br/><br/>forskellige brugere, både indenfor og udenfor landets grænser. Disse virksomheder udvikler eller får udviklet forskellige it-produkter, der skal udvikles og testes med brugerne for øje. Denne del af udviklingsprocessen oplever mange danske virksomheder som omkostningstung.Det medfører at det er svært at etablere sig som leverandør af services indenfor brugerdeltagelse i Danmark og endnu sværere at udvikle ydelserne til det danske marked. SnitkerGroup ønsker derfor at se om der er muligheder for ekspansion udenfor landets grænser med nye servicetiltag. Dette gøres ved at analysere markedspotentialet og evt. udækkende behov i det udenlandske marked, hvilke markeder det bedst lønner sig at henvende sig til og hvilke services der efterspørges. Analysen skal munde ud i en strategi for hvordan SnitkerGroup kan udvikle nye services og hvordan de kan sælges til et større marked, herunder hvilke parametre de forskellige markeder prioriterer, er det f.eks. fokus på pris, fokus på hvor hurtigt en undersøgelse kan udføres, eller er det er det involvering i processen ved hjælp af it-systemer, der tillader at kunden følger med pr. distance. Projektet består af tre faser: 1. data om best practice i virksomheder med brugerfokus 2. Analyse af data 3. Videnformidling og udvikling af strategi for nye tiltag og services",https://pure.itu.dk/portal/da/projects/42b30a10-30b5-4a6f-ba07-de3564094906
ce27de8f-330e-4b80-a451-2f84a5ac19fe,,2012-07-01,2013-07-15,,https://pure.itu.dk/portal/da/projects/ce27de8f-330e-4b80-a451-2f84a5ac19fe
5edbb183-98fc-41da-9dfc-0df29b385a2a,,2013-09-01,2014-03-31,,https://pure.itu.dk/portal/da/projects/5edbb183-98fc-41da-9dfc-0df29b385a2a
e41b44cc-46ce-4de8-962f-abad41d761d3,,2013-04-01,2014-05-31,,https://pure.itu.dk/portal/da/projects/e41b44cc-46ce-4de8-962f-abad41d761d3
cfb4c9d2-ebb9-4b51-9e4d-4e6efadaca31,Development of a Culturally Feasible Service design Process,2012-08-01,2013-02-28,,https://pure.itu.dk/portal/da/projects/cfb4c9d2-ebb9-4b51-9e4d-4e6efadaca31
afff83df-27b7-4e93-86a3-38574ae3b9c4,Models and Algorithms for Container Vessel Stowage Optimization,2010-02-01,2013-03-31,,https://pure.itu.dk/portal/da/projects/afff83df-27b7-4e93-86a3-38574ae3b9c4
cf05e3ab-dd1b-4b2e-8649-490e0824d02e,Land Art Generator Initiative,2014-01-01,2014-12-31,"The Land Art Generator Initiative (LAGI) is a worldwide public arts initiative that offers the opportunity for collaborative teams of artists, architects, landscape architects and designers, working with engineers and scientists, to create new ways of thinking about what renewable energy generation looks like. It begins with the statement that renewable energy generation can be beautiful at the same time that it is functional. It seeks to broaden public awareness of renewable energy’s promise by inspiring and educating through public art about the potential for a sustainable future. The LAGI project calls on design teams to conceive of large-scale public artworks for specific sites that, in addition to their conceptual beauty, also have the ability to harness clean renewable energy from nature, convert the energy to electrical power, and safely distribute the power for use by the city electrical grid.<br/>LAGI is a project of the US-based non-profit, Society for Cultural Exchange.",https://pure.itu.dk/portal/da/projects/cf05e3ab-dd1b-4b2e-8649-490e0824d02e
95eeb48a-612d-4443-99d4-1e045fcc3997,Elevernes egenproduktion og elevinddragelse,2013-12-01,2015-12-31,,https://pure.itu.dk/portal/da/projects/95eeb48a-612d-4443-99d4-1e045fcc3997
911cd5ea-75b5-44f1-b343-03a162035958,Samarbejdsaftale Telenor,2009-10-01,2014-08-31,,https://pure.itu.dk/portal/da/projects/911cd5ea-75b5-44f1-b343-03a162035958
d0bf3f81-21e4-41dc-84f6-d3d0ee07fc44,Design-principles for ICT-supported entrepreneurship,2015-08-01,2018-07-31,,https://pure.itu.dk/portal/da/projects/d0bf3f81-21e4-41dc-84f6-d3d0ee07fc44
34b17ab6-61ea-4bfd-b2a7-5bef2b26a858,The role of the crystalline lens in saccadic suppression and displacements,2015-01-01,2017-01-01,"This post-doc project will collaborate with experts in computer vision and gaze estimation to use high-speed cameras for detecting the relative movements of the crystalline lens in the eye. Aside from the technical developments, this lens movement information will be used to better model the phenomena of saccadic suppression and perceptual distortions. Saccadic suppression is the phenomenon where the visual intake is suppressed from further processing during an eye movement. Tracking the movements of the lens may provide a better model for the bottom-up components of this effect than tracking the entire eye, as the lens moves relative to the eye and especially so during accelerations and decelerations of the eye. Perceptual distortion is the phenomenon where the relative movement of the lens in the eye displaces visual information on the retina, reducing performance when e.g. determining the position of a flashing target. The results from this project are also important for almost all eye-tracking research. Relative movements of the lens cause periods in all data after saccades which the current parsing algorithms are unable to handle. Rather, these periods randomly gets assigned to either a fixation period or a saccade period, and there is no clear information on where they should belong. Additionally, these results may be important for the many cataract patients that receive prosthetic lenses with different mass (and in turn different relative movements in the eye).",https://pure.itu.dk/portal/da/projects/34b17ab6-61ea-4bfd-b2a7-5bef2b26a858
f14d5eba-b806-451e-abc2-73ad6e7f0496,"Affects, Interfaces, Events",2015-09-01,2021-08-31,"We are witnessing a need within the Humanities to rethink existing theoretical and analytic frameworks based primarily on representation, narration and linguistics to better accommodate bodily sensations, cultural performativity and social networks. This need has intensified with the proliferation of digital technology and global media events. The project Affects, Interfaces, Events proposes a new frame for studying the impact of real-time interface events on an affective level of experience.",https://pure.itu.dk/portal/da/projects/f14d5eba-b806-451e-abc2-73ad6e7f0496
0e18ed4e-6696-4060-b108-3f00b8431b89,Guarded recursive types in the foundations of programming,2015-07-01,2019-01-31,,https://pure.itu.dk/portal/da/projects/0e18ed4e-6696-4060-b108-3f00b8431b89
2f5e8d53-a5c4-41a9-95b3-8478cb7376ea,Type theories for reactive programming,2016-01-22,2022-01-21,,https://pure.itu.dk/portal/da/projects/2f5e8d53-a5c4-41a9-95b3-8478cb7376ea
4cac7654-2655-4c1b-b201-1ef33d01b353, ROS-Industrial quality-assured robot software components,2017-01-01,2020-12-31,"ROSIN will create a step change in the availability of high-quality intelligent robot software components for the European industry. This is achieved by building on the existing open-source “Robot Operating System” (ROS) framework and leveraging its worldwide community. ROS and its subsidiary ROS-Industrial (European side led by TU Delft and Fraunhofer) is well-known, but its European industrial potential is underestimated. The two main critiques are (1) is the quality on par with industry, and (2) is there enough European industrial interest to justify investing in it? Partially, the answer is “yes and yes”; ample industrial installations are already operational. Partially however, the two questions hold each other in deadlock, because further quality improvement requires industrial investment and vice versa. ROSIN will resolve the deadlock and put Europe in a leading position. For software quality, ROSIN introduces a breakthrough innovation in automated code quality testing led by IT University Copenhagen, complemented with a full palette of quality assurance measures including novel model-in-the-loop continuous integration testing with ABB robots. Simultaneously, more ROS-Industrial tools and components will be created by making 50% of the ROSIN budget available to collaborating European industrial users and developers for so-called Focused Technical Projects. ROSIN maximizes budget efficacy by alleviating yet another deadlock; experience shows that industry will fund ROS-Industrial developments, but only after successful delivery. ROSIN provides pre-financing for developers which will be recovered into a future revolving fund to perpetuate the mechanism. Together with broad education activities (open for any EU party) led by Fachhochshule Aachen and community building activities led by Fraunhofer, ROSIN will let ROS-Industrial reach critical mass with further self-propelled growth resulting in a widely adopted, high-quality, open-source industrial standard.",https://pure.itu.dk/portal/da/projects/4cac7654-2655-4c1b-b201-1ef33d01b353
860bf1d7-99d6-4a74-87e2-7f1b7ef053b5,IT project failure and how to learn from it,2015-04-01,2020-05-11,,https://pure.itu.dk/portal/da/projects/860bf1d7-99d6-4a74-87e2-7f1b7ef053b5
c896c77f-7d92-4e3a-b755-1e2c7ada3e9e,Hybrid Business Process Management Technologies,2016-03-05,2019-02-28,,https://pure.itu.dk/portal/da/projects/c896c77f-7d92-4e3a-b755-1e2c7ada3e9e
54d5aeb6-716e-46dd-b34a-cb8057be82a4,Adjunctive Non-Invasive Vagus Nerve Stimulation in Treatment of Epilepsy,2016-05-06,2021-12-31,"Projektet udgår fra Rigshospitalet-Blegdamsvej/Glostrup samt IT Universitetet i København og foretages i samarbejde med Epilepsihospitalet, Filadelfia, Statens Senter for Epilepsi i Oslo og flere andre specialiserede universitetshospitaler i Europa (se projektbeskrivelsen). Firmaet Cerbomed (GmbH, Erlangen, Tyskland), som fremstiller stimulatoren Nemos®, har stillet 100 stimulatorer til rådighed for dette multinationale projekt men har i øvrigt ikke indflydelse på projektudførelsen. ",https://pure.itu.dk/portal/da/projects/54d5aeb6-716e-46dd-b34a-cb8057be82a4
33b3fc7e-5aad-48c0-877c-ada1be556f22,Basic Algorithms Research Copenhagen,2017-09-01,2024-08-31,"Basic Algorithms Research Copenhagen (BARC) seeks fundamental understanding of the complexity of algorithmic problems, i.e., how computers can solve problems with minimal resources. The research is theoretical, but with a strong record for real-word impact. We attract top talent from around the world to join our ambitious, creative, and collaborative environment. By exploring high-impact areas with significant gaps in our understanding, we strive to make surprising discoveries that challenge the status quo. For instance, random hash functions are integral to data analysis, but there are significant gaps between theoretical understanding and practical implementation. Our mission is to bridge such divides and establish fundamental limits on algorithmic efficiency.",https://pure.itu.dk/portal/da/projects/33b3fc7e-5aad-48c0-877c-ada1be556f22
17e1e227-7f62-424a-abd5-4d6b119572fc,Beyond Digital - Towards Biological,2017-02-01,2017-12-31,Artistic development on biological matter with IT,https://pure.itu.dk/portal/da/projects/17e1e227-7f62-424a-abd5-4d6b119572fc
4693ba77-d11e-4f95-9493-84f516080715,Containing Stuvning og Fagbog om Stuvningsplaner,2012-08-01,2017-12-31,,https://pure.itu.dk/portal/da/projects/4693ba77-d11e-4f95-9493-84f516080715
c006a8cf-ebb2-4bd4-94ae-01b5ea5f2ee2,Data as Relation: Governance in the age of big data,2016-03-11,2021-03-10,,https://pure.itu.dk/portal/da/projects/c006a8cf-ebb2-4bd4-94ae-01b5ea5f2ee2
9ffb53da-c11a-4809-ad69-04b52be1db0c,Det Digitale Glyptotek,2015-07-01,2018-09-30,,https://pure.itu.dk/portal/da/projects/9ffb53da-c11a-4809-ad69-04b52be1db0c
de42ab38-51c3-4753-b13a-098710026e30,Digitalising the General Data Protection Regulation,2017-01-01,2017-05-31,,https://pure.itu.dk/portal/da/projects/de42ab38-51c3-4753-b13a-098710026e30
043b0bda-8bcb-4db6-b96c-6ece2acc982c,EliteForsk travel grant,2016-01-01,2017-12-31,,https://pure.itu.dk/portal/da/projects/043b0bda-8bcb-4db6-b96c-6ece2acc982c
5ba32079-e2f4-4c34-b89c-9623b9fec3f8,EliteForsk travel grant,2017-01-01,2018-12-31,,https://pure.itu.dk/portal/da/projects/5ba32079-e2f4-4c34-b89c-9623b9fec3f8
a4c39820-1c5d-4665-ac2e-6b70a08ed2cd,"Employment and integration of foreign worksers, refugees and immigrants in the event industry",2016-09-01,2019-08-31,,https://pure.itu.dk/portal/da/projects/a4c39820-1c5d-4665-ac2e-6b70a08ed2cd
516eb84c-8047-484a-8d11-dcb7976fc2bf,Infrastructuring SuStainable Playbour,2018-01-08,2020-01-07,,https://pure.itu.dk/portal/da/projects/516eb84c-8047-484a-8d11-dcb7976fc2bf
ac502747-74b8-40f5-8215-aadf4de9af29,"Images of Conflict, Conflicting Images",2017-02-01,2021-01-31,,https://pure.itu.dk/portal/da/projects/ac502747-74b8-40f5-8215-aadf4de9af29
f38668d7-1ed2-4dbf-b41a-0583a99f52a5,Innovation for Leadership,2017-05-01,2019-03-31,,https://pure.itu.dk/portal/da/projects/f38668d7-1ed2-4dbf-b41a-0583a99f52a5
46950efa-4ab3-4646-9458-a5a6c128d967,InfinIT Innovationsnetværk for Finans IT,2014-07-01,2020-12-31,,https://pure.itu.dk/portal/da/projects/46950efa-4ab3-4646-9458-a5a6c128d967
4dfe41c8-311e-4715-b629-c0a0edbb46de,Eksperimenter med brug af spilbaserede elementer i UX evalueringsmetode,2016-09-01,2017-06-30,InfinIT mini-projekt,https://pure.itu.dk/portal/da/projects/4dfe41c8-311e-4715-b629-c0a0edbb46de
5dfefa18-89b7-41ca-b016-05f24da59579,Bæredygtige innovationer gennem samskabelse,2016-09-01,2017-08-31,InfinIT mini-projekt,https://pure.itu.dk/portal/da/projects/5dfefa18-89b7-41ca-b016-05f24da59579
249c41f8-3d16-4033-bfc1-695487446106,,2014-09-01,2018-12-31,,https://pure.itu.dk/portal/da/projects/249c41f8-3d16-4033-bfc1-695487446106
25d54da9-ee43-47f4-8224-7a06547a3ee6,Digital Detail 1 - Kundetrafik i byer,2016-07-01,2017-06-30,,https://pure.itu.dk/portal/da/projects/25d54da9-ee43-47f4-8224-7a06547a3ee6
16e7a68a-1a39-4e97-82bd-cdad60df959b,Making Sense of Games: A Methodology for Humanistic Game Analysis,2016-11-01,2022-04-30,"Making Sense of Games (MSG) will build a methodology for the humanistic study of games, and develop a theory of how ludic meaning is produced.<br/><br/>Following the pervasive, global growth of video gaming culture and the games industry, the multi-disciplinary field of game studies has grown exponentially in the last 15 years, with numerous new journals, conferences, university programs and research departments.<br/><br/>However, still lacking at this ‘adolescent’ stage of the field’s development are game-specific methods and theoretical foundations necessary to train researchers and build curricula. In aesthetic games research there is not yet any widely accepted methodology for game analysis, and there has not yet been any large-scale, long-term attempt to produce a theoretical platform that can support and advance the field.<br/><br/>MSG aims to fill this gap by combining fundamental hermeneutic approaches (semiotics, reception theory, reader response, theories of representation, narrative theory) with recent theories of ludic structure (game ontology) into a hermeneutic theory of game meaning, which can be used as a set of tools and concepts for game analysis and criticism. MSG will be a triple first for aesthetic game research: a five-year research program, a hermeneutic theory of games, and a team-based effort to build an interdisciplinary methodology.<br/><br/>The results from MSG will speak to many of the current public concerns and debates about games, such as gamer culture, games’ cultural and artistic status, the representation of minorities, misogyny, violence and even addiction. MSG will demonstrate the strong usefulness of humanistic approaches not only to game studies itself, but also to the 21st century’s most vibrant new cultural sector. It will also provide other aesthetic fields (literary studies, film studies, art history) with theoretical models, critical insights, and a rich empirical material for comparative exploration.",https://pure.itu.dk/portal/da/projects/16e7a68a-1a39-4e97-82bd-cdad60df959b
44d7b341-2fb8-462f-aeea-8dc7f9b1cb93,Meaningful Personalization of Hybrid Virtual Museum Experiences Through Gifting and Appropriation,2017-01-01,2019-12-31,"A main challenge with the development of virtual museums is establishing meaningful user experiences that allow for personal, complex and emotional encounters with art and cultural heritage. The GIFT project suggests creating meaningful personalization through digital gifting and emotional appropriation: Designs for allowing visitors to create their own museum tours as digital ""mixtapes"", and to play with technologies that measure emotional responses to artwork as a playful reappropriation of museum spaces. We aim to accommodate the complex ways in which users may confront art and heritage content, and engage users to participate and share experiences that are emotionally poignant and personally profound. Through multidisciplinary, practice-based research we will develop, test and validate two ground-breaking prototypes for digital encounters with cultural heritage. From this process we will develop a framework with theory, tools, design guidelines and best practice recommendations for creating meaningful personalization of hybrid virtual museum experiences.<br/>The GIFT consortium includes leading artists and researchers with a long history of successful collaborations, WHO will be working with a panel of 10 lead users from prominent European museums, to develop theoretical and practical advances with great impact for the cultural heritage sector and European society. By enabling more engaging hybrid virtual/physical museum experiences, we will contribute to increasing citizens' curiosity and engagement. The hybrid format will also help make both virtual museum experiences as well as physical visits more engaging and attractive, thus contributing to economic growth through ticket sales as well as digital sales. By providing frameworks that help non-technical experts in the heritage sector to build and experiment with meaningful personalization of digital cultural heritage, the project gives the sector tools to build and innovate further.",https://pure.itu.dk/portal/da/projects/44d7b341-2fb8-462f-aeea-8dc7f9b1cb93
97a65822-fad8-4fac-8d3d-ac14aad42b2c,,2015-07-01,2018-06-30,"Regneark bruges i alle domæner inden for forskning og forretning. Deres brug rækker fra almindelig regnskab til sekvensering af aminosyrer. Det lader til at moderne regneark er en nemt forståelig metafor, som kan bruges af domæneeksperter uden IT-baggrund savel som af IT professionelle.<br/>Det sker ofte at hele forretningsmodeller eller risikoanalyser modelleres i en enkel regneark. Modellerne er ofte meget komplekse, som medfører at beregningen af disse regneark tager meget langt tid. Det skyldes, at regnearkmetaforen oprindelig ikke er designet til at konstruere komplekse<br/>modeller på effektiv vis; og at selve moderne regnearkprogrammer som Microsoft Excel ikke udnytter moderne computerhardware med flere regnekerner per processor, som findes i almindelige bærbare computere eller mobiltelefoner. Forskningsprojektet drejer sig om at finde ud af, hvordan man systematisk kan bruge metoder fra klassisk forskning inden for programmeringssprog og funktionel parallel programmering til at give regnearkudviklere muligheden for at udnytte hele deres computerressourcer, uden at de yderlig skal lære at håndtere de komplikationer der opstår ved det. Projektets hovedfokus ligger på at fordele ensformige beregninger af større datamængder, som de opstår i typiske regnearkmodeller, til de tilgængelige regnekerner. Idéen er at parallelisering af beregninger kan enten styres af en ekspertbruger, eller at et moderne regnearkprogram selv<br/>opdager store tabeller med ensformige beregninger og foretager denne optimering uden at brugeren behøver at være klar over det.<br/>Vi arbejder med en prototypisk regnearkprogram, oprindelig udviklet at min vejleder Peter Sestoft, som tillader brugeren til at udvide regnearken med nye funktioner. Det gør at regnearkprogrammet<br/>faktisk bliver til et programmeringssprog som kan bruges af eksperter til nemt at formulere mere komplekse algoritmer. Vores arbejde omfatter bl.a. design af nye datastrukturer som er i stand til at undgå typiske flaskehalse i regneark; strukturanalyse af regneark og kildekodetransformation; og typeanalyse af regneark for at optimere repræsentation i hukommelsen. For at kunne udforske optimeringer som disse, er det nødvendigt at have overblik over typiske brugsscenarier af regneark. Vores samarbejdspartner på den Kinesiske Videnskabsakademi i Beijing, Kina, har stor erfaring med analyse af regneark fra forretningsverden. Her kan vi med fordel kombinere vores forskellige ekspertiser.",https://pure.itu.dk/portal/da/projects/97a65822-fad8-4fac-8d3d-ac14aad42b2c
a34eefb4-dc7c-45b0-a60a-369c9f8c4fbc,Popular parallel programming,2015-02-01,2019-03-23,"Around 2005, four decades of exponential growth in single-core computer speed came to a halt. Hence we can no longer make software run faster or solve bigger problems just by buying a new computer; instead software must be parallelized so it can exploit multiple parallel processor cores. The goal of this project is to achieve automatic parallelization of dataflow programs for execution on modern shared-memory multicore computers, in standard laptop, desktop and server hardware. The core ideas are (1) to view spreadsheets as a dataflow language; (2) to further improve compilation of dataflow languages to shared-memory multicore machines; in part by (3) drawing on recent advances in static execution time estimates. The research contributions will be (1) an extension of spreadsheets as a programming paradigm with an underlying dataflow computation model; (2) compilation of dataflow to high-performance code for shared-memory multicore computers; and (3) better static execution time estimates. From an application perspective, we obtain a technological platform for ``popular parallel programming'', valuable for the millions of very complex computational models built as spreadsheets within finance, science and engineering. A long-term vision is to enable domain experts in there areas to develop and maintain much larger computational models instead of having to rely on cumbersome and costly interaction with professional IT departments.",https://pure.itu.dk/portal/da/projects/a34eefb4-dc7c-45b0-a60a-369c9f8c4fbc
4aee6ebc-1ae0-48c0-a84f-1580e8d7760b,Recontextualising the design of mobile & pervasive digital technology for everyday physical rehabilitation across South Africa and Denmark,2017-03-01,2017-12-31,"We want to explore the possibilities of setting up a research network with partners in Cape Town, South Africa (SA. Research objective for the proposed network is the design of novel and meaningful interactive pervasive and mobile ICT products for out-of-clinic rehabilitation processes as experienced by citizens and professional health care practitioners across the obviously highly different socio-economic conditions encountered in local communities in SA  and DK.",https://pure.itu.dk/portal/da/projects/4aee6ebc-1ae0-48c0-a84f-1580e8d7760b
44cc67b4-adc8-483b-b3f4-8ddf906d78c4,Research Fellow visit,2016-08-10,2017-07-31,,https://pure.itu.dk/portal/da/projects/44cc67b4-adc8-483b-b3f4-8ddf906d78c4
ef0ae6c0-62d2-4fe9-9cf2-81354c4569c7,Næste Generation af Kapacitetsmodeller for Containerskibe,2016-08-01,2018-07-31,,https://pure.itu.dk/portal/da/projects/ef0ae6c0-62d2-4fe9-9cf2-81354c4569c7
90ea8ed3-a495-4998-b22b-0dc362de76f7,Service Design for Big Data,2017-02-01,2020-01-31,"The goal of the project is twofold: First, it aims to explore the potential to broaden data-intensive services to better support its key stakeholders and to address the needs of additional stakeholders like companies and potential VET students and participants in adult vocational training. Second, the result will allow IU to develop multi stakeholder service design competences to continuously improve its services to make use of technical possibilities.",https://pure.itu.dk/portal/da/projects/90ea8ed3-a495-4998-b22b-0dc362de76f7
fb474e51-dc66-4c7a-a526-0afbaaf8c256,Stibo-Fondens IT-rejsestipendium,2016-05-19,2017-12-31,,https://pure.itu.dk/portal/da/projects/fb474e51-dc66-4c7a-a526-0afbaaf8c256
47ecae24-c424-4de9-9a67-c937eb1fa065,Values and ethics in Innovation for Responsible Technology in EUrope,2017-01-01,2019-12-31,"The networked future promises new relationships between people and artifacts, the private and the public, the individual and the collective. The increased networking capabilities of pervasive technologies mean that of personal data are being produced, analyzed, monetized and connected to other data streams in ways that hold both enormous potential and pose profound challenges for European society. Recent policy, such as the EU General Data Protection Regulation, reflects mounting public concerns around emerging data practices, RRI, data ethics and privacy. VIRT-EU addresses these concerns at the point of design through researching and intervening upon the development cultures and ethics of the next-generation IoT innovators. We ask how do European IoT innovators and developers make ethically consequential decisions – about code, hardware and data – for new connective devices? What assumptions<br/>about human behavior, privacy and freedom underpin European cultures of IoT innovation? Leveraging state of the art collaborative SSH and ICT methodological innovations, VIRT-EU will analyze and map the ethical practices of European hardware and software entrepreneurs, maker and hacker spaces, and community innovators. Our goals are to (1) understand how IoT innovators enact ethics as they design future devices and to (2) generate a new framework for Privacy, Ethical and Social Impact Assessment (PESIA), which will proactively position ethical self-assessments in the development process of IoT technologies. These tools, informed by legal approaches, data mining, quantitative and qualitative social science and design research serve to secure a place for societal concerns in the generation of new technologies, engaging societal stakeholders in ensuring a digital future which is populated by innovative devices and<br/>services that are explicitly aligned with, and conscious of, the ethical and social values held by EU citizens.",https://pure.itu.dk/portal/da/projects/47ecae24-c424-4de9-9a67-c937eb1fa065
9497b076-f227-4260-9243-fe1191cc3b5e,Kundevendte tiltag i ATP og Udbetaling Danmark,2016-02-01,2018-01-31,Co-financed Postdoc,https://pure.itu.dk/portal/da/projects/9497b076-f227-4260-9243-fe1191cc3b5e
9327801a-eaef-45a8-9591-f619b036564c,Digital Social Inklusion,2016-05-01,2017-04-30,,https://pure.itu.dk/portal/da/projects/9327801a-eaef-45a8-9591-f619b036564c
88d75831-25f7-4350-844d-9205d4c998d5,Practicing Integrity,2017-02-01,2019-01-31,,https://pure.itu.dk/portal/da/projects/88d75831-25f7-4350-844d-9205d4c998d5
9bdf9b3d-9ce4-4454-a5d3-0b1d3e3bd631,Integrating User Experience Activities in Agile Environments,2017-09-01,2018-03-31,InfinIT mini-projekt,https://pure.itu.dk/portal/da/projects/9bdf9b3d-9ce4-4454-a5d3-0b1d3e3bd631
d9ae1f9c-c9ff-4c8f-a3c3-5b8c05b9b6d8,Behavioral Application Program Interfaces,2018-03-01,2023-12-31,,https://pure.itu.dk/portal/da/projects/d9ae1f9c-c9ff-4c8f-a3c3-5b8c05b9b6d8
d5f6a0d5-9773-4252-92ce-7be21f3ecbe6,Adaptivt Lys i Transperante Rum,2017-08-01,2020-07-31,"The project will develop evidence on the benefits from Adaptive Lighting on wellbeing, energy and sustainability through large-scale tests.",https://pure.itu.dk/portal/da/projects/d5f6a0d5-9773-4252-92ce-7be21f3ecbe6
87b9d762-9ea2-4c1d-a75f-33ab63f0dfc2,Open Entrepreneurship,2017-04-01,2021-07-31,,https://pure.itu.dk/portal/da/projects/87b9d762-9ea2-4c1d-a75f-33ab63f0dfc2
5aa82c0a-ab92-4f77-a262-634c7bd48c75,The Hyperlinked News Network in Scandinavia,2018-01-01,2020-11-30,,https://pure.itu.dk/portal/da/projects/5aa82c0a-ab92-4f77-a262-634c7bd48c75
52b61d82-61c5-4c33-814d-17dffa0e6da7,Co-Social Care - Collaborative innovation in the social care domain,2017-05-01,2020-08-31,"The collaboration explores the use of co-design in a social service context, including co-housing facilities for young adults on the autistic spectrum and tools for social workers supporting families.",https://pure.itu.dk/portal/da/projects/52b61d82-61c5-4c33-814d-17dffa0e6da7
9e05c6c5-48f3-4a87-a372-9b24375f93ee,Father's IT Usage on Parenting For Development of Future ICT Services,2017-05-01,2018-03-31,,https://pure.itu.dk/portal/da/projects/9e05c6c5-48f3-4a87-a372-9b24375f93ee
f9613974-23dd-4af9-b328-b9472531403e,"Effective, co-created & compliant adaptive case management for knowledge workers",2017-09-01,2021-08-31,,https://pure.itu.dk/portal/da/projects/f9613974-23dd-4af9-b328-b9472531403e
fa556d4c-231b-4b32-92d5-d6b0613a3f99,Monetizing data in maritime manufacturing: Design principles for the implementation of data-driven decision making in complex organizations,2017-08-18,2020-08-17,Data-informed decision making in customer relationship management ,https://pure.itu.dk/portal/da/projects/fa556d4c-231b-4b32-92d5-d6b0613a3f99
a44757f3-cf74-43bd-8e77-f6913878c53f,Udvikling af jobrettede IT-kurser for ledige højtuddannede med IT-kompetencer eller tilsvarende kompetencer,2017-10-01,2018-10-01,"Projektets formål er at vise i hvilken grad efteruddannelse kan bidrage til at skaffe mere højtuddannet IT-arbejdskraft til virksomhederne. Projektets mål er at udvikle kurser, som kan bringe højtuddannede ledige med IT-kompetencer eller ,tilsvarende kompetencer i arbejde i IT-job.<br/><br/>Projektet vil desuden bidrage til at:<br/>• Afdække barrierer for, at højtuddannede ledigeIT-medarbejdere via efter- og videreuddannelseopnår de IT-kompetencer, som virksomhederne efterspørger<br/>• Afdække IT-kompetencer hvor der manglerrelevante jobrettede kurser.<br/><br/>Projektets aktiviteter:<br/>1. Afdækning af efterspørgsel og mangel på kompetencersamt eksisterende udbud af IT-kurser<br/>2. Analyse og valg af konkrete målgrupper<br/>3. Udvikling og gennemførsel af test-kursusforløb<br/>4. Rekruttering af kursusdeltagere<br/>5. Match af ledige med virksomheder<br/>6. Evaluering, barriereanalyse, formidling og forankring.",https://pure.itu.dk/portal/da/projects/a44757f3-cf74-43bd-8e77-f6913878c53f
500de154-cc28-4867-aabf-3b42e72224c6,Cross-Layer Optimizations from Applications to Storage Devices,2017-01-01,2017-12-31,,https://pure.itu.dk/portal/da/projects/500de154-cc28-4867-aabf-3b42e72224c6
7a071c7f-2842-4a59-ab94-d10e17353d79,"Sporing i praksis - innovationsforløb med industrinetværket ""RFID i Danmark""",2015-01-01,2015-11-30,,https://pure.itu.dk/portal/da/projects/7a071c7f-2842-4a59-ab94-d10e17353d79
3f0c297c-cb5f-4a2c-9277-5ecc115fcd18,Teknologi til integration af bevægelse i folkeskolen,2015-02-01,2015-05-31,,https://pure.itu.dk/portal/da/projects/3f0c297c-cb5f-4a2c-9277-5ecc115fcd18
02612818-86cd-4c8c-8cd3-3c5aa52f1cbb,Velux Visiting Professor Programme 2015-2016,2015-03-02,2017-03-01,,https://pure.itu.dk/portal/da/projects/02612818-86cd-4c8c-8cd3-3c5aa52f1cbb
fd1bc026-6e92-4652-bb7e-7f9f8c47b4c7,"Agile modeller af forretningsregler og -processer der kan visualiseres og simuleres ud fra forskellige perspektiver (Kunde, forretning, og IT)",2015-02-26,2015-05-31,,https://pure.itu.dk/portal/da/projects/fd1bc026-6e92-4652-bb7e-7f9f8c47b4c7
a3eb6614-3856-4cc4-b5fe-526454b3688f,Efficient Data Management Systems on Non-Volatile Memories,2016-01-04,2016-01-30,,https://pure.itu.dk/portal/da/projects/a3eb6614-3856-4cc4-b5fe-526454b3688f
3fdee8d2-5455-4d30-87d7-3e036f3484c3,Co-design and LivingLab based research,2016-01-01,2016-12-31,,https://pure.itu.dk/portal/da/projects/3fdee8d2-5455-4d30-87d7-3e036f3484c3
01148674-25ae-4983-a341-7fde898fd3fc,Innovationsnetværket Dansk Lys - Dagslysindtag og Glassets dagslyspotentiale ,2015-02-01,2017-03-15,,https://pure.itu.dk/portal/da/projects/01148674-25ae-4983-a341-7fde898fd3fc
d6357409-b52f-4d20-99d4-4a607a325c0a,NEW Retail Teknologi Lab,2015-07-01,2016-06-30,Innovationsnetværket Service Platform - miniprojekt ,https://pure.itu.dk/portal/da/projects/d6357409-b52f-4d20-99d4-4a607a325c0a
e9497ea8-5e79-42ab-9c89-36b254fa121d,Rekvireret forskning,2016-02-01,2017-01-31,,https://pure.itu.dk/portal/da/projects/e9497ea8-5e79-42ab-9c89-36b254fa121d
bf53f45b-8894-4643-aa71-9d356a657584, Room4Care,2015-03-04,2015-04-21,"EC project application on how to design for rural healthcare scenarios. The EC application was not funded,",https://pure.itu.dk/portal/da/projects/bf53f45b-8894-4643-aa71-9d356a657584
bc25c1fb-6f03-44c3-9f92-5cd7e68c76b0,Migrants' digital practices in/of the European border regime,2018-03-01,2022-02-01,"Refugees and digital devices (smart phones, tablets). How does the use of social media and digital platforms enable migration routes? ",https://pure.itu.dk/portal/da/projects/bc25c1fb-6f03-44c3-9f92-5cd7e68c76b0
c73fb74d-2225-44a2-aba1-d1d40064f50e,,2011-07-25,2012-07-25,"Danmark består af mange små og mellemstore virksomheder, der henvender sig til en lang række forskellige brugere, både indenfor og udenfor landets grænser. Disse virksomheder udvikler eller får udviklet forskellige it-produkter, der skal udvikles og testes med brugerne for øje. Denne del af udviklingsprocessen oplever mange danske virksomheder som omkostningstung.Det medfører at det er svært at etablere sig som leverandør af services indenfor brugerdeltagelse i Danmark og endnu sværere at udvikle ydelserne til det danske marked. SnitkerGroup ønsker derfor at se om der er muligheder for ekspansion udenfor landets grænser med nye servicetiltag. Dette gøres ved at analysere markedspotentialet og evt. udækkende behov i det udenlandske marked, hvilke markeder det bedst lønner sig at henvende sig til og hvilke services der efterspørges. Analysen skal munde ud i en strategi for hvordan SnitkerGroup kan udvikle nye services og hvordan de kan sælges til et større marked, herunder hvilke parametre de forskellige markeder prioriterer, er det f.eks. fokus på pris, fokus på hvor hurtigt en undersøgelse kan udføres, eller er det er det involvering i processen ved hjælp af it-systemer, der tillader at kunden følger med pr. distance. Projektet består af tre faser: 1. data om best practice i virksomheder med brugerfokus 2. Analyse af data 3. Videnformidling og udvikling af strategi for nye tiltag og services",https://pure.itu.dk/portal/da/projects/c73fb74d-2225-44a2-aba1-d1d40064f50e
a28175d7-f410-4592-b1ab-4435b67d289b,Cyber security and ICT Infrastructure with importance to crucial functions in Denmark - Mapping Emergency and Security Processes in the Danish Energy and Public Transport Sectors and their Dependency on ICT,2015-07-01,2016-12-31,,https://pure.itu.dk/portal/da/projects/a28175d7-f410-4592-b1ab-4435b67d289b
922f45db-36f2-4c36-bbd9-35d6bdc83cae,Video Games of Concern and Concerns about Video Games,2015-11-01,2016-02-29,,https://pure.itu.dk/portal/da/projects/922f45db-36f2-4c36-bbd9-35d6bdc83cae
53f82162-c5aa-4e56-9233-52f312f213ae,Comparative Studies on Informal Parenting Social Network For Development of Future ICT Services,2016-11-14,2017-03-31,,https://pure.itu.dk/portal/da/projects/53f82162-c5aa-4e56-9233-52f312f213ae
1f1d9723-4ec2-4ea0-9b30-ee6db9ff6524,ENJECT,2014-12-15,2018-12-14,,https://pure.itu.dk/portal/da/projects/1f1d9723-4ec2-4ea0-9b30-ee6db9ff6524
50b46853-136e-44e5-91c9-289569813347,Intelligent Alarmbehandling,2017-02-01,2017-05-31,,https://pure.itu.dk/portal/da/projects/50b46853-136e-44e5-91c9-289569813347
0c7a1bc5-ceb9-4812-b8bc-cec4bc2f19f8,Science Quality Marker,2018-05-01,2018-08-31,A standardised design to help readers of popular science news to judge the quality of the science behind the headlines.,https://pure.itu.dk/portal/da/projects/0c7a1bc5-ceb9-4812-b8bc-cec4bc2f19f8
1890e514-8255-4fb2-83fc-8a3299766d53,"Open Data and IoT Innovation Platforms Addressing identity, anonymity, ethics and privacy",2015-02-27,2015-04-14,,https://pure.itu.dk/portal/da/projects/1890e514-8255-4fb2-83fc-8a3299766d53
b2007c46-b905-447f-9a57-e2699c43aa3c,A service concept for boosting work readiness amongst youth in Southern Africa through a certified digital work readiness portfolio,2016-08-29,2017-04-25,"The JobReady project addresses the significant and growing problem of youth unemployment on the African continent. Africa will have the largest labour force in the world by 2040, posing huge potentials for social and economic development,<br/>but also a risk if youth unemployment cannot be alleviated. The JobReady project is a collaboration between European universities, SMEs and RLabs – a well established social enterprise based in Cape Town, South Africa, with branch operations in 23 countries. The specific problem addressed in the JobReady project is the gap between education and first-time permanent employment that is caused by a lack of work readiness among African youth. This problem is well documented in reports on unemployment in Africa, and well substantiated by experience from RLabs operations in Southern Africa. The JobReady project presents an innovative service concept, co-designed with local stakeholders, to support youth in improving work readiness through engaging in temporary jobs, community services and training. The concept includes a novel digital platform automatically offering work readiness activities matched to individual skill needs. Activities are documented in a digital work readiness portfolio, that can be printed in a government certified format for job applications. The digital platform is integrated into an existing RLabs café concept. The functions of the JobReady digital platform are provided both at the café as a walk-in-portal, and via a web interface, designed to accommodate low bandwidth mobile phones or computers, for easy access without installing software. The JobReady solution is first deployed and validated in Cape Town, South Africa. Next it is transferred to Iringa, Tanzania and Windhoek, Namibia to demonstrate scalibility and transferability. The project has a large potential impact for the targeted communities in South Africa, Tanzania and Namibia – and a potential for broad deployment throughout the developing countries.",https://pure.itu.dk/portal/da/projects/b2007c46-b905-447f-9a57-e2699c43aa3c
c7ff4234-d9d4-4a7d-92c0-23b4c971bfe9,Connected & Co-designed Health Deadlines ,2018-06-01,2020-05-31,Danish Innovation Model on Technology Transfer; aims at consolidating collaboration on Scandinavian Innovation Model which utilize co-design approach to transfer healthcare technology to the market in corporation with industries,https://pure.itu.dk/portal/da/projects/c7ff4234-d9d4-4a7d-92c0-23b4c971bfe9
7bc8f483-88e2-43a9-b774-fd908e7b2fee,Projection of Balances and Benefits in Life Insurance,2018-01-01,2022-07-31,,https://pure.itu.dk/portal/da/projects/7bc8f483-88e2-43a9-b774-fd908e7b2fee
6e76e8f9-3d76-46a0-9ca7-ad943a39e26e,Eliteforsk travel grant,2018-01-01,2019-12-31,,https://pure.itu.dk/portal/da/projects/6e76e8f9-3d76-46a0-9ca7-ad943a39e26e
1155118b-f91f-4fba-8ec2-328dc348ca54,Increased occupant satisfaction and comfort using IoT-based data acquisition for high-performing building operation and design,2018-05-01,2021-04-30,,https://pure.itu.dk/portal/da/projects/1155118b-f91f-4fba-8ec2-328dc348ca54
5ac6ed44-39b5-4270-b8e0-3af237b55306,Principles for Effective Learning Analytics in Augmented Reality Learning Applications for Professional Education,2017-10-01,2019-09-30,,https://pure.itu.dk/portal/da/projects/5ac6ed44-39b5-4270-b8e0-3af237b55306
b0e79cb1-7d28-4efa-a4b5-9afb39ec7d33,Super Turing Evolving Lifelong Learning ARchitecture,2018-07-12,2021-12-15,,https://pure.itu.dk/portal/da/projects/b0e79cb1-7d28-4efa-a4b5-9afb39ec7d33
246d7466-e8ad-450b-83f1-e67c59b4337c,Data Driven Decision Making In Public Transportation,2018-03-01,2021-02-28,,https://pure.itu.dk/portal/da/projects/246d7466-e8ad-450b-83f1-e67c59b4337c
fb6c2b01-82c5-4b20-b6ef-94cd08477c3c,IoT-baseret dataopsamling til bedre bygningsdrift og -design,2018-03-15,2019-12-01,,https://pure.itu.dk/portal/da/projects/fb6c2b01-82c5-4b20-b6ef-94cd08477c3c
b2ed5496-17f2-4bf2-85c3-604a40420a07,"Entrepreneurial Norms, CO-design and Data practices for a digital Europe",2016-04-12,2016-12-31,,https://pure.itu.dk/portal/da/projects/b2ed5496-17f2-4bf2-85c3-604a40420a07
7706dfa9-ea0b-4bf7-abab-1937a0a3ae8b,Young Danish cancer patients use and experience of social media,2018-09-01,2019-08-31,,https://pure.itu.dk/portal/da/projects/7706dfa9-ea0b-4bf7-abab-1937a0a3ae8b
ab2eb9f0-3461-42b4-a303-795fd6ea4637,Adaptive Lighting Training Network EID,2015-10-16,2017-01-10,,https://pure.itu.dk/portal/da/projects/ab2eb9f0-3461-42b4-a303-795fd6ea4637
41d72b61-664c-408f-ac1c-a71483abac44,European Training Network for Chemical Engineering Education with Games,2018-11-01,2022-10-31,"The Center for Computer Games Research had been asked by a consortium to join them in a Marie Curie project: Teaching chemistry with games. We have developed the proposal since the Summer, and I was at a meeting on Wednesday, and this project appears to have a good chance to fly. The lead person has a personal success rate of 2/3, while general acceptance rate is around 0.04.",https://pure.itu.dk/portal/da/projects/41d72b61-664c-408f-ac1c-a71483abac44
f266da39-b6cd-4221-a419-c2c73ad16fa1,Betydningen af videnoverførsel fra universitetstuderende til virksomheder i udkantsområder i Danmark,2018-05-01,2018-10-31,InfinIT mini-projekt,https://pure.itu.dk/portal/da/projects/f266da39-b6cd-4221-a419-c2c73ad16fa1
7ddbc90b-47e9-4bf4-b7ba-c375d1f39b2f,Optimized Enablers for Edge Computing in IoT,2018-01-01,2018-12-31,,https://pure.itu.dk/portal/da/projects/7ddbc90b-47e9-4bf4-b7ba-c375d1f39b2f
2d43e7fe-379a-4380-9d63-1dd465a3663b,Rekvireret forskning,2017-03-01,2018-06-30,,https://pure.itu.dk/portal/da/projects/2d43e7fe-379a-4380-9d63-1dd465a3663b
9e780291-2501-4c88-8060-7043ffcb99ad, Orkney Clouds Saga: Shaping community-based managed services  ,2018-01-01,2018-12-31,,https://pure.itu.dk/portal/da/projects/9e780291-2501-4c88-8060-7043ffcb99ad
c5b5343d-48e1-49ea-a7b4-07bdfc23ca72,Understanding and encouraging grade school girls' interest in in computer programing ,2018-02-01,2019-12-31,,https://pure.itu.dk/portal/da/projects/c5b5343d-48e1-49ea-a7b4-07bdfc23ca72
f37a5ad9-0947-4b39-9bc4-c6fb89bead24,Improving the Usage of Personas in Agile Software Development,2018-03-01,2018-11-30,InfinIT mini-projekt,https://pure.itu.dk/portal/da/projects/f37a5ad9-0947-4b39-9bc4-c6fb89bead24
865b751d-b4ff-4938-b032-5d278a702de8,"Immediations: Art, Media and Event",2018-03-01,2020-02-28,,https://pure.itu.dk/portal/da/projects/865b751d-b4ff-4938-b032-5d278a702de8
ae2c1cdc-29a9-4ee8-8702-913c0b875dd5,Every Step You Take: Tracking Physical Activity at Work and at Home,2016-05-15,2016-12-31,,https://pure.itu.dk/portal/da/projects/ae2c1cdc-29a9-4ee8-8702-913c0b875dd5
01f3ad3a-5f8f-4306-965f-11f40e93481c,Reframing Machine Intelligence: Towards a Novel Perspective on Algorithmic Agents,2018-01-01,2021-12-31,,https://pure.itu.dk/portal/da/projects/01f3ad3a-5f8f-4306-965f-11f40e93481c
6f7979df-0206-4ab9-904b-2a7cd6630cdb,Improving Marketing Mix Decisions Through Interactive Bayesian Optimization,2018-09-01,2021-08-31,,https://pure.itu.dk/portal/da/projects/6f7979df-0206-4ab9-904b-2a7cd6630cdb
4f4dc9dc-b06b-4d4d-8039-c54e18e7b997,Internet of Things i produktion og værksted,2016-01-01,2016-05-31,,https://pure.itu.dk/portal/da/projects/4f4dc9dc-b06b-4d4d-8039-c54e18e7b997
9a862524-98d2-4d6a-85bc-ce6612c9c718,Intelligent project management powered by proprietary machine learning technology,2018-01-01,2018-12-31,,https://pure.itu.dk/portal/da/projects/9a862524-98d2-4d6a-85bc-ce6612c9c718
cbb00271-91fa-4a70-be38-2770459c4ebe,Smart Wheeled Walker of The Future,2015-10-18,2017-12-31,,https://pure.itu.dk/portal/da/projects/cbb00271-91fa-4a70-be38-2770459c4ebe
389f89c7-3f1f-4f75-bac1-44c9e7703c42,Sociocultural Carbon,2018-08-01,2022-01-31,,https://pure.itu.dk/portal/da/projects/389f89c7-3f1f-4f75-bac1-44c9e7703c42
0fa9a31a-1db3-4a53-aabc-60e09ba950e8,Autonomous Live Game Operations,2019-04-01,2022-07-30,,https://pure.itu.dk/portal/da/projects/0fa9a31a-1db3-4a53-aabc-60e09ba950e8
0f7dc29a-8255-42c9-a9ab-4c72d4ac52da,Eliteforsk travel grant,2019-01-01,2020-12-31,,https://pure.itu.dk/portal/da/projects/0f7dc29a-8255-42c9-a9ab-4c72d4ac52da
89f14e97-e7b4-488c-a667-40d29d7efe26,Integrating User Experience Design in Scaled Agile Development,2018-12-31,2022-03-31,,https://pure.itu.dk/portal/da/projects/89f14e97-e7b4-488c-a667-40d29d7efe26
8bcd1359-3f40-4d7e-a3bc-fc05f427fac0,Affective Design for Improved Health Outcomes for Rheumatology Patients using Digital Health Technology,2018-09-11,2024-12-27,"This project explores how Affective Interaction Design can contribute to improving Daman's Rheumabuddy App through the development of a new digital concept that enables patients with Rheumatoid Arthritis (RA) to improve their coping strategies and quality of life. The concept facilitates novel affective interactions for patient motivation and empowerment through the continuous production of affective data which is both relevant for the patient’s self-management, the healthcare system and Daman’s data-driven commercialization model towards the pharmaceutical industry. The specific research objectives are to: (1) sketch out an affect-driven framework for designing digital healthcare technologies for RA patients (key innovation); and (2) explore case-driven research methods and metrics for assessing the longitudinal impact of affective interactions using mobile apps and self-tracking for patient empowerment<br/> ",https://pure.itu.dk/portal/da/projects/8bcd1359-3f40-4d7e-a3bc-fc05f427fac0
feac0ff3-6475-4125-b2b9-98479b3cfc3a,Danish Language Inclusion:  High-speed high-quality bootstrapping of large-scale research resources,2019-01-01,2021-12-31,,https://pure.itu.dk/portal/da/projects/feac0ff3-6475-4125-b2b9-98479b3cfc3a
c611d05f-3aef-4f13-b2be-f96fbe778d87,Citizen crowdsourcing: An investigation of opportunities and ‘challenges of using collective intelligence in policy-making,2020-09-01,2022-11-30,"Det udførende Institut og Virksomheden har hver for sig opbygget en særlig ekspertise inden for<br/>crowdsourcing, statistiske analyser og kollektiv intelligens. Parterne har interesse igennem<br/>forskning at udvide deres viden inden for crowdsourcing, statistiske analyser og kollektiv<br/>intelligens.",https://pure.itu.dk/portal/da/projects/c611d05f-3aef-4f13-b2be-f96fbe778d87
7591c28f-13f6-4c81-ac92-52ffabe3c960,6th International Blockchain School - CPHFintech,2023-04-13,2023-12-31,Funding from CPH Fintech Lab,https://pure.itu.dk/portal/da/projects/7591c28f-13f6-4c81-ac92-52ffabe3c960
98593908-ac5e-4dab-806b-d2910e712f7f,5th International Blockchain School - CPHFintech,2021-10-01,2022-12-31,Funding from CPH Fintech Lab,https://pure.itu.dk/portal/da/projects/98593908-ac5e-4dab-806b-d2910e712f7f
374a4482-efbf-4012-ac03-3f35f77be66e,"Novo Nordisk, Kalundborg - Strategic partnership",2022-08-24,,Mutual intent in creating innovation and research projects in addition to life long learning and new educations. ,https://pure.itu.dk/portal/da/projects/374a4482-efbf-4012-ac03-3f35f77be66e
413ee3d4-cb73-462c-9d0b-49eda39d9919,Urban Insights Data Lab,2023-01-01,,,https://pure.itu.dk/portal/da/projects/413ee3d4-cb73-462c-9d0b-49eda39d9919
b0651758-d511-4677-8e44-c3df2ed4d22f,Disincentivizing Out-of-Band Attacks & Improving the Efficiency of Post-Quantum Digital Signature Algorithms for Blockchain Systems,2024-01-01,2024-12-31,"Quantum computing and blockchain systems are two emerging technologies of recent years that have the potential to revolutionize business models. The latest advances in quantum computing have a significant impact on the computational efficiency of important algorithms which brings together serious security concerns in cryptography-related technological systems such as blockchains/cryptocurrencies. This emerging quantum technology not only effects cryptocurrency security but also all blockchain-based financial systems such as smart contracts, NFTs, accounting, digital payment systems, and stock exchange systems. Note that Bitcoin is currently being considered as a stock in the financial market and considered as ""digital gold"" and ""cryptography"" primitives of all types of blockchains/cryptocurrencies are digital signature algorithms, hash functions, and random-number generators. All of these cryptographic algorithms provide resistance to unauthorized alterations and modifications on the ledger, attainment of consensus, and public verifiability. It should be noted that blockchain/cryptocurrency is a computer software that enables transactions among participants in a peer-to-peer network. ",https://pure.itu.dk/portal/da/projects/b0651758-d511-4677-8e44-c3df2ed4d22f
a3865971-0fd4-4ea3-b2ba-199a34b27f69,7th international Blockchain School - CPHFintech,2024-01-01,2024-12-31,Funding from CPH Fintech Lab,https://pure.itu.dk/portal/da/projects/a3865971-0fd4-4ea3-b2ba-199a34b27f69
93a0403f-4eba-41c9-b336-0a58745dd919,Exhibition Designer,2024-03-01,2025-02-28,"Museer bruger mange ressourcer på at få digitale installationer udviklet af eksterne bureauer - ofte med et dårligt resultat, fordi museets interne ekspertise ikke bliver tilstrækkeligt involveret. Dette fører til tabte muligheder, forsinkelser, højere omkostninger, og tekniske løsninger som museet ikke selv kan vedligeholde.<br/>Exhibition Designer er et software- og hardwareværktøj, der gør det muligt for museumspersonale uden teknisk kompetence at deltage i udviklingen. Dette ”kit” bruger sensorer og digital formidling via lys, lyd og projektioner til at integrere interaktive elementer i udstillingen. Systemet bygger på visuel programmering og er derfor markant nemmere at bruge end eksisterende løsninger.",https://pure.itu.dk/portal/da/projects/93a0403f-4eba-41c9-b336-0a58745dd919
67084849-7dff-407b-9a9b-c1b6c57ac58b,Collaboration agreement funded by Lifestyle & Design Cluster,2024-01-01,2024-12-31,,https://pure.itu.dk/portal/da/projects/67084849-7dff-407b-9a9b-c1b6c57ac58b
61a964d6-a6c1-4364-a2b9-0c1504474ad6,Development of Education on ESG Data governance in Fintech startup (DEED-Fintech),2024-02-15,2024-12-31,"Today, tech startups who operate in heavily regulated environments, such as Fintech are faced with complex and rapidly emerging regulations related to sustainability such as CSRD, SFDR, ESRS, GPP criteria and EU Green Taxonomy, to name a few. Meanwhile, customers from both public and private sectors are pressured to procure sustainable or green digital services and increasingly push forward demands to the supply chain to report the sustainability or green performance of the services they provide. <br/>Environmental, Social and corporate Governance (ESG) data is at the core of securing both the bottom line and skyline of Fintech startups by responding to the needs of compliance requirements and customer demands. However, providing ESG data for startups has known challenges such as: <br/>1. Gaps between the ESG frameworks currently used by investors, regulators, and the customers <br/>2. Lack of data capabilities and resources as related to ESG reporting among individual startups. <br/>This project develops professional educational materials, including lecture content, workshop games, baseline methods, graphic materials, and textbook that specifically address these challenges and facilitates strategic and sustainable growth of Fintech startups in the long term. ",https://pure.itu.dk/portal/da/projects/61a964d6-a6c1-4364-a2b9-0c1504474ad6
9ad37013-9e66-4805-a8f4-0c98f7820ff8,D-Pop 2024,2024-01-01,2024-12-31,Danish Data Science Academy (DDSA) supports D-Pop event in 2024. ,https://pure.itu.dk/portal/da/projects/9ad37013-9e66-4805-a8f4-0c98f7820ff8
63337a07-1825-4c55-85e3-cf49cbacab88,Cyberskills Career,2023-11-01,2026-12-31,"Projektets primære mål er at sikre at flere unge vælger en karriere indenfor cybersikkerhed på såvel de tekniske, merkantile, humanistiske som samfundsfaglige områder For at understøtte det primære mål er der også to understøttende mål i projektet: At tiltrække flere unge til cybersikkerhed, og at understøtte comm un ity bygning blandt de unge.<br/><br/>Projektets mål opnås gennem en række forskellige initiativer:<br/>-Udbrede kendskab til og viden om cybersikkerhed blandt unge<br/>-Fort sat at vise de unge at cybersikkerhed er spændende, og understøtte de communities der kan bidrage til at fastholde interessen for cybersikkerhed.<br/>-Øge kendskabet til arbejdsopgaver og karriereveje indenfor cybersikkerhed på tværs af uddannelsesveje og hjæl pe de unge til deres første job indenfor cybersikkerhed. <br/>-Arbejdet med diversitet, herunder kønsdiversitet, er en vigtig del af alle initiativerne.<br/>",https://pure.itu.dk/portal/da/projects/63337a07-1825-4c55-85e3-cf49cbacab88
e60e33c0-f4d1-4243-a02d-bacc40c257f8,Workshop `In the Picture: Medical Imaging Datasets´,2024-03-14,2024-12-31,"Machine learning has shown promising results in medical image diagnosis, at times with claims of expert-level performance. However, algorithms with high reported performances do not always generalize to real-life settings, leading to incorrect and/or biased diagnoses. Two key datasets-related issues contribute to this challenge: (i) the presence of shortcuts, i.e. spurious correlations between artifacts in images and diagnostic labels, and (ii) the representativeness of the patients the algorithms were trained on, in terms of demographics and/or disease sub-type.  Our workshop's focus will be on challenges within medical imaging datasets that hinder the development of fair and robust AI algorithms. We will have several invited talks, but foster engagement and encourage collaboration, participants will mostly work in groups. Groups will work on various projects, including: (i) crafting tools to reviewing datasets, documenting metadata and identifying possible shortcuts, (ii) designing tools for generating living reviews, as traditional datasets reviews are static and cannot incorporate new evidences, (iii) formulating strategies to pursue additional funding opportunities such as COST.EU.  ",https://pure.itu.dk/portal/da/projects/e60e33c0-f4d1-4243-a02d-bacc40c257f8
0d2deaff-cf2d-441f-95eb-9b13d6d3d0c5,Maritime Alarm Handling Practices: Existing Challenges and Possible Solutions,2024-04-01,2025-03-31,"There are now numerous examples of maritime accident reports where existing alarm handling practices - especially the quantity of alarms and the quality of alarm systems - are assessed to be more of a burden than a benefit. With the development of green fuels, this is only expected to become an increasing problem due to the chemical nature of the fuels, as the latency times and the consequences here are significantly higher. In neighboring industries such as nuclear power and process industry, there are already examples of international standards that set requirements for the quality of alarms, especially the response times associated with these. Even though these standards have been used for years with great success, similar standards are still lacking in the maritime industry. The project is expected primarily to contribute new knowledge regarding current problems and potential solutions in maritime alarm handling practices, and thereby to drive the maritime industry closer to establishing widely recognized technical common ground and standards for this.",https://pure.itu.dk/portal/da/projects/0d2deaff-cf2d-441f-95eb-9b13d6d3d0c5
46b9b101-1336-414d-b1d8-995d9f2e7869,Rethinking Affective Game Epistemologies,2024-05-01,2026-04-30,"Affective gaming - or gameplay that is influenced by a player's emotional state - is a research domain at the intersection of HCI and affective computing; yet the field has stagnated over the years since its inception back in the early 1980s. In RAGE, I will revitalize the field of affective gaming by addressing foundational epistemic problems that are contributing to this stagnation. RAGE’s research<br/>objectives tackle explicating unclear and hidden assumptions and value sets in this space, and the practical tensions that exist in terms of implementation. I analyze the field through both a theoretical lens in the first year, and moving to a practical implementation of affective games in the second. In this project, I will transfer my knowledge in designing and creating affective games for the implementation aspects of RAGE while Prof. Elisa Mekler (ITU Copenhagen, Denmark) will support the theory aspects. With this fundamentally<br/>interdisciplinary project, I will collaborate with and connect many research groups and labs at ITU from different disciplines, including the Center for Digital Play, the Affective Interactions and Relations (AIR) lab, and the Interaction design (IxD) lab. Collaboration within this interdisciplinary team and broadening my research portfolio to include theoretical and critical research will allow me to shape a research vision and establish myself as a key researcher of affective gaming within the EU, in service of my eventual goal to lead my own research group within the EU.",https://pure.itu.dk/portal/da/projects/46b9b101-1336-414d-b1d8-995d9f2e7869
057f2fe2-c640-4acd-a518-a08ba773a1f0,Sustainability Claims in Digital Agriculture: A Qualitative Framework to Understand Sustainability Claims in Developing and Using Digital Tools to foster Sustainable Practices in Agriculture,2024-06-01,2026-05-31,"Digital Agriculture aims to transform how we grow food. By collecting and analyzing real-time data on plant life, these innovations promise to help farmers make more informed decisions about water usage, fertilizers, and pesticides, ultimately leading to more sustainable farming practices. But how are these promises translating into reality? Usually answered quantitatively, DIGIPHYT takes a different approach to this question. The project develops an in-depth qualitative research that explores the relationship between sustainability claims and sustainable practices in technology-assisted plant cultivation. Using ethnographic and video-based methods, I observe specific digital agriculture innovations in action by documenting the daily activities of both developers and users, aiming to understand how humans, plants, and digital devices interact to create sustainable agricultural practices. To that effect, I aim to move from claims to practices - I take sustainability promises seriously and examine how participants define sustainability, as well as their efforts to develop sustainable practices in real-world settings. In studying those practices, I also aim to pay attention to all contributors , by documenting the active roles of often-overlooked non-human participants—plants and devices—in efforts to create sustainable outcomes. More info at mylt@itu.dk.",https://pure.itu.dk/portal/da/projects/057f2fe2-c640-4acd-a518-a08ba773a1f0
65aa23cb-27b9-4f3c-9c27-3fc07d59edf0,Age Integrated Housing and Neighbourhoods,2024-02-01,2026-01-30,,https://pure.itu.dk/portal/da/projects/65aa23cb-27b9-4f3c-9c27-3fc07d59edf0
d16d3334-5a11-40bc-8432-6504812c53fa,,2024-01-01,2024-12-31,"Der er behov for en nytænkt indsats, som kan sikre Forsvaret, andre relevante myndigheder og dansk forsvarsindustri et kritisk teknologisk løft. For at skabe<br/>dette løft er der brug for interdisciplinære<br/>partnerskaber, som er i stand til at samtænke teknologisk innovation med civile, militære, politiske og økonomiske hensyn i en samlet løsning.",https://pure.itu.dk/portal/da/projects/d16d3334-5a11-40bc-8432-6504812c53fa
c9aefc8b-9ef0-43ac-9c98-cffaa5182819,Tensor network algorithms for large scale learning and simulation,2023-03-01,2023-03-02,"The novo nordisk data science collaborative research grant on quantum inspired is aimed at developing a<br/>world class research program on tensor network algorithms and applications. The research program will be carried out with two ITU partners (myself and Nutan Limaye) and two external partners: Morten Mørup (DTU) and Raghavendra Selvan (KU). The aim is threefold: (i) to explore the use of tensor network constructions to dramatically reduce the memory<br/>bottleneck of various machine learning tasks, with a special emphasis on life science applications, (ii) to develop tensor network simulation algorithms for<br/>quantum circuit simulations, and (iii) to explore the fundamental limitations of tensor networks for learning tasks. The three aims will be tied together by a universal set of tools that might find further applications elsewhere.",https://pure.itu.dk/portal/da/projects/c9aefc8b-9ef0-43ac-9c98-cffaa5182819
9aadc91b-d99a-402c-8c3c-dd2ac88f938f,Identifying Universal Communal Hand Gestures for Virtual and Hybrid Meeting Interaction,2023-10-01,2026-09-30,,https://pure.itu.dk/portal/da/projects/9aadc91b-d99a-402c-8c3c-dd2ac88f938f
54be9d4e-0d3a-4b8a-b908-4989018a10e5,Managing Uncertainty in Disaster Risk Reduction – An Ethnography of Data Practices in Ghana’s Emergency Preparedness and Early Intervention Infrastructure,2023-09-01,2025-08-31,"Research focus: For a number of African countries the window of opportunity for harnessing the developmental potential of the demographic transition is beginning to close, triggering intensified attention for policy interventions that promise – based on statistical projections – to maximise future socio-economic returns. Yet, despite the central role of calculative devices in contemporary African future-making, our understanding of the knowledge bases and quantitative practices informing such interventions remains rudimentary. The proposed project focuses on the production of evidence-based welfare policy in Ghana through the ethnographic observation of statistical and policy practices and their situatedness in an emerging digital population data ecosystem. The project builds on previous work relating to biometric identification, quantitative analyses of development and the sensing of welfare needs through key development indicators. The projected study will explore how innovations in population data impact the modelling of future welfare and the targeting and design of interventions for future welfare gains. The proposed project expands the horizon of contemporary welfare studies and of the social study of quantification alike by theorising statistical experts’ engagement with computational arrangements, including their capacities for manoevering the multiple and layered indeterminacies related to the limited coverage of population data, adaptations of the circulation of statistical models, and the intergenerational observation of projected policy outcomes.",https://pure.itu.dk/portal/da/projects/54be9d4e-0d3a-4b8a-b908-4989018a10e5
9a7a0308-9c35-463c-9d04-cd3f31ae718e,Basic Algorithms Research Copenhagen,2024-01-01,2029-12-31,Algorithms theory,https://pure.itu.dk/portal/da/projects/9a7a0308-9c35-463c-9d04-cd3f31ae718e
a791bd61-293d-4ebe-9d23-03a2e51ac31e,Past social network reconstruction from material culture data,2024-03-11,2026-12-31,"This data-driven project establishes interdisciplinary collaboration between archaeologists and<br/>network scientists to create the first integrated computational workflow for reconstructing past<br/>social networks from material culture data. It will enhance archaeological method and theory for<br/>network data representation of material culture data and for testing assumptions about how this data reflects past social networks. It will also enrich network science: archaeology provides network data with critical incompleteness issues but that is also rich in metadata. The project will enable studies on the diversity of social networks of our species, and how processes evolve over long time periods beyond the scope of current social network studies.",https://pure.itu.dk/portal/da/projects/a791bd61-293d-4ebe-9d23-03a2e51ac31e
701a299d-cdcb-46b9-95c2-b8e57bf927c4,Quantifying the Prevalence and Diffusion of Generative AI in Science,2024-09-01,2026-08-31,,https://pure.itu.dk/portal/da/projects/701a299d-cdcb-46b9-95c2-b8e57bf927c4
9f485f10-7bd6-485b-a9f2-967689449145,Machine Learning on Tiny Hardware,2023-08-01,2026-07-31,"Today many data sources are small low-powered and hardware-constrained devices such as mobile phones, wearable or self-driving smart platforms, etc. Edge computing is a broad term that refers to computations performed on such edge devices. A powerful natural language processing model (for speech recognition, text analysis, etc.) to be deployed at an edge device can cost almost one million DKK to train in the cloud without accounting for the electricity cost and carbon footprint. To achieve sustainable progress in machine learning, it becomes increasingly important to enable techniques that get more value out of data at the edge rather than always sending the data to a remote and more powerful hardware device in the cloud for further data processing and training machine learning models. Exploiting the data closer to the source would reduce data movement. This, in turn, would reduce latency, costs, and power required to deploy machine learning models at the edge in addition to more secure data processing. However, the challenge is operating on edge devices that are way more resource-constrained compared to the servers in the cloud with CPU-GPU co-processors that sparked the machine learning advancements.<br/>Our goal is to enable more powerful Machine learning On Tiny Hardware (MOTH) devices such as the ones found in edge settings. To reach that goal, we research novel techniques for creating dynamic and collaborative end-to-end machine learning pipelines, from data loading and pre-processing to model training and serving, that leverage the hardware heterogeneity at the edge. The outcome will be methodologies and software components that make end-to-end machine learning more secure and sustainable on resource-constrained hardware. This outcome will benefit any institution that collects data at the edge, and data scientists at those institutions creating models for various use cases (air quality monitors, hearing aids, etc.) to be deployed at the edge.",https://pure.itu.dk/portal/da/projects/9f485f10-7bd6-485b-a9f2-967689449145
b6ca6347-45a3-4d1d-85ef-4d8a04292324,GrAdual sessIoN typEs for pRivacy,2023-01-02,2024-05-31,"The main feature of modern computing system is that they are<br/>structured into multiple nodes and communicate by means of exchanging messages. As they scale, the complexity of such systems is constantly rising, posing a huge problem on how they can be programmed correctly. Privacy is a property that concerns the governance of sensible information. A key feature of being able to control privacy is that of controlling how information flows between nodes such that sensitive data is never revealed to nodes that are not supposed to know about it. Consider, for example, a group of federated message servers distributed over several nodes around the globe. Messages (data) flow between servers, but, since servers may be located in different jurisdictions, they may have to follow different policies, and therefore some data may flow between the servers while other data may not. Given the high complexity of such a system, it is not clear how developers can make sure that such policies are satisfied. A first attempt could be made at the level of the software architecture, using models for describing how sensitive data must flow. However, the problem would still persist at the code level. Therefore, we ask: Is<br/>it possible to provide software programmers with artefacts that allow them to control message privacy in distributed systems? This project attempts to answer this question by implementing a gradual type system for privacy in the main-stream programming language Erlang.",https://pure.itu.dk/portal/da/projects/b6ca6347-45a3-4d1d-85ef-4d8a04292324
e68f7013-bd81-41e1-a8dd-ad044ddf597a,From List to Graph View,2023-03-01,2024-02-29,"The project addresses the challenge of designing and developing effective, accessible, and engaging visual<br/>representations in a particular high-tech application in the context of cybersecurity. The project creates interactive representations that translate the<br/>technically available data to align with users' tasks, skills, contexts, and priorities to support improved decision-making.",https://pure.itu.dk/portal/da/projects/e68f7013-bd81-41e1-a8dd-ad044ddf597a
76f53d5f-ede1-4cff-9247-d7f635bd113b,Enabling language technology for the Faroe Islands and Denmark through coordinated collaboration ,2020-08-01,2021-07-31,,https://pure.itu.dk/portal/da/projects/76f53d5f-ede1-4cff-9247-d7f635bd113b
4bb672ed-bd49-4087-9326-eaa97f21976d,Digital Health in Circular Economy,2022-10-01,2026-09-30,"DICE aims to develop and demonstrate novel, circular and environmentally sound solutions to design, collect, directly reuse, refurbish, remanufacture and recycle digital health devices (ePaper label, smart wearable sensor, smart pill box, endo-cutter), which will contribute to enabling a circular transition. Solutions will be implemented, tested and demonstrated in five healthcare ecosystems reflecting the geographical spread within Europe through community-engaged pilots in Norway, Belgium, Slovenia, Spain and Germany. DICE will contribute to<br/>mitigating the globally expanding health waste problem covering three material streams -electronics, plastics, metal- and alleviate shortage of critical and<br/>valuable raw materials, while protecting the health and safety of those involved in realising the circular economy. Exploitation of key outputs will be ensured<br/>by all partners throughout and after the project and will be further extended to adjacent sectors through existing networks and platforms within which the<br/>partners are represented.",https://pure.itu.dk/portal/da/projects/4bb672ed-bd49-4087-9326-eaa97f21976d
a507601c-13b2-43e4-9c7f-177b3dd104f0,Formula complexity of polynomials and lower bounds,2024-01-01,2026-12-31,"Algebraic Complexity Theory and Lower Bounds.<br/><br/>In this project, we study the computation of multivariate polynomials along two axes.<br/>1. Lower bounds on the computation of polynomials.<br/>2. Evaluations of polynomials and counting.<br/><br/>Proving lower bounds on the computation of polynomials is a fundamental question in theoretical computer science. The famous P vs. NP question has an algebraic variant called the VP vs. VNP question. The exact question is: Are there explicit polynomials that cannot be computed efficiently? In a recent work [LST2021], we made substantial progress towards answering this question. We would like to push our techniques further to obtain stronger results. This is one of the main axes I plan to explore in this project. Specifically, we believe that the current lower bound technique can be thought of as a special instance of “flattenings”, which arise in quantum computation. The ‘flattenings’ are used to prove lower bounds on tensors. The project will explore possibilities to combine the methods from Quantum Computation with our lower bound methods.<br/><br/>Another set of equally intriguing questions about polynomials arises from evaluating them or approximating them. In the last decade, we have understood the close connections between the efficient evaluation of polynomials and better- than-brute-force algorithms for NP-complete and #P-Complete problems. In the past, I have tried to understand Boolean complexity classes inside P using counting problems arising from word problems. I would like to explore the landscape of counting problems arising from non-commutative polynomial evaluations. Non-commutative polynomials are generalizations of word problems. This is the second axis of inquiry in this project.",https://pure.itu.dk/portal/da/projects/a507601c-13b2-43e4-9c7f-177b3dd104f0
8146f4ce-2057-47de-80a7-f7707e6506e0,Digital Research Centre Denmark,2020-10-01,2025-09-30,"DIREC – Digital Research Centre Denmark is an independent, non-profit organization owned by the eight Danish universities and the Alexandra Institute.<br/><br/>It aims to accelerate digital research and innovation in Denmark, addressing the demand for digital skills and knowledge required by Danish industry, organizations, and society.",https://pure.itu.dk/portal/da/projects/8146f4ce-2057-47de-80a7-f7707e6506e0
5237bf48-25e5-4a73-81f1-0e374b70a423,Getting generative AI to provide references to its training data,2024-05-01,2029-06-30,"The current generative AI systems such as ChatGPT are trained on existing texts, but they do not credit their sources. This project will develop a theoretical framework and novel methods for providing references to training data of large language models, which is a prerequisite to systems that are more transparent, trustworthy, and respectful of the rights of the original content creators. The grant will fund two Ph.D. students, one postdoc, and equipment.",https://pure.itu.dk/portal/da/projects/5237bf48-25e5-4a73-81f1-0e374b70a423
6ac1ce36-677b-4986-90ef-05eb24746af1,Multi-Stakeholder Fairness in Job Recommendation,2024-04-01,2027-03-31,"Continuing the work in our Grand Solutions project called 'Jobmatch', where we recommend relevant candidates to recruiters, we wish to generate recommendations for job seekers, but in line with the recently accepted EU AI Act, we want to focus on the fairness of the recommendations, both from a job<br/>seeker perspective (does everyone get the<br/>opportunities they deserve), but also from a company perspective (how can we mitigate the popularity bias<br/>that occurs from jobs from popular employers like Novo for instance?). Balancing these different demands requires a multi-stakeholder approach to<br/>fairness in job recommendation.",https://pure.itu.dk/portal/da/projects/6ac1ce36-677b-4986-90ef-05eb24746af1
7a35b865-2730-45a6-8fdc-b508699fa03a,Danish-India Bilateral Research Initiative on Digitalized Green Hydrogen Ecosystems,2024-04-01,2026-03-31,"Green Hydrogen(H2) Ecosystems, extending from production, transportation, and up to utilization, are the focus of this network. Green H2 production and utilization depend on local conditions such as weather-based energy resources, availability of land, electrical grid availability, regulations, hydrogen demand, etc. Further, Green H2 is part of increasingly heterogeneous and decentralized green energy systems. However, the cost of green H2 production is still high, which can be potentially reduced through development of advanced digital solutions. This Indo-Danish network aims to identify possible solutions and research gaps related to both energy and software aspects for green H2 ecosystem. We focus on three different functionality scenarios for the deployment of green H2 i.e., a) H2 production using energy from the utility grid i.e., from large-scale energy system b) H2 production in a renewable hybrid power plant and utilization of hydrogen in certain processes (ammonia, steel, etc.) c) H2 production in energy communities for local utilization. H2BRIDGE will identify the need for software solutions for the seamless integration of green H2 at different levels of energy systems.   <br/><br/>H2BRIDGE helps Denmark and its partners to better exploit the research, development, and innovation (RDI) initiatives across the world. The Danish and Indian energy systems represent different challenges for the development of green H2 ecosystems given the difference in their expanse and governance. Through this consortium, researchers will be exposed to new perspectives on green H2, and the know-how will be beneficial for Denmark in leading international research on larger and more complex energy systems. Also, showcasing the software and technical capabilities of Danish partners will further open international collaboration opportunities. <br/><br/>The RDI knowledge exchanges between India and Denmark planned within the project will substantially boost the energy transition in both countries in terms of planning, siting, and operations of green H2 technology. The development of solutions and identification of key research gaps on technical and software aspects will be at the TRL of 5. <br/>",https://pure.itu.dk/portal/da/projects/7a35b865-2730-45a6-8fdc-b508699fa03a
8ee266d1-6b87-44b9-bc4a-7a594ee2a69f,Personality and Emotion-Aware Computing for Human-Centered AI,2024-06-01,2027-05-31,Natural Language Processing,https://pure.itu.dk/portal/da/projects/8ee266d1-6b87-44b9-bc4a-7a594ee2a69f
d5da34ed-babb-463b-9c3d-f72e8e891b51,The Maritime Hub,2023-07-01,2026-12-31,,https://pure.itu.dk/portal/da/projects/d5da34ed-babb-463b-9c3d-f72e8e891b51
2c6b03f5-0bad-4430-becb-8d36b5fb4caa,Directing Morphogenetic Patterning in Biological and Artificial Systems through Spatial Re-Programming,2024-09-01,2027-12-31,"The goal in this interdisciplinary synergy grant is to gain insights into biological pattern formation, by using computational models developed in the Creative AI lab and combine them with the biological models developed by Associate Professor Ala Trusina at the Niels Bohr Institute. <br/><br/>In more detail, we will train neural cellular automata, which are models of biological morphogenesis in simulated environments and compare the learned rules for patterning/regeneration with the ones inferred from biology. We expect the project will not only lead to novel insights into morphogenesis in nature but also allow us to create larger and more robust self-organizing artificial systems such as large-scale robot swarms, self-assembling robots, or self-healing materials.<br/>",https://pure.itu.dk/portal/da/projects/2c6b03f5-0bad-4430-becb-8d36b5fb4caa
4bc1a5b1-e2c9-4c56-8f85-8e2e5474b0a4,Gamifying Green Governance: Volunteering and Credit Repair in China,2024-09-01,2027-08-31,"Under local Social Credit initiatives, a key means of improving or rectifying one's credit is through voluntary activity. In this project, we seek to explore how environmental voluntarism is incentivised,<br/>managed and made participatory through the ecosystem of apps. Focusing on Volunteer China, the national body for standardizing data on volunteer hours and awarding certificates, we will work with<br/>young people in the country, exploring the interplay between dynamics of gamification and climate concerns. By exploring youth climate engagement<br/>through social credit apps, we critically interrogate the concept of ""incentive"" as it operates within the space of green action.",https://pure.itu.dk/portal/da/projects/4bc1a5b1-e2c9-4c56-8f85-8e2e5474b0a4
5e18225a-fb16-48e3-8372-7967aad1e215,Effects of deep fake design on human processing,2023-03-01,2025-06-01,"This project will investigate the threat to online information integrity posed by the emergence of recent advances to synthetically generated disinformation (so-called deepfakes). To that end, the project will investigate the cognitive effects of exposure to deepfake-videos presented as evidence in the context of a deceptive social media posts, by comparing exposure to social media posts including less sophisticated deceptive media.",https://pure.itu.dk/portal/da/projects/5e18225a-fb16-48e3-8372-7967aad1e215
c52de284-a5d5-4e86-b024-ee1508c043e5,Machines Capable of Rapid Learning in Unknown Environment,2023-01-01,2027-12-31,"The goal of GROW is to propose a fundamental new paradigm of machines that are not trained to perform a certain task but instead can evolve and continually learn from experiences and apply previously learned knowledge to novel situations.  Artificial Intelligence (AI) methods are becoming part of our daily lives, in face recognition, speech recognition in mobile phones or automatic translation. Computers can now outperform humans in many domains such as Chess, Go, or even poker. However, these systems still pale in comparison to even simple biological intelligence, which can learn and adapt to unforeseen experiences.",https://pure.itu.dk/portal/da/projects/c52de284-a5d5-4e86-b024-ee1508c043e5
494080c8-f483-4c96-8189-52e5b8c45899,Indlæsning af data på kvantecomputere ,2023-02-15,2025-02-14,"The main question is how to optimally load classical data onto a quantum computer. Without this crucial step, it is impossible to benefit form the speedup that might come from a quantum algorithm. ",https://pure.itu.dk/portal/da/projects/494080c8-f483-4c96-8189-52e5b8c45899
bdde8479-094e-45e7-a41d-f6e88594dd4a,Speculating and intervening in Nordic Technological Wellbeing Imaginaries,2023-01-01,2024-12-31,"The notion of caring for own citizens is at the basis of the Nordic welfare state. However, shifting power relations, new forms of public private partnerships, rapid emergence of technologies, and novel forms of service provision are transforming how states, communities and caregivers plan and improve<br/>living conditions of the population. These challenges thus require new forms of participation to ensure that emerging technologies are designed and adopted to support citizens in an equitable way.<br/><br/>This network intends to explore how collaborative design via Fabulation (Haraway, 2013) can be used to imagine and extend care practices in the Nordic context, encouraging broader forms of participation in society, building stronger connections among citizens, and ultimately fostering more resilient futures. Fabulation is part of a new approach using storytelling in design futuring, borrowed from STS and feminist technoscience, oriented towards alternative forms of critical and radical world-making. However, the use of fabulation in design futuring, while having enormous potential in being able to bridge the aforementioned challenges of participation, is currently tentative and understudied. How should or could fabulation be deployed within collaborative design in the context of emerging technologies to imagine new forms of caring?<br/><br/>We propose the creation of a new network, built on participants with established good working relations as well as new early-career members. Through the organization of three hybrid workshops, we will produce fabulations that act as possible trajectories for Nordic care futures, along the way developing a toolkit for fabulating that can travel–reflections on how Fabulation works, what it is good for, and strategies and tactics for developing meaningful shared futures. Our first workshop “Concepts” (Umeå, May 22-23, 2023) will be focused on conceptual work around fabulations. The second workshop “Approaches” (Oslo, October 30-31, 2023) will depart from the conceptual grounding to map current and potential methods for applying Fabulation. Finally, in our third workshop<br/>“Interventions” (Copenhagen, May 20-21, 2024) we will reflect on the potential of fabulating as a method for making change. Finally, we will produce themes and agendas for future collaboration, drawing together experiences from participants at different stages in their careers and deriving a kit of<br/>best practices for designing new kinds of resilient Nordic futures.",https://pure.itu.dk/portal/da/projects/bdde8479-094e-45e7-a41d-f6e88594dd4a
a99d5960-9803-4df2-aa16-981af4a8a414,GAMification and Education for Secure Software,2023-04-01,2024-10-31,"The GAMification and Education for Secure Software (GAMESS) will witness the collaboration of leading cybersecurity experts of 4 universities, 5 Erhvervsakademier and 5 industrial consortia/organizations with the aim of developing new education material related to cybersecurity <br/>(i.e., 16 new modules on topics such as security by design, usable security, personal security online and 40 Capture the Flag challenges to gamify the process of secure software development). <br/>The novelty of this project is that it will tackle for the first time not only the ""attacking"" aspect of the cybersecurity but also the defensive side, thus fostering a new proactive mindset by considering and secure all attack surfaces and vectors. A target communication campaign will allow reaching all <br/>cybersecurity relevant actors and increase the competences and awareness of cybersecurity both in both academia and industry. ",https://pure.itu.dk/portal/da/projects/a99d5960-9803-4df2-aa16-981af4a8a414
396e5fcc-e388-49a1-9f82-f625c28248b1,Designing usable coercion resistant Internet voting systems,2023-07-01,2027-06-30,"One of the prominent challenges in Internet voting is voter coercion: if the voters cast their votes from an unprotected environment, the coercer can observe the voter during voting and ensure that the voter obeys the coercer's instructions. Existing cryptographic protocols protect against this kind of coercion. However, they rely on additional steps on behalf of the voter that are known to be too<br/>complicated and therefore hardly usable. In the UCORV project, I apply methods from the humancentered security and privacy field to design voting systems that are both usable and coercionresistant.<br/>This is done by (a) involving the user at different stages of designing such systems via empirical studies, and (b) integrating the insights from related research in human factors in securitycritical systems, such as usable authentication. The results of the project have the potential to revolutionize secure elections, as well as empower users in other contexts where coercion poses a threat.",https://pure.itu.dk/portal/da/projects/396e5fcc-e388-49a1-9f82-f625c28248b1
6dc42961-419e-45d0-a2b4-d7e45e4a9980,"Intimate media, medicalized sex - using HIV preventing medicine and recreational drugs",2018-08-01,2021-12-10,"The rising availability of PrEP suggests a near future where “safer sex” among men who have sex with men (MSM) looks very different than today. With its introduction in the Danish welfare system, it will help improve their physical and mental health. But people are not entirely rational, and do not simply change their feelings and practices overnight. This project will examine PrEP use and how it is related to norms of “good sex” and “good health”: how are norms changing, and how might they even prevent change from happening? Gay culture is a drug culture, highly mediatized, and sex centered. Therefore, focus will be on chemsex as it intensifies these historical tendencies. In order to spread awareness about how good sex and health could look like in an age of PrEP, findings will be distributed among Danish health organisations, as well as chemsex and non-chemsex gay male publics.",https://pure.itu.dk/portal/da/projects/6dc42961-419e-45d0-a2b4-d7e45e4a9980
99b71b2a-9ccf-49fd-ba44-a9f39729f1de,From Ivory Tower to Twitter: Rethinking the Cultural Critic in Contemporary Media Culture,2015-09-01,2018-08-31,,https://pure.itu.dk/portal/da/projects/99b71b2a-9ccf-49fd-ba44-a9f39729f1de
2451b04c-4ced-413d-a1e1-be4d639abfc4,,2022-09-01,2023-11-30,"Formålet med projektet er at udvikle og validere nye redskaber til screening af visuelle vanskeligheder forårsaget af hjernerystelse. Redskaberne skal give viden om oplevelse af synsfunktionen i hverdagen og understøtte den diagnostiske proces. Aktuelt dokumenteres forringet synsfunktion gennem optometriske målinger. Der mangler dog let-anvendelige screeningsredskaber, der kan afdække behov for nærmere optometrisk udredning og behandling og som kunne anvendes bredt af fagpersonerne<br/><br/>Udvikle eye-tracking baseret screeningsværktøj til anvendelse i og uden for optometriske klinikker og dermed indsamle observationer fra flere kontekster og  undersøge sammenhæng mellem selvrapporterede målinger indsamlet via spørgeskemaer og objektive målinger indsamlet via optometriske målinger og eye-tracking.",https://pure.itu.dk/portal/da/projects/2451b04c-4ced-413d-a1e1-be4d639abfc4
5734b571-8aa7-42d7-9060-92a007e42fa6,Conflicting Visual Narratives of Climate Change ,2022-10-01,2025-12-31,,https://pure.itu.dk/portal/da/projects/5734b571-8aa7-42d7-9060-92a007e42fa6
42c20f00-9bab-43b6-8234-0c6455d0c5cd,Deep neural network based physical response prediction using correlated patterns in dynamic sensor input for adaptive robots,2022-04-01,2024-04-01,"How can we improve the social context detection abilities of social robots?<br/><br/>What is the impact of embodied system in lessening the symptoms of anxiety?<br/><br/>Investigating the impact and role of embodiment and physical presence for therapeutic robots through development and testing of a multimodal hardware robot solution with a focus on audio, visual, and tactile communication",https://pure.itu.dk/portal/da/projects/42c20f00-9bab-43b6-8234-0c6455d0c5cd
f28d26d8-45fd-46c7-aa96-a43db51fba90,Improving Automated Video Game Testing via Machine Learning,2024-09-19,2028-01-31,"Complex gaming environments are laborious to create. Especially demanding tasks are manual game testing, continuous game updating of content and code, balancing of games, anomaly detection and toxic player/bot detection. Beyond high time consumption, manual testing and one-off game development may lead to shallow user models and lacking personalization which again result in low retention, missing revenue potential and poor player experiences. Freeing up game developers’ time normally spent for such tasks, may further create room for more productive creative design.<br/>The task of this industrial PhD will be to help modl.ai create the next generation of AI personas, that can model players and allow continuous game testing at unprecedented speed.",https://pure.itu.dk/portal/da/projects/f28d26d8-45fd-46c7-aa96-a43db51fba90
ffff9275-aa77-4802-9790-17fad8db14b6,Hyper-Personalized Learning Paths Through the Internet: A Sustainable Approach To Accelerating Language Education,2023-11-13,2026-01-31,,https://pure.itu.dk/portal/da/projects/ffff9275-aa77-4802-9790-17fad8db14b6
c7db7468-4a9f-43a7-9035-db012b7e516b,Tensor Networks for Efficient Image Rendering,2023-09-01,2024-05-31,"Efficient and realistic image rendering (IR) has long been a focus of research. Machine learning (ML) techniques for IR have enabled the creation of complex and photorealistic images. Despite recent advances, these techniques are often slow and memory-intensive, limiting their practical use.<br/><br/>This Ph.D. proposal aims to explore the potential of quantum-inspired tensor network (TN) methods for IR tasks, with the goal of reducing memory and computational costs. TNs are versatile and powerful scientific simulation tools that have been successful in simulating strongly correlated quantum many-body systems and quantum circuits. TNs have also been used to compress deep neural networks, leading to significant memory savings in ML applications. However, TNs have not been utilized as extensively as neural networks in ML, and the development of tools and techniques for training them has been limited.<br/><br/>This project will develop novel algorithms and techniques that leverage TNs’ full capabilities in an ML and IR setting to achieve real-time or animated 3D IR at high precision. The project will identify promising TN embeddings for images and scenes, and develop efficient learning algorithms for constructing them. Specific projects include exploring discrete vs. continuous TN embeddings, upsampling methods, and incorporating TNs into normalizing flows and diffusion models to improve representational power and inference time.<br/><br/><br/>This project has the potential to significantly contribute to the fields of ML, IR, quantum computation, and life sciences, which heavily rely on the analysis of large datasets. By developing efficient IR techniques, this project aims to make IR more practical and accessible, benefiting fields such as medical imaging, gaming, virtual and augmented reality, and robotics. Additionally, TN methods have the potential to significantly reduce the carbon footprint of ML applications by developing more efficient algorithms that can process large datasets with fewer computational resources. This will not only benefit the environment but also democratize ML by making it more accessible to a wider range of individuals. In addition, the use of TNs allows for better explainability compared to deep learning models. Lastly, this project will contribute to the collaboration between the quantum and ML communities and also help map out the landscape where TN algorithms provide an advantage, paving the way for future advancements in quantum-native algorithms.",https://pure.itu.dk/portal/da/projects/c7db7468-4a9f-43a7-9035-db012b7e516b
2654b6d6-568c-45ce-a65c-8841b523517a,Understanding Nordic Digital Order,2023-09-01,2027-08-30,"The digitalization of Nordic states is underway (Nordic Council of Ministers 2017), and policing illustrates a key area of security governance that has been undergoing rapid but also often controversial digitalization (Amoore 2022; Bellanova et al. 2021), and face recognition and surveillance are core elements of security digitalization (Saugmann 2019). Academic research and the arts are expected to provide public debate, critical scrutiny, and democratic transparency to significant sociotechnical developments such as the digital transformation of the police (cf. Galis &amp; Hansson 2012). Digital policing raises significant concerns about the protection of citizens’ privacy and constitutional rights in relation to digital surveillance, Artificial Intelligence, face recognition, geolocation, Intelligence-Led Policing, automated border controls (Saugmann et al. 2020). The development and deployment of such technologies is often framed in terms of improved public safety and secure public space, and occasionally anticipates the engagement of citizens (Chavis 2021), yet security provision is not considered hospitable to public participation (Aradau &amp; Blanke 2015). Digital policing alters the way individuals are treated and conceptualized, and the way public spaces are shaped (Andrejevic &amp; Burdon 2015). This leads to a reconfiguration of how civil rights are being protected at the time when what counts as “safety” or “policing” changes (Schlehahn et al. 2015). We know little about how digital tools are adopted and adapted in policing and with what adverse social impact (Hälterlein 2021). UNDO will employ a combination of research and artistic inquiry to critically investigate and relay the role and transformation of the digitalization of the police in three Nordic countries, and to mobilize for the protection of civil rights in the age of Big Data. We will conduct academic research that will examine how data driven technologies affect not only crime solving/prevention but also social inequality and civil rights. This project aspires through artistic inquiry to produce a documentary (Whiteman 2004) and through community infrastructuring (Ye et al. 2019) a counter surveillance application (Monahan 2006) as part of a larger multidisciplinary process that incorporates academic research, art, and algorithm-making in the efforts of civil society to create and sustain spheres of critical public insight and protection of civil rights in connection to digital policing. ",https://pure.itu.dk/portal/da/projects/2654b6d6-568c-45ce-a65c-8841b523517a
bb9c9664-c12b-4525-8ed3-213997426594,Tensor Network algorithms in Finance and engineering,2023-05-01,2024-06-30,"We plan to further develop tensor network algorithms for solving partial differential equations for problems in Finance and engineering. These include Fokker-Planck and Langevin equations in Finance, Navier Stokes equations in Fluid dynamics, Maxwell’s equations for chip design, and many others. <br/>Tensor networks can in principle provide exponential improvements in accuracy and especially storage over existing methods and provide a highly promising avenue of research. I have already published early results on the topic, but there is a great deal of important results still to be obtained. <br/>These algorithms can be ported to quantum computes when sufficiently large machines are available. <br/>",https://pure.itu.dk/portal/da/projects/bb9c9664-c12b-4525-8ed3-213997426594
3e7a5097-15b1-4f1e-b343-b06f74cc224b,Algebraic Effects and Guarded Recursion,2022-07-01,2026-06-30,"Dependently typed programming languages allow for specifications of programs to be expressed in types and proofs to be machine verified. This can be used for formal verification of software, but unfortunately the logical interpretation of type theory forces restrictions on type theory as a programming language. In recent work we have shown how recursion can be added safely to type theory without breaking the logical interpretation, and a version of this has been implemented in Agda.<br/><br/>This project looks at how to combine guarded recursion with algebraic effects, i.e., actions such as exception raising, access to memory and probabilistic choice. This will allow the programmer to write recursive programs using these effects. We do this by studying how to combine the algebraic theories for these effects with the steps of guarded recursion, and describing the monads they give rise to. We focus on two applications: Advanced notions of store and probabilistic choice.",https://pure.itu.dk/portal/da/projects/3e7a5097-15b1-4f1e-b343-b06f74cc224b
c9b94a62-c80c-48b9-99f5-263d0b7907d8,Digital Emergency Communication ,2022-10-01,2025-10-31,"The Digital Emergency Communication (DIGeMERGE) project explores the conditions and consequences of digitalising emergency communication across the Nordic countries Denmark, Norway, Sweden and Finland. <br/>The goal of the project is to better understand the practice of everyday digitalisation of emergency communication, as well as the consequences for the relations between state and citizen. ",https://pure.itu.dk/portal/da/projects/c9b94a62-c80c-48b9-99f5-263d0b7907d8
b8e7e99f-03aa-4db2-86bc-472ae6f42745,Voice as a Matter of Design: a Framework for Novel Vocal Imaginaries,2022-08-01,2025-08-31,"This project critically explores the affective and sociocultural implications for human-machine configuration in a time where voice has become a matter of design. Voice is increasingly a medium through which we interact and relate to technology and in the last decade, Voice-based User Interfaces (VUIs) such as Apple’s Siri, Microsoft’s Cortana, Google Home, and Amazon’s Alexa have become a million-dollar investment. In human-to-human interaction, we know that voices are complex, variable and diverse; the minute nuances of tone of voice influence the affective tonality and interpretation of what and how we are trying to communicate in sociocultural contexts (Meizel 2020). Voice is both a matter of expression and of being heard, and connects deeply to feelings of intimacy, identity, sociality and performativity (LaBelle 2014). Current primarily Western synthetic voice designs often present us with heteronormative vocal stereotypes, that do not take this vocal diversity into account (Baird et al. 2018; Danielescu 2019; Phan 2017). When something is designed, it means it could be different. The present project Voice as a Matter of Design offers a conceptual and design- oriented foundation for challenging the normative vocal stereotypes embedded in present day VUIs. <br/><br/>We conceptually frame the project around voice as a matter of design unfolding the voice as 1) a ‘design material’ (Sutton et al. 2019) or ‘sonic material phenomenon’ (Weidman 2014) with particular qualities that can be shaped and modelled, and 2) a ‘matter of concern’ (Latour 2005) when analyzing and designing interactive human-machine configurations in design research more broadly (DiSalvo et al. 2014). From this framing we arrive at the main research question driving the project: <br/><br/>How can we understand and conceptualize voice as a complex, variable and diverse matter of design? ",https://pure.itu.dk/portal/da/projects/b8e7e99f-03aa-4db2-86bc-472ae6f42745
7ee17c5d-2d57-4179-b42a-6213d5278303,Nordic Alliance for Sustainability in Gaming 2022,2022-06-01,2023-10-01,,https://pure.itu.dk/portal/da/projects/7ee17c5d-2d57-4179-b42a-6213d5278303
1f37cc01-5816-4c09-bc9a-7c4a9718244c,Nordic Alliance for Sustainability in Gaming 2021,2021-05-15,2022-10-01,,https://pure.itu.dk/portal/da/projects/1f37cc01-5816-4c09-bc9a-7c4a9718244c
dec18386-7572-4600-aebd-ab3a3fa32b4f,Nordic Alliance for Sustainability in Gaming 2023,2023-05-15,2024-10-01,,https://pure.itu.dk/portal/da/projects/dec18386-7572-4600-aebd-ab3a3fa32b4f
7715d28a-f1b5-4a1b-b8b4-9de63c8005e1,,2022-04-01,2023-07-01,Science dissemination - a children’s book about computer science,https://pure.itu.dk/portal/da/projects/7715d28a-f1b5-4a1b-b8b4-9de63c8005e1
2f022072-863c-4cc7-a87f-331731632f7c,"Eyes for Information, Communication, and Understanding",2022-09-01,2026-08-31,"Humans interact with each other in various ways. One important communication channel which works even without language is gaze contact. Gazing is used for orienting, for action control, and for communication. In addition, we infer the mental states of others through their gaze; even trust emerges through gaze contact. The understanding of what we read out of the gaze can be of help also when designing technical systems.<br/>Understanding how the gaze is controlled, which characteristics of the environment are used when as gaze targets, which gaze parameters (in addition to the classically observed fixations) convey which information, is a promising way to advance human-machine-interaction. Eye tracking thus allows for Information, Communication, and Understanding (Eyes4ICU) among humans and technical systems, in a remote and language-independent manner. Gazing consists always of a subject looking at certain objects. Consequently, we approach the topic from two sides; on the one hand, we investigate the objects in the environment and study conditions which make regions in the environment become gaze targets (WP1: Gazing at the world), and on the other hand, we investigate the observer and study characteristics of eye movements which yield information about the person looking at them (WP2: Looking at the viewer). In both work packages, we investigate research questions from an empirical viewpoint, from a modelling perspective, and from an application perspective. The common link between all projects will be derived by computational modelling: The Eyes4ICU consortium will investigate theoretically sound and effective computational models able to describe and predict user behaviors and characteristics.<br/>This approach of pursuing the topic within these two work packages from three different perspectives each assures interdisciplinary collaborations in EYES4ICU. This approach reflects the highly interdisciplinary nature of eye tracking research and application and also ensures that doctoral students are highly trained and competitive in a future job market. ",https://pure.itu.dk/portal/da/projects/2f022072-863c-4cc7-a87f-331731632f7c
d8b7c6ae-e4be-4631-8e5e-34d5dcaf620a,Safer AI with Probabilistic Session Types,2024-02-01,2024-06-30,"The objective of SAPienT is to develop foundational techniques for programming distributed software correctly with a focus on<br/>probabilistic models, laying the basis for making AI system correct. This work will be carried out as part of a research stay at the department of computer science, University of Oxford visiting Prof. Nobuko Yoshida. The project will produce research articles.",https://pure.itu.dk/portal/da/projects/d8b7c6ae-e4be-4631-8e5e-34d5dcaf620a
3f6a03a7-6217-4d70-9bf5-0c229cf768f3,TRAnsformations in CarE - Investigating Emerging Human-Technology Interactions in Practice of Care,2023-10-01,2027-09-30,"TRAnsformations in CarE (TRACE) investigates the radical changes in caring practices, norms, and ethics propelled by technological advances and societal challenges. Today, care is increasingly being re-delegated and distributed through technological devices and digital systems implemented in our bodies, homes, and communities. Tracing the threads of these transformations is vital to understanding how care is formed, experienced, and delivered in and through human-technology relations – and what the long-term consequences of this development might be. The TRACE project therefore asks: <br/> <br/>How is care practiced in- and through human-technology relations, and how does this impact experiences, norms, and ethics of care?<br/> <br/>During the 4-year project span, TRACE will answer this question and provide in-depth investigation of care practices in diverse, situated human-technology relations in Denmark through its four complementary subprojects: people living with Implantable Cardioverter Defibrillators (ICDs) (SP1), inner-body self-tracking (SP2), apps for supporting vulnerable families (SP3), and safety technologies in elderly care (SP4). Combining the strengths of ethnographic and experimental methods, TRACE develops extensive theoretical, empirical and methodological foundations for an interdisciplinary knowledge production on the radical transformations of care in digitalized societies. ",https://pure.itu.dk/portal/da/projects/3f6a03a7-6217-4d70-9bf5-0c229cf768f3
f425df35-7a88-41a1-9d8d-ced2bd55e700,Transnational Collaboration at the Digital Fontier: Knowledge travel across borders in the public sector digitalisation,2023-07-01,2027-04-30,"The Transnational Collaboration at the Digital Frontier (in short: Digi Front) is a research project that starts from the premise that public sector digitalization is increasingly driven by transnational collaboration and asks how best practices of digital government travel across national contexts, and east kind of politically and culturally transformative effects this may have on national welfare states?<br/><br/>The circulating best practices of digital government have an unacknowledged political character, as the process of public digitalization does not just streamline the welfare state but also fundamentally transforms the internal working of the state as well as the relations to its citizens, the private sector and other countries. An STS-informed study, the project theorises public digitalization as a transnational network of artefacts, expertise , and events and ethnographically follows three countries deeply engaged in knowledge sharing.<br/><br/>Meet the team<br/>Irina Papazu is associate professor in the Technologies in Practice research group at the IT-University in Copenhagen. She studies public sector digitalization in Denmark and abroad ethnographically. As PI in the project she is responsible for thinking across and considering synergies between the subprojects, and she will work closely with Tobias Pedersen with a focus on how Danish public digitalization is informed by and informs other countires’ digitalization efforts.<br/><br/>Jessamy Perriam is an associate professor in the Technologies in Practice research group at ITU and a senior lecturer in the School of Cybernetics at the Australian National University. She is co-PI on the Digi Front project and works primarily on the UK case study with a focus on how expertise shifts across national contexts and the events that bring practitioners and policymakers together around public sector digitalisation.<br/><br/>Alexei Tsinovoi is assistant professor of digital strategic communication at the department of Media Studies and Journalism, School of Communication and Culture, Aarhus University. He will be involved in the digital methods components of the project and conduct part of the ethnographic studies.<br/><br/>Anders Kristian Munk is professor of computational anthropology at the Section for Human-Centered Innovation, DTU Management. He is responsible for the digital methods components of the project and will work closely with Lasse Uhrskov Kristensen and Alexei Tsinovoi to map processes of transnational digitalization on platforms like GitHub, Hugging Face or LinkedIn.<br/><br/>Lasse Uhrskov Kristensen is a PhD student at the Section for Human-Centered Innovation, DTU Management. He is primarily involved with the Artefacts work package, and will collaborate closely with Anders Kristian Munk and Alexei Tsinovoi to map code sharing practices between government entitites on GitHub, Hugging Face, LinkedIn and more.<br/><br/>Tobias Pedersen is a PhD student studying how public digitalization expertise is ascribed value in the everyday practice of digitalization professionals, as well as how expertise and knowledge travels across borders and between public and private sectors.",https://pure.itu.dk/portal/da/projects/f425df35-7a88-41a1-9d8d-ced2bd55e700
9738405b-be37-404d-8f09-43865a211ec3,Ensuring Quality Education with a Creative AI & Machine Learning-based learning game,2023-01-01,2025-06-30,"IT University Copenhagen (DK) will in this Eurostars project, in collaboration with DO OK (PL) and YOLI (DK), develop a digital e-learning board game platform based on AI and Machine Learning technology. The vision is to create an educational platform to achieve better linguistic and cognitive skills among children in the age 3-6, while converting collected data from the game into valuable insights that will ensure quality education for children throughout Europe. <br/>The unique off-screen digital game designed by YOLI will through cutting-edge creative sensor and Machine Learning technologies from DO OK, focus on the cognitive and language skill development in Early Childhood Education (ECE) for children in the age of 3-6. ITU will contribute to the project with groundbreaking AI competencies and will help make the YOLI game a gamechanger in the understanding of creative Machine Learning. By tracking, evaluating, and improving the child’s development in real-time, data is made accessible and in collaboration with ITU validated for creating novel learning experiences that will strengthen children’s development before they start school. <br/>",https://pure.itu.dk/portal/da/projects/9738405b-be37-404d-8f09-43865a211ec3
0e937186-7936-4856-849b-95334a99a6af,Program Repair with Static Insights,2018-09-01,2023-08-31,,https://pure.itu.dk/portal/da/projects/0e937186-7936-4856-849b-95334a99a6af
22ea45b9-d963-4887-95d1-13cd2586ef3a,Automatic Analysis of Mental Disorders,2023-08-01,2024-10-14,"The proposed research project aims to investigate whether machine learning approaches can distinguish between individuals at ultra-high risk (UHR) of developing psychosis and healthy controls (HC) through facial expressions. The project also aims to identify subgroups within the UHR group. The study will use video recordings of participants from the FOCUS trial and consider additional clinical and cognitive metrics. The study will employ machine learning<br/>and multimodal approaches to analyze the data. If successful, the research may be used to facilitate the early detection and diagnosis of mental disorders.",https://pure.itu.dk/portal/da/projects/22ea45b9-d963-4887-95d1-13cd2586ef3a
8d741a26-ea5c-4c69-9dab-6341052e48e3,JUST STREETS,2024-01-01,2027-06-30,"Human-centric urban data science with application in sustainable mobility and road safety.<br/> <br/>JUST STREETS is aiming at changing the consolidated mobility narratives, which are taking for granted that streets should be made primarily for motorized traffic, to push forward a new vision of spatial justice, where streets are once more a place to be, play, meet other people. <br/>JUST STREETS will foster a human-centred mobility concept, developing and testing solutions that meet the demands of the most ‘vulnerable’ (from now on, ‘valuable’) groups – the elderly, children and people with reduced mobility, pedestrians and cyclists – . These solutions will not only ‘protect’ citizens and road users, but will provide them with a healthy and happy space where social life is enhanced. <br/>Ten pilot cities will be selected in order to co-create and experiment solutions for the street environment guided by placemaking and equity principles. The solutions could refer to the following categories (to be further expanded) <br/>•experiments on healthy and happy streets (tactical urbanism) <br/>•safe infrastructures and transport services <br/>•enforcement and justice support system <br/>•effective services (emergency, MaaS etc.) <br/>•understanding of collisions and conflicts <br/>•engaging the public. <br/>",https://pure.itu.dk/portal/da/projects/8d741a26-ea5c-4c69-9dab-6341052e48e3
97a02d87-e5f3-4336-a161-ed76fd0342c4,SafeNet,2023-01-01,2024-12-31,"How much online hate is there in the EU, and how compliant are platforms with domestic and EU legislation?<br/><br/>There are regular monitoring exercises to check how well platforms remove illegal content. However, although some 26 EU + Associated states have monitoring programs that participate in pre-announced and unannounced evaluations of platform content moderation, Denmark has been out of the loop since 2018.<br/><br/>This project will fund Danish participation in the next monitoring exercises and use the information gained to shape abusive content recognition data &amp; tool development. This shaping information is crucial because the target changes rapidly, and data becomes stale very quickly; so, longitudinal information helps us better adapt our models. And perhaps even could lead to new general methods for handling this kind of feature distribution drift.<br/>",https://pure.itu.dk/portal/da/projects/97a02d87-e5f3-4336-a161-ed76fd0342c4
939931f6-183c-46e0-a8da-1464aa7bc66c,Theorycraft: Bridging the Games Research-Practice Gap through Theory Translation,2022-09-01,2027-08-31,"How can theory inform design practice? This question is among the grand challenges in both Human-Computer Interaction (HCI) and games research. Despite numerous efforts to bridge the research-practice gap, the two poles seem irreconcilable. Instead of a robust and generalizable knowledge base to tackle foundational problems around technology use, cumulative knowledge building is impeded by weak empirical studies and rampant theoretical misconceptions. Instead of providing practitioners with useful theory-based insights, research results often remain too abstract and not sufficiently<br/>actionable to be adopted into design practice.<br/><br/>THEORYCRAFT tackles this conundrum by means of theory translation, demonstrating how theory needs to be transformed and specified to bridge research and design practice. Building on the PI's excellent track record in theory-building games research, we approach theory translation from four angles: 1) We investigate how game design practitioners make use of theory to identify avenues for productive theory translation. 2) We translate theoretical propositions from psychology to build explanatory theories of ill-understood games phenomena. 3) We develop translational resources that convey theoretical propositions in a manner that is useful and actionable for game design. 4) We evaluate the translated theories in terms of their utility to bridge research and design practice. Individually, each angle will result in important advances in HCI and games research. Collectively, THEORYCRAFT will produce a breakthrough in transparent and systematic theory translation, which will radically transform how knowledge is built, represented and disseminated – steering HCI and games research towards greater scientific integrity, practical relevance, and impact.",https://pure.itu.dk/portal/da/projects/939931f6-183c-46e0-a8da-1464aa7bc66c
db4436b5-631c-4a43-acd4-404a58e2866f,Morphing Computerized mats with Embodied Sensing and Artificial Intelligence,2022-10-01,2026-09-30,"Control and learning for distributed, modular manipulation surfaces",https://pure.itu.dk/portal/da/projects/db4436b5-631c-4a43-acd4-404a58e2866f
7eaf2a59-b683-461c-92f0-1b09a68bf7bd,Critical Bestiaries of AI: Reimagining Monsters,2022-08-01,2022-12-31,"The Bestiaries Project is collaboration between the Wellcome Centre for Ethics &amp; Humanities at the University of Oxford and the ETHOS Lab at the IT University of Copenhagen. The project's goal is to bring publics' attention to aspects of Artificial Intelligence (AI) that require oversight and regulation. We will do this by creating an AI bestiary , a collection of AI beasts or monsters representing areas of AI technology that are in need of governance. Teams of Oxford researchers who work on AI from various perspectives (for example, those who create AI-based computer programs, or who look at ethical and social implications of introducing AI in society) and monster studies will create the bestiary during a facilitated workshop. In addition to identifying AI beasts, or areas of AI that are in need of governance, these researchers will develop a series of collages that represent the AI beasts that they have imagined. An artist will facilitate this workshop. This collection of AI beasts will be used as the basis of a public exhibition in the Oxford IF festival. The exhibition will also form the backdrop for a public engagement activity in the festival - the make your own AI beast workshop. This public engagement workshop will be aimed at primary school children and parents and run in a public space within Oxford city centre. Following the IF festival, the Bestiary will be exhibited within the University (for example, the Big Data Institute Atrium). The aim of the Bestiaries Project is engage different audiences - academic researchers, primary school children and members of the public - in thinking more critically about AI and its governance; where the gaps are, and how they can or should be filled. ",https://pure.itu.dk/portal/da/projects/7eaf2a59-b683-461c-92f0-1b09a68bf7bd
bf1ab9c0-12cb-402a-ac01-3179dddf2e61,Towards demonstrating secure software development for small and medium enterprises in a business-to-business model,2023-09-15,2024-03-31,,https://pure.itu.dk/portal/da/projects/bf1ab9c0-12cb-402a-ac01-3179dddf2e61
4c2b07e4-55c6-44be-947a-9f764eeaf31e,Decentralized transactions for open digital markets: Exploring the potential of decentralized and open transaction protocols for digital and digitally mediated services and goods,2024-01-01,2024-12-31,"Physical as well as digital services are increasingly offered to customers through the internet. Platforms like AirBnB, Amazon, and Uber support discovery of providers of their domain specific services, and handle and guarantee the transactions between providers and consumers. Other platforms support discovery, (price) comparison and rating of service providers. A customer needs to use different apps or connect to different platforms to compare offers. Providers tend to become dependent on such semi-monopolistic platforms and must adhere to their conditions. This makes it harder for new platforms and providers to enter the market, which hurts the market overall. Decentralized, open business transaction protocols address these shortcomings by using platform independent standards supporting service provider discovery and transaction management. With deployment of a decentralized and open infrastructure, providers can offer their services through different platforms avoiding lock-in and exploitation; consumers can more easily compare services and goods; new providers of platforms and networks can easily join the market. This research thus supports the intentions of the EU Markets Act (DMA) and Digital Services Act (DSA). Combined with digital ledger technology like e.g.Block Chain, decentralized electronic markets should also be suitable in domains like in FinTech with high security and accountability requirements. ",https://pure.itu.dk/portal/da/projects/4c2b07e4-55c6-44be-947a-9f764eeaf31e
6e3780d5-8dbd-4884-9222-02187fffbe81,Unifying Theories for Graph Modification Problems,2023-07-01,2027-06-30,"In this project, we explore the boundaries between tractability and intractability for graph modification problems. The study of such problems has developed fast in the past years with a wealth of new results being published. One common aspect of most such results is that they are tailored for very specific types of graph modification problems or specific types of inputs. The field lacks tools for unifying theories, such as algorithmic meta theorems, that can provide efficient algorithms for multiple types of modifications, or a wide range of inputs, at once. The goal of this project is to develop this missing theory.",https://pure.itu.dk/portal/da/projects/6e3780d5-8dbd-4884-9222-02187fffbe81
db615d54-7abd-43ec-9e7d-a54cc816dd47,Privacy Preserving Decentralized Exchange and Automatic Market Maker,2022-01-01,2022-12-31,"We aim to build a genaralized version of P2DEX, combining it with the advantages and opportunities of AMMs, while keeping the decentralization, which allows us to facilitate cross-chain exchanges while obtaining theft and front-running prevention, along with auditability. We investigated an efficient construction of privacy preserving smart contracts where all transactions and data in inputs and outputs of the smart contract remain private. This includes both the amounts of funds transferred to/from the smart contract and other data given to the smart contract (or later output as the result of an execution).<br/>",https://pure.itu.dk/portal/da/projects/db615d54-7abd-43ec-9e7d-a54cc816dd47
3d294447-f189-4c6d-b97c-5bc708fcc648,ArgMine,2022-09-01,2025-08-31,"NLP: Argumentation mining &amp; propaganda detection<br/><br/>There’s a lot of misleading content around, and identifying it automatically requires solving some big NLP problems: how can we extract and thus automatically evaluate argumentation? What does misleading or malicious argumentation look like from a computational point of view? Identifying manipulative content is possible for humans, but this does not scale to the web; meanwhile, the web is rife with false and deceptive claims. Computational approaches offer the ability to scale up the search for this content without needing extra human effort.<br/>This project investigates basic general methods and models for extracting and modelling argumentation from documents and social media conversations, and for separating good- and poor-faith arguments based on these representations.<br/>",https://pure.itu.dk/portal/da/projects/3d294447-f189-4c6d-b97c-5bc708fcc648
0f68d1d2-3e84-4979-983c-70cab1341b9f,Learning and Innovation Labs and beyond,2022-02-01,2026-01-31,"The project is composed by five main tasks: 1) A deployment study of Pycipedia in Swedish municipalities. 2) Further work supporting and researching Learning and Innovation Labs. 3) Exploring the idea of an ‘Opportunity Tracker’ as a tool for citizen-municipality collaboration and innovation related to Integrated care. 4) Evaluation of Musical Aid, and 5) Explore possibilities to strengthen the academic collaboration and exchange between the collaborative parites",https://pure.itu.dk/portal/da/projects/0f68d1d2-3e84-4979-983c-70cab1341b9f
32cd90e9-731c-457e-a7b8-25fd6760928b,Practical Static Analysis for Information-Flow Control of JavaScript,2022-07-01,2023-06-30,"In this Cyber Hub Cyberboost project, we explore the feasibility of our long-term objective: to secure the JavaScript ecosystem. Co-financed by Maincode, we team up with professional JavaScript practitioners to produce a static analysis for information-flow control which is accessible and easy to use by developers. This project is a first step in a larger effort towards our long-term objective. The project outcome will form an infrastructure on which we build when applying for a large DFF or ERC project where we pursue this at scale.",https://pure.itu.dk/portal/da/projects/32cd90e9-731c-457e-a7b8-25fd6760928b
0ceff908-b0cc-4033-bc28-ea4afe61db99,A Global Comparative Ethnography of the Role of IT in the Mitigation of the Climate Crisis,2022-11-01,2027-10-31,"Climate change is one of the biggest existential issues of our time, and there is little global agreement on how to deal with it. Governments and private sector industries argue that ‘decoupling’ economic growth from carbon emissions is the best way to reduce climate impact while still maintaining a healthy economy. Yet, how to do so remains an unsolved question. Most proponents of decoupling see IT as playing a central role, whereas critics argue that IT itself is entangled with incessant capitalist growth and has a<br/>large and often unacknowledged climate impact. In addition, IT solutions frequently have the side-effect of creating new and<br/>unforeseen problems – social or climatic. The challenge of decoupling is thus broader than the management of the relationship between the economy and the climate. As much as decoupling is about how we imagine the climate crisis can be solved with technologies, trusting that they can create the changes we need, it is also about the cultural value of lifestyles that we do not want to change. The DecouplingIT Project thus approaches decoupling as a matter of how sociocultural change is generated in the spaces between IT, climate change and capitalism. We study these spaces through ethnographic explorations of how IT professionals and enterprises articulate climate change as a problem in demand of IT-generated change, and in particular how they practically deploy IT with the climate in mind. While both climate change and IT are manifested in globally diverse ways, their interrelationship must be studied comparatively with attention to how particular conditions in different locations give rise to disparate responses.<br/>Consequently, we conduct research in distinct but conceptually connected ‘climate-IT-hubs’ each facing climate change in their own ways. This addresses a major theoretical gap in qualitative social science research, namely how global change is driven through the<br/>intersecting roles of IT, climate change and capitalism.",https://pure.itu.dk/portal/da/projects/0ceff908-b0cc-4033-bc28-ea4afe61db99
2b7b3917-2b7f-4064-aa9c-6536d1384b1f,When AI goes live: Managing AI risks during maintenance,2022-05-01,2024-10-31,Main research question: How can organizations effectively manage the risks of socio-technical AI-based systems after go-live?  <br/>,https://pure.itu.dk/portal/da/projects/2b7b3917-2b7f-4064-aa9c-6536d1384b1f
82a555b1-9926-4e23-928d-ebf205ba4685,Making Metadata Count,2022-10-01,2025-09-30,"The goal of this project is to improve the role of demographic meta-data in machine learning benchmarks, focused on computer-aided diagnosis. In clinical settings, meta-data such as age of sex of patient are crucial to the diagnosis of that patients. However, when developing machine learning algorithms for diagnosis, such meta-data is often not taken into account. In fact, our preliminary study shows that 90% of diagnostic algorithms at a recent conference, do not mention such information, in part because medical image data for machine learning do not include meta-data. This can lead to (i) poor and/or biased algorithm predictions, and (ii) underexplored research questions. Addressing the missing meta-data problem is therefore crucial for responsible translation of diagnostic algorithms to real-life settings. This project will consist of a systematic review of the use of meta-data in computer-aided diagnosis benchmark, and investigate how to best include such meta-data when training algorithms. ",https://pure.itu.dk/portal/da/projects/82a555b1-9926-4e23-928d-ebf205ba4685
0e648138-2db2-4f9e-b8fd-95d39b5741d5,Putting Data Justice in Context,2019-06-11,2022-12-31,,https://pure.itu.dk/portal/da/projects/0e648138-2db2-4f9e-b8fd-95d39b5741d5
70aa6be9-7b1a-4d02-8516-2f226c6446a7,Network analysis of the Danish bicycle infrastructure,2022-01-01,2025-03-31,"In this research project we will apply state of the art metrics and tools from network analysis on Danish open data bicycle infrastructure networks collected from e.g. OpenStreetMap, and additionally incorporate knowledge from cycling planners and mobility researchers, to develop a scientific, evidence-based framework to suggest where to add new network connections or other interventions for improving sustainable bicycle infrastructure. While there are generally good cycling conditions in Denmark, there are many areas that have a quite poor connectivity. Using access to everyday amenities as a baseline can also show that it is not enough to install bicycle lanes – they need to be in the right location and connect to the right places. This research will explore weighting the network according to different attributes to get a more detailed understanding of how connectivity and accessibility might vary for different types of cyclists (in line with Levels of Traffic Stress). We will also use this weighted network to examine cyclists’ access to everyday amenities and facilities, in order to, for example, identify areas where you cannot comfortably cycle to basic amenities (inspired by the 15-minute city). Further, we will explore the effect of high stress intersections on network connectivity for vulnerable road user demographics such as children, and incorporate the distribution of people and workplaces in the analysis. Finally, we aim to develop an interactive web mapping tool that visualizes the results and has the ability to run analyses based on individual demographic variables or preferences of cyclists.",https://pure.itu.dk/portal/da/projects/70aa6be9-7b1a-4d02-8516-2f226c6446a7
04ca7eda-07a3-4ceb-be18-8921e37c7d74,Digital Mental Health Care for Syrian Refugees in Jordan,2021-10-01,2023-04-01,,https://pure.itu.dk/portal/da/projects/04ca7eda-07a3-4ceb-be18-8921e37c7d74
3fe79ef9-5777-4dee-8747-33d8e36ad194,,2021-01-22,2024-10-30,"Performance refers to the objective achievements of an individual. In contrast, success is a collective measure, indicating a community’s reaction to an individual’s performance. In most areas of human activity, we assume that performance uniquely determines success and we often rely on success measures to gauge performance – especially in science, where citations, impact factors, or h-indices are constantly used to gauge quality, to assign recognition, and to allocate resources. Yet, success is strongly susceptible to effects that have nothing to do with performance, like social influence, gen- der, or reputation. Despite this fundamental difference between performance and success, we have a poor quantitative and mechanistic understanding of how success emerges from performance in science. Here, we propose to uncover the relation between performance and success in science, addressing the central question: Given equal performance, how do social effects lead to unequal success? We do so by distinctly pushing the state of the art: We will 1) set up a platform to conduct never attempted large-scale randomized controlled experiments with thousands of participants to identify and measure the social mechanisms leading to unequal success, 2) create realistic dynamical models of success incorporating these mechanisms, 3) untangle social factors from performance in current success measures, to ultimately propose fairer proxies of performance and correct algorithmic bias. The aim of this proposal is not defining new bibliometric indicators, but pursuing fundamental research with a universal, long-lasting scientific and societal impact: We aim to uncover universal social mechanisms, which are also at play in domains other than science, and we will study the effect of these mechanisms on metrics of success with important implications for early recognition of talent and resource allocation. ",https://pure.itu.dk/portal/da/projects/3fe79ef9-5777-4dee-8747-33d8e36ad194
7bf9578f-29aa-4a51-82f7-7e3f6b66a6d6,Choosing a Transfer Source for Medical Image Classification,2021-10-01,2025-09-30,Data science for health,https://pure.itu.dk/portal/da/projects/7bf9578f-29aa-4a51-82f7-7e3f6b66a6d6
1baff225-8457-4d6e-90a7-149c465f4cd0,Mechanistic Models for Fair Science,2021-01-21,2021-01-22,<br/>,https://pure.itu.dk/portal/da/projects/1baff225-8457-4d6e-90a7-149c465f4cd0
2d0e4509-f039-49bc-b670-0d5d3e31284b,Explainable Personalization AI for Health and Well-Being,2021-01-01,2027-05-01,"The main research interest lies in how to design human-centered AI and personalization algorithms to improve people’s well-being. The specific focus on intelligent user experience (IUX) for well-being, recognizes the digitalization, datafication and human-centered AI. <br/>",https://pure.itu.dk/portal/da/projects/2d0e4509-f039-49bc-b670-0d5d3e31284b
e643ab11-4b5d-4690-bdf2-a6c75d273fec,Demens ANalyse af ALS Gennem Eye TRacking,2021-01-01,2027-12-31,"User calibration and large screens are generally a nuisance to patients and caregivers and have a significant impact on their lives to the point in which calibration may prevent proper execution of tasks. Calibration is needless when the sole purpose of the eye tracker is a simple task such as to call for help, turn on a lamp or control the volume on a TV. EUROPA will redesign and extend eye trackers and the corresponding interaction through plug-and-play technologies that efficiently supports key daily tasks and which would neither require user calibration nor large screens. EUROPA considers communication in broad terms (not only typing) and supports and enhances the interactive capabilities of the patients through the different stages of ALS with a single communication system but using different modalities (head and eye movements, touch and pupil changes). By avoiding large screens, the system will not only be cheaper and mobile but also ensure a higher degree of social inclusion, since the patient will not need to be obscured behind a large screen.  The EUROPA eye tracker is currently capable of making uncalibrated selections on both the device and on a smart phone and offers continuous control using eye-base head gestures.<br/><br/>We intend to explore the idea of using uncalibrated and implicitly calibrated eye tracking for people with disabilities (in particular ALS and elderly). This also includes development of new techniques (e.g. deep learning) to robustly find relevant eye features. <br/>",https://pure.itu.dk/portal/da/projects/e643ab11-4b5d-4690-bdf2-a6c75d273fec
34bde59f-bc47-44fb-81e8-1d675ca36df6,What public services should be digitalised? A citizen-centred analysis of what public services are suitable for digital channels,2021-03-01,2024-04-30,"The objective in this project is to critically analyze – from the citizens’ perspectives – what public services are suitable for digital communication channels. Current research either black box the services themselves completely or treats them as generic or very simple phenomena. There is an underlying assumption that all public services can be successfully digitalized. We seek to challenge this assumption, both from the point of view of the citizen, and from an economic point of view. <br/><br/>Based on our results, we also seek to develop guidelines for how to digitize the delivery of, and communication surrounding, public services, i.e. how to design websites, self-service applications, phrases on the telephone etc. <br/><br/>This research goal is concretized in four sub-goals:<br/><br/>WP 1. Identify the public services that generate the most and the least traffic on digital and traditional communication channels (Quantitative analysis). I am PI on this work package.<br/><br/>WP 2. Create an analytical tool for identifying public service characteristics from citizens’ perspectives (literature review and theory development)<br/><br/>WP 3. Explore how different characteristics of public services relate with citizens’ channel choice (Qualitative analysis based on observations, in-situ interviews and workshops)<br/><br/>WP 4. Evaluate which public services should be digitalized and give guidelines how to digitalize through participatory design and direct involvement first with citizens and then with service designers. ",https://pure.itu.dk/portal/da/projects/34bde59f-bc47-44fb-81e8-1d675ca36df6
b501546f-657e-4455-8006-d0a5cd897749,Robust and Data-efficient Natural Language Processing,2024-02-01,2026-02-01,"Area: NLP <br/>Goal: creating a realistic, but small-scale platform for NLP research, that would encourage work on a new generation of models that can efficiently learn from limited data while still achieving high performance",https://pure.itu.dk/portal/da/projects/b501546f-657e-4455-8006-d0a5cd897749
006aab10-ce8e-4a74-aadc-202659c2e2b1,Transaction Anonymity and Accountability in Cryptocurrencies,2019-07-01,2024-06-30,"Most of current blockchain based cryptocurrencies allow users to transfer coins among themselves using pseudonyms. However, the fund movements among these pseudonyms are openly available in the blockchain and it has been shown that at times pseudonyms can be linked to specific users, breaking anonymity. On the other hand, cryptocurrency protocols such as  Zerocash provide a high level of anonymity where it is not possible to obtain any information about the amounts and users involved in transactions written on the blockchain.  While such protocols solve the privacy issues in classical cryptocurrencies, they introduce regulatory problems, as they do not allow for lawful tracking of financial transactions. This project aims at answering the following questions:<br/>1.When and how should anonymity be revoked and which private data should be revealed?<br/>2.What should be the fundamental security guarantees of a cryptocurrency protocol that ensures both  transaction anonymity and accountability? <br/>3.How can an efficient anonymous transaction protocol with accountability features achieving these guarantees be constructed?",https://pure.itu.dk/portal/da/projects/006aab10-ce8e-4a74-aadc-202659c2e2b1
1afe974b-d602-4c5c-ab84-24ba24b7ce81,,2023-01-01,2025-12-31,"In the coming decades, a defining task for humanity will be to solve global challenges through mass coordination, such as averting the most catastrophic consequences of rapid climate change or curbing the diffusion of pandemics. These challenges can be understood as social dilemmas: the individual benefits are at odds with collective interests, and only concerted action can attain shared gains that outmatch individual costs. The focus of COCOONS is to unveil the prime elements of social interactions that enable spontaneous citizen coordination in the face of social dilemmas. Its ultimate goal is to provide a blueprint to create online participatory platforms that will facilitate their members to find agreement on how to solve problems that can be addressed only with mass action.<br/><br/>The key determinants of cooperation in online communities are largely unknown, and we need more experimental evidence to learn how to build online communities that facilitate cooperation rather than exacerbating polarization. Social scientists have formulated theories that link social dimensions such as knowledge exchange, group identity, and trust to successful coordination. These theories have never been verified at scale because the social dimensions they are based on have been traditionally hard to quantify.<br/><br/>The project will develop AI algorithms for Natural Language Processing that can infer high-level properties of social interactions from conversational text. Guided by existing social theories, we will study how different social dimensions can trigger opinion change and emergence of consensus. Using tools typical of the science of complex systems, we will study large social networks in the light of these dimensions, and design models that can predict coordination dynamics in large communities based on their social network structure and on the social dimensions they voice. Last, we will create a set of guidelines on how to design online communities for promoting grassroots cooperation and agreement, and validate them with controlled experiments.",https://pure.itu.dk/portal/da/projects/1afe974b-d602-4c5c-ab84-24ba24b7ce81
4d0d5ca1-0e3e-4709-9b43-3fb58b57869c,MECHANIsation of Session typEs ,2021-09-01,2025-10-30,"Computing systems are nowadays ubiquitous and have changed the world we live in. Most of these systems consist of multiple, distributed endpoints that communicate by exchanging messages. In many cases, these systems are critical to our society, e.g., software dealing with people’s health, a control system of an airplane, or our phone app for making financial transactions. Unfortunately, such systems are becoming more and more complex, raising the question how to program them safely, ensuring they correctly implement the intended features. The goal of this project is to advance the state of the art of techniques for programming distributed software correctly.",https://pure.itu.dk/portal/da/projects/4d0d5ca1-0e3e-4709-9b43-3fb58b57869c
28c482c8-3f29-4c4d-abae-c3ea636d65c1,Pioneer Centre for Artificial Intelligence,2021-07-01,2034-06-30,,https://pure.itu.dk/portal/da/projects/28c482c8-3f29-4c4d-abae-c3ea636d65c1
90de203d-fe8a-4ee8-9e89-57562ef752e1,Hjemmet under coronakrisen - og bagefter,2020-06-01,2025-08-31,"""Bliv Hjemme!"" Under coronarisen har hjemmet fået en nøglerolle, men det er også kommet under pres. Krisens lockdown har sat fokus på hjemmets funktioner, grænser, modstandskraft og sårbarhed. Med krisen har hjemmet fået nye opgaver, som understøttes af intensiverede digitale praksisser og tildels indlemmer dets private rum i en offentlig sfære som bl.a. hjemmeskole, arbejdsplads, fit- nesscenter og sted for religionsudøvelse. Hjemmets grænse forhandles yderligere, når smittepræ- ventiv tracking følger den enkelte borger ind bag hovedøren og sætter fokus på grænsedragningen mellem den enkeltes privatsfære og det fælles bedste. Samtidig betyder mindsket kontakt til skoler, arbejdspladser og sociale sammenhænge, at hjemmet lukker sig om sig selv og dem, der bor der. Med lockdown er hjemmet på godt og ondt blevet en mere hermetisk ramme om familier, parfor- hold og det enkelte menneskes liv og død. <br/>Coronakrisen rummer perspektiver for fremtidens hjem, men den afdækker også dilemmaer ved- rørende tærsklen mellem hjem og samfund. Krisen rejser spørgsmål om, hvornår, hvordan og for hvem hjemmet er hhv. en tryg base, et multifunktionelt forvandlingsrum og et klaustrofobisk sted for ensomhed og overgreb. <br/><br/>Med HJEMMET UNDER CORONAKRISEN vil vi undersøge, hvad der sker med hjemmet som fysisk, digitaliseret, socialt og eksistentielt fundament, når det sættes under pres. Coronakrisen har frem- kaldt en nødvendig indsats inden for forskning fx i epidemiologi og vaccine samt makroperspekti- ver vedr. tillid mellem borger og stat og økonomisk vækst. Endnu mangler der videnskabeligt fokus på det sted, som mere end noget andet rummer og indrammer vores liv under corona: HJEMMET. ",https://pure.itu.dk/portal/da/projects/90de203d-fe8a-4ee8-9e89-57562ef752e1
b47abab8-758b-4317-be3b-a2b8fb15d820,Moving Data - Moving People: Reorganizing Trust through China's Social Credit System,2020-07-01,2026-01-31,"Moving Data-Moving People examines the role of the forthcoming Social Credit<br/>System (SCS) in reshaping relations of trust for China’s many mobile people. Due<br/>to be launched in 2020 across mainland China, the SCS has the potential, through a social credit score, create a more uniform governance of both the mobility of people and data about them. In Western contexts, the SCS is often described as a case of big data totalitarianism. According to the Chinese State Council (2014), however, the purpose of the SCS is to create a more """"trustworthy"""" society. We see this large scale state digitalization project as having the potential to fundamentally alter previous ways of negotiating trusting relations, particularly for China's mobile population. Through locally embedded ethnographic fieldwork and document analysis, our project will provide early insights into the implementation of the SCS and what it means for relationships of trust between mobile people, local governments and local citizens<br/>",https://pure.itu.dk/portal/da/projects/b47abab8-758b-4317-be3b-a2b8fb15d820
5658611e-8732-47e8-b193-538392ec9395,"Integrated Data Analysis Pipelines for Large-Scale Data Management, High-Performance Computing, and Machine Learning",2020-12-01,2024-11-30,"Over the last decade, increasing digitization efforts, sensor-equipped everything, and feedback loops for data acquisition led to increasing data sizes and a wide variety of valuable, but heterogeneous data sources. Modern data-driven applications from almost every domain aim to leverage these large data collections in order to find interesting patterns and build robust machine learning (ML) models. Together, large data sizes and complex analysis requirements, spurred the development and adaption of data-parallel computation frameworks like Apache Spark, Flink and Beam, as well as distributed ML systems like Spark MLlib, TensorFlow and PyTorch. A key observation is that these new distributed systems share many compilation and runtime techniques with traditional high performance computing (HPC) systems, but are geared toward distributed data analysis pipelines and ML model training and scoring. Similarly, the cluster hardware for these systems seems to converge more and more (two-socket servers, partially equipped with GPUs and custom ASICs). Yet, the used software stacks, related programming paradigms, and data formats and representations differ substantially, which can be attributed to different research communities. Interestingly, there is a trend toward complex data analysis pipelines that combine these different systems. Examples are workflows that leverage data-parallel data integration, cleaning, and preprocessing, tuned HPC libraries for sub tasks, and dedicated ML systems, but also classical HPC applications that leverage ML models for more cost-effective computation without much accuracy degradation. Unfortunately, community efforts alone – like centers, hubs, and workshops – will unlikely consolidate these disconnected software stacks. Therefore, in this project, we aim to assemble a joint consortium from the data management, ML systems, and HPC communities in order to systematically investigate the necessary system infrastructure, language abstractions, compilation and runtime techniques, as well as systems and tools necessary to increase the productivity when building such heterogeneous data analysis pipelines, and eliminating unnecessary performance bottlenecks.",https://pure.itu.dk/portal/da/projects/5658611e-8732-47e8-b193-538392ec9395
5140d65f-c9c2-4102-ade1-a656cce36387,Extended Reality Environment for Immersive Experience of Art and Music,2024-01-01,2026-12-31,"Engagement with the art and music can have a range of positive effects on physical and mental health. However, access to the many benefits of musical experience can be limited due to various reasons: (1) the geographic location of the venue, (2) personal limitations in access, (3) limitation on the schedule of the concerts and performances, (4) cost of the experience. Due to these limitations the effort and cost of getting access to the concerts and performances override additional value the participant would get from the experiences. In XTREME project, we remove these limitations by developing a human-centered mixed reality (MR) solution that, instead of requiring the participant to be physically present in the venue, brings the concerts and performances to a remote location via MR technology while retaining the immersive experience, and even giving additional dimensions to it by integrating real and virtual contents. Our solution<br/>also allows for virtually shared, realistic experience together with selected social circles of the user. The solution removes geographic limitations as by the MR solution the concerts and performances can be accessed virtually from anywhere and they hence are more inclusive for people with limited access. Likewise, providing a global access to the art and music provides a wider audience for musicians and artists, not limiting the number of seats by the size of the physical venue. As this solution removes the necessity to travel to concerts and performances, it also provides a greener alternative. In contrast to the current state-of-the-art, our solution targets at making an MR solution to the concerts and performances where those are in in 3D, both for visuals and sound, blended into the room of the users. We will also provide maximised experience of presence via reconstruction of the users and their behaviour in the shared access, and enhance the immersion by providing an additional visual layer to the sound.",https://pure.itu.dk/portal/da/projects/5140d65f-c9c2-4102-ade1-a656cce36387
b6756336-3fb7-43db-bf24-2f44fd14c5c3,Towards greener last-mile operations: Supporting cargo-bike logistics through optimized routing of multi-modal urban delivery fleets,2022-02-10,2023-02-10,"Machine learning for climate change, optimization for multi-modal urban fleets",https://pure.itu.dk/portal/da/projects/b6756336-3fb7-43db-bf24-2f44fd14c5c3
651c41e7-057d-4e62-8d5d-d106e588e355,Policy Learning with Neural Cellular Automata,2022-05-21,2023-05-21,,https://pure.itu.dk/portal/da/projects/651c41e7-057d-4e62-8d5d-d106e588e355
c82f5a3b-b237-48b8-8b59-b5ef25702f02,Digital surveillance: Unpacking the contention between openness and security in the Nordic countries: digital public surveillance practices at state borders,2022-07-01,2026-08-31,"This project aims to unpack the contention between Nordic openness and security by investigating emerging practices of digital public surveillance enabled by AI and ML.<br/><br/>The project has four main objectives:<br/>(1) Map the field of digital public surveillance and its evolution over the last 10 years in the Nordic countries;<br/>(2) Investigate specific sites where AI and ML are used for digital public surveillance - three sites of surveilled national borders;<br/>(3) Design a policy framework for digital public surveillance;<br/>(4) Communicate resulting knowledge to relevant key actors, e.g. designers, policymakers, law enforcers, as well as the general public.<br/>",https://pure.itu.dk/portal/da/projects/c82f5a3b-b237-48b8-8b59-b5ef25702f02
5c14f2cf-9f83-4b48-b608-8f504edc970c,Algorithmic Ways of Seeing: Improving Image Recognition by Training on Art Images,2022-05-01,2024-12-31,"Image recognition systems perform well when detecting objects in photographic images, but poorly when confronted with an image style that is different from the data used in training - in particular when dealing with non-photographic images. This is remarkably different from human vision: Even a very small child can recognize the same objects in photographies and simple drawings. We hypothesize that developing visual recognition algorithms that can recognize depictions in art images may give us a deeper understanding of computer vision compared to human vision, and may help develop ​more general and robust vision algorithms.​ We address two important obstacles: lack of sufficiently large datasets of non-photographic images for training, as well as the ethical and cultural tensions between computer vision and human interpretation of images. ",https://pure.itu.dk/portal/da/projects/5c14f2cf-9f83-4b48-b608-8f504edc970c
6f20f57b-6622-494e-81fc-bfb1340d32e5, Foundations of Privacy Preserving and Accountable Decentralized Protocols,2021-12-01,2027-03-31,"While a number of anonymous cryptocurrencies have been proposed, very few have been proven secure. Moreover, these candidates aim at achieving complete privacy (i.e. where no transaction information is publicly available). Even less is known about privacy preserving smart contracts as the handful of candidate constructions that have been proposed only offer partial privacy and are not proven to achieve clear security definitions. In fact, it is still necessary to formally define standard smart contracts (i.e. without privacy guarantees) and prove that existing protocols (or modified version of those) realize such definitions. Another concern with current candidate constructions lies in their compatibility with current financial laws and regulations, since they do not allow for lawful auditing, instead irrevocably hiding all traces of financial activity. This project aims at establishing solid theoretical foundations for analyzing and constructing auditable privacy preserving blockchain applications compatible with by answering the following main questions:<br/>1. What different privacy levels are desirable in cryptocurrency<br/>transactions? How can we efficiently realize each of them with provably<br/>secure protocols?<br/>2. What is the formal definition of the security properties guaranteed by<br/>standard smart contracts? Can existing smart contract systems be<br/>adapted to provably achieve these properties?<br/>3. What different privacy levels are desirable in smart contracts? How can<br/>we efficiently realize each of them with provably secure protocols?<br/>4. What information should be revealed to authorities in case of a lawful<br/>audit? How to allow authorities to obtain such information from our<br/>privacy preserving protocols without undermining our security<br/>guarantees?<br/>5. How can current blockchain consensus protocols adapted to operate<br/>with privacy preserving applications without sacrificing existing security<br/>guarantees?",https://pure.itu.dk/portal/da/projects/6f20f57b-6622-494e-81fc-bfb1340d32e5
ea1190eb-c06d-4c91-8b84-c881781af351,SSH and Sustainable Business: Building a database for SSH impact on sustainability in private sector companies,2021-02-01,2023-02-28,"To survey a selection of Danish companies about how they integrate social science and humanities research with technical research in order to meet the challenges of sustainability.<br/><br/>The main purpose is to collect the background knowledge and to build the relevant network of company partners to write a strong application to Innovationsfonden (Grand Solutions). This proposed study will engage with best practices/current initiatives of interdisciplinary integration between social science/humanities and technical disciplines, and to focus on the possibilities for how to help this integration along in order to live up to demands of sustainability",https://pure.itu.dk/portal/da/projects/ea1190eb-c06d-4c91-8b84-c881781af351
524b4d8b-c35d-4c77-89d4-8d13cbdb2fab,Resource-Aware Data Science,2021-04-01,2025-04-30,"Data scientists achieve more accurate predictions than ever, even in real-time, for the benefit of our society. Their productivity is fueled by the exponential evolution of hardware and the surge of machine learning tools, which hide the complexities of hardware. However, there is a widening performance gap between the software tools and modern hardware. A modern hardware infrastructure, 10X the cost of prior generation, does not even halve the time to reach an accurate deep learning model. Such poor hardware utilization makes the current surge of data science unsustainable. There is a pressing need for a Resource-Aware Data Science (RAD) infrastructure. Our goal is to address this need.  To achieve this goal, we research novel techniques for collaborative scheduling of deep learning tasks onto the resources of modern commodity hardware. Our results will benefit data scientists through optimizing performance and sustainability of their tools while preserving their productivity.",https://pure.itu.dk/portal/da/projects/524b4d8b-c35d-4c77-89d4-8d13cbdb2fab
3ccfe0ca-0a5c-41d4-91b3-6b86eb5bc477,Privacy Preserving Solutions for Network Security,2023-01-01,2024-12-31,"Project Description: The idea is to investigate on privacy preserving soliutions for network security, focusing on efficient anomaly/attack detection via privacy preserving machine learning (ML). Recent works have focused on using ML techniques to detect anomalies that might indicate attacks against a network. However, training ML models for anomaly detection requires access to highly sensitive network usage data, which cannot be freely shared among organizations. Even when this hurdle is overcome, organizations who train good anomaly detection models are unwilling to share the model itself. We aim at addressing this issue by employing privacy preserving computation techniques to perform both model training and data classification. The expected outcome of this project is a set of cryptographic protocols that allow for organizations to collaborate in jointly training such models and/or in using them for detecting potential cybersecurity threats without exposing their sensitive internal information.<br/>The collaboration would be carried out between CISAT (and possibly the ML if interested) in ITU, the network security group at University of Brasilia (UnB, Brazil), the cryptography group at University of Washington (UW, USA) and the security group at Monash University (Australia). At UnB, the network security group has expertise in developing techniques for detecting network security threats, with a recent focus on approaches based on machine learning. The research groups at UW and Monash have expertise in efficient privacy preserving machine learning.  The group in AU will contribute with expertise in implementing and benchmarking such privacy preserving computation protocols. These four external partners complement very well CISAT's expertise in network security and privacy preserving computation.",https://pure.itu.dk/portal/da/projects/3ccfe0ca-0a5c-41d4-91b3-6b86eb5bc477
815ff3aa-8225-4ed2-81c7-368c5a326843,Democratic Innovations in a Green Transition,2021-01-01,2024-10-31,"DIGT examines the impact of Denmark’s climate citizens’ assembly on the Danish political system. In what way does the assembly strengthen support for green transition policies, and to what extent does it affect existing channels for public debate and democratic decision-making? DIGT aims to answer these questions through a new framework that combines the study of deliberative democracy with affect theory, new materialism, and science and technology studies (STS). The first subproject examines the assembly’s model of democratic participation. The second analyzes the assembly’s impact on existing political institutions. The third compares it with competing forms of civil society engagement. Overall, the goal is to show how the climate citizen’s assembly can contribute positively to green transition through new modes of democratic participation.",https://pure.itu.dk/portal/da/projects/815ff3aa-8225-4ed2-81c7-368c5a326843
379f431a-ce47-4ea1-835d-8855a3e0f7b1,Beyond Exact Counting: Approximation and Symmetry,2023-06-01,2023-09-30,"This project lies in algorithms and computational complexity theory. It studies counting problems, which are linked to fundamental questions in complexity theory, with applications in network analysis, machine learning, probabilistic databases, and statistical physics. The proposed project is based on the observation that counting problems can be tackled using graph homomorphisms, which are certain structure-preserving maps between networks. <br/><br/>The project is related to the ERC Starting Grant ""Counting (with) Homomorphisms"", but it constitutes a separate project with complementary goals and synergies with the ERC project. While the ERC project is concerned with exact counting problems, the YI project focuses on approximate counting (which is closer to practical applications, where approximate counts often suffice) and the algebraic complexity of symmetric polynomials.<br/><br/>Specifically, in approximate counting, the project focuses on approximate counting of perfect matchings (certain global structures in networks), approximate counting of small patterns, and a general theory of approximate homomorphism counts, which can be used to define approximate similarity notions for networks. Regarding the algebraic complexity of symmetric polynomials, the project focuses on obtaining a full complexity-theoretic classification for a problem space of which previously only small fragments were classified.",https://pure.itu.dk/portal/da/projects/379f431a-ce47-4ea1-835d-8855a3e0f7b1
119e304c-6427-40e5-95fd-e802aabd518e,SustAinable Irrigation Advisories for Mid-Himalayan Farmers using SmartSatellite Image Analytics ,2021-03-01,2024-08-31,Participatory Design and software ecosystems in the context of precision farming and irrigation,https://pure.itu.dk/portal/da/projects/119e304c-6427-40e5-95fd-e802aabd518e
ed184363-abd6-4a50-9c71-14fd6407f90b,Privacy through Co-Design for Real-World Data Analytics in the Cloud,2021-01-01,2022-12-31,"Key themes within call:<br/>•Interdisciplinary research rooted in the natural and technical sciences<br/>•Technology for tomorrow’s medical science and applications<br/><br/>Lay Project Description: <br/>The project aims to drastically reduce the cost of data monitoring, tracking, and transformation operators used for enforcing privacy and data protection in analytics applications. This will be achieved through a co-design approach to re-imagine operators for tomorrow’s cloud hardware, including accelerators. <br/>The project will bring innovation in the form of efficient “data protection infrastructure” for modern data analytics. Such analytics have been instrumental in numerous fields, including ones such as personalized medicine. This is one of our target use-cases since it is representative for analytics that combine data from different sources and are subject to strict regulations. Enforcement, however, often reduces the usefulness of data and slows down computation significantly. The project sets out to break this tradeoff.<br/>Being funded will allow the experienced researcher to bootstrap his team at ITU faster and will pave the way for national collaborations and tech transfer. Students trained will acquire skills spanning traditional domain boundaries, placing them on impactful career paths.",https://pure.itu.dk/portal/da/projects/ed184363-abd6-4a50-9c71-14fd6407f90b
3f31352b-c92a-4136-b962-82943e206a9c,Enabling User-Accountable Mechanisms in Decision Systems,2021-07-01,2023-07-31,"<b>Background</b><br/>Denmark is recognised as one of the most digitalised countries in Europe and the World. The digitalisation landscape has been evolving in public and private sectors. In most of the cases, projects enabling digitalisation in Denmark yielded positive responses from citizens and customers.<br/><br/>However, a recent project concerning the digitalisation of exams at schools (Den Digitale Prøvevagt in Danish), has raised several security and privacy concerns.<br/>Security concerns arised when a high-school student showed how to completely bypass almost all the security measures implemented in the two major candidates exam tools (i.e. Netprøver and ExamCookie). Privacy concerns arised because such tools need to be installed into students machines despite they are neither open-source nor properly documented. <br/>In fact, the only available descriptions of the tools are extremely vague respective to their surveillance capabilities. A week after that the findings were published, the Danish government decided to postpone the adoption of digital exams.<br/><br/><b>Goals</b><br/>It is observed that state-of-the-art tools have only focused in providing system functionality, essentially a surveillance system, neglecting security and privacy issues.<br/>This project sets security and privacy challenges as the starting point in designing evaluation tools, hence, it follows that traditional threats and traditional deterrence strategies for evaluation systems need to be reconsidered in the cyberspace environment. It observes that threats may come from any of the roles being played in an evaluation system, including authorities who may be corrupted to various extents. It means that such tools should also implement deterrence mechanisms against malicious authorities. In doing so, evaluation systems begin to look more balanced in terms of threats and benefits.<br/><br/>These concerns are not only relevant to exams but also to procurements, auctions, tenders and other systems that rest on submissions which are to be evaluated and ultimately ranked. Thus, it is a goal of this project to make its findings suitable and available to a large spectrum of evaluation systems.<br/><br/><b>Research Objectives<br/></b>The first objective of this project is to identify the security and privacy requirements for evaluation systems.  The goals of the projects require to look beyond the classic authentication and confidentiality requirements and to investigate  novel requirements such as accountability and verifiability of deterrence mechanisms in order to foster public trust. <br/><br/>The second objective of this project is the design of secure and trustworthy prototypes of evaluation systems that meet the identified requirements. It is of particular interest to develop mechanisms that guarantee contrasting requirements such authentication and anonymity or accountability and privacy. Formal methods will be used to ensure rigorous adherence of the prototypes to the requirement specifications.  <br/><br/>The third objective of this project is to validate the project findings mainly within the framework of the digitalisation of exams at schools in Danmark.<br/>",https://pure.itu.dk/portal/da/projects/3f31352b-c92a-4136-b962-82943e206a9c
35203d5b-8d9b-4719-aeb2-6f5074ac1686,Adaptive Tools for Technical Knowledge Acquisition,2021-04-01,2024-10-16,"The question investigated in this project is: How do we best develop adaptive digital tools for technical knowledge acquisition? Adaptive, in this context, promises that such tools are appropriate for diverse cognitive learning styles, and technical knowledge entails a combination of 1) Procedural knowledge (knowing how to complete tasks and solve programming problems) and 2) Complex problem solving skills (knowing how to understand and approach an open-ended programming problem). The project is founded on the premise that machines and tools should make humans smarter and that technology is not the goal, but rather the means to an end.<br/>The objectives of the project are to produce new general methods for defining and diagnosing learning styles, new evaluation measures for whether tools support technical knowledge acquisition, as well as prototype novel tools that measurably enhance human cognitive capacity and strengthen technical knowledge. ",https://pure.itu.dk/portal/da/projects/35203d5b-8d9b-4719-aeb2-6f5074ac1686
2c80cfbc-f40d-4d5c-be52-2d62a6eebcd4,Real-time Data-driven Business Process Improvement,2016-10-31,2017-04-25,,https://pure.itu.dk/portal/da/projects/2c80cfbc-f40d-4d5c-be52-2d62a6eebcd4
3ee07b88-7850-44db-b901-92943ed05508,Denmark-China Blockchain Business Bridge,2019-05-01,2022-03-31,,https://pure.itu.dk/portal/da/projects/3ee07b88-7850-44db-b901-92943ed05508
97f76b43-8d08-42d6-bb32-9752c1c38ef2,Deep Learning Generative Models for Content Structuring,2019-08-19,2022-11-18,"Shopgun works by taking images of products and placing them in catalogues. There is a lot of manual work involved here, in both tagging &amp; captioning product images and also in then placing products into abstract hierarchies. This PhD aims to automate these two steps through machine learning, and to enable multi-lingual generation of captions and thus product catalogues.<br/><br/>This requires flexible, ontology based multi-class, multi-label problems models within each available data modality (textual, image &amp; tabular). Text generation from images is a burgeoning area with exciting things happening; using images to create hierarchies, and to cross-lingually generate captions, is both novel of commercial value.<br/><br/>The first key question that we’ll be trying to answer through the research is how best to combine data of different modalities in order to increase the models’ performance, measured via multiple metrics – both direct and indirect (impact on desired user behaviour, measured through events within the company’s core products). In the future the available data will come from more and more modalities and our models need to be able to combine them in beneficial ways.<br/><br/>The second research question is on multi-task training: e.g. multiple classificationand generation tasks. The advanced context here, containing multiple modalities and tasks, is again exciting and intuitively and efficient use of data. <br/><br/>The third and final question is about data preprocessing and labelling in the context of an ever-changing ontology of product categories. ML models need to work well on Multi-class, multi-label problems with targets based on an ontology of categories, and over frequently-updated data; this represents an ambitious challenge in a grounded commercially valuable context.<br/>",https://pure.itu.dk/portal/da/projects/97f76b43-8d08-42d6-bb32-9752c1c38ef2
fc5210e4-bc2a-4936-a675-5251ab869a59,Media Assemblages of Medicalized Masculinity,2019-09-01,2026-08-31,,https://pure.itu.dk/portal/da/projects/fc5210e4-bc2a-4936-a675-5251ab869a59
ce8e2ce8-0470-4a8b-9c20-f54ca0265cf6,What public services should be digitalised? Citizens' and public organisations' perspectives on digital welfare services in Scandinavia,2021-01-01,2025-12-31,<br/>,https://pure.itu.dk/portal/da/projects/ce8e2ce8-0470-4a8b-9c20-f54ca0265cf6
692ba9a6-defc-4d0f-a278-423a6f0cfeda,,2020-11-01,2022-04-01,"The purpose of the proposed project is to further develop support for the Rohingya Refugees and their host community in Bangladesh by increasing their access to healthcare though an mHealth platform. At present, Friendship provides healthcare services to the Rohingya through a network of clinics staffed by paramedics. Key to these paramedics work is a mHealth application made by Friendship and ITU which helps them register patients, perform diagnosis, suggest treatment, and handle referrals. The ITU will lend its expertise to support and further expand these mHealth initiatives by developing two new modules on diabetes and hypertension. The proposed project, then, is a continuation or expansion of already ongoing efforts funded by Novo Nordisk Foundation. ",https://pure.itu.dk/portal/da/projects/692ba9a6-defc-4d0f-a278-423a6f0cfeda
51455974-553e-4f70-b330-1901d9efc34c,Infrastructure for partially digital citizens: Supporting informal welfare work in the digitized state,2021-01-01,2024-06-30,"Digitalization in the Nordic countries has largely covered all welfare areas; social service, public schools, and health care. A strong user-perspective has led to a focus on self-service solutions. However, as citizens engage<br/>in encounters with the welfare state through educational, health care and social services, it is increasingly clear that there are still needs related to digitalization that are unmet. For instance, citizens who struggle with social, cognitive or health related challenges may refrain from using the digital solutions put in place by the public authorities. Even though they may be able to use mobile commercial digital devices and services through social media etc., their agency as digital citizens remain partial as more or less extensive communicative support is required for them to access welfare services. The SOS project offers a comparative mapping of information processing and communicative aspects of informal welfare work across three welfare sectors. Informal welfare<br/>work is unpaid support of citizens in his/her interactions with welfare state institutions and actors. SOS takes as a point of departure that in order to keep their position as world-leading digital welfare societies, the Nordic countries cannot afford to ignore designing support for such work. Not only does a lack of support for the partially digital citizens cut deeply into the overall Nordic value of universal welfare, there is a risk that welfare costs will escalate in the future, if support is not provided. The project has a strong consortium of universities,<br/>public sector, and industry partners in Denmark, Norway and Sweden. Its main ambition is to map informal welfare work in three welfare sectors across three Nordic countries and to propose and prototype socio-digital innovations that enable synergy between informal welfare work and requirements of public authorities. With an excellent consortium and a broad and engaged panel of affiliated partners we are well-equipped to offer solutions for an area that is currently invisible and unacknowledged, and help future-proofing digital welfare<br/>societies in the Nordic region.",https://pure.itu.dk/portal/da/projects/51455974-553e-4f70-b330-1901d9efc34c
f2db8d63-45ff-4810-a889-b272fd938d3a,,2020-07-01,2025-06-30,"The DISTRUST project will provide a scalable prototype implementation of distributed business process execution under partial trust, that is, under precise assumptions about how much parties to the process trust each other. Existing work on distributed business process execution generally ignores the question of trust; existing work on distributed consensus, including blockchain technology, generally has been unsuccessful in achieving scalability.<br/><br/>The DISTRUST project will achieve scalability in a setting of more refined trust assumptions by (a) exploiting advances in hardware-based trusted execution environments and (b) adopting and exploiting a more nuanced approach to trust than simply trusting or distrusting completely. Within the Business Process Management research community, this represents a paradigm shift, where in addition to formalising process rules, we must also formalise assumptions about how much we trust collaborators to follow those rules.<br/>",https://pure.itu.dk/portal/da/projects/f2db8d63-45ff-4810-a889-b272fd938d3a
4d82f1f3-3bfd-4b4f-b906-501050b7b42c,Civic Agency in Public E-service innovation,2020-10-01,2023-12-31,"Office clerk: –“We’re digital by default”<br/>Daniel Blake: – “Yeah? Well I’m pencil by default.”<br/><br/>The above quote from Ken Loach’s Palme d’Or-winning film ‘I, Daniel Blake’ from 2016, eloquently pinpoints how large groups in today’s society experience digitalization of the public sector. The film portrays Daniel Blake’s struggle against bureaucracy, and how he finds himself on the wrong side of the digital divide, hampered by his lack of digital skills, since public e-services is the only available communication channel to the authorities.<br/><br/>A main problem in digital transformation of the public sector that stands clear from public sector research is the lack of user involvement in development of public e-services. This problem is related to a digital divide in e-service use, where marginalised user groups lack digital skills, and it also blocks the potential in innovating future services based on the growing possibilities in open public data. <br/><br/>The CAPE project addresses these issues by collaborating closely with public libraries, helping them embrace more active roles in today’s rapid digitalisation.  Public libraries, perceived as Civic Innovation Centres (CICs), can become places where citizens can be engaged in improvement of current e-services, as well as in development of new services. CAPE will initially be collaborating in three project sites: Denmark (Ballerup Library, Ballerup), Finland (Oodi Library, Helsinki) and Sweden (Rosengård Library, Malmö).",https://pure.itu.dk/portal/da/projects/4d82f1f3-3bfd-4b4f-b906-501050b7b42c
4c04ec87-4051-4ede-a971-ff8badc270f6,Reliable AI for Marine Robotics,2020-12-01,2025-04-30,"Robot designers are increasingly relying on Artificial Intelligence methods to make robots more robust.  AI, in contrast to classical control, allows robots to adapt better to changing or noisy condition (noise here may mean friction in movement, imprecision of localization, imprecision of actuation etc.). Unfortunately, at the same time, AI, reduces trustworthiness of robots, as it is very hard to predict their behavior ahead of time, and assure safety.   This is particularly difficult for robots that are learning during operation. <br/><br/>This consortium, consisting of leading robotics, AI, and software safety research labs in Europe, will train research experts in methods for assuring safety for machine learning based controllers, including online-learning and transfer-learning controllers.  It will be supported by large European robotics players in robotics market who are the receiving stakeholders for such safety assurance methods.",https://pure.itu.dk/portal/da/projects/4c04ec87-4051-4ede-a971-ff8badc270f6
9f77d6e9-c0a5-4560-94ba-9451dc779f58,Immersive Software Archaeology – Guided Exploration of Legacy Systems in 3D Virtual Reality,2020-07-01,2024-06-30,"Despite best software engineering efforts, many software systems turn into legacy over time. Even though in active use, design knowledge is lost and updates to satisfy current requirements become virtually impossible.<br/>Software archaeology attempts to regain knowledge on legacy systems’ structure and behavior to prevent their impeding obsolescence. Yet, existing methods are not able to cope with the vast code size to explore and comprehend. Immersive virtual reality has great potential to aid comprehension if applied to software visualization. The project ISA exploits 3D virtual reality for software archaeology via interactive exploration in synchronized visualizations. To conquer the vast space of a system’s structure, we apply software clustering techniques to suggest meaningful structures to explore, enabling teams of engineers to collaboratively regain knowledge on a system's inner workings.",https://pure.itu.dk/portal/da/projects/9f77d6e9-c0a5-4560-94ba-9451dc779f58
57db6982-838f-4e23-91d0-baf208bc96fe,Language in the Human-Machine era,2020-04-01,2024-03-31,"Automated translation is about to get on to the next level, nearing human quality and exceeding  human speed, while being fast and omnipresent in mobile platforms. Meanwhile there is the burgeoning prospect of augmenting ourselves with technology to enhance our brains , or „cognitive selves“. These developments will surely have a massive effect on how people speaking different languages interact. That in turn will drive an existential shift in our approach to ‘language rights’. This COST action brings together NLP researchers, sociologists, linguists and policy to find risks and opportunities of this important human:machine interface.<br/><br/>Our interests here are: <br/>(1) the impact on Nordic minority languages (essentially all of them, but especially Danish,  Faroese and the Greenlandics. DK has the lowest # of NLP people per capita in the Nordic region, and the ones looking at Danish languages are mostly at ITU.<br/>(2) our NLP group‘s existing research thread of low-resource language processing.<br/>",https://pure.itu.dk/portal/da/projects/57db6982-838f-4e23-91d0-baf208bc96fe
b89d0b30-96a0-4ea3-89d3-22cb75fd5622,Teaching machines language incrementally through neuroevolution ,2020-07-01,2022-07-31,Incremental aqusition of natural language processing skiils through a combination of neuroevolution and reinforcement learning.  <br/><br/>Algorithm should allow users to teach smart devices (Amazon Alexa) incrementally new verbal skills. ,https://pure.itu.dk/portal/da/projects/b89d0b30-96a0-4ea3-89d3-22cb75fd5622
e7d8b595-d142-4a34-bfb1-0a9f04cb1cdf,Teknosofikum: Udvikling af en ny it-didaktisk standard,2020-01-01,2024-03-31,Professional development in Technology Education. Teknosofium is a course on competence development in tecnology and education. Participants come from across higher education institutions and meet to discuss the impact of technology in their own teaching. The course provides the necessary tools and theories to comprehend and effectively navigate through hybrid learning environments and teaching scenarios that they encounter in their profession.,https://pure.itu.dk/portal/da/projects/e7d8b595-d142-4a34-bfb1-0a9f04cb1cdf
4bfcdb8a-694f-4e96-8646-abe00eee5819,Probing sound for better low-resource NLP,2020-01-01,2025-08-14,,https://pure.itu.dk/portal/da/projects/4bfcdb8a-694f-4e96-8646-abe00eee5819
47e06774-9088-4465-8ab8-f8c27cd731d6,Adaptive Machines for Industrial Automation,2020-03-01,2025-02-28,"machines that can continually learn from experiences and apply previously learned knowledge to novel situations. Artificial Intelligence (AI) methods are becoming part of our daily and can now outperform humans in many domains. However, these systems still pale in comparison to even simple biological intelligence, which can learn and adapt to unforeseen experiences. Current machine learning systems can only deal with situations they have been trained for in advance; they are unable to adapt during execution to unexpected events. Organisms in nature can react quickly to changes because they have evolved innate properties that reflect properties of the physical world. Here we will develop a new class of algorithms based on a combination of evolutionary computation and state-of-the-art reinforcement learning, which will significantly extend the usefulness of robots in manufacturing and warehouse automation.",https://pure.itu.dk/portal/da/projects/47e06774-9088-4465-8ab8-f8c27cd731d6
b7bb0d86-8c3c-4d0e-841c-dd0e7607ec13,Blockchain Academy Network ,2020-01-01,2022-03-31,,https://pure.itu.dk/portal/da/projects/b7bb0d86-8c3c-4d0e-841c-dd0e7607ec13
f02c91da-a5ce-4aa9-99e8-140136d14aa9,,2017-01-01,2019-12-31,,https://pure.itu.dk/portal/da/projects/f02c91da-a5ce-4aa9-99e8-140136d14aa9
c8211d83-460f-41fa-b8cf-b8c031b8b18b,Application of AI solutions in command-and-control systems ,2023-10-01,2025-03-31,"The importance of command and control (C2) in the conduct of operations in all areas is undisputed. With the increasing interconnection of the most diverse systems, the importance of a central C2 system that gathers all available data and thus presents the situation while allowing an operator to send orders to units and systems is also increasing. <br/>A new C2 system is being acquired and the choice of supplier and type has already been made. What is missing is a complete training and testing system that allows on the one hand to train operators with realistic and dynamic scenarios and on the other hand to stimulate the C2 system itself with realistic scenarios and data and thus test it under realistic conditions, sometimes even to the specified limits, including the underlying communication networks. <br/>The aim of this project is to investigate and apply new solutions for decision support.<br/>For this purpose, classical, rule-based methods as well as the latest methods of artificial intelligence will be taken into account in order to reproduce the realistic behaviour of own and enemy units <br/>",https://pure.itu.dk/portal/da/projects/c8211d83-460f-41fa-b8cf-b8c031b8b18b
9dbabc2a-7042-4d3a-8f8b-33910a8adc04,Counting (with) homomorphisms,2023-04-01,2028-03-31,"This project addresses the computational complexity of counting problems in graphs; such problems ask to compute the number of certain structures rather than merely deciding their existence. Counting problems find applications in diverse areas like network analysis, machine learning, probabilistic databases, and statistical physics. They are linked to fundamental questions in complexity theory and give rise to algorithmic breakthroughs for decision problems.<br/><br/>The proposed project will go beyond the state of the art in computational counting by building bridges between algorithms/complexity and the mathematical theory of graph homomorphisms, which are structure-preserving maps between graphs. Already starting from the 1960s, Lovász and others showed that homomorphism numbers between graphs tie together disparate mathematical areas—similarly, the PI observed in the past 5 years that the computational problem of counting homomorphisms unifies a range of problems in computer science that were previously studied in isolation. This connection allows us to approach fundamental questions in parameterized and fine-grained complexity related to the complexity of counting small patterns in large graphs, which were out of reach for more combinatorial approaches. Secondly, it allows us to revisit problems in classical counting complexity from a new angle, especially for partition functions in discrete physical systems, with the aim of simplifying, unifying and extending known results. Thirdly, homomorphism counts give a surprising novel viewpoint on questions in algebraic complexity surrounding the “permanent versus determinant” problem, an algebraic variant of the “P versus NP” problem.",https://pure.itu.dk/portal/da/projects/9dbabc2a-7042-4d3a-8f8b-33910a8adc04
d0360b60-3c3a-47d2-acf0-223ec3248818,Adaptive learning,2022-08-15,2025-08-14,,https://pure.itu.dk/portal/da/projects/d0360b60-3c3a-47d2-acf0-223ec3248818
3d246d02-274d-4bba-8760-0ee09fa39b32,Assessment of Reidentification Risks with Bayesian Probabilistic Programing,2018-09-01,2022-02-28,,https://pure.itu.dk/portal/da/projects/3d246d02-274d-4bba-8760-0ee09fa39b32
2394be68-c192-4634-ba99-18798309529b,Cybersecure IoT in Danish Industry,2019-02-01,2022-05-31,,https://pure.itu.dk/portal/da/projects/2394be68-c192-4634-ba99-18798309529b
63e873d9-65fb-41fd-abeb-41a24b54ab6b,Computational Storage for High-Performance Computing,2022-01-01,2022-12-31,,https://pure.itu.dk/portal/da/projects/63e873d9-65fb-41fd-abeb-41a24b54ab6b
abcfded3-fae9-4da5-97e5-658a188a0190,Stowage and Yield Optimization,2022-04-01,2025-03-31,Area: <br/>Container liner shipping<br/><br/>Research question: <br/>Which optimization frameworks are maintainable and scale to complex hierarchical optimization problems like the multi-port yield optimization problem in container liner shipping?  ,https://pure.itu.dk/portal/da/projects/abcfded3-fae9-4da5-97e5-658a188a0190
8ea1d816-cfb3-4b02-a1cd-5c34a3d0fd61,Iværksætteri med demokratisk islæt: analyse af forholdene i Danmark,2021-11-01,2022-12-31,,https://pure.itu.dk/portal/da/projects/8ea1d816-cfb3-4b02-a1cd-5c34a3d0fd61
d0796f54-9b0c-4dfe-980d-a4bc1a5a4e76,A Unified Statistical Framework for Complex Forensic DNA Evidence,2022-03-01,2027-02-28,"I have previously developed an elaborate statistical framework for DNA evidence (mixed or non-mixed samples) to target forensic identification problems. As an expert witness, I have demonstrated its power in criminal cases where standard softwares fell short. I will now, through a vastly extended framework that allows for elaborate familial relationships, target a broad spectrum of cases pertaining to DNA evidence. This covers standard forensic identification (whose DNA is this?) and kinship problems (how are these people related?) as special cases. In this project I 1) establish a well-specified statistical model framework, 2) make the framework operational by developing associated computational methodology, and 3) carry out a systematic scientific justification for the validity of the framework and associated implementation.",https://pure.itu.dk/portal/da/projects/d0796f54-9b0c-4dfe-980d-a4bc1a5a4e76
747ffa41-bbdd-492b-9e0d-20f9b49278d3,Children online: research and evidence ,2021-01-01,2021-12-31,"The overall objective of this Coordination and Support Action (CSA) “Children Online: Research and Evidence (CORE)” is to conceptualise, implement and disseminate a comprehensive knowledge base on the impact of technological transformations on children and youth. The CORE knowledge base will provide evidence on a broad range of topics related to the impact of technological transformations on children and youth including their health, lifestyles, participation and digital citizenship, wellbeing, safety, and security as affected by ICT. It will refer to research from all EU Member States and a number of other European countries and thus consider relevant cultural, political, and media-related contexts. This knowledge base will help researchers to identify important research gaps and to make use of existing research and data. At the same time, it will help to contextualise empirical evidence by offering theoretical, methodological, and ethical reflections and guidelines.  The CORE knowledge base will also be an important focal point for policy-makers and educational actors by identifying key issues that deserve special attention, providing access to a solid data base and thus providing an important basis for policy recommendations and (policy) decision-making processes. Various stakeholder groups are actively involved in the development process in order to tailor the platform to their specific needs. All activities of the project aim to develop an innovative, dynamic and sustainable infrastructure with the CORE platform that will last beyond the duration of the CSA.",https://pure.itu.dk/portal/da/projects/747ffa41-bbdd-492b-9e0d-20f9b49278d3
8c634482-49e2-4d00-82e9-788283bfe90d,PrivacyNetwork: Cultivating A User-Centered Research Network on Managing Digital Security and Privacy from Cross-Cultural Perspectives,2020-04-01,2023-08-01,We want to create a network of researchers that look at digital privacy and security and collaborate around these topics. The research will be developed in the network. ,https://pure.itu.dk/portal/da/projects/8c634482-49e2-4d00-82e9-788283bfe90d
6bdbc155-83c0-4139-ab79-ec3933ba3a05,Multilingual Variety-aware Language Understanding Technology,2020-06-01,2024-05-31,"There are two main challenges in NLP: a) labeled data is scarce; b) language is ambiguous, even humans might not interpret a linguistic expression the same way. While research exists towards solving the first problem (e.g., via transfer learning or multi-task learning), the second aspect is largely ignored, as computational learning is based on an unrealistic<br/>assumption that annotated samples are unambiguous. I argue that in order to advance the field, a deeper step needs to be taken, and computational learning needs to be linked to human processing, digital traces of which have become available recently (e.g., gaze, keystrokes). This project first studies the deeper connection between human cognitive<br/>traces in language production and reading and computational modeling, by exploiting collections of human annotations with rich behavioral meta-data. Together with recent advances on learning under scarce data, and my pioneering work, this has the potential to<br/>establish a new research direction and firmly embed the human perspective in<br/>computational modeling of language understanding (NLU).",https://pure.itu.dk/portal/da/projects/6bdbc155-83c0-4139-ab79-ec3933ba3a05
2e7aeab2-a66b-469a-8bf6-5a746933e3b6,Publicly Verifiable Secure Computation and Applications,2020-04-01,2024-03-31,"Secure computation has been extensively studied in the cryptography literature<br/>aiming at obtaining more efficient protocols. However, even though state-of-theart protocols allow large number of parties to efficiently compute a function<br/>without leaking their inputs, they do not allow for third parties (i.e. who do not<br/>participate in the protocol) to verify that a given output was correctly obtained by the computing parties. This property is called public verifiability and has been<br/>proven to be achievable, though with very inefficient protocols. The inherent<br/>inefficiency of current approaches to publicly verifiable secure computation<br/>precludes its adoption for a number of applications such as secure computation<br/>on decentralized ledgers (e.g. blockchains), where third parties must be able to<br/>independently validate all transactions in the ledger. In this project, we explore<br/>new approaches for constructing concretely efficient publicly verifiable secure multiparty computation (MPC) protocols, understanding both the fundamental<br/>limits of this class of protocols and developing techniques for constructing them. We will answer the following main questions:<br/>1. What is the fastest way to produce a publicly verifiable proof that a<br/>given output was obtained by a MPC protocol? What is the smallest size<br/>for such a proof?<br/>2. How can we construct efficient publicly verifiable MPC in the<br/>preprocessing model optimizing overall complexity in the online phase?<br/>3. How can we construct efficient publicly verifiable MPC with constant<br/>rounds for deployment over high latency networks (e.g. the Internet)?<br/>4. Can we leverage state channels (e.g. for off-chain micropayments) and<br/>smart contracts to obtain better publicly verifiable MPC?",https://pure.itu.dk/portal/da/projects/2e7aeab2-a66b-469a-8bf6-5a746933e3b6
8e3474bc-dd89-4c0c-a84c-4c8ad3e95467,Controversial Healing: Making sense of medical cannabis debates,2019-05-01,2022-04-30,,https://pure.itu.dk/portal/da/projects/8e3474bc-dd89-4c0c-a84c-4c8ad3e95467
1550b177-ea65-4622-a400-60ce9cc9053d,Understøttelse af akademisk læsning med digitale værktøjer,2019-06-13,2020-03-31,"Area of research: Digitalization of personal learning<br/><br/>Research question: How might we develop interactive, digital tools to support learning for Danish students at higher education level?<br/><br/>Project description: The project will aim at supporting Danish university students' experience of reading digital material. Through functional prototypes built into an existing reading platform (www.lix.com), we will explore means to make the experience of reading on a screen better - exploring formats like audio, data visualization, and various productivity techniques like Pomodoro.<br/>",https://pure.itu.dk/portal/da/projects/1550b177-ea65-4622-a400-60ce9cc9053d
92a3a94c-c825-4662-97bc-2b9d802618ea,Welfare after Digitalization,2020-04-01,2023-12-31,,https://pure.itu.dk/portal/da/projects/92a3a94c-c825-4662-97bc-2b9d802618ea
45a64c9c-7b9c-40e7-966b-f524e0a23668,The European research network on types for programming and verification,2016-03-21,2020-03-20,"Types are pervasive in programming and information technology. A type defines a formal interface between software components, allowing the automatic verification of their connections, and greatly enhancing the robustness and reliability of computations and communications. In rich dependent type theories, the full functional specification of a program can be expressed as a type.  Type systems have rapidly evolved over the past years, becoming more sophisticated, capturing new aspects of the behaviour of programs and the dynamics of their execution.",https://pure.itu.dk/portal/da/projects/45a64c9c-7b9c-40e7-966b-f524e0a23668
1f45d635-42f4-44e1-864c-7ff0ed31ac2b,Fremtidsstudiet 2023: En værdig alderdom i den digitale tidsalder,2024-01-01,2024-08-31,"I forlængelse af Ældresagens fremtidsstudie 2023, hvor resultaterne viser en markant stigning fra 32 % til 51 % af ældre, der bekymrer sig over ikke at kunne følge med i den teknologiske udvikling, er jeg blevet<br/>inviteret til at ansøge om en dybtgående<br/>forskningsindsats for at forstå de underliggende årsager og konsekvenser af denne bekymring.",https://pure.itu.dk/portal/da/projects/1f45d635-42f4-44e1-864c-7ff0ed31ac2b
416dd5ce-dd32-4fde-bd1a-0a91a14ecca8,Revolutionizing Query Optimization with Ranking Algorithms,2024-09-01,2027-08-31,"Query optimization in data systems is crucial for efficient query execution. AI/ML have been recently proven very effective tools in enhancing this process, reducing efficiency and manual effort. This project aims to explore the potential of ranking and develop specialized ranking methods to improve query performance. Our vision is for the project to pioneer a new research paradigm.<br/><br/>Query optimization emerges as a critical source of optimal data-to-insights time, cost savings and energy efficiency. Despite the potential of ML-based approaches based on regression models, they have yet to achieve optimal performance. In this project, we will investigate what really matters for efficient query optimization, i.e., the relative order of query plans and, thus, ranking algorithms.<br/><br/>The aim of Rank4QO is to explore ranking methods and devise specialized algorithms to enhance query performance. To achieve this, we will conduct a thorough analysis of the connections between queries and query plans, develop learning-to-rank models, and new optimization algorithms. Ultimately, Rank4QO will reshape the entire query optimization process by incorporating the ranking concept.<br/>",https://pure.itu.dk/portal/da/projects/416dd5ce-dd32-4fde-bd1a-0a91a14ecca8
18faa057-608d-4cc5-8448-e902b1978a84,Establishing and Communicating Trust in the Security of Election Technologies,2022-01-01,2023-12-31,,https://pure.itu.dk/portal/da/projects/18faa057-608d-4cc5-8448-e902b1978a84
520a1d77-0114-475f-8622-c46c122a0a82,Cyberskills: Youth Community in Cybersecurity,2020-08-01,2023-12-31,,https://pure.itu.dk/portal/da/projects/520a1d77-0114-475f-8622-c46c122a0a82
dded96d9-89f4-4348-ab14-034dcd34c54f,,2020-06-01,2021-06-01,Forskningsprojektet undersøger hvordan ældre mennesker oplever ensomhed i deres hverdag under Covid-19-lockdown - og hvordan digitale teknologier spiller en rolle i dette. <br/><br/>Projektet undersøger hvordan digitale teknologier indgår (eller ikke gør) i de ældres liv i denne periode med nedlukning og isolation for mange – og hvordan det har givet anledning til brug – og brug for nye måder - af digitale teknologier for at genoprette sociale relationer.,https://pure.itu.dk/portal/da/projects/dded96d9-89f4-4348-ab14-034dcd34c54f
4147c684-9a19-4cf5-9f9e-48f7d89b474a,Unique solutions for the digital dissemination of architecture through mixed reality experiences,2019-04-01,2023-12-31,,https://pure.itu.dk/portal/da/projects/4147c684-9a19-4cf5-9f9e-48f7d89b474a
08f04680-0526-42fd-a39e-b8188fbdfbc3,Modernisation of Master Curriculum in ICT for Enhancing Student Employability,2019-03-01,2020-12-31,,https://pure.itu.dk/portal/da/projects/08f04680-0526-42fd-a39e-b8188fbdfbc3
3cc55852-f8c5-4785-89fe-3effd68d8082,Digital marginalization of vulnerable elderly,2018-07-01,2021-06-01,"The project undertakes a systematic investigation of digital marginalization amongst Danish elderly citizens. It tries to understand how in and what ways advanced digitalization affects elderly individuals who are already at the fringes of society, i.e. in vulnerable situations. To do so, the project will conduct a series of qualitative interviews with elderly as well as governmental employees responsible for helping them on a day to day. In doing so, the project sheds light on the experiences of digital marginalization and provide concrete advice for policymakers and interest-groups. ",https://pure.itu.dk/portal/da/projects/3cc55852-f8c5-4785-89fe-3effd68d8082
e8a54f5c-c816-40a9-a0f9-94e77192f5a9,Economic Impact of Blockchain on Danish Industry and Labor Market,2018-12-01,2019-04-30,Investigating status and intentions of industrial blockchain projects in Denmark across selected industry sectors,https://pure.itu.dk/portal/da/projects/e8a54f5c-c816-40a9-a0f9-94e77192f5a9
3ae3c857-e3f4-449d-a16f-ca2ef5b1b7a2,Making Sense of Urban Air,2020-01-01,2024-06-30,"RQ: The project seeks to explore how the introduction of Google’s Project Air View as a technological mediation and representation of polluting particles contributes to smart urban planning in the city of Copenhagen.<br/><br/>Background: In October 2018 the Municipality of Copenhagen launched a new collaboration with Google’s air pollution project called ‘Project Air View’. Project Air View aims to measure air pollution in all streets of the capital in contrast to the current air pollution approach which relies on three stationary measuring stations that provide data shrouded in uncertainties due to their proximity to streets and pollution sources (Zander 2018). On a national level air pollution legibility relies upon mathematical modelling that is relatively inaccurate, coarse-grained and which should only be used for rough guiding purposes (National Centre for Environment and Energy 2018). Using geolocation and advanced scientific tools, the Google cars have been reconstructed as mobile scientific laboratories that measure the amount of ultra-fine air pollution particles and CO2 emissions with high precision directly on the roads (Ranhauge 2018). Google has been testing this new technology in Oakland, California, since 2015 and early results have shown that the levels of harmful pollutants can be up to eight times higher at one end of a street compared to the other end (Peters 2018). This clear improvement nonetheless opens up for many other questions. Most pertinently: how are these data going to be used and what vision of the city do they entail? A fine-grained vision and map of city particles necessarily points to specific sources of pollution/emission, which raises political and economic controversies of value (of accountability, cost-benefit, infrastructure, city planning etc.) pertaining to these sources (are they from industry, transport, harbor, wood stoves in kolonihaver?). In other words, how is this information about particles interpreted? How is this information validated in relation to other indicators of how a city ‘performs’ (as climate-friendly, as a tech-hub etc.)? Of current debates, the project furthermore speaks to discussions within IoT, ‘big’ data and smart urban planning.<br/>The main part of the research will be carried out by a named PhD student, and it will strategically strengthen a growing collaborative relationship between the MOSPUS (mobility and urban studies) research group at RUC, and the Technologies in Practice research group at the ITU.<br/>",https://pure.itu.dk/portal/da/projects/3ae3c857-e3f4-449d-a16f-ca2ef5b1b7a2
679f65c3-ff92-4d18-a517-eac12777270b,,2019-11-01,2020-07-31,,https://pure.itu.dk/portal/da/projects/679f65c3-ff92-4d18-a517-eac12777270b
39d18547-01f7-4fbc-9794-cb87a4530afb,Improving Generalisation in Deep Learning through Quality Diversity,2020-06-01,2023-11-30,"Deep learning has shown impressive results lately, not only because of new algorithmic inventions but also an substantial increase in computational resources. In this proposal we aim to scale up another method to train neural networks called neuroevolution. Neuroevolution has so far only been applied to problems and networks that are much smaller to current state-of-the-art deep learning methods. The hypothesis in this proposal ist that similarly to deep learning, the true potential of neuroevolution could be unlocked by scaling to significantly larger networks with 10+ million parameters. ",https://pure.itu.dk/portal/da/projects/39d18547-01f7-4fbc-9794-cb87a4530afb
aecbaf94-4098-45e4-a536-bbf29ab9de55,Critical Understanding of Predictive Policing,2021-02-01,2025-01-31,"Predictive software techniques are increasingly embedded into a wide range of policing practices. However these software techniques impact such institutions beyond gained efficiency and speed. They bring with them logics of prediction, anticipation, evolvability, and synchronization. With these logics come particular forms of governance and knowledge creation. The focus is on how Predictive software play a role in how policing is re-imagined and enacted. This project examines the processes of procurement and implementation as well as how these systems are used in specific encounters with citizens. Specifically, the project will focus on case of digital infrastructures in Denmark, Estonia, Norway, Sweden and the UK.  We will investigate expectations in relation to the procurement of these digital platforms. First, the media coverage and public debate around the software and predictive policing in general will be gathered, analyzed and visualized in order to identify salient concerns as well as non-debated issues. Second, a round of interviews with different actors, including the police will be conducted.<br/>",https://pure.itu.dk/portal/da/projects/aecbaf94-4098-45e4-a536-bbf29ab9de55
38cecda7-bb24-4d49-8f67-cada7a740062,Research Centre for Government IT,2018-01-01,2021-12-31,,https://pure.itu.dk/portal/da/projects/38cecda7-bb24-4d49-8f67-cada7a740062
3ce36399-3d03-42f3-8284-8e87e5ce3a16,"Sustainable supply chains for bio-based products: Using blockchain technology to accelerate sustainability, transparency and traceability in biobased value chains",2019-01-01,2020-12-31,,https://pure.itu.dk/portal/da/projects/3ce36399-3d03-42f3-8284-8e87e5ce3a16
cdf9f5a6-86d4-4aa9-b627-f07790f935c1,Multi-Task Sequence Labeling Under Adverse Conditions,2019-04-01,2020-08-31,"Despite unprecedented advances in Natural Language Understanding (NLU), our models still dreadfully lack the ability to generalize to conditions that are different from the ones encountered during training. Such adverse conditions include learning for noisy domains up to the extreme case of adaptation: new languages. Recent work on transfer learning offers great promise to remedy the problem, particularly Multi-Task Learning (MTL). MTL has been applied  successfully across NLU. However, most of the work has limited scope: e.g., only sharing across a few tasks or domains, and typically considering a single language. Little is known on when which type of sharing is most beneficial, especially if we want to expedite NLU to dozens of languages or customer-specific domains. In this project, we focus on a core NLU problem, sequence tagging, and ask: How can we create the best sequence labelers at scale, under adverse conditions, if little to no annotated data exists? We propose to combine diverse sources of supervision to bridge the gap, while also learning what and how to successfully share in MTL, to derive a set of best practices and models that quickly scale to new conditions.",https://pure.itu.dk/portal/da/projects/cdf9f5a6-86d4-4aa9-b627-f07790f935c1
04f24f1f-66c8-464d-af91-7ad58b59d45e,,2019-09-09,2023-09-08,"Abstract:<br/>Language generation (LG) is a crucial technology if machines are to communicate with humans seamlessly using human natural language. A great number of different tasks within Natural Language Processing (NLP) are language generation tasks, and being able to effectively perform these tasks implies (1) that machines are equipped with world knowledge that can require multi-modal processing and reasoning (e.g. textual, visual and auditory inputs, or sensory data streams), and (2) the study of strong, novel Machine Learning (ML) methods (e.g. structured prediction, generative models), since virtually all state-of-the-art NLP models are learned from data. Moreover, human languages can differ wildly in their surface realisation (i.e. scripts) as well as their internal structure (i.e. grammar), which suggests that multilinguality is a central goal if machines are to perform seamless language generation. Language generation technologies would greatly benefit both public and private services offered to EU citizens in a multilingual Europe, and have strong economic and societal impacts.<br/><br/>COST Mission and Policies<br/>This proposal aims to create a European scientific and technological network with the goal of enabling language generation technologies' research, development, and exploitation. It combines a mix of early-career and senior researchers from world-class European universities with members in enterprises that conduct research and development activities in Europe. This Action directly addresses inclusiveness issues by enforcing gender, age and geographical balance between members, having at the time of submission 52.2% of female members, 12 ECRs, 52.9% of the members from ITCs. Regarding female members, ECRs and members from ITC and NNC countries, an active effort will be made to ensure they are not only represented in the MC, but that they also have access to financial aid to attend training and dissemination events. One way to address geographical bias will be by organising yearly training schools, each time in a different region in Europe, and by making sure there is enough financial aid to allow for members of different regions to attend.",https://pure.itu.dk/portal/da/projects/04f24f1f-66c8-464d-af91-7ad58b59d45e
9f83ca3e-d774-470b-9ef6-e1e0098b860f,Multilingual information extraction for job market analysis,2020-09-01,2024-02-29,"In today’s digital societies, language remains the mechanism for sharing information. As languages other than English make their way into big data, the need for language understanding technology able to robustly extract information from the rich diversity of languages keeps growing. If achieved, technology can make valuable information more accessible to people.<br/>Natural Language Understanding (NLU), an important field within AI, has made promising advances towards this objective. What is crucially missing is an integrated approach. Traditional NLU techniques are limited to a certain source X (X=a particular language, text domain, a particular task). When moving from X to a new source Y, we start from scratch and need a substantial amount of annotated training data to develop Y-specific extraction capabilities. I propose a new paradigm that learns from multiple Xs simultaneously, and combines the merits of transfer learning and weak supervision, by using neural networks that learn their own representations. I propose to exploit such representations to guide learning and broaden the scope of NLU: to anticipate performance to make the big search space feasible, to select few examples for human labeling, and to acquire multilingual meaning representations that transfer better to new applications. Besides existing benchmarks, the designed technology is tested on a use case provided by Styrelsen for Arbejdsmarked og Rekruttering to derive insights into demanded job skills.<br/><br/>The project will combine my expertise in transfer learning and weak supervision. MultiVaLUE will make prototypes publicly available to accelerate innovation in the use of linguistic data for knowledge discovery.<br/>",https://pure.itu.dk/portal/da/projects/9f83ca3e-d774-470b-9ef6-e1e0098b860f
0f8bf697-8a17-4351-b22d-d0a15ed6c897,,2021-01-01,2023-12-31,Action Research within the fields of experience design and organizational change in the Heritage sector.<br/>,https://pure.itu.dk/portal/da/projects/0f8bf697-8a17-4351-b22d-d0a15ed6c897
11acd45e-396b-4a0c-b2b6-7be5a7c36ef7,Private Smart Contracts på Blockchainen,2020-01-01,2020-08-31,"We investigated an efficient construction of privacy preserving smart contracts where all data in inputs and outputs of the smart contract remain private, except for the transactions. As an application, we considered privacy preserving decentralised exchanges (DEX).",https://pure.itu.dk/portal/da/projects/11acd45e-396b-4a0c-b2b6-7be5a7c36ef7
b2bbb8b5-6c00-49ea-9b02-ac18f631ac96,,2020-01-01,2020-06-30,,https://pure.itu.dk/portal/da/projects/b2bbb8b5-6c00-49ea-9b02-ac18f631ac96
0f5d7921-6113-492b-a852-12964960abc7,High-Level Design and Verification of Digital Systems,2020-04-01,2020-10-31,,https://pure.itu.dk/portal/da/projects/0f5d7921-6113-492b-a852-12964960abc7
990ab63e-f16a-48d4-ae87-fc253d954f1e,Software Tool for GDPR Compliance Checking,2020-09-01,2022-06-01,<br/>,https://pure.itu.dk/portal/da/projects/990ab63e-f16a-48d4-ae87-fc253d954f1e
22cbd24b-36a5-4187-8879-ab183e8b67c3,,2021-01-01,2022-06-30,,https://pure.itu.dk/portal/da/projects/22cbd24b-36a5-4187-8879-ab183e8b67c3
3c096907-2670-45af-9e43-4d828d45b072,Amazonia 4.0: Scaling IT for a Green Transition in Brazilian Agriculture,2022-01-01,2025-09-30,"This project will conduct an ethnographic analysis of a unique technology-driven <br/>green transition initiative called Amazônia 4.0. The destructive exploitation of the Amazon rainforest has for long been central to the Brazilian economy. In response to the environmental and climatic consequences, Amazônia 4.0 proposes an economic model supported by advanced ‘4.0 technologies’ that claims to develop local resources without environmental degradation and without marginalising the people living in and off the rainforest. While Amazônia 4.0 poses as an exemplary green transition initiative, it brings into question how the conflicting interests of disparate stakeholders (e.g. indigenous groups, settlers, scientists, and entrepreneurs) can be negotiated, and how the new technologies affect their relationships to each other and to the rainforest environment. Our project thus addresses how green transitions can <br/>be implemented in practice and what role(s) new technologies may play in this <br/>regard.<br/>",https://pure.itu.dk/portal/da/projects/3c096907-2670-45af-9e43-4d828d45b072
d0cad16b-7c77-4f79-be71-34700fbdfbeb,Co-designing social care innovations,2021-01-01,2022-03-31,Co-design in municipality organizations across the formal organization. How can co-design challenge and support municipalities in providing better and sustainable care? The research is intervention-based and draw on action research. ICT systems developed in prev. collaborations (like Pycipedia and MusicalAid) are still evaluated and further developed.,https://pure.itu.dk/portal/da/projects/d0cad16b-7c77-4f79-be71-34700fbdfbeb
b2ecef34-ff7e-4233-b352-7bd3db84991b,Privacy and Trust in Health Data,2020-04-01,2023-08-01,Privacy and Trust in Urban Health Data Infrastructures - Sabbatical,https://pure.itu.dk/portal/da/projects/b2ecef34-ff7e-4233-b352-7bd3db84991b
58dbcc53-f489-48fe-879a-d9c70d9c5f55,National Competence Centres in the framework of EuroHPC,2020-09-01,2022-12-31,"The EuroCC activity will bring together the necessary expertise to set up a network of National Competence Centres in HPC across Europe in 31 participating, member and associated states, to provide a broad service portfolio tailored to the respective national needs of industry, academia and public administrations. <br/>All of this to support and increase strongly the national strengths of High Performance Computing (HPC) competences as well as High Performance Data Analytics (HPDA) and Artificial Intelligence (AI) capabilities and to close existing gaps to increase usability of these technologies in the different states and thus provide a European excellence baseline.",https://pure.itu.dk/portal/da/projects/58dbcc53-f489-48fe-879a-d9c70d9c5f55
79684ad1-5969-499d-b0ff-ea7159687e71,,2020-04-01,2020-12-01,,https://pure.itu.dk/portal/da/projects/79684ad1-5969-499d-b0ff-ea7159687e71
5f390eca-e9d9-433e-aa5f-4bdd301809f8,,2020-02-12,2020-12-31,"Denmark is widely seen as one of the most digitized countries in the world, managing huge amounts of data in digital form. Ongoing efforts to improve welfare among all Danish residents are increasingly based on artificial intelligence and machine learning techniques with the goal to provide algorithmic solutions for future decision-making challenges of the State. In sharp contrast, artificial intelligence systems are known to be sensitive to small errors in the input data, making them vulnerable to attack, intentional misconfiguration, and misuse. This can have detrimental effects on society, threatening the ambition to maintain equality and trust within Danish society. <br/><br/>We propose to form a working group at the Center for Information Security and Trust tasked with<br/>1.Studying the challenges and risks of algorithm decision-making, adversarial AI, and adversarial machine learning on Danish society<br/>2.Researching the robustness of AI and machine learning in general terms<br/>3.Developing recommendations for Danish stakeholders<br/><br/>To form this working group, we propose to hire one person with a research profile for 6 months to<br/>1.Identify and approach stakeholders in Denmark, including universities, businesses, and public institutions<br/>2.Arrange meetings and workshops<br/>3.Arrange all internal and external communications<br/>4.Draft a report describing initial findings to be presented in December 2020<br/>5.Assist with identifying partners and preparing a grant proposal to secure future funding for the working group.",https://pure.itu.dk/portal/da/projects/5f390eca-e9d9-433e-aa5f-4bdd301809f8
98da69a6-9b7a-49ea-b353-2b371a9f892b,Status of CyberSecurity in Denmark,2020-02-15,2020-12-31,,https://pure.itu.dk/portal/da/projects/98da69a6-9b7a-49ea-b353-2b371a9f892b
cf4ebeb2-8442-4ebc-87f8-eef03e9c41d6,Det organisatoriske kulturmøde,2020-01-01,2020-10-31,,https://pure.itu.dk/portal/da/projects/cf4ebeb2-8442-4ebc-87f8-eef03e9c41d6
f41e5c15-7b52-4fd2-a007-6b36c382c090,,2019-10-01,2021-02-28,"The goal of GROW is to propose a fundamental new paradigm of machines that are not trained to per- form a certain task but instead can evolve and continually learn from experiences and apply previously learned knowledge to novel situations. Artificial Intelligence (AI) methods are becoming part of our daily lives, in face recognition, speech recognition in mobile phones or automatic translation. Comput- ers can now outperform humans in many domains such as Chess, Go, or even poker. However, these systems still pale in comparison to even simple biological intelligence, which can learn and adapt to unforeseen experiences. Current machine learning systems can only deal with situations they have been trained for in advance; they are unable to adapt during execution to unexpected events that were not anticipated by the designer. In nature, both evolution and neural development (the process that me- diates the formation of new synapses in the brain based on sensory experience) have been shown to be fundamental to learning and the construction of biological brains. However, the prevailing paradigm in AI views learning as only adjusting the strengths of synaptic connections in artificial brains, without any developmental mechanisms. Here it is contended that giving machines the ability to learn how to grow and adapt their artificial brains in response to the environment will enhance their learning abilities and allow them to continually improve performance during execution. I will develop and study a new class of such algorithms, in which an evolved neural developmental program is able to generate machines that learn, instead of relying on human-designed learning mechanisms. This project may also shed light on some of the most fundamental questions in neuroscience, such as the neural mechanisms underlying learning, their evolutionary origins, or the question of nature vs. nurture. The techniques developed here will allow adaptive machines to be grown instead of programmed and open new research avenues for AI. ",https://pure.itu.dk/portal/da/projects/f41e5c15-7b52-4fd2-a007-6b36c382c090
385c5718-80ba-49f4-88b4-fc8d85a4a897,Edge Computing: Reimagining Digital Infrastructures,2019-09-01,2020-10-31,"This collaborative project was a re-imagining of current digital infrastructures through the lens of an emergent technology paradigm, edge computing. Consisting of several events with academic, public sector, and industry partners, we work-shopped ideas on how to re-imagine digital infrastructures from more collective, just, and green perspectives.",https://pure.itu.dk/portal/da/projects/385c5718-80ba-49f4-88b4-fc8d85a4a897
28505b1e-2be0-4e3e-a956-174e88f7b6cb,Hope and Insufficiency:  Capacity Building in Ethnographic Comparison,2014-09-05,2015-06-01,,https://pure.itu.dk/portal/da/projects/28505b1e-2be0-4e3e-a956-174e88f7b6cb
92dd15f8-1163-4e47-a198-2af8537b5575,LAIKA ,2022-02-15,2022-10-31,"Machine learning for writing, packaged in a convenient app.<br/><br/>An application of natural language-processing techniques for enhancing the writing process of video games and other creative texts.<br/>",https://pure.itu.dk/portal/da/projects/92dd15f8-1163-4e47-a198-2af8537b5575
46376f84-6f50-4a46-b43e-480f0dbfaf49,AI Denmark: Implementering af kunstig intelligens i danske virksomheder,2020-10-01,2022-06-30,,https://pure.itu.dk/portal/da/projects/46376f84-6f50-4a46-b43e-480f0dbfaf49
6a4bfd9a-0ada-42ee-a458-1dcb9158027c,A Modelling relations in text using human data,2020-07-01,2023-06-30,,https://pure.itu.dk/portal/da/projects/6a4bfd9a-0ada-42ee-a458-1dcb9158027c
7e29b548-fb57-4138-84ea-57dec30a56fd,Relationel Arkitektur: Innovation af adaptivt byggeri til udvikling af tætte urbane miljøer,2019-03-01,2022-02-28,,https://pure.itu.dk/portal/da/projects/7e29b548-fb57-4138-84ea-57dec30a56fd
890d38c5-60d4-4c00-80f7-2ed30f36b8b6,Contract-/Blockchain based Digital Cash,2018-09-03,2018-12-31,,https://pure.itu.dk/portal/da/projects/890d38c5-60d4-4c00-80f7-2ed30f36b8b6
115736de-5b8c-4d29-ad2e-8898f9a19e77,Sociocultural Carbon (stage 2),2019-02-01,2024-09-30,"The objective of this project is to produce novel understandings of the social and<br/>cultural value of carbon emission data. Many people in the global north are aware<br/>of climate change and find it important to mitigate its consequences. Yet they<br/>pursue high-emission lifestyles despite having access to multiple digital means for managing emission data. Qualitative social studies of mitigation strategies have largely focused on governance or on the making of carbon markets, credits and emission data as creating climate conscious subjects and facilitating change of the actions that lead to emissions. There has been far less attention to situations where this change fails to appear, and how the context of the everyday lives of those subjects depend upon cultural continuity. This ethnographic study, instead of assuming technology and ‘datafication’ to generate change in any profound way, focuses on the felt contradictions and values inherent to the discrepancy between knowledge and practice.",https://pure.itu.dk/portal/da/projects/115736de-5b8c-4d29-ad2e-8898f9a19e77
0e80f60f-45a9-4c29-a4b0-6743f238591d,Rohingya mHealth: Increasing Access to Healthcare for the Rohingya Community in the Refugee Camps in Bangladesh,2019-06-01,2020-09-30,"The purpose of the proposed project is to support the Rohingya community in<br/>the refugeecamps in Bangladesh bordering Myanmar. That is, the partners in the project will extend, enhance and evaluate ongoing humanitarian efforts directed at increasing access to healthcare for the Rohingya. The partners are the IT University of Copenhagen (ITU) and Friendship (an NGO registered in Bangladesh). At present, Friendship provides healthcare services to the Rohingya througha network of clinics<br/>staffed by paramedics. Key to these paramedics work is a mHealth application made by Friendship which helps them register patients, perform diagnosis, suggest treatment, and handle referrals. The ITU will lend its expertise to support and expand these mHealth initiatives in close collaboration with Friendship. This will be done through a series of activities: (1) Initial assessment of ongoing mHealth initiatives, (2) creation of action plan, (3) extension of prenatal and postnatal healthcare into other areas of the camps, (4) design of two new mHealth modules on nutrition and phycological well-being, (5) integration of the new modules into the existing mHealth system, and (6) final assessment of project. The project partners will use a participatory and inclusive methods i.e. participatory appraisal to generate data on the current mHealth services, participatory design to involve all stakeholders in the creation of the new mHealth modules, and qualitative and quantitative assessment to establish the impact of the new mHealth services. The output of the project will be an evaluation report on the present Friendship mHealth initiatives in the camps, an increase in prenatal and postnatal mHealth service deliveries by 2000 in total, the delivery of 6000 nutritional consultations with the new nutrition mHealth module, and the delivery of 500 consultation on physiological well-being supported by the other new mHealth module, finally a concluding project report will be provided.",https://pure.itu.dk/portal/da/projects/0e80f60f-45a9-4c29-a4b0-6743f238591d
a3b32cef-4240-4466-b3d1-3da4b4b67746,Adoption 2.0 - designing a tool for managing enterprise systems adoption and business value,2022-01-01,2025-01-31,How to design a measurement system for enterprise software use to increase adoption and business value,https://pure.itu.dk/portal/da/projects/a3b32cef-4240-4466-b3d1-3da4b4b67746
a01e82a8-1c5d-49ad-aae9-45dce9e0a1ce,Pushing the limit of robotics cognition,2021-08-24,2021-10-21,,https://pure.itu.dk/portal/da/projects/a01e82a8-1c5d-49ad-aae9-45dce9e0a1ce
e7f0f9c0-f733-47d2-aa61-09c7d53ae85a,,2020-09-01,2025-12-31,"In flatwater sprint kayak the main objective is to move the kayak forward with high velocity, however, in doing so drag forces acting on the kayak changes drastically. The paddlers main objective is to overcome this drag acting on the boat through efficient technique and power. It has been shown that the leg kick is very important in kayaking especially in crew-boats (1,2). In a previous study at Aalborg University a setup was developed, which could measure seat and footrest forces in a K1 &amp; K2. Recent technical development has made it easy to measure and quantify the kinematics of kayaks (3). There is currently no literature, which has related the forces in the footrest and seat to the kinematics of the kayak.<br/>Therefore, the study aims to extend the existing setup, so it can measure forces in seat and footrest in a K4. Thereby, giving useful information regarding the leg kick in the K4, and see how the forces are transferred between the paddlers. Moreover, we want to relate the forces produced by the paddler inside the kayak with the kinematics of the kayak. This is a complicated relationship with a lot of influencing factors with among others the hydrodynamics.",https://pure.itu.dk/portal/da/projects/e7f0f9c0-f733-47d2-aa61-09c7d53ae85a
f14dc4aa-4c94-4a5f-9bc2-d4622e043e88,De Danske Cybermesterskaber 2021,2020-12-01,2022-06-01,,https://pure.itu.dk/portal/da/projects/f14dc4aa-4c94-4a5f-9bc2-d4622e043e88
5c0cc9c6-9752-4e9c-9ec7-219daef07620,Battery Interface Genome - Material Acceleration Platform,2020-09-01,2024-02-29,Use robots to automate discovery of novel battery chemistries,https://pure.itu.dk/portal/da/projects/5c0cc9c6-9752-4e9c-9ec7-219daef07620
08adc0f6-bd4d-4ed3-9908-6dc6b47e18e4,ViRMA,2020-09-01,2022-08-31,,https://pure.itu.dk/portal/da/projects/08adc0f6-bd4d-4ed3-9908-6dc6b47e18e4
cea6bbe1-ef98-434d-ab7f-122ac69eacc1,ClinRead,2020-12-01,2021-11-30,"This project opens modern research in clinical text analysis for Danish. It will work on developing automatic summaries of clinical records, based on extraction of events stored in those summaries. <br/><br/>We know that around 60% of data  about patients is stored in the text part of their clinical record, with only a minority being covered by the heavily-structured part of the data. Form fields don’t suit the majority of data stored about a patient, and so everything else goes in the free text. This means that text processing of clinical notes is essential to machine understand and processing of patients – an ever-more present task in the current era. However, modern (i.e. high-performance neural network-based) tools for this for Danish do not exist, and are indeed hard to come by in our current regulatory environment, due to restrictions on data access. On the other hand, Danish medical records are perhaps the best in the world from an IT perspective, with digitized data going back as far as the 1970s. While patients in Denmark are currently falling behind due to a lack of tools to work with Danish clinical text, there is also the potential to do immense good by establishing such a toolkit.<br/><br/>Clinical text is a special genre, with its own idiosyncrasies, that cannot be processed well by tools trained on standard text such as news or Wikipedia. It contains a variety of spelling mistakes, abbreviations, dysfluences, jargon, and so on, often varying not only of course from country to country but also between hospitals and even individual doctors. One could analogise by saying that the reputation for doctors’ handwriting maps equally to the digital text content, though of course the problem is more semantic and orthographic than graphologic.<br/><br/>Beyond opening the way for modern text processing in Danish clinical practice, this natural language processing toolkit for meachine reading of clinical notes addresses two research problems. The first is in event-based summarization. It will build tools for extracting events described in clinical notes, which could be clinical or non-clinical (e.g. receiving an injection or the death of a sibling), linking these events to their actors. The second is summarization, useful when a quick overview of a potentially long record is required e.g. at patient handover; this uses the extract events and their computational representations to generate natural language summaries of a patient history.<br/><br/>Exploratory work has been done by some of my masters‘ students at ITU; we already have a huge database of clinical text, thanks to Søren Lauesen’s earlier work, which we can access and use, overcoming the current regulatory boundary.<br/><br/>This is a general problem and will not go away. We should not pay someone like IBM to build and own this technology for the Danish language. It has a broad impact for health technology in Denmark, and so it makes sense for it it to be done at a Danish institution, and given that ITU is the only university holding competency in and focusing on NLP for Denmark, I’d say it makes most sense for it to be done here.<br/>",https://pure.itu.dk/portal/da/projects/cea6bbe1-ef98-434d-ab7f-122ac69eacc1
516759c6-100c-49bd-9893-30e1e0bb8687,NLP-assisted rewriting of Standard Operation Procedures in a GMP-regulated environment,2020-01-01,2023-04-30,,https://pure.itu.dk/portal/da/projects/516759c6-100c-49bd-9893-30e1e0bb8687
1cbc6b08-1a6a-438e-aefd-3811a68c4a61,Verif-AI,2020-01-01,2022-12-31,"How can we scale AI-based misinformation detection to work multilingually, over the noise of social media?<br/><br/>The web is rife with misinformation, which affects the lives of those who have come to use it as an authoritative source of information. The veracity of information spreading through social media can sometimes be hard to establish and the deliberate or accidental spread of false information, especially during natural disasters or emergencies, is quite common. Malicious actors are now also well-versed in using the web to shape and manipulate public opinion, and thus democracy, in many countries, including Denmark. To detect false claims automatically, large volumes of user-generated content need to be analysed quickly, yet complex real-time analytics are a major outstanding challenge.<br/><br/>The project proposes to grow a set of known text-based and network-based Artificial Intelligence (AI) techniques for fake news detection and fact verification from beyond their locales in the English-speaking world, to a broad multi-lingual, multi-social approach. <br/><br/>The routes for investigation comprise:<br/><br/>•	Fact extraction and verification: identifying the claims in text by extracting them into a computational representation, and then comparing them with knowledge bases, to determine what may be verified, what may not, and what may be refuted. This builds upon core natural language processing (NLP) techniques, adapting them to both the noise in social media (a challenging but prevailing environment) and also to new languages (including Danish)<br/>•	Stance detection: veracity can be approximated from the way others react and orient to new claims. These reactions are observable in the form of social media and web comment replies. This is helpful for tackling emerging claims that aren‘t in knowledge bases yet (e.g. ‘Rådhuset brander!‘). It requires rapid detection of claims; accurate detection of the attitude – or stance – that a commenter takes; and a model for interpreting the flow of reactions and stances made. While preliminary tools for this exist, they are not multi-lingual, and only operate on a small range of stories. This project will broaden the scope of stance detection to be cross-lingual, and ground it to veracity detection.<br/><br/>This will lead to a more robust understanding of the influence and propagation of fake news on social media, to better and to new tools for working with this phenomenon, while using Denmark as one of the non-English test cases, bringing these advanced tools to our country.<br/>",https://pure.itu.dk/portal/da/projects/1cbc6b08-1a6a-438e-aefd-3811a68c4a61
18b53e6c-82c7-4a7a-873b-e13b8041f5ec,IT-rejsestipendium,2014-10-02,2015-12-31,,https://pure.itu.dk/portal/da/projects/18b53e6c-82c7-4a7a-873b-e13b8041f5ec
0f8f0794-d11d-4406-95f4-2c93740c931b,IT-rejsestipendium,2014-10-07,2015-12-31,,https://pure.itu.dk/portal/da/projects/0f8f0794-d11d-4406-95f4-2c93740c931b
fdc8b423-2421-46ce-9905-a4d1b324e18d,Eliteforsk Travel Grant,2021-01-01,2023-12-31,,https://pure.itu.dk/portal/da/projects/fdc8b423-2421-46ce-9905-a4d1b324e18d
5b389df6-a3bf-424f-9f9c-b024d7b2f243,IT-rejsestipendie,2024-06-01,2025-01-31,,https://pure.itu.dk/portal/da/projects/5b389df6-a3bf-424f-9f9c-b024d7b2f243
adcf6fe8-ed82-426e-825a-901abce58b36,EBSI enabled VErifiable Credentials & Trusted Organisations Registries,2023-06-01,2025-05-31,"The EBSI-VECTOR (EBSI enabled Verifiable credentials and Trusted Organisations Registries) project brings the power of the selfsovereign<br/>identity paradigm into the educational and social security context. 52 partners from 20 countries will transform the digital<br/>interaction of studying and working citizens in Europe and simplify some of the complex verification processes for organisations in a<br/>decentralised way. The consortium consolidates the current EBSI capabilities on verifiable credentials and trusted registries and extends<br/>it with new capabilities like the decentralised identity of legal persons or revocation functionality. The EBSI-VECTOR project is driven<br/>by business requirements and input from policy and business organisations from education and social security included in the project.<br/>Defining and executing the strategy for scaling up the EBSI capabilities and uptake in different countries with the many engaged<br/>educational and social security actors is an essential focus of the project. The creation of national coordination and support unites drives<br/>the extensive implementation effort in education and the piloting of social security. The project provides the necessary building blocks<br/>and tools for citizens and organisations to interact with each other via verifiable credentials and use the privacy-friendly verification<br/>power of the EBSI decentralised trusted registries. The participation of different European solution providers in the project guarantees<br/>the stimulation and uptake of the EBSI conformant wallet ecosystem and market to enable citizens and organisations a broad choice<br/>of solutions beyond the reference implementations. The project actively collaborates as part of a more extensive ecosystem with many<br/>related European projects and initiatives like ESSPASS, EHIC, and EUROPASS. EBSI-VECTOR aligns with building blocks like EUeID<br/>or SDG to provide citizens and organisations with the best integrated and balanced solution for their digital interaction.",https://pure.itu.dk/portal/da/projects/adcf6fe8-ed82-426e-825a-901abce58b36
6ee138d1-5e46-4b40-9023-4cf3481ef1b1,"Top-Up with Driver: Digital Money, Transactional Aspirations, and Peerhood in Yogyakarta, Indonesia",2017-12-31,2020-12-30,,https://pure.itu.dk/portal/da/projects/6ee138d1-5e46-4b40-9023-4cf3481ef1b1
45f263dd-1188-41c4-bb96-9e8a27753837,Uddannelsesprojekt for SMV’er,2019-04-01,2023-09-30,"Det anvendelsesorienterede, erfaringsbaserede bidrag, der gør en reel forskel.<br/><br/>På trods af mange aktørers indsatser og udbud er det et faktum, at udfordringen tilbagestår med at kommunikere et konkret budskab om realiteterne og nuancerne i cybertruslen, hvad der kan gøres mest effektivt både sikkerhedsmæssigt og økonomisk, og hvordan man gør det.<br/><br/>Det er formentlig utilstrækkelig viden om og erkendelse af cybertruslen hos virksomhederne, der bidrager til den manglende efterspørgsel af uddannelse, hvilket igen lægger en begrænsning på udbuddet.<br/><br/>Industriens Fonds initiativ på cybersikkerhedsområdet kan meget vel være den katalyserende faktor, der på afgørende vis bidrager til reelt at få erkendt behovet og få øget cybersikkerheden blandt danske SMV’ere.<br/>Derfor er IT-Universitetet (ITU) og Langkjaer Cyber Defence (Langkjaer) efter at være blevet introduceret til Industriens Fonds cyberseminar gået sammen for at foreslå Industriens Fond et modulært, progressivt udddannelsesforløb for SMV’er med fokus på de evidensbaserede tiltag, der gør en forskel i praksis.<br/><br/>Samarbejdet mellem ITU og Langkjaer er unikt og bringer det bedste fra to verdener. Langkjaer er et dansk cybersikkerhedshus bestående af erfarne specialister med mange års anvendelsesorienteret og praktisk erfaring i håndtering af cybertruslen fra Forsvaret og store danske virksomheder. Langkjaer har en unik viden og indsigt i hvad der virker – og hvad der ikke virker. Denne erfaring ligger til grund for Langkjaers rådgivnings- og uddannelsesvirksomhed, hvor der trækkes på mere end ti års erfaring med at undervise i cybersikkerhed på universiteter, i industrien og i Forsvaret.<br/><br/>ITU er Danmarks førende universitet med fokus på it-forskning og -uddannelse, og med en betydelig erfaring med online undervisning. ITU arbejder tæt sammen med erhvervslivet, den offentlige sektor og internationale forskere og er kendetegnet ved en stærk iværksætterånd blandt studerende såvel som forskere. ITU har etableret ITU Professional Courses, som udbyder kortere, intensive kurser på højt fagligt niveau henvendt til it-professionelle. Kurserne beskæftiger sig med højaktuelle og konkrete behov for kompetencer. Når det kommer til it-sikkerhed, gælder der foruden den grundlæggende viden om de mest almindelige trusler og faldgruber desuden overvejelsen om, hvem der er den ansvarlige udførende part for driften af SMV’ens it og it-sikkerhed, og derfor dem som i sidste ende skal foretage de faktiske tekniske ændringer og løft, der vil højne it-sikkerheden. Mange SMV’er har outsourcet hele eller dele af deres it og it-sikkerhed, men mangler evnen til at stille de rigtige spørgsmål og krav til deres it-leverandører, ligesom at it-leverandørerne mangler konkret anvendelsesorienteret teknisk opkvalificering i basal arbejde med it-sikkerhedsteknologier, -værktøjer og -processer. For SMV'ere, der har en vis intern it-drift, vil den tekniske træning have relevans for dem også.<br/>Kombinationen af ITU med bl.a. ITU Professional Courses og Langkjaers kompetencer inden for cybersikkerhed suppleret med Langkjaers indsigt i SMV-markedet udgør grundlaget for uddannelsesprojektet, som vil have det primære formål at uddanne selve SMV’erne og det sekundære formål at uddanne SMV’ernes it-leverandører.<br/>Vi har valgt at supplere ITU’s og Langkjaers kompetencer ved at inddrage en tredjepart i projektet. Denne stadig ukendte partner skal have kompetencer inden for it-sikkerhed og it-infrastruktur og i al væsentlighed bidrage med undervisning om, hvordan SMV’er på sikkervis opbygger deres it-infrastruktur.<br/>Projektet vil uddanne SMV’ernes it- og it-sikkerhedsansvarlige til fremadrettet at begynde at stille de rigtige spørgsmål og krav både internt og til deres leverandører samt forberede leverandørerne på den øgede efterspørgsel ved at højne deres it-sikkerhedsmæssige kunnen. Projektet vil derfor støtte både udbud- og efterspørgselssiden og skabe grundlag for et generelt højere it-sikkerhedsniveau blandt danske SMV’er.<br/><br/>For at sikre en større udbredelse af de kompetencer, som projekter underviser i, og projektet dermed får en større effekt, vil projektet desuden undervisere rådgivere af SMV’ere, f.eks. revisorer eller andre, der kan påvirke sikkerhedsniveauet hos SMV’ere positivt. Det vil ske ved dedikerede halvdags workshops, hvor projektet klæder deltagerne på til at kunne give en markant bedre it-sikkerhedsrådgivning til især SMV’er. Sådanne rådgivere kan naturligvis også have interesse i at følge udvalgte e-læringsmoduler.",https://pure.itu.dk/portal/da/projects/45f263dd-1188-41c4-bb96-9e8a27753837
c5d1965f-621e-4f0f-9071-1823ccc20fc9,EliteForsk Travel Grant,2024-01-01,2025-02-28,"The Elite Research Initiative is the unifying brand name for a series of initiatives designed to honour and support the biggest research talents in Danish research<br/><br/>The initiative aims to raise awareness of excellent researchers and their research. In addition, Elite Research highlight the researchers as role models to attract more young students for a career in research, in order to fulfil the ambition to make Denmark one of the leading and most competitive knowledge societies in the world.<br/><br/>The Elite Research Travel Grant is DKK 200,000 and helps very talented PhD students to perform longer-term studies in some of the best research environments in the world. The Ministry of Higher Education and Science annually distributes up to 20 Elite Research travel grants.",https://pure.itu.dk/portal/da/projects/c5d1965f-621e-4f0f-9071-1823ccc20fc9
442bc168-730b-4bfc-beda-6d58da68b389,International Conference on Computational Social Science,2023-02-17,2023-10-01,,https://pure.itu.dk/portal/da/projects/442bc168-730b-4bfc-beda-6d58da68b389
91b0563a-0942-47e8-9257-d6325edc5cea,Pilot Hub,2020-01-01,2022-07-31,,https://pure.itu.dk/portal/da/projects/91b0563a-0942-47e8-9257-d6325edc5cea
f15d06d9-2436-4799-a1ef-c90b629b763e,Scalable Proof-of-Stake Blockchain Consensus Protocols,2019-11-01,2023-03-31,"Investigating provably secure solution for scaling Proof-of-Stake blockchains, as well as privacy preserving blockchain applications.",https://pure.itu.dk/portal/da/projects/f15d06d9-2436-4799-a1ef-c90b629b763e
4e7a60ad-83de-493c-b0bf-3beb5c244963,Research stay at University of Southern California,2019-05-22,2020-08-31,,https://pure.itu.dk/portal/da/projects/4e7a60ad-83de-493c-b0bf-3beb5c244963
cacb1264-bab7-49b9-bf36-2605f6094b98,Theoretical and practical approaches to the responsible management of artificial intelligence,2018-08-15,2022-03-31,,https://pure.itu.dk/portal/da/projects/cacb1264-bab7-49b9-bf36-2605f6094b98
cd952189-982a-4f7f-8e1e-ccd3fde697a9,Co-financed research,2019-10-01,2019-11-22,,https://pure.itu.dk/portal/da/projects/cd952189-982a-4f7f-8e1e-ccd3fde697a9
c37bcaa8-233a-4eb6-8885-8a91a102ab32,NEW Digital Design II,2018-07-01,2018-09-05,,https://pure.itu.dk/portal/da/projects/c37bcaa8-233a-4eb6-8885-8a91a102ab32
3bfb340e-d0be-4d2c-9a7b-62326e135ed0,S2LEGDES: Secret Single Leader Election on the Edge of Speed,2019-06-24,2020-03-01,We investigated protocols for secret single leader election in Proof-of-Stake blockchains.,https://pure.itu.dk/portal/da/projects/3bfb340e-d0be-4d2c-9a7b-62326e135ed0
329b2f51-1933-4974-88a3-ba9671a2961f,Google Faculty Research Award,2019-03-20,2025-04-30,"Brain injuries and strokes are one of the leading causes of long-term disability. While machine learning systems have shown promise in predicting patient outcomes or performing medical diagnosis, developing techniques<br/>to enhance patient rehabilitation is a neglected research field. This project aims to significantly enhance the effectiveness of cognitive rehabilitation methods through a novel combination of procedural content generation and<br/>intelligent trial-and-error algorithms that can create video games for tailored individualised training. Especially games hold the promise to be engaging for the patient, which has been shown to be a critical factor in the success of<br/>rehabilitation methods. Games who continuously adjust to the patient could encourage them to perform their rehabilitation exercises regularly, which is currently a major challenge.",https://pure.itu.dk/portal/da/projects/329b2f51-1933-4974-88a3-ba9671a2961f
90a18c30-a468-4c17-b58f-24273afb4e48,Tietgenprisen 2019,2021-12-01,2024-11-30,,https://pure.itu.dk/portal/da/projects/90a18c30-a468-4c17-b58f-24273afb4e48
e6c210fe-a8c9-4ca2-85a4-c30b3d016d95,,2020-03-01,2021-07-31,,https://pure.itu.dk/portal/da/projects/e6c210fe-a8c9-4ca2-85a4-c30b3d016d95
a47bca2c-ed3b-4a03-9e96-b962a0ede92f,,2020-01-01,2022-12-31,,https://pure.itu.dk/portal/da/projects/a47bca2c-ed3b-4a03-9e96-b962a0ede92f
4688b796-0633-458f-b29c-8cce9a9ca4ec,,2020-09-01,2020-12-31,,https://pure.itu.dk/portal/da/projects/4688b796-0633-458f-b29c-8cce9a9ca4ec
32e83e51-c4c7-4917-8d65-0d00c6972e53, Resource-Aware Data Science,2021-12-01,2025-03-31,"When considering large-scale hardware deployments from public cloud vendors and High Performance Computing (HPC) centers, data science applications powered by machine learning are not the only data-intensive applications run on these hardware resources. There are also large-scale big data analytics systems. Such big data analytics applications are fundamentally different from machine learning. Big data analytics helps us transform the sheer amount of complex data into discoveries, while machine learning enables forecasts based on learning from big data. An end-to-end data-driven pipeline in real-world use cases is typically composed of a combination of data-intensive systems that target different data-intensive application domains. This project extends the Resource-Aware Data Science (RAD) project by considering a combination of traditional data management, server-grade machine learning, and resource-constrained data science applications.",https://pure.itu.dk/portal/da/projects/32e83e51-c4c7-4917-8d65-0d00c6972e53
3f6e4891-97df-4f1b-afd5-238e63e4c6d3,Technology-based Mediation in the Art Museum,2020-10-15,2023-10-14,"The purpose of public art museums is to collect and exhibit art to benefit society, but what if people are bored or outright intimidated by the prospect of having to visit the art museum? Art challenges us to ""see it if we can"", but we cannot always do so. Art museums do their best to provide ""interpretive hooks"" for visitors. In Human-Computer Interaction (HCI), researchers have attempted to support these efforts as well. However, old museum paradigms linger, making the art museum a conceptually contested space. This also affects HCI projects carried out in art museums, as they have to navigate or circumvent these conceptual challenges. <br/><br/>In this PhD project, the question was investigated through a theoretical framework that incorporates an enactivist understanding of ""art as experience"" and the work of art mediation as ""education of attention"". Using these concepts, the project offers a visitor-centered view on the art museum experience, that gives researchers, designers, curators and mediators tools for understanding the role technology may play in an art museum exhibition and how to conceptualize, design and evaluate such designs. <br/><br/>This perspective is illustrated and explored through three major research activities, of which the last two were in close collaboration with the MUNCH museum in Oslo. The activities involved an experiment, an exhibition and an interactive drawing table respectively, and each investigates aspects of how technology mediates our relation to artworks. ",https://pure.itu.dk/portal/da/projects/3f6e4891-97df-4f1b-afd5-238e63e4c6d3
f1c9fd7f-ab86-4d8a-a2ab-772f1e114023,PhD project,2022-09-01,2026-04-30,,https://pure.itu.dk/portal/da/projects/f1c9fd7f-ab86-4d8a-a2ab-772f1e114023
074b9716-bceb-4e07-90dd-a3c3eaf359ba,Multimodal Human-Machine Interfaces for Morphing Computerized Mats with Embodied Sensing and Artificial Intelligence,2024-03-01,2026-09-30,Human-robot interaction in the context of distributed manipulation surfaces,https://pure.itu.dk/portal/da/projects/074b9716-bceb-4e07-90dd-a3c3eaf359ba
08e92d2d-7d30-4c53-b5d2-6aba12ded6fb,,2019-04-01,2021-12-31,,https://pure.itu.dk/portal/da/projects/08e92d2d-7d30-4c53-b5d2-6aba12ded6fb
bd1abb53-138b-45b8-8fad-374806de4171,Cyber Security Summer School 2020 & Cybersecurity Days,2020-07-02,2020-12-01,,https://pure.itu.dk/portal/da/projects/bd1abb53-138b-45b8-8fad-374806de4171
f12b4043-511a-49bd-877c-5015fdf7ad38,De Danske Cybermesterskaber 2022-24,2021-11-01,2024-10-31,,https://pure.itu.dk/portal/da/projects/f12b4043-511a-49bd-877c-5015fdf7ad38
14217a1f-bb16-4e4b-a4b5-5231c9ee9861,Dialogue tree - Conversations in the games industry,2021-08-01,2022-06-01,,https://pure.itu.dk/portal/da/projects/14217a1f-bb16-4e4b-a4b5-5231c9ee9861
7492316d-f1c5-4c5a-88a7-480e15dec0a2,Villum Kann Rasmussen Professorship,2022-01-01,2027-12-31,Danish Institute for IT Program Management,https://pure.itu.dk/portal/da/projects/7492316d-f1c5-4c5a-88a7-480e15dec0a2
86579405-e35b-4553-9420-f491c6062b6e,Kvalitativ omsorg i en föränderlig värld,2020-05-01,2021-04-30,Investigating care during Covid and what can be learned from municipality care work. Based on a codesign approach.,https://pure.itu.dk/portal/da/projects/86579405-e35b-4553-9420-f491c6062b6e
b4ef82a3-4439-407f-9af5-6fe57334e27e,Eliteforsk Travel Grant,2020-01-01,2022-06-30,"Visiting scholar at the Institute for Money, Technology and Financial Inclusion",https://pure.itu.dk/portal/da/projects/b4ef82a3-4439-407f-9af5-6fe57334e27e
d6ffe763-6e77-49ea-9580-cc9f01b2e40d,Mobilitetsfonden EB,2024-05-01,2027-06-30,,https://pure.itu.dk/portal/da/projects/d6ffe763-6e77-49ea-9580-cc9f01b2e40d
11cd4029-d277-44f5-916f-71384fd8e8d6,Motivation for movement focused therapies in a metaVerse for Parkinson’s disease,2024-10-01,2025-09-30,"Parkinson’s disease (PD), the second-most prevalent neurodegenerative disease globally, is characterised by a range of motor and non-motor symptoms that affect function, independence and quality of life. Despite the known benefits of exercise and physical activity, research has found that people living with Parkinson’s disease are often less active and lonelier than the general population. To motivate exercise participation, access to options that are beneficial, enjoyable, inclusive and social are needed. However, barriers such as location, time constraints, resource challenges and a lack of transport or support can impede participation. Research has demonstrated the feasibility and perceived benefits of home-based physical exercise programs delivered via telehealth-based approaches. As digital technologies improve, and new telehealth related innovations become available and more affordable, there are opportunities to address some of the barriers in more informed ways. Anticipatory technology assessments can prove effective in creating a space in bringing together diverse disciplines from healthcare, technological science, technology governance and policy to collaborate in assessing the complexities of potential emerging applications. MotiVerseP is an approach that brings together a variety of experts to work on an anticipatory technology assessment for the use of the metaverse as a therapeutic virtual space for movement-focused therapies for people living with PD. Continuing with the potential benefits of digital technologies and applications for health the emerging innovation of the Web 4.0, Virtual-Worlds and metaverses are gaining more consideration as a potential high-value (therapeutic) strategy (WEF).",https://pure.itu.dk/portal/da/projects/11cd4029-d277-44f5-916f-71384fd8e8d6
0ae11a14-eed2-4bb8-a3e2-657776e7772c,Designing Evolvable Software Products,2006-07-01,2008-06-30,"Software kernels are used in the development of widely differing software products such as enterprise resource planning (ERP) systems, booking systems, game engines, content management systems for the World Wide Web, telecommunication infrastructure and simulation software. The software kernel encapsulates and provides core functionality, and each specific product is then developed by deploying and adapting this kernel. Software kernels encapsulate domain knowledge, and good kernels are seen as a clear competitive advantage. Flexible kernels increase application development productivity and the adaptability of applications.<br/><br/>The project goal is to contribute to more adaptable and durable software products. Scientifically this means to explore and contribute to an approach to software development that has evolved in practice but is not yet seriously taken up in the research community. By developing this knowledge we will be able to provide more relevant education at the ITU.<br/>",https://pure.itu.dk/portal/da/projects/0ae11a14-eed2-4bb8-a3e2-657776e7772c
8f5fad3c-1aee-432c-8ad4-77c851de79a5,NEXT generation Enterprise Resource Planning (ERP) systems,2001-07-01,2009-12-31,The over-all goal of the project is to develop softwarete chnology and methods for development of the next generation of business management systems for companies. These systems are often referred to as ERP systems (ERP: Enterprise Resource Planning) even though today they comprise much more than resource planning.,https://pure.itu.dk/portal/da/projects/8f5fad3c-1aee-432c-8ad4-77c851de79a5
445b877c-2def-4421-9ffd-1d072bdb81d2,BEFORE,2007-01-01,2008-12-31,,https://pure.itu.dk/portal/da/projects/445b877c-2def-4421-9ffd-1d072bdb81d2
e4d8b5ee-d587-4cb3-9bb7-048fa82923f3,Systemudvikling med rammesystemer - nye aspekter af analyse og modellering,2005-02-01,2009-04-01,,https://pure.itu.dk/portal/da/projects/e4d8b5ee-d587-4cb3-9bb7-048fa82923f3
d19f470d-b304-44f2-b5f0-e08d54bbabbc,GIRI,2009-01-01,2011-12-31,,https://pure.itu.dk/portal/da/projects/d19f470d-b304-44f2-b5f0-e08d54bbabbc
87b09ec4-7edb-49b6-ac7b-f3b9cf9e1fba,Lille Kat event 2024,2024-05-26,2024-12-31,Danish Data Science Academy (DDSA) supports Lille Kat event in 2024. ,https://pure.itu.dk/portal/da/projects/87b09ec4-7edb-49b6-ac7b-f3b9cf9e1fba
d6e92b00-b7c2-44f7-b96f-da3e9d8c7681,Collaborative Analytics for Reporting ESG (CARE) in Fintech,2022-01-01,2022-12-31,"The Fintech industry stands out as the fastest growing sector in Europe and an essential player for building a sustainable society. Commitments to Green Finance through Environmental, Social, and Corporate Governance (ESG) disclosure in investment decisions, have mobilised 35.3 trillion USD of green investment globally in 2020 and is expected to grow exponentially in the next decade. Nonetheless, ESG reporting creates two challenges for Fintech startups: 1) how to accomodate emerging and diverse ESG standards used by investors in their screening process; and 2) how to ensure that the data capabilities in Fintech startups are able to deal with the ESG reporting issues. <br/><br/>In the project CAREinFintech, we hypothesize that the lack of industry specific ESG reporting solutions and insufficient data capabilities among Fintech startups can be overcome by developing a Collaborative Data Analytics (CDA) method for the ESG reporting that is ecosystem driven and utilizes shared data capabilities across a Fintech cluster.  ",https://pure.itu.dk/portal/da/projects/d6e92b00-b7c2-44f7-b96f-da3e9d8c7681
19e2ba95-373f-4091-9ca6-3cef5331bacb,Integrated Data for ESG Analytics (IDEA) for Fintech,2023-02-01,2023-12-31,"For social, planetary and investment reasons, sustainability must underpin the next generation of financial innovation. The Fintech clusters have a unique opportunity to drive sustainable financial innovation as early adopters and incubators for Fintech startups. The collection and analysis of Environmental, Social, and Corporate Governance (ESG) Fintech data stands out as one of the primary tools for steering sustainable financial innovation. Nonetheless, to effectively use ESG data to steer sustainable financial innovation, a Fintech cluster needs to address three challenges. How to ensure: <br/> <br/>1. Added value for startups, clusters, investors and regulators <br/>2. Seamless and consistent implementation of ESG standards in Fintech cluster’s screening, incubation and communication processes <br/>3. Nimble data capabilities among startups that can handle the diverse and evolving ESG reporting requirements used by regulators, investors and customers <br/><br/>The project IDEAforFintech addresses these challenges by supporting the Fintech cluster Copenhagen Fintech and its member startups shape sustainable financial innovation. We do so by: <br/> <br/>1. implementing a set of ESG data collection and analytics tools, including a digital ESG checklist and an ESG compass both at a cluster level and for specific Fintech startups <br/>2. co-designing an integrated ESG data infrastructure that leverages cluster-level data infrastructure and existing financial reporting scheme ",https://pure.itu.dk/portal/da/projects/19e2ba95-373f-4091-9ca6-3cef5331bacb
2ca6fcc0-4e7d-4fb9-b4cb-12e19d6338cd,Samfinansieret PhD'er med KU - AI Pioneer Center,2022-10-01,2026-09-30,,https://pure.itu.dk/portal/da/projects/2ca6fcc0-4e7d-4fb9-b4cb-12e19d6338cd
d23173e1-923f-410d-b125-bca38d06a63e,International Conference of Computational Social Science,2023-02-01,2023-07-01,,https://pure.itu.dk/portal/da/projects/d23173e1-923f-410d-b125-bca38d06a63e
80123c3b-3ad3-4dc4-afa4-bba9b2a00fb0,International Conference on Computational Social Science,2023-02-01,2023-07-01,,https://pure.itu.dk/portal/da/projects/80123c3b-3ad3-4dc4-afa4-bba9b2a00fb0
18c62370-152c-4fae-8f67-6df3543a8491,International Conference on Computational Social Science,2023-02-01,2023-07-01,,https://pure.itu.dk/portal/da/projects/18c62370-152c-4fae-8f67-6df3543a8491
af6ccd35-879e-49c5-a7d1-b2c5b6aeb32d,Digital community building,2023-04-01,2025-09-01,"DIREC – Digital Research Centre Denmark is an independent, non-profit organization owned by the eight Danish universities and the Alexandra Institute.<br/><br/>It aims to accelerate digital research and innovation in Denmark, addressing the demand for digital skills and knowledge required by Danish industry, organizations, and society.",https://pure.itu.dk/portal/da/projects/af6ccd35-879e-49c5-a7d1-b2c5b6aeb32d
7bc64ab7-833b-4039-8629-2be2032f98de,Explainable,2021-03-02,2021-07-02,,https://pure.itu.dk/portal/da/projects/7bc64ab7-833b-4039-8629-2be2032f98de
e479a7db-8568-4a13-94d9-2f35abbdf2cb,Understanding Biases and Diversity of Big Data used for Mobility Analysis,2022-07-01,2023-07-01,,https://pure.itu.dk/portal/da/projects/e479a7db-8568-4a13-94d9-2f35abbdf2cb
27fa767d-574d-442f-8940-cf35f8a8d1e9,SuppDiver - Supporting Diversity via inclusive Teaching/Learning Activities,2021-01-01,2023-01-31,,https://pure.itu.dk/portal/da/projects/27fa767d-574d-442f-8940-cf35f8a8d1e9
41af0c4e-b311-4027-a76a-00f3ac2556f7,Digital Tech Summit 2022,2022-05-01,2022-12-30,,https://pure.itu.dk/portal/da/projects/41af0c4e-b311-4027-a76a-00f3ac2556f7
003a6d6c-9054-4bd9-b385-bda147487988,Digital Summit 2021,2021-07-01,2021-12-31,,https://pure.itu.dk/portal/da/projects/003a6d6c-9054-4bd9-b385-bda147487988
faea8981-d71e-45e2-8ed6-052110ceb865,VRAI - Workshop on Verifiable and robust AI ,2020-10-01,2023-12-31,,https://pure.itu.dk/portal/da/projects/faea8981-d71e-45e2-8ed6-052110ceb865
dd01444b-b5d9-4671-8b76-49c1f70993e6,Capacity Building,2020-10-01,2025-09-30,"DIREC – Digital Research Centre Denmark is an independent, non-profit organization owned by the eight Danish universities and the Alexandra Institute.<br/><br/>It aims to accelerate digital research and innovation in Denmark, addressing the demand for digital skills and knowledge required by Danish industry, organizations, and society.",https://pure.itu.dk/portal/da/projects/dd01444b-b5d9-4671-8b76-49c1f70993e6
4fd8ced5-f8bd-4a2a-8d7f-f566a10fc1ad,D-POP,2022-01-01,2024-12-31,"Formålet med D-Pop er at<br/><br/>markant udbrede kendskab til og interesse for problemløsning og programmering i Danmark<br/>markant forbedre færdighederne i problemløsning, programmering og samarbejde blandt deltagerne<br/>etablere et nationalt netværk af arrangører, problemforfattere, osv.<br/>stille en årlig højkvalitativ problemløsningsaktivitet til rådighed til undervisningsbrug",https://pure.itu.dk/portal/da/projects/4fd8ced5-f8bd-4a2a-8d7f-f566a10fc1ad
b13c33f0-dc63-455f-9726-40972e16c563,Entrepreneurship,2022-07-01,2025-09-30,"DIREC – Digital Research Centre Denmark is an independent, non-profit organization owned by the eight Danish universities and the Alexandra Institute.<br/><br/>It aims to accelerate digital research and innovation in Denmark, addressing the demand for digital skills and knowledge required by Danish industry, organizations, and society.",https://pure.itu.dk/portal/da/projects/b13c33f0-dc63-455f-9726-40972e16c563
7e748c78-05b0-401e-ab55-72f2670a4b45,Accountable Privacy Preserving Computation via Blockchain,2022-03-01,2025-09-30,"We will investigate how to combine secure multiparty computation and blockchain techniques to obtain more efficient privacy-preserving computation with accountability. Privacy-preserving computation with accountability <br/>allows computation on private data (without compromising data privacy), <br/>while obtaining an audit trail that allows third parties to verify that the computation succeeded or to identify bad actors who tried to cheat. <br/>Applications include data analysis (e.g. in the context of discrimination detection and bench marking) and fraud detection (e.g. in the financial and insurance industries). ",https://pure.itu.dk/portal/da/projects/7e748c78-05b0-401e-ab55-72f2670a4b45
76cb5d46-afe1-495d-af7a-8ab6befa08eb,SoftwareIn - Software Infrastructures for Teaching at Scale,2021-01-01,2025-09-30,,https://pure.itu.dk/portal/da/projects/76cb5d46-afe1-495d-af7a-8ab6befa08eb
cd1658f4-8302-49a8-9a71-d42f7168fc36,Verifiable and Safe AI for Autonomous Systems,2021-03-01,2025-09-30,"The rapidly growing application of machine learning techniques in cyber-physical systems leads to better solutions and products in terms of adaptability, performance, efficiency, functionality and usability.<br/>However, cyber-physical systems are often safety critical, e.g., self-driving cars or medical devices, and the need for verification against potentially fatal accidents is of key importance.<br/>Together with industrial partners, this project aims to develop methods and tools that will enable industry to automatically synthesize correct-by-construction and near-optimal controllers for safety critical systems within a variety of domains.",https://pure.itu.dk/portal/da/projects/cd1658f4-8302-49a8-9a71-d42f7168fc36
6579244b-f2f0-43d2-a419-cae006f71e89,Voting,2022-09-01,2025-10-01,"DIREC – Digital Research Centre Denmark is an independent, non-profit organization owned by the eight Danish universities and the Alexandra Institute.<br/><br/>It aims to accelerate digital research and innovation in Denmark, addressing the demand for digital skills and knowledge required by Danish industry, organizations, and society.",https://pure.itu.dk/portal/da/projects/6579244b-f2f0-43d2-a419-cae006f71e89
0e9af4b1-d32c-4430-8ac0-1b76bc145672,PhD. School,2020-10-01,2025-09-30,"DIREC – Digital Research Centre Denmark is an independent, non-profit organization owned by the eight Danish universities and the Alexandra Institute.<br/><br/>It aims to accelerate digital research and innovation in Denmark, addressing the demand for digital skills and knowledge required by Danish industry, organizations, and society.",https://pure.itu.dk/portal/da/projects/0e9af4b1-d32c-4430-8ac0-1b76bc145672
a11222fb-5ac7-4223-b52c-e9ad461f9384,Edge-based,2021-03-01,2024-09-01,"DIREC – Digital Research Centre Denmark is an independent, non-profit organization owned by the eight Danish universities and the Alexandra Institute.<br/><br/>It aims to accelerate digital research and innovation in Denmark, addressing the demand for digital skills and knowledge required by Danish industry, organizations, and society.",https://pure.itu.dk/portal/da/projects/a11222fb-5ac7-4223-b52c-e9ad461f9384
a907479e-4af4-4eff-b304-6af4afbc9294,LearnTech - Learning Technology for Improving Teaching Quality at Scale,2021-02-01,2025-09-30,,https://pure.itu.dk/portal/da/projects/a907479e-4af4-4eff-b304-6af4afbc9294
dfe2d0c1-43a4-4c48-a826-249843db5780,OnlineAlgo,2022-09-01,2025-10-01,,https://pure.itu.dk/portal/da/projects/dfe2d0c1-43a4-4c48-a826-249843db5780
a4eefe5d-08f9-41dd-9a3d-f5f76bafc694,Bias and Benefit of Approximate Nearest Neighbor Search,2022-08-01,2025-10-01,"DIREC – Digital Research Centre Denmark is an independent, non-profit organization owned by the eight Danish universities and the Alexandra Institute.<br/><br/>It aims to accelerate digital research and innovation in Denmark, addressing the demand for digital skills and knowledge required by Danish industry, organizations, and society.",https://pure.itu.dk/portal/da/projects/a4eefe5d-08f9-41dd-9a3d-f5f76bafc694
b4fec4cc-f92f-422a-b236-e6dab6e72eaf,Algorithms education via animation videos,2022-09-01,2025-09-30,"Lectures on algorithms traditionally consist of blackboard/slide talks and reading material. This mode however need not be optimal for all students: Several highly popular YouTube channels for mathematics and other scientific content (e.g., 3blue1brown, Numberphile, Veritasium) with millions of views indicate that learners may respond very positively to professionally produced educational videos. This project aims at creating and evaluating an initial library of such videos to supplement teaching in algorithms.",https://pure.itu.dk/portal/da/projects/b4fec4cc-f92f-422a-b236-e6dab6e72eaf
52a01177-cd06-419b-bd2e-ea8d358a7f44,REWORK,2022-01-01,2024-12-31,"DIREC – Digital Research Centre Denmark is an independent, non-profit organization owned by the eight Danish universities and the Alexandra Institute.<br/><br/>It aims to accelerate digital research and innovation in Denmark, addressing the demand for digital skills and knowledge required by Danish industry, organizations, and society.",https://pure.itu.dk/portal/da/projects/52a01177-cd06-419b-bd2e-ea8d358a7f44
1dc28a98-76d2-49ed-955e-11f59c130716,Detecting heart rate in mice,2024-12-01,2025-11-30,,https://pure.itu.dk/portal/da/projects/1dc28a98-76d2-49ed-955e-11f59c130716
9ed2246a-5bd3-4fcd-95fd-2d69d4f4729f,AUFF ph.d.-pris,2011-05-27,2013-12-31,,https://pure.itu.dk/portal/da/projects/9ed2246a-5bd3-4fcd-95fd-2d69d4f4729f
b2c524ac-7511-4809-99bc-be9ddc9444d9,Exakta algoritmer,2008-01-01,2011-12-31,,https://pure.itu.dk/portal/da/projects/b2c524ac-7511-4809-99bc-be9ddc9444d9
eb843412-29ec-4b75-b260-b32631e4bfd7,Ambient Interactive Remote Gaze,2011-03-01,2011-10-25,,https://pure.itu.dk/portal/da/projects/eb843412-29ec-4b75-b260-b32631e4bfd7
50b2aeeb-d601-4db9-bce7-323cc0e9bd1b,Atmosfære til koncerter,2013-12-01,2014-06-30,"Danske bands spiller, tiltagende, på mange forskellige typer og størrelser af scener, hvilket gør det svært have et passende setup der kan give publikum en optimal oplevelse. Der findes professionelle lydmænd der kan sørge for den rette lyd, men der opstår problemer når publikum skal nyde hele atmosfæren ved koncerten, altså de tilfælde hvor bandet svært ved at ”fylde scenen ud”. Dette problem handler ikke om lyd, men om andre af de aktiviteter, der foregår på scenen under en koncert og som medvirker til at skabe en medrivende stemning og en totaloplevelse hos publikum.Som eksempel på, hvor forskellige publikumsstørrelser bands står overfor, kan nævnes at et band fx kan spille både på Nemoland med en maksimal kapacitet på 500 publikum og P3 teltet på Danmarks Smukkeste Festival der kan holde op til 5.000 tilhørere. I disse meget forskellige situationer påhviler ansvaret for at ”fylde scenen ud” bandet. Det er bandet, der skal sørge for, at publikum får en totaloplevelse. Derfor har mange bands fx deres egen lysmand; men det er ikke altid nok.Da mange upcoming bands på den danske musikscene oplever disse problemer, giver det god mening at udvikle mulighederne for at bands kan give publikum en bedre oplevelse. Det er her oplagt at bruge teknologi til at skabe flere muligheder for realtime-interaktion mellem publikum og hele koncertoplevelsen, end dem der findes i dag. Det er med dette afsæt projektdeltagerne ønsker at søsætte nærværende projekt.I projektet ønsker vi at arbejde med at forbedre koncertoplevelsen, således at publikum får en god oplevelse lige meget hvilken type scene bandet står på.Mere konkret vil vi udvikle en prototype der, ved hjælp af eksisterende teknologier som lamper, bevægelsessensorer og wearables, kan integreres i musikernes egneafviklingssystemer. Som eksempel kan man forestille sig en ballon der lyser i takt med musikken og bevæger sig rundt i lokalet, på baggrund af publikums opførsel, enten i form af deres lydniveau eller deres bevægelser i salen. Men der kan også komme andre løsninger på tale; det vil være op til projektets første konceptudviklingsfase, at nå frem til netop dette.Formålet med denne prototype er at give publikum en unik oplevelse hver gang og understøtte kunstnernes udtryk og kommunikation med publikum.",https://pure.itu.dk/portal/da/projects/50b2aeeb-d601-4db9-bce7-323cc0e9bd1b
77015c95-ed26-4bb4-bfc6-15bd77d89d45,Adaptive location aware gaming,2011-03-01,2012-02-29,"Augmented reality games have the possibility to heighten immersion<br/>through extending gameplay from the computer screen to the physical<br/>world. This game design concept has applications not only in<br/>entertainment gaming, but also in serious and persuasive games, and<br/>can even contribute to a healthier lifestyle through involving<br/>physical movement in gameplay.<br/><br/>The Danish start-up company ""GamesOnTrack"" has an innovative tracking<br/>technology that makes it possible to locate devices with high accuracy<br/>in a physical space. The devices that are located can be played in<br/>moving toys e.g. cars, trains and small robots. This project aims to<br/>build engaging, interactive games around this low-cost tracking<br/>system, with the ultimate aim of commercializing the resulting<br/>technology as a combined toy/game concept. In particular, we will<br/>investigate racing-like game scenarios where the tracks/levels are<br/>defined partially by physical objects, and the gameplay takes place<br/>simultaneously in physical and virtual worlds.",https://pure.itu.dk/portal/da/projects/77015c95-ed26-4bb4-bfc6-15bd77d89d45
0af0ce4f-b2e6-4dd0-ad87-0a6d6b067572,GTTSE/SLE Students' workshop Best Presentation Award,2012-10-17,2013-09-12,,https://pure.itu.dk/portal/da/projects/0af0ce4f-b2e6-4dd0-ad87-0a6d6b067572
b9c622f6-c59d-43fb-950e-e15b2e0fe6e3,Cross-cultural explorations of ICT products for physical rehabilitation,2010-03-24,2011-09-20,The project aims to explore common ground between the Indian and Danish perspective on the design of ICT based products for the support of physical rehabilitation. The activities within the project are two workshops in India (October and November 2010) and one workshop/meeting in Denmark.,https://pure.itu.dk/portal/da/projects/b9c622f6-c59d-43fb-950e-e15b2e0fe6e3
ef86300b-7f5c-4588-80c2-7b3f14808f70, Global Software: Collaborative practices and technologies,2010-03-24,2010-12-01,"The project aims to consolidate collaboration between ITU, Kyoto University, the Indian Institute of Management in Bangalore (IIMB) and the Indian Institute of Technology in Chennai (IITM) in order to initiate a more long term research project focusing on the global collaborative practices related to design and use of global software.",https://pure.itu.dk/portal/da/projects/ef86300b-7f5c-4588-80c2-7b3f14808f70
80d639a7-da33-4a47-9688-f720c1cbd4e1,Gaze interaction for people with ALS,2010-03-24,2010-12-01,"People with the severe disability Amytrofic Lateral Slerosis (ALS) are only able to move their eyes. They have full cognitive functions but cannot communicate or use an ordinary computer. Commercial systems that can be used for gaze interaction with computers are very costly - more than 100,000 DKK. The IT University of Copenhagen has developed a low cost gaze communication system in close collaboration with The Royal School of Library and Information Science, Copenhagen, and Tokyo Institute of Technology. The system is available in Danish, Japanese and English language versions.<br/><br/>The purpose of the project is to conduct field test of this new free-ware gaze tracking system that can be used with a standard web-camera and with a video projector. Field trials will be done with both Danish and Japanese ALS patients at home or at hospitals.<br/><br/>At present, communication with ALS patients is often limited to inefficient “yes/no” signalling (e.g. with eye blinks or eyes up or eyes down etc.) if there is any communication at all. The proposed communication platform will enable the otherwise locked-in patients to communicate, and possibly at speeds as fast as 10 words per minute. <br/><br/>Reliable and efficient communication between the medical staff, caretakers and the patient can improve patient safety during intensive care, examination and medical treatment as well as the patients’ overall quality of life.",https://pure.itu.dk/portal/da/projects/80d639a7-da33-4a47-9688-f720c1cbd4e1
169f31dc-061f-48b1-9f65-9bc981a564d2,Serious Games on a Global Market Place,2007-07-01,2011-12-31,,https://pure.itu.dk/portal/da/projects/169f31dc-061f-48b1-9f65-9bc981a564d2
fb3d37e6-ac9a-4fea-b16b-0d7a9092dedb, Interaktive træningsteknologier i diagnosespecifik genoptræning,2010-08-01,2011-01-31,,https://pure.itu.dk/portal/da/projects/fb3d37e6-ac9a-4fea-b16b-0d7a9092dedb
378dcd42-6b4a-4aea-a5e1-6976fe72f5d7,Co-financed PhD scholarships for the FIRST Research School,2009-01-01,2013-08-15,,https://pure.itu.dk/portal/da/projects/378dcd42-6b4a-4aea-a5e1-6976fe72f5d7
de7a9965-2965-4871-ac4f-6ec5a4aa5a13,Implementering af teknologi til mennesker med handicap,2008-01-01,2012-01-03,,https://pure.itu.dk/portal/da/projects/de7a9965-2965-4871-ac4f-6ec5a4aa5a13
4b5236c0-5bd1-4b99-b81a-23ae945ec5ce,BRUGERDREVEN MOBIL COMMUNITY,2008-01-01,2009-03-31,"Danskerne bruger i stigende grad sociale netværkssites på Internetet til at holde kontakten til hinanden. Ved hjælp af Linkedin, Groupcare, Myspace, Facebook og lignende fastholder vi kontakt med hinanden, udveksler indhold, meninger og følelser og skaber nye fælles rum. Men endnu er der ingen der med succes har løst denne opgave med vores primære kontaktværktøj: Mobiltelefonen.<br/><br/><b>FORHINDRINGER</b><br/>Brugerne ønsker at opnå optimale muligheder for at holde kontakt med alle deres venner og kontakter via mobilen, men der er en række forhindringer i markedet for at en betydelig migration fra sms til mere fleksible og multifunktionelle løsninger kommer til at ske. Fokus på udviklingen af avancerede mobilløsninger i mobilbranchen er især forankrede i det teknisk mulige og i langt mindre grad i brugerbehov og ønsker. Udviklerne har ikke brugerne, herunder lead users, med i innovationsprocessen. Prisen på datatrafik er en af de afgørende barrierer; det er p.t. for dyrt og brugerne kan ikke gennemskue hvad det koster at bruge de avancerede mobilservices. Med andre ord er der endnu ikke etableret velfungerende forretningsmodeller mht. mobildata. Det er bl.a. for teknisk kompliceret og tidskrævende for brugerne at arbejde med flere sites på mobilen, ligesom indholdsudbuddet er relativt snævert og desuden er præget af utilstrækkeligt udviklede brugergrænseflader i lyset af den lille skærms begrænsning. Dette øger kompleksiteten og medfører mange klik, hvilket minimerer eller endda fjerner den værdi brugerne opnår ved tjenesten. Endeligt udvikles der lukkede løsninger, der kun fungerer hos én udbyder eller én type mobiltelefon i stedet for at tage udgangspunkt i brugernes situationsbestemte behov. <br/><br/><b>VORES LØSNING</b><br/>Målet er at udvikle en hel ny mobilfunktionalitet med tilhørende forretningsmodel. Brugerne af dette nye tilbud vil opleve, at de via den nye service vil kunne tilgå deres eksisterende online netværker mobilt. Hvis man for eksempel holder styr på sine forbindelser via Linkedin og hygger sig med vennerne på onlinecommunitiet SKUM, kan man tilgå og holde styr på det hele i en og samme mobilfunktion. På Internettet dækker brugerne deres sociale netværksbehov på flere forskellige specialiserede sites. Målet med projektet er at samle brugernes sociale netværk i en samlet oplevelse på mobiltelefonen, som maksimerer værdien og minimerer besværet med at tjekke de mange sites. Brugerne defineres i udviklingsprojektets kontekst som 13-24 årige danske mobilbrugere, men den potentielle målgruppe omfatter mobilbrugere på tværs af alder og interesser. Netværket er åbent, sådan at kommende sociale netværk på internettet hurtigt kan komme på tjenesten og udvide til brugere i mobilsfæren. Hver gang en ny tjeneste kobler sig op, stiger mængden af mulige forbindelser og dermed værdien af netværket. Dermed opnås en løsning som er dynamisk og kontinuerligt tidssvarende, idet den følger med de hastige forandringsprocesser markedet løbende gennemgår. Til tjenesten vil vi udvikle en tilhørende forretningsmodel, der sikrer at brugerne ikke fravælger tjenesten fordi de ikke kan gennemskue omkostninger og aftaler i forbindelse med brugen.",https://pure.itu.dk/portal/da/projects/4b5236c0-5bd1-4b99-b81a-23ae945ec5ce
11832926-e61e-47f3-8fd8-5813ec4a6360,Udvikling af hybrid optimeringsalgoritme,2008-01-01,2012-07-06,,https://pure.itu.dk/portal/da/projects/11832926-e61e-47f3-8fd8-5813ec4a6360
0adf7ff7-24b4-431c-a162-26e0414fcae7,Political Culture and New Media Use in the Nordic Countries,2008-08-01,2008-11-26,,https://pure.itu.dk/portal/da/projects/0adf7ff7-24b4-431c-a162-26e0414fcae7
f106c784-f371-4ef8-8299-babd4c010f18,Computer Supported Mobile Adaptive Business Processes,2007-01-01,2012-10-01,,https://pure.itu.dk/portal/da/projects/f106c784-f371-4ef8-8299-babd4c010f18
1c4ff755-a82b-4cc6-b672-6b852fe2bc8c,SPOringsteknologiske Person-og Operatør Services,2006-07-01,2009-06-30,,https://pure.itu.dk/portal/da/projects/1c4ff755-a82b-4cc6-b672-6b852fe2bc8c
82e93f7b-a1dd-4319-8f99-02f2f96dc327,Kompetencecenter for Oplevelsesindustrien,2006-04-01,2010-10-27,,https://pure.itu.dk/portal/da/projects/82e93f7b-a1dd-4319-8f99-02f2f96dc327
061dd7d9-61b9-4f58-a036-47cb615f81bc,Initiatives to improve recruitment and retention of IT students,2022-01-01,2023-12-31,,https://pure.itu.dk/portal/da/projects/061dd7d9-61b9-4f58-a036-47cb615f81bc
84924eba-a5e1-42b6-b18b-2f685676d71d,Calculi for Mobile Security,2006-01-01,2010-03-22,,https://pure.itu.dk/portal/da/projects/84924eba-a5e1-42b6-b18b-2f685676d71d
edfaf84b-1454-431a-b02a-2394a0a4f9d9,Communication by Gaze Interaction,2004-09-01,2009-12-15,,https://pure.itu.dk/portal/da/projects/edfaf84b-1454-431a-b02a-2394a0a4f9d9
7082913b-8a82-446f-8fe4-04c41244409e,Healthcare IT,2006-10-01,2008-04-01,,https://pure.itu.dk/portal/da/projects/7082913b-8a82-446f-8fe4-04c41244409e
1f92ae6e-8c75-4dba-8c4a-2ce17bceebda,Context-dependent Mobile Communication,2004-08-01,2009-03-01,,https://pure.itu.dk/portal/da/projects/1f92ae6e-8c75-4dba-8c4a-2ce17bceebda
e1f135eb-7e63-4733-8167-57273dd80d8e,IT-arkitektur,2006-06-01,2007-08-01,,https://pure.itu.dk/portal/da/projects/e1f135eb-7e63-4733-8167-57273dd80d8e
12c90907-f3d3-4291-9a3d-bbe379414db3,Little China,2010-03-01,2011-02-28,,https://pure.itu.dk/portal/da/projects/12c90907-f3d3-4291-9a3d-bbe379414db3
314d4a39-5657-4cbf-8e60-58e8acce5419,Small Language Models Allignment and Safety,2024-11-01,2027-10-31,,https://pure.itu.dk/portal/da/projects/314d4a39-5657-4cbf-8e60-58e8acce5419
b9a16db3-8a13-4c52-bc2f-a0eb42bfae3d,Teaming up a quadruped robot with a drone for active inspections in large industrial settings,2024-06-01,2028-05-31,,https://pure.itu.dk/portal/da/projects/b9a16db3-8a13-4c52-bc2f-a0eb42bfae3d
ac16388c-b812-4435-9f7d-8e07f2179828,Reducing hallucinations in Medical QA,2024-09-01,2027-08-31,NLP for medical domain,https://pure.itu.dk/portal/da/projects/ac16388c-b812-4435-9f7d-8e07f2179828
7c8c52ab-580b-470e-b0b6-99524904f146,Samfinansieret ph.d. Politiet,2024-08-15,2028-08-14,,https://pure.itu.dk/portal/da/projects/7c8c52ab-580b-470e-b0b6-99524904f146
ad27f833-ae52-4174-8764-712393b01fb0,Foundation of flexible distributed workflow processes,2008-01-01,2010-12-31,Samfinansierede ph.d.'er med FI,https://pure.itu.dk/portal/da/projects/ad27f833-ae52-4174-8764-712393b01fb0
f47672c7-72ab-4e34-b2cd-0146efbe8d2c,IT-procesunderstøttelse i hospitalssektoren,2005-09-01,2010-05-11,Co-financed PhD scholarship for the FIRST Research School,https://pure.itu.dk/portal/da/projects/f47672c7-72ab-4e34-b2cd-0146efbe8d2c
fd9c5073-c837-4383-afa9-f3dfa0015b1a,Samarbejde med KMD,2003-01-01,2007-10-25,,https://pure.itu.dk/portal/da/projects/fd9c5073-c837-4383-afa9-f3dfa0015b1a
3b67b1fc-9782-406f-996d-551dedfd2f6d,Architecting Government: Understanding Enterprise Architecture Adoption in the Public Sector ,2004-01-01,2010-12-31,,https://pure.itu.dk/portal/da/projects/3b67b1fc-9782-406f-996d-551dedfd2f6d
b3ff97c9-e965-4228-82d6-11d02c1beb1d,Talent@IT,2003-01-01,2008-12-31,,https://pure.itu.dk/portal/da/projects/b3ff97c9-e965-4228-82d6-11d02c1beb1d
59335505-5854-4e08-a0d0-37101343be37,DDSA Visit Grant,2024-09-01,2024-11-01,Funded by Danish Data Science Academy (DDSA),https://pure.itu.dk/portal/da/projects/59335505-5854-4e08-a0d0-37101343be37
46656e52-d2b4-4f57-b0b9-d9b3201e1c31,User Supportive Embedded Configuration,2004-10-01,2009-12-31,,https://pure.itu.dk/portal/da/projects/46656e52-d2b4-4f57-b0b9-d9b3201e1c31
fe7ec58e-1c0f-4e05-8273-10cbabdaf450,Computer Aided Assessment of COPD from CT Images,2007-01-01,2010-02-28,"Dette projekt bringer forskere i digital billedanalyse, medicin og pharmakologi sammen om at forbedre metoderne til diagnostik, karakterisering og behandling af patienter med rygerlunger (KOL). Metoder til at karakterisere KOL og emfysemer udvikles på baggrund af CT scanninger. Disse metoder sammenlignes med andre biomarkører baseret på blod- og urinprøver og sættes i relation til patientens sygdomsudvikling. Herved kan metodernes prædiktive værdi fastslås og forfines således, at en mere fintmasket diagnose kan stilles. Resultatet af en behandling kan derved bedre forudses, så den bedste kan vælges til den enkelte patient. Projektet anvender lavdose CT skanninger optaget med henblik på vurdering af effekten af screening for lungecancer på Gentofte Sygehus. De billeddiagnostiske metoder udvikles af forskere ved IT Universitetet i København, og den kliniske vurdering af behandling foretages af AstraZeneca.",https://pure.itu.dk/portal/da/projects/fe7ec58e-1c0f-4e05-8273-10cbabdaf450
797a02d4-1053-41ba-866a-e2bb90167ccf,Natural Image Sequence Analysis,2006-01-01,2008-12-31,,https://pure.itu.dk/portal/da/projects/797a02d4-1053-41ba-866a-e2bb90167ccf
bf99b204-773a-4c75-9dd4-96b51aa83ba7,Det Højteknologiske Netværk SundhedsITnet,2008-01-01,2009-12-31,,https://pure.itu.dk/portal/da/projects/bf99b204-773a-4c75-9dd4-96b51aa83ba7
a3b4f642-b6d4-4cb6-9ea9-25e28fff5c46,Efficient String Matching Through Word-Level Parallelism,2008-02-01,2010-01-01,,https://pure.itu.dk/portal/da/projects/a3b4f642-b6d4-4cb6-9ea9-25e28fff5c46
58f5d22f-3267-4479-aa0d-5095b2678d6a,Open-Source Design and Development of Persistent Game World,2004-06-01,2008-12-31,,https://pure.itu.dk/portal/da/projects/58f5d22f-3267-4479-aa0d-5095b2678d6a
e87d4b54-5718-4ac5-9c07-918fc0ac0968,Digital Arts and Culture Conference 2005,2005-01-01,2006-11-28,,https://pure.itu.dk/portal/da/projects/e87d4b54-5718-4ac5-9c07-918fc0ac0968
f65afc70-5b3a-4ded-bed6-9d48c66b74e9,Att lekfullt utforska vår data,2014-01-01,2014-12-31,,https://pure.itu.dk/portal/da/projects/f65afc70-5b3a-4ded-bed6-9d48c66b74e9
9a2bbbe4-4f28-4cd4-98a7-f4eb2bd8b816,Death Online,2014-01-01,2020-12-31,,https://pure.itu.dk/portal/da/projects/9a2bbbe4-4f28-4cd4-98a7-f4eb2bd8b816
6a664167-2eaa-4cc9-a50a-07c11c039742,Summer School,2016-01-01,2016-12-31,,https://pure.itu.dk/portal/da/projects/6a664167-2eaa-4cc9-a50a-07c11c039742
2fac8237-561a-4362-a9f5-9b5c67eba00a,De Danske Cybermesterskaber 2025-2027,2024-11-01,2027-10-31,,https://pure.itu.dk/portal/da/projects/2fac8237-561a-4362-a9f5-9b5c67eba00a
634defb0-a220-4b9c-a78f-cc184037466a,Optimering af Danmarks Cybernødberedskab,2024-11-01,2026-10-31,"The research project focuses on emergency response in case of large-scale attacks on critical infrastructure such as communications, energy or transportation sector. Such attacks are a common target in cyber warfare, as illustrated by recent attacks in Ukraine conducted by Russia, as well as attacks in Denmark and other EU countries by hacker groups affiliated with Russia. The aftermath of these attacks often results in civilian harms, such as inability to access critical services. The main research question of this project is: how to establish mechanisms and procedures for emergency response that supports the population in case of such an attacks (e.g. providing them with guidelines and fallback mechanisms to minimize harms) that are effective for reaching the entire population.",https://pure.itu.dk/portal/da/projects/634defb0-a220-4b9c-a78f-cc184037466a
1537cd78-7325-4654-b0c2-5d0969a1d5a2,Robust AI Algorithms for Network Traffic Analysis,2024-11-01,2026-10-31,,https://pure.itu.dk/portal/da/projects/1537cd78-7325-4654-b0c2-5d0969a1d5a2
2166f99a-dd86-417c-9900-d7d8ec9a5fce,Work2Vec,2024-11-01,2027-10-31,Using deep learning to estimate healthcare costs related to working hours.<br/>Samfinansieret PhD med NFA,https://pure.itu.dk/portal/da/projects/2166f99a-dd86-417c-9900-d7d8ec9a5fce
10a17a19-1599-42ef-bf4a-3c4712ea29c6,A framework for using Generative AI to collect large-scale qualitative interview data,2024-11-01,2027-10-31,"computational social science, NLP",https://pure.itu.dk/portal/da/projects/10a17a19-1599-42ef-bf4a-3c4712ea29c6
17f194cc-53d3-4cd7-95ef-13587882768e,IT Operating Models ,2024-11-01,2027-10-31,"IT operating models refer to how an IT organizations organize their work to create value for customers and users. The past few decades have seen dramatic changes in IT operating models, including the adoption of agile practices, DevOps team structures and automation practices, and new sourcing models including cloud computing and digital ecosystems.<br/>Existing research has examined choices in each of these areas and their effects on outcomes (e.g., speed, reliability, costs) in isolation. However, these choices are rarely made in isolation. Thus, there is limited research-based normative guidance to organizations on how to configure their operating models in such way that it fits the organization’s contextual factors and the outcomes that matter most to the organizations. In this project, we address this gap by conducting a configurational analysis based on case study and survey data to explore: How do configurations of IT operating model choices and of context factors affect key outcomes of IT operating models, including speed, reliability, and costs? To support the transfer of our findings to the industry, we will build, based on our empirical findings, a decision support infrastructure that enables managers to choose and reflect on IT operating models which fit their organizational context factors and the organization’s prioritized outcome dimensions.",https://pure.itu.dk/portal/da/projects/17f194cc-53d3-4cd7-95ef-13587882768e
bb67840b-2925-4c4f-8dc7-70461c518b22,Practical Visual Odometry for Underwater Robots,2024-11-01,2027-10-31,The idea is to develop a camera-based localization procedure for underwater robots to the point where EIVA can sell it as a software product to robotics companies.,https://pure.itu.dk/portal/da/projects/bb67840b-2925-4c4f-8dc7-70461c518b22
f7764606-bd49-458c-b2f1-c4ba99bdf3e2,"ML Project Success: Knowledge Overlap, Iterative Development, and Machine Learning Project Success",2024-12-01,2025-02-28,Information systems RQ: How does knowledge overlap affect the success of machine learning development projects?,https://pure.itu.dk/portal/da/projects/f7764606-bd49-458c-b2f1-c4ba99bdf3e2
808b4113-1e7f-4fef-b1dd-fb6290801fa8,EnJUSTICE - Transformative environmental justice ,2024-12-31,2028-12-31,"The project aspires to bring the voices of excluded/marginalized communities (including Indigenous and grassroots local communities) in Greenland, Lithuania, and Sápmi into the Nordic-Baltic green transition strategy debate. <br/><br/>We will partner with Indigenous and local grassroots communities in Greenland, Lithuania, and Sápmi to understand how their struggles for environmental justice may inform one another and help the Nordic approach to green transition into a holistic understanding of environmental justice informed by community-based and decolonial action.<br/><br/>TRANSJUSTICE aims to bring to the fore historically under-represented voices of local communities in the just transition debate, foregrounding their historically<br/>tried justice practices, facilitating their direct knowledge exchange and building a solid evidence base of transformative environmental justice practices that together can help stir the Nordic-Baltic Green Transitions strategy toward a more community-based and sustainable direction.",https://pure.itu.dk/portal/da/projects/808b4113-1e7f-4fef-b1dd-fb6290801fa8
08bc731f-9eaa-4b49-be28-d23ca221ba6d,Towards full-stack security,2025-01-01,2026-12-31,long-term goal: full-stack security (software and hardware). short-term goal: provide means of writing software that is secure from network side-channels.,https://pure.itu.dk/portal/da/projects/08bc731f-9eaa-4b49-be28-d23ca221ba6d
dc733cc9-d349-4d71-a766-e33e27e63bbc,Open Data Management for Scientific Innovation,2025-01-01,2028-12-31,Data management systems,https://pure.itu.dk/portal/da/projects/dc733cc9-d349-4d71-a766-e33e27e63bbc
4364ccfc-6289-4d3c-aeca-4aed26e11161,Rekvireret forskning,2016-11-20,2017-03-31,,https://pure.itu.dk/portal/da/projects/4364ccfc-6289-4d3c-aeca-4aed26e11161
fbedcc2a-4be9-4d0c-835e-b2ce1ab7a194,DISCO Redux,2024-08-01,2027-07-31,,https://pure.itu.dk/portal/da/projects/fbedcc2a-4be9-4d0c-835e-b2ce1ab7a194
20a8720a-ab29-4536-a64b-2d33d851280d,Resource-Constrained Embedded Systems,1999-07-01,2005-05-26,"Embedded software is found in most modern electronic and electrical products which are increasingly being controlled by microprocessors. Examples range from very simple controllers in household appliances to highly complex software in cars and airplanes.<br/><br/>This project aims to provide the insight, design methods, and prototype tools needed for developing high-quality (efficient, correct, and reliable) resource-constrained embedded software.<br/><br/>The project focuses on embedded software controlling applications with severe resource constraints. Embedded microprocessors often have moderate CPU power and limited memory. One reason is that most mobile and hand-held embedded systems are battery powered, making power consumption a main concern.<br/><br/>Embedded software is typically firmware, which is difficult or impossible to replace, so it must work correctly from the outset. But this is hard to achieve because embedded systems are highly reactive and have hard real-time constraints.<br/><br/>In this project we aim to give developers of embedded software the ability to work at a higher level of abstraction while maintaining efficiency and remaining in control of the details. To do this we will develop domain-specific high-level languages for description of embedded systems, and analysis tools based on algorithms developed by us in previous projects.<br/><br/>The project was funded by the Danish Research Councils via the Information Technology Programme.",https://pure.itu.dk/portal/da/projects/20a8720a-ab29-4536-a64b-2d33d851280d
d9d3ea5e-ed60-4d82-82b6-9017dc6b92a3,DIWA,2002-01-01,2005-12-31,,https://pure.itu.dk/portal/da/projects/d9d3ea5e-ed60-4d82-82b6-9017dc6b92a3
8523d2b6-9ed3-452f-ac63-c53040a8206c,Øjenstyret IT,2002-01-01,2003-12-31,,https://pure.itu.dk/portal/da/projects/8523d2b6-9ed3-452f-ac63-c53040a8206c
a7c5c16c-c01a-4773-954c-1f39787f5166,IDAK,2005-01-01,2009-12-31,,https://pure.itu.dk/portal/da/projects/a7c5c16c-c01a-4773-954c-1f39787f5166
9b133c2b-08b5-4040-8e89-fd42ee369571,Computing Natural Shape,2005-01-01,2005-12-31,,https://pure.itu.dk/portal/da/projects/9b133c2b-08b5-4040-8e89-fd42ee369571
06c016b6-850d-4a36-8010-8b2faf231eb8,Effektive databasesystemer,2000-01-01,2002-12-31,,https://pure.itu.dk/portal/da/projects/06c016b6-850d-4a36-8010-8b2faf231eb8
55a7c4d9-6648-4ef6-82ed-d5f0e32d6001,Reasoning about Resources,2002-01-01,2005-12-31,,https://pure.itu.dk/portal/da/projects/55a7c4d9-6648-4ef6-82ed-d5f0e32d6001
7e3d6279-7542-48f4-afed-077e59ff8ae0,Deep Structure,2005-01-01,2005-12-31,,https://pure.itu.dk/portal/da/projects/7e3d6279-7542-48f4-afed-077e59ff8ae0
33e1536f-bfcc-414e-a2c1-7186bfda14be,Selvbetjeningssystemer,2002-01-01,2005-12-31,,https://pure.itu.dk/portal/da/projects/33e1536f-bfcc-414e-a2c1-7186bfda14be
8f8b82ae-fa94-45fd-a104-f005183079b3,Computational vision,2002-01-01,2005-12-31,,https://pure.itu.dk/portal/da/projects/8f8b82ae-fa94-45fd-a104-f005183079b3
df30eb20-b0c1-475a-ad68-250168d9bd26,Young Green Network,2002-01-01,2005-12-31,,https://pure.itu.dk/portal/da/projects/df30eb20-b0c1-475a-ad68-250168d9bd26
46057aef-7867-42c5-870e-ae7197e6b289,Algoritmisk bioinformatik,2002-01-01,2005-12-31,,https://pure.itu.dk/portal/da/projects/46057aef-7867-42c5-870e-ae7197e6b289
6a05d5e3-9ddb-4394-81cd-3238b94386b3,CSCW,2002-01-01,2006-12-31,,https://pure.itu.dk/portal/da/projects/6a05d5e3-9ddb-4394-81cd-3238b94386b3
88836133-da63-48e6-bd22-656e210e9f2e,Videnskabscaféen,2002-01-01,2005-12-31,,https://pure.itu.dk/portal/da/projects/88836133-da63-48e6-bd22-656e210e9f2e
a59042b0-96a6-4d28-99af-29e6f3c5835f,"The inception, design and development of the GazeTalk system—an Augmentative and Alternative Communication (AAC)",2002-01-01,2006-12-31,,https://pure.itu.dk/portal/da/projects/a59042b0-96a6-4d28-99af-29e6f3c5835f
4257871d-a10c-41c9-8a99-c8735f3449d5,DSSV,2004-01-01,2007-12-31,,https://pure.itu.dk/portal/da/projects/4257871d-a10c-41c9-8a99-c8735f3449d5
bc0e8e8b-f332-4a34-a4c9-3a73636237b7,CIT 313 Location-based,2003-01-01,2006-12-31,,https://pure.itu.dk/portal/da/projects/bc0e8e8b-f332-4a34-a4c9-3a73636237b7
844f4654-4ffd-4236-a8bd-a66ae3f63cf2,Crossroads,2003-01-01,2003-12-31,,https://pure.itu.dk/portal/da/projects/844f4654-4ffd-4236-a8bd-a66ae3f63cf2
d5ea6fad-b6b4-4988-a532-3ef6970cfc80,CIA-CIT,2002-01-01,2007-12-31,,https://pure.itu.dk/portal/da/projects/d5ea6fad-b6b4-4988-a532-3ef6970cfc80
47a84aee-565d-42b8-acfb-db739860a63d,CIA-CCBR,2005-01-01,2008-12-31,,https://pure.itu.dk/portal/da/projects/47a84aee-565d-42b8-acfb-db739860a63d
f9867043-4bc3-4575-90d0-c3920088756c,Travel grant,2003-01-01,2003-12-31,,https://pure.itu.dk/portal/da/projects/f9867043-4bc3-4575-90d0-c3920088756c
23ee71e8-7129-4eca-8681-583e616114ef,LaCoMoCo,2003-01-01,2003-12-31,,https://pure.itu.dk/portal/da/projects/23ee71e8-7129-4eca-8681-583e616114ef
4dcb2764-c66a-4b74-b65d-4f59e6ccb15e,Location-based gaming,2005-01-01,2005-12-31,,https://pure.itu.dk/portal/da/projects/4dcb2764-c66a-4b74-b65d-4f59e6ccb15e
b5a5621f-f5f9-4647-beae-668cd2e3b9c6,DSSCV,2005-01-01,2008-12-31,,https://pure.itu.dk/portal/da/projects/b5a5621f-f5f9-4647-beae-668cd2e3b9c6
43106ed5-9644-4abe-adc0-b34250500c12,Generic Coll. Classes for C# 2.0,2024-05-11,2025-05-10,,https://pure.itu.dk/portal/da/projects/43106ed5-9644-4abe-adc0-b34250500c12
f67673fc-f141-4a5d-b781-69eff519cc97,CATIA,2005-01-01,2007-12-31,,https://pure.itu.dk/portal/da/projects/f67673fc-f141-4a5d-b781-69eff519cc97
9a23eeae-1cd6-42aa-bdc3-a125bf8e38f3,Mobile Youth Content Lab,2005-01-01,2008-12-31,,https://pure.itu.dk/portal/da/projects/9a23eeae-1cd6-42aa-bdc3-a125bf8e38f3
326f99dd-aab3-46a4-adb1-0ece9e5f3676,Quantitative Shape Models in Biomedical Imaging,2005-01-01,2007-12-31,,https://pure.itu.dk/portal/da/projects/326f99dd-aab3-46a4-adb1-0ece9e5f3676
a23ddfc7-1b21-4770-b1b7-0a84cf992f07,Serious games,2005-01-01,2008-12-31,,https://pure.itu.dk/portal/da/projects/a23ddfc7-1b21-4770-b1b7-0a84cf992f07
36e4a44f-fa51-4a42-880c-7155b4e2737f,MS Laboratorium,2005-01-01,2008-12-31,,https://pure.itu.dk/portal/da/projects/36e4a44f-fa51-4a42-880c-7155b4e2737f
ee14d4d1-636e-445f-8c26-d993ca77e831,Iværksætterakademi,2005-01-01,2006-12-31,,https://pure.itu.dk/portal/da/projects/ee14d4d1-636e-445f-8c26-d993ca77e831
ec09afcf-5bf2-4862-b022-e8fa49ab09c2,Visiontrain,2008-01-01,2008-12-31,,https://pure.itu.dk/portal/da/projects/ec09afcf-5bf2-4862-b022-e8fa49ab09c2
b1de39ad-96f9-4819-a473-7bff7f5d6cd2,SundhedsIT,2008-01-01,2008-12-31,,https://pure.itu.dk/portal/da/projects/b1de39ad-96f9-4819-a473-7bff7f5d6cd2
3967d233-3b0c-45a1-8f3e-aeca927f98ae,Dr Hirotaka Aoki,2006-01-01,2007-12-31,,https://pure.itu.dk/portal/da/projects/3967d233-3b0c-45a1-8f3e-aeca927f98ae
c70d384c-1d6c-43ea-aa04-de9e4e6ef791,Steen Brahe PhD projekt,2006-01-01,2008-12-31,,https://pure.itu.dk/portal/da/projects/c70d384c-1d6c-43ea-aa04-de9e4e6ef791
280afd1e-3c33-4e51-83bf-735cd069b940,Metodisk prioritering af online og offline kommunikation,2006-01-01,2008-12-31,,https://pure.itu.dk/portal/da/projects/280afd1e-3c33-4e51-83bf-735cd069b940
1df30623-ae1e-4082-8d92-d5d514cb3f0b,Fra Klinisk guideline til klinisk IT-system,2007-01-01,2015-12-31,,https://pure.itu.dk/portal/da/projects/1df30623-ae1e-4082-8d92-d5d514cb3f0b
24a2ad8a-bcdc-4f2e-833d-eed2f0689048,A Formal Model for Declarative Workflows - Dynamic Condition Response Graphs,2009-01-01,2012-12-31,,https://pure.itu.dk/portal/da/projects/24a2ad8a-bcdc-4f2e-833d-eed2f0689048
3b8ce2ea-b68a-4ae4-bf69-6ed08940fa57,IT-rejsestipendier til ph.d.- studerende,2025-01-01,2025-06-30,,https://pure.itu.dk/portal/da/projects/3b8ce2ea-b68a-4ae4-bf69-6ed08940fa57
9e98baef-2889-400b-b93c-6ca1b9303acb,Deep Learning Resource-Efficient GPU Orchestrator,2025-08-01,2029-07-31,"The exponential growth of deep learning models and their adoption is facilitated on the one hand by modern hardware (GPUs), and on the other hand the availability of larger datasets. However, even if the training and deployment of deep learning applications is widely used in large-scale data centers, these exhibit low hardware utilization, barely reaching 50%, as shown by studies performed on Microsoft and Alibaba clusters. This waste of hardware resources is exacerbated by the expensive price of GPUs, while contributing to an unsustainable carbon footprint of AI systems.<br/><br/>Several factors contribute to deep learning applications not fully utilizing existing hardware resources. Potential problems in this context may include not having a large enough dataset to warrant a large model, e.g., transfer learning. Also, for deployments on resource-constrained devices at the edge, it may be required to employ a small fine-tuned model, and the ideal batch size for training the model may not be large enough to utilize all the GPU resources. Otherwise, there may be data preparation and movement bottlenecks at various points in the deep learning pipeline that have a negative impact on resource utilization.<br/><br/>Nevertheless, achieving effective utilization of hardware resources requires novel resource managers and schedulers that are aware of the resource needs of deep learning workloads and of the characteristics of modern hardware. Building such a resource manager and guidelines for it is the goal of the DEEP project.<br/>",https://pure.itu.dk/portal/da/projects/9e98baef-2889-400b-b93c-6ca1b9303acb
aba699a7-4f2f-4114-9f09-2036a5bb05b7,The Datafication of Wellbeing: New Pedagogical Practices and Interventions in the Danish public school,2025-02-01,2028-01-31,The use of apps for measuring well-being in Danish public schools as a response to the 'well-being crisis' - what are the consequences for school children of the constant measurements of their mental state?; what are the societal and data-ethical implications of the intense data collection?; what is the role of private<br/>startups in the datafication of the Danish school system?,https://pure.itu.dk/portal/da/projects/aba699a7-4f2f-4114-9f09-2036a5bb05b7
d6b098cb-fc16-42da-8c7b-90e51971343e,,2015-08-01,2024-10-01,,https://pure.itu.dk/portal/da/projects/d6b098cb-fc16-42da-8c7b-90e51971343e
efa59359-9c40-4650-8102-90a1abaf9744,Eliteforsk Travel grant,2025-01-01,2026-12-31,,https://pure.itu.dk/portal/da/projects/efa59359-9c40-4650-8102-90a1abaf9744
b6c2beaf-7b50-4046-8ce8-fb83130ec7fe,Probabilistic  - Session Types and their Mechanisation,2025-04-01,2028-10-30,is it possible to develop a theory of probabilistic session types and mechanise it in the Coq proof assistant?,https://pure.itu.dk/portal/da/projects/b6c2beaf-7b50-4046-8ce8-fb83130ec7fe
eab28385-3ed9-4610-a9ef-63985ee7a645,Challenges in Evaluating Teams and Algorithms,2025-09-01,2030-08-31,,https://pure.itu.dk/portal/da/projects/eab28385-3ed9-4610-a9ef-63985ee7a645
e50cfe20-8938-4356-9283-7512333745f6,"Inference, Forecasts and Mitigation of future epidemics",2025-02-01,2030-01-31,,https://pure.itu.dk/portal/da/projects/e50cfe20-8938-4356-9283-7512333745f6
ed296174-b109-491c-a0c5-1acf38e8c907,"Modelling African Futures: A comparative technography of evidence-based welfare policy in Ghana, Senegal, Kenya and Botswana",2025-09-01,2030-08-31,"For a number of African countries the window of opportunity for harnessing the developmental potential of the demographic transition is beginning to close, triggering intensified attention for policy interventions that are statistically projected to maximise future socio-economic returns. Yet, despite the central role of calculative devices in contemporary African future-making, our understanding of the knowledge bases and quantitative practices informing such interventions remains rudimentary. ModelFutures focuses on the quantitative production of future models and their impact on anticipatory policy-making. It develops a novel approach to the study of evidence-based welfare policy in Africa, tying together the anthropological study of political organisations with approaches from STS and the sociology of quantification. Through its uniquely tailored combination of the ethnographic observation of statistical practices and their situatedness in variously assembled population data ecosystems, ModelFutures provides a thick, comparative technography of four interrelated moments in statistical future-making, namely the quantification of populations, sensing welfare needs, predicting future welfare, and targeting interventions for future welfare gains. Building on its novel methodology and original empirical insights into contemporary statistical practices in Africa, ModelFutures expands the theoretical horizon of contemporary welfare studies and of the social study of quantification alike by theorising statistical experts’ engagement with material and immaterial infrastructures of future-making, including their capacities for harnessing the multiple and layered indeterminacies related to the limited coverage of population data, the local adaptation of globally circulating statistical models, and the intergenerational observation of projected policy outcomes.",https://pure.itu.dk/portal/da/projects/ed296174-b109-491c-a0c5-1acf38e8c907
f828d2cf-26df-46d7-a309-2dba5e76af24,Data Science in Mathematics Education,2025-07-01,2028-06-30,"Data Science and Mathematics Education. RQ 1: What are the possibilities of integrating data science as an approach to modelling in mathematics and in<br/>bidisciplinary projects, when explicitly linking to scholarly practices within modern data science? RQ 2: How can data science be taught and learned in upper secondary school when adopting inquiry based approaches to education in mathematics and science? RQ 3: How can we engage teachers in professional<br/>development activities preparing them to design and teach data science as an integral part of existing upper secondary school disciplines? RQ 4: Based on<br/>answers to the above research questions, how data science as part of mathematical modelling education contribute to the the students’ development of critical citizenship in a digitalised world",https://pure.itu.dk/portal/da/projects/f828d2cf-26df-46d7-a309-2dba5e76af24
3626f7c0-d0fa-4cb7-bd88-24e3ee844029,Human-centered adoption of Artificial Intelligence for Software Engineering in Denmark,2025-04-01,2029-03-31,"Software engineering (SE) is at the core of enabling and maintaining Denmark’s digital future, and in supporting economic growth. SE is<br/>being radically impacted by Generative AI with a large growth potential. The purpose of the AI4SE1DK project is to close the knowledge gap on AI for SE<br/>through empirical studies, improve technical accessibility by new tools for customizing AI for SE, and enhance the trust by scalable verification. The<br/>consortium spanning the value-chain will cocreate and research new knowledge on AI for SE to support a human-centered and sustainable adoption in Denmark.",https://pure.itu.dk/portal/da/projects/3626f7c0-d0fa-4cb7-bd88-24e3ee844029
f5e89f2d-9afd-4ce5-af82-7fb0a58b6e07,Accessible Next-Generation storage for Efficient deep  Learning pipelines,2025-09-01,2028-08-31,"Progress in the field of artificial intelligence (AI) highly depends on data and modern hardware. The deep learning models that enable most of today’s AI applications, from speech recognition to image analysis, require large amounts of data to be trained on to reach a high accuracy. However, the processing and movement of this data in deep learning tasks is often a bottleneck and requires extensive use of hardware resources. This project aims at enabling more efficient data movement and processing in deep learning applications through leveraging the capabilities of modern storage hardware, SSDs (Solid State Drives), and open interconnect protocols, CXL (Compute Express Link). As a result, this project will reduce the total hardware needs, hence monetary costs and carbon footprint, of AI applications. Furthermore, it will allow a larger variety of AI applications, which may be impractical today due to sub-optimal use of hardware. Therefore, the project directly impacts the field of AI.<br/><br/>This project will bridge the gap between what the emerging storage landscape offers and what the data processing pipelines of deep learning applications need. Our objectives are to (O1) establish a methodology to measure the efficiency and sustainability of the data path in deep learning and (O2) strengthen the ease-of-use of the hardware that<br/>facilitates fast data movement. O1 is essential to characterize the application needs and evaluate the effectiveness of proposed optimizations. O2 is essential for the wide adoption of the outcomes of this project and the capabilities of modern storage.<br/>",https://pure.itu.dk/portal/da/projects/f5e89f2d-9afd-4ce5-af82-7fb0a58b6e07
e5c8d972-7458-4f2b-aa1e-c7439bfd3aa0,Augmenting Manufacturing Control with AI: Insights from Action Design Research at Novo Nordisk,2025-01-01,2028-08-31,"The project aims to develop design principles for augmenting and automating manufacturing control with AI in highly regulated industries. By focusing on two production units at Novo Nordisk, we will create AI systems that support production control teams by processing large data volumes, providing real-time insights, and enhancing decision-making while ensuring compliance. The project will reduce the need for night shifts, enhancing employee well-being and operational efficiency. For the research community, this project offers novel contributions by developing principles for AI-based augmentation across similar processes (process families), addressing both the complexities of regulation and the need for human-AI collaboration. The use of Action Design Research (ADR) ensures that the solutions are grounded in real-world applications, advancing understanding in the fields of AI, human augmentation, and industrial process optimization.",https://pure.itu.dk/portal/da/projects/e5c8d972-7458-4f2b-aa1e-c7439bfd3aa0
71dd413e-6f9d-4c36-891a-9626135d3718,,2024-06-01,2025-07-01,"Industry collaboration for creation of innovative solution with IT student at IT University of Copenhagen<br/><br/>Courses: “Process Innovation” &amp; “Business Process Modelling and Automation”<br/>Education: Master and Bachelor students in IT at IT University of Copenhagen<br/>Active period: Spring 2025 (Jan – Apr) <br/><br/>Join us in our quest for process innovation and become a valuable partner in our course by contributing your unique case challenges and gaining valuable ideas and prototypes for your business. The goal of the course is to address how digital innovation can be used to redesign and digitalize business processes and reconfigure internal and external resources to sense and respond to new opportunities using practical methods and theories. The overall learning goal is to innovate processes through low-code and process modelling. It is expected, in the course, that students in groups finds a case-company to work with during the courses. The students will be expected to work on your case if a collaboration agreement is agreed upon: <br/><br/>•Together you pick and investigate the process of interest<br/>•Students will apply needs identification and modelling techniques for process innovation based on interviews and gathered domain knowledge from the company.<br/>•Students will develop a prototypical technical solution that innovates a given business process and demonstrate it to the company to evaluate impact and value creation and capture.<br/>•Students will use theory to reflect about the project and further implementation <br/><br/>A Practical Industry Project <br/><br/>The course task is to create a prototype that addresses a challenge provided by a case company. The case-project should be big enough for a team of 3-4 students to work on. The final exam-submission will consist of: (1) a description of the problem context, including desk research, stakeholder interviews, and process modelling, (2) a working prototype, typically built using, e.g., Microsoft Power Apps, Power Automate, and AI Builder, (3) a reflection on the solution using theories learned in the course. The solution will be presented in a final report about 20-25 pages and demonstrated for the case company, where you provide the students with feedback.<br/><br/>Expected Commitment of Company Partner <br/><br/>Companies are expected to have one or more process-related challenges and should be willing to provide: <br/><br/>•Find one or more problem statements and challenges for the students to work with.<br/>•Attend an initial meeting (interview/workshop) with the students.<br/>•Commit to about 2 Q&amp;A sessions where students bring questions. <br/>•Commit to a final presentation (demonstration) of the work and provide feedback and evaluation of the student’s prototype.<br/><br/>In return, companies gain valuable ideas, prototypes, and proof of concept for their problems and challenges. Company partners also have the opportunity to collaborate with highly skilled IT students and gain access to the latest techniques in low-code and process modelling along with potential for continuation of project development in the student’s thesis work. Furthermore, the companies can contribute to the education of future professionals and shaping the future within the industry. Overall, the benefits of participating in the course as a case-company are numerous, and the results of the student's work can provide valuable solutions for the company's business process challenges. <br/><br/>Contact: <br/>Asger Balle Pedersen, asbp@itu.dk<br/>Postdoc at IT University of Copenhagen<br/>",https://pure.itu.dk/portal/da/projects/71dd413e-6f9d-4c36-891a-9626135d3718
ad7197b5-c8d8-48a1-abbc-457f167eab24,Verified Functional Analysis for Safe AI,2025-03-01,2025-07-31,The objective of the VeriFunAI project is to create a mathematical foundation for developing verifiably correct ML frameworks that enable the construction of safe AI systems.,https://pure.itu.dk/portal/da/projects/ad7197b5-c8d8-48a1-abbc-457f167eab24
8e1c40af-d9f7-43a2-8ddc-a946d2d5195d,,2025-06-01,2026-07-01,"Industry collaboration for creation of innovative solution with IT student at IT University of Copenhagen<br/><br/>Course: “Process Innovation”<br/>Education: Master students in IT at IT University of Copenhagen<br/>Active course period: Spring 2025 (Jan – Apr)<br/><br/>Join us in our quest for process innovation and become a valuable partner in our course by contributing your unique case challenges and gaining valuable ideas and prototypes for your business. The goal of the course is to address how digital innovation can be used to redesign and digitalize business processes and reconfigure internal and external resources to sense and respond to new opportunities using practical methods and theories. The overall learning goal is to innovate processes through low-code and process modelling. It is expected, in the course, that students in groups finds a case-company to work with during the courses. The students will be expected to work on your case if a collaboration agreement is agreed upon:<br/><br/>•Together you pick and investigate the process of interest<br/>•Students will apply needs identification and modelling techniques for process innovation based on interviews and gathered domain knowledge from the company.<br/>•Students will develop a prototypical technical solution that innovates a given business process and demonstrate it to the company to evaluate impact and value creation and capture.<br/>•Students will use theory to reflect about the project and further implementation<br/><br/>A Practical Industry Project<br/><br/>The course task is to create a prototype that addresses a challenge provided by a case company. The case-project should be big enough for a team of 3-4 students to work on. The final exam-submission will consist of: (1) a description of the problem context, including desk research, stakeholder interviews, and process modelling, (2) a working prototype, typically built using, e.g., Microsoft Power Apps, Power Automate, and AI Builder, (3) a reflection on the solution using theories learned in the course. The solution will be presented in a final report about 20-25 pages and demonstrated for the case company, where you provide the students with feedback.<br/><br/>Expected Commitment of Company Partner<br/><br/>Companies are expected to have one or more process-related challenges and should be willing to provide:<br/><br/>•Find one or more problem statements and challenges for the students to work with.<br/>•Attend an initial meeting (interview/workshop) with the students.<br/>•Commit to about 2 Q&amp;A sessions where students bring questions.<br/>•Commit to a final presentation (demonstration) of the work and provide feedback and evaluation of the student’s prototype.<br/><br/>In return, companies gain valuable ideas, prototypes, and proof of concept for their problems and challenges. Company partners also have the opportunity to collaborate with highly skilled IT students and gain access to the latest techniques in low-code and process modelling along with potential for continuation of project development in the student’s thesis work. Furthermore, the companies can contribute to the education of future professionals and shaping the future within the industry. Overall, the benefits of participating in the course as a case-company are numerous, and the results of the student's work can provide valuable solutions for the company's business process challenges.<br/><br/>Contact:<br/>Asger Balle Pedersen, asbp@itu.dk<br/>Postdoc at IT University of Copenhagen",https://pure.itu.dk/portal/da/projects/8e1c40af-d9f7-43a2-8ddc-a946d2d5195d
d661f198-6385-453c-ba38-b52887d2ea9e,,2025-01-27,2025-07-01,"DCR Solutions offers several training courses that will empower you to take ownership of the digital transformation journey in your organization.<br/>- DCR MODELLING Level 1<br/>- DCR MODELLING Level 2 <br/>- DCR DYNAMIC EFFECTS<br/><br/>Each module costs 5.000 DKK, which rounds up to 15.000 DKK for the certification per student. (Process Innovation have 150+ students participating)<br/>",https://pure.itu.dk/portal/da/projects/d661f198-6385-453c-ba38-b52887d2ea9e
8ad1cfa5-08f9-41fc-8558-94209afce88a,,2023-09-21,2026-09-21,A design research PhD project on social sustainability and interdisciplinarity. Investigating aesthetics and politics of intimate relations through design practice with focus on interactions between technologies and disabled bodies and minds.,https://pure.itu.dk/portal/da/projects/8ad1cfa5-08f9-41fc-8558-94209afce88a
9da07efd-9f25-4227-8994-e385cfc0861e,AffectaPocket,2025-05-31,2026-05-31,Robotics in Anxiety Research ,https://pure.itu.dk/portal/da/projects/9da07efd-9f25-4227-8994-e385cfc0861e
e49f3265-032f-43bd-b627-83a5ffc0544a,REPRO-SCAPES,2025-02-20,2029-01-31,"The proliferation of Assisted Reproductive Technologies (ARTs) has contributed to some of the major transformations in the Western kinship model over the past few decades. The new possibilities of reproduction, in-vitro fertilization, gamete donation, and surrogacy, i.e. “embodied progress” (Franklin, 1997) have raised new social dilemmas. How can we understand procreation, family, parenthood and relatedness in families that are not heterosexual, not nuclear, not genetic and not traditionally gendered?<br/><br/>Through their challenge of the traditional kinship system, solo individuals and same-sex couples who use ARTs moreover question: a) the construction of sex on which the gender binary is built; b) the normative way of reproduction where sexed bodies are affixed to gender identities that are tethered to reproductive experiences, and are tied to parenting roles (O´Reilly 2021) and c) traditional, biogenetic understandings of kinship and relatedness. The existence of sperm and egg donors and surrogates represents its own threat to the traditional kinship system. Where do these genetic parents fit and how are they made ‘un-kin’ (Payne 2023)? And how does donor offspring experience these relations?<br/>This project aims to analyse, first, the inter-relationship of the biological, social, political, ethical, legal and ideological relations between ARTs and new family-forms, and how those relations shape these families’ experiences. Second, it aims to explore the ways in which these new families challenge dominant ideologies, thereby creating emergent masculinities and femininities as well as other non-dualistic ways of being and parenting.<br/><br/>This project focuses on these questions in a Danish context and is part of a larger ERC project called ‘REPROSCAPES’, which explores these questions in an Spanish, Israeli and Canadian context too.",https://pure.itu.dk/portal/da/projects/e49f3265-032f-43bd-b627-83a5ffc0544a
1b488dd3-466a-4eef-a9ce-74ccca2cb4d9,Green IT Research for Impact and Sustainability: Explore A Service-Oriented Model,2025-08-01,2026-05-30,"Today, many SMEs lack the expertise and resources to integrate sustainability into their operations, limiting their ability to compete in a market increasingly driven by green priorities. While research continues to advance in sustainable and green IT practices, a critical gap remains in translating these research innovations into actionable business strategies. <br/><br/>This project seeks to bridge this gap by exploring business models and service offerings that translate sustainability research into practical tools for Danish IT SMEs. We are particularly interested in mapping potential commercialization mechanisms for Sustainable and Green IT research and testing their financial and operational feasibility. In this way, we contribute to strengthening the green competencies of Danish IT SMEs, by developing scalable solutions that can ensure their competitiveness while maximizing the social and economic impact of sustainability transformation in Denmark and Europe.<br/>",https://pure.itu.dk/portal/da/projects/1b488dd3-466a-4eef-a9ce-74ccca2cb4d9
580afbb8-9d13-4251-975c-f336e4f57a94,Modular Robots,2025-05-01,2025-08-31,,https://pure.itu.dk/portal/da/projects/580afbb8-9d13-4251-975c-f336e4f57a94
b7b111ff-8b8b-433a-b476-c8ddc9ef874a,"Planning for People, Place, and Planet: Living Lab for Urban Solutions to Green Transitions-Nordhavn. ",2024-01-01,2024-12-31,"This project asks how do we plan for and with urban nature in ways that support human-nature connections and biodiversity goals from the local to the trans-national level? We address this question across social, ecological, and technological systems, knowledges, and everyday experiences to forefront the voice of nature in planning by 1) conducting biodiversity monitoring in Nordhavn using citizen science approaches; 2) engaging digital tools to “sense” how biodiversity is perceived at the eye-level; 3) analyzing big data preferences for “wild nature” in Nordhavn to provide visual data and policy scenarios for biodiversity futures in engagement processes and decision making. Outcomes for the project will be initial findings on citizen perspectives on biodiversity, multi-species actor mapping in Nordhavn, and big-data visualizations for biodiversity futures in Nordhavn all of which will inform decision support for just and inclusive planning and development in Nordhavn.",https://pure.itu.dk/portal/da/projects/b7b111ff-8b8b-433a-b476-c8ddc9ef874a
3bb84384-51de-4ad8-969e-8e4ed58c7fd8,"Multi-seasonal assessment of human wellbeing, social resilience, and ecosystems in NYC during and after the Covid-19 pandemic",2021-01-01,2022-12-31,,https://pure.itu.dk/portal/da/projects/3bb84384-51de-4ad8-969e-8e4ed58c7fd8
61c7d172-89a8-4925-9dad-3fa983375a00,Examining How Access to Green Space Impacts Subjective Well-being during the COVID-19 Pandemic,2020-07-01,2021-06-30,"The aim of this project is to explore the connections among green space, perception of risk, and well-being in times of a public health emergency that require people to stay indoors and isolated. In a crisis like the current COVID-19 pandemic, the role of urban green spaces in promoting public health and well-being may be an especially important co-benefit of green infrastructure (GI) programs. However, there is simultaneous acknowledgement that being outdoors, even in green space, is a continuing source of risk for exposure and/or spread of COVID-19. Therefore, this research asks, how do variations in access to green space, whether due to lack of safe, nearby green space and/or the perceived risk associated with being outdoors in particular kinds of spaces during a public pandemic, impact well-being? To answer these questions, this study uses online surveys and video interviews with college students. These students have traveled home from their campuses, returning to a wide variety of residential and landscape forms, presenting an opportunity to conduct comparative study of how access to green space influences responses to current conditions and well-being. The survey, distributed via email, includes questions about well-being, outdoor activity, risk perception, and personal responses to social distancing/self-isolation measures. Interviewees, solicited from survey participants, will be asked questions about available outdoor green space and activity, lifestyle changes in response to COVID-19 and their effect on well-being, the role of outdoor activity in subjects' well-being, and barriers to outdoor activity under present circumstances. Both statistical analyses and qualitative coding analyses will be used to determine (a) subjects' access to different types of green space; (b) subjects' willingness to utilize green space with respect to type, accessibility, and risk perception; and (c) the association of (a) and (b) with subjects' well-being during the pandemic.",https://pure.itu.dk/portal/da/projects/61c7d172-89a8-4925-9dad-3fa983375a00
3da6905f-6735-4fa3-8923-5e0d4352cc46,Data-driven multifunctional solutions for greenspace planning,2022-10-01,2023-01-31,"Our course investigates the challenges of balancing demand for recreational space with calls for biodiversity conservation, and the need to know more about residents’ values regarding green spaces. Our research integration focuses on Naturpark Nordhavn, with the aim of understanding the diverse values associated with Copenhagen green space and the opportunities for data-driven multifunctional solutions to planning them.  Our experiment linked digital skills to key course knowledge objectives by using the digital mapping platform, Maptionnaire, to 1) teach about public participation and why/how to collect diverse values in urban green spaces, 2) to analyze the data collected in the platform, and 3) to visualize and communicate the data through maps and planning strategies made for experts and non-experts.  ",https://pure.itu.dk/portal/da/projects/3da6905f-6735-4fa3-8923-5e0d4352cc46
daf3efec-d318-4066-9e9f-6c4599fcd560,Dynamic Graphs -- Distributed and Geometry,2025-04-01,2029-03-31,Theoretical Computer Science -&gt; Algorithm Design and Analysis -&gt; Dynamic Graph Data Structures; Computational Geometry; Distributed Graph Algorithms,https://pure.itu.dk/portal/da/projects/daf3efec-d318-4066-9e9f-6c4599fcd560
bd6a8c04-9308-487b-8323-4b72896ec674,Efficient Recomputation for Changeful Problems,2021-07-01,2026-06-30,Theoretical Computer Science -&gt; Algorithm Design and Analysis<br/>,https://pure.itu.dk/portal/da/projects/bd6a8c04-9308-487b-8323-4b72896ec674
c0c821bf-a85a-404b-86a3-12b0f62c20bb,Planetary Personas ,2025-06-26,2025-12-31,"Personas comes in many shapes and forms and help to recognise users and user segments for design and business purposes. Lately personas has taken a new form that supports the green transition in adding more-than-human personas to the persona portfolio – we term these personas – planetary personas. <br/>Research shows that a main problem with the method when it concerns humans, is lack of proper understanding of the method and its application. Concerning Planetary personas, the research is novel, but has potential to be of interest to areas of green transition, digital design, urban design etc.  ",https://pure.itu.dk/portal/da/projects/c0c821bf-a85a-404b-86a3-12b0f62c20bb
65ec71df-6be0-473d-85c7-98375b4c309a,SMFilter: Stein Mixture Filtering: Advancing Bayesian Data Science Toward Real-Time Modeling,2025-07-01,2027-06-30,,https://pure.itu.dk/portal/da/projects/65ec71df-6be0-473d-85c7-98375b4c309a
a1c0356b-18a3-408b-b847-4819a3633756,Confident data-driven decision support,2026-01-01,2029-12-31,"The CoRDS network brings together a unique consortium of 9 beneficiaries, comprising 8 academic and 1 non-academic organizations. It aims to deliver a comprehensive, interdisciplinary training programme for a new generation of professionals trained in machine learning and operations research. This programme integrates scientific, technical, and personal development skills to create new, human-centered methods for data-drive-optimization that harness, exploit and present data in a trustworthy way. <br/><br/>As part of CoRDS, ITU hosts a project developing interpretable methods for assigning experts to cases to review (based on semantic analysis of past work of the experts and policy constraints). The practical case study will be peer review (matching reviewers to scientific manuscripts for review, based on reviewer publication history and various constraints for reviewer diversity). <br/>",https://pure.itu.dk/portal/da/projects/a1c0356b-18a3-408b-b847-4819a3633756
b0543225-f5d9-47e8-98e0-bd5da3e0fa4a,Understanding and Supporting AI Impact on Team Dynamics in Software Development,2025-10-01,2027-09-30,"The project will investigate how software developers utilize AI tools, particularly in teamwork. We seek to answer the research questions: R1. How do experiences developers vs novice developers differ in their use of AI tools? R2. How does team<br/>dynamics changing with introduction of AI tools for software development? R3. How does AI tools impact software quality? R4. How can we develop tools to assist software developers in their use of AI for development? Our contribution include deep knowledge about the impact of AI on software developmentteam work, as well as proof-of-concept of AI tools such as AI fact checkers, AI guidelines and actual programing tools.",https://pure.itu.dk/portal/da/projects/b0543225-f5d9-47e8-98e0-bd5da3e0fa4a
d6a7f667-d9cc-4184-a5b9-9a412c7ef8d0,Citizen-Facing Bidirectional AI for Emergency Triage,2025-10-01,2027-09-30,Enabling citizen-facing AI for immediate advice while users are waiting for a call<br/>back from Akutberedskab 1813.,https://pure.itu.dk/portal/da/projects/d6a7f667-d9cc-4184-a5b9-9a412c7ef8d0
1395e452-c10b-4f53-ad5e-0dbb33a231ce,Monitoring and Testing of Uncertainty and Safety for Smart Co-bots,2025-12-31,2027-12-30,"Safe Embodied AI: 1. How can we derive meaningful prediction uncertainty bounds for AI-controlled robots in practical deployment cases in a user-friendly way, i.e., such that a non-expert end- user can specify any required <br/>hyperparameters? 2. How can we communicate the practical consequences of said prediction uncertainty on the task outcome to an end-user, who likely has little knowledge of AI and robotics? 3. How can we build intuitive interfaces<br/>for active learning, such that the AI can request small amounts of data from end-users in situations when it is uncertain, instead of relying on large amounts of general data? 4. How can we build robust safety guarantees into the robot controller in a way that integrates with AI decision-making algorithms and takes advantage of their ability to generalize, while still enforcing safety and task<br/>performance?",https://pure.itu.dk/portal/da/projects/1395e452-c10b-4f53-ad5e-0dbb33a231ce
0752b3f2-255c-479d-9c43-1f5d5a3104b9,"Expanded Worldbuilding for Environmental Storytelling – Where animation, immersive technologies, and mindfulness strategies meet.",2026-02-01,2029-01-31,XR experiences,https://pure.itu.dk/portal/da/projects/0752b3f2-255c-479d-9c43-1f5d5a3104b9
8c606f0d-64c7-4fde-9a63-e6c9efbcd13c,Learning Fast and Slow: Accelerating AI Training with Human-inspired Learning,2025-12-01,2027-11-30,"Current AI systems are trained slowly on a mix of everything—leading to worse performance in languages with less data. This project constructs targeted, human-inspired training interventions to train models faster, and merges models with complementary skills to create models with better reasoning capabilities for smaller languages, while providing causal insights into how these models learn.",https://pure.itu.dk/portal/da/projects/8c606f0d-64c7-4fde-9a63-e6c9efbcd13c
85b6aad6-1170-4acc-9a63-f74283faf636,Efficient Large Neighborhood Search for Container Vessel Stowage Planning,2025-09-01,2026-08-30,Stowage planning algorithms. Research question: Can large neighborhood algorithms for stowage planning optimization benefit from machine learning - based neighborhood selection,https://pure.itu.dk/portal/da/projects/85b6aad6-1170-4acc-9a63-f74283faf636
df3b966a-5097-48e1-81f4-7b93f29c28a0,Gradient Uncertainty: Uncertainty quantification in natural language processing,2025-10-01,2028-09-30,Developing methods for uncertainty quantification and possiblyuncertainty communication in NLP.,https://pure.itu.dk/portal/da/projects/df3b966a-5097-48e1-81f4-7b93f29c28a0
787ce79c-5324-4044-8e7d-b6bca414864b,Graph-based Verification of Reflective Programs,2025-11-01,2029-10-31,"This project will developed new techniques to verify, specify and develop programs with dynamics features, especially reflection, class loading and serialization. To this end it will investigate how dynamic features are used in practice, develop a knowledge-graph based library for development and specification, and finally develop a deductive verification tool to verify Java programs against such specifications.",https://pure.itu.dk/portal/da/projects/787ce79c-5324-4044-8e7d-b6bca414864b
530dde04-84c4-4863-85be-7acb6e95b13d,Dynamic Affective Profile Modeling and Profile-Based Multimodal Emotion Recognition and MMLLM Integration for Hybrid Meetings,2025-10-13,2028-10-12,"This project develops a novel approach to dynamic emotion<br/>recognition and affec- tive (cognitive) profiling for hybrid<br/>and remote meetings. By combining repeated personality<br/>assessments with multimodal physiological data—including<br/>eye-tracking, facial action analysis, galvanic skin response<br/>(GSR), and heart rate monitoring—we intend to build model<br/>capable of capturing variations in user traits often<br/>overlooked by traditional methods relying on static<br/>questionnaires or simplistic sensor fusion<br/>",https://pure.itu.dk/portal/da/projects/530dde04-84c4-4863-85be-7acb6e95b13d
8c230088-e35e-4a7b-b380-1ce096fd0ede,Femicide Risk Assessment and Mitigation through Evidence,2025-09-01,2028-08-31,"Femicide, the gender-based killing of women, remains a persistent global issue despite decades of research and policy interventions. In Denmark, an estimated 15 women and girls are killed by men each year, a rate that has remained unchanged for 25 years. While risk assessment tools like the Danger Assessment (DA) and DASH RIC have been developed to evaluate high-risk cases, many perpetrators are known to authorities beforehand, highlighting systemic gaps in risk identification and intervention. This PhD project combines survivor narratives, institutional data, and machine learning to develop a comprehensive, predictive model for femicide prevention",https://pure.itu.dk/portal/da/projects/8c230088-e35e-4a7b-b380-1ce096fd0ede
3c43d443-57c9-4d0a-bcd0-3d0c856ce010,Algorithms for String Indexing,2024-11-01,2028-10-31,Theoretical Computer Science -&gt; Algorithms and Data Structures Design and Analysis -&gt; String Indexing,https://pure.itu.dk/portal/da/projects/3c43d443-57c9-4d0a-bcd0-3d0c856ce010
fa242ab9-c4c2-4ed6-9e8b-af2b8be6bef1,Robust AI for intrusion detection,2026-01-01,2027-06-30,The research area is the application of<br/>verification methods for robust AI in protecting<br/>from attacks in event logs.,https://pure.itu.dk/portal/da/projects/fa242ab9-c4c2-4ed6-9e8b-af2b8be6bef1
c21ca81d-1a5a-464b-b8be-f17c595fc87d,Magtudredningen,2025-07-01,2025-10-31,"Hvad det vil sige at være borger i den digitaliserede velfærdsstat? Hvilke forventninger og krav stiller digitalisering til mødet mellem borger og stat i den digitaliserede offentlige sektor? Hvordan tager magten form i skabelsen af den digitale borger? Med disse spørgsmål som ledetråde beskriver bogens etnografiske analyser, hvordan relationen mellem borger og stat formes i konkrete velfærdsmøder. Bogens kapitler tager læseren med på tur rundt i rum, konsultationer og steder, hvor konkrete møder mellem borger og professionelle stadig finder sted, mens mødet i stigende grad suppleres digitalt og virtuelt. I bogens kapitler kommer vi ind i borgerservicecentret, på hospitalsafdelingen og plejehjemmet, i jordemoderkonsultation og børnehaven. Vi skal også forbi et værested og hjem til borgeren, inden vi ender i centraladministrationens kontor for digital inklusion. ",https://pure.itu.dk/portal/da/projects/c21ca81d-1a5a-464b-b8be-f17c595fc87d
ab057d1f-e994-44ff-9f43-8bf2e07d66b2,Rethinking Retrieval-Augmented-Generation for a Citizen Services Digital Assistant,2025-06-01,2027-12-31,"The current retrieval-augmented generation technology does not guarantee factual correctness, and the interface may encourage users to rely on the generated text instead of double-checking with the cited sources. This project focuses on making retrieval-augmented generation reliable enough to be used in high-risk information access applications for the public sector. The goal is to create a better blend of 'helpful' responses coming from large language models, and reliability of traditional search, ensuring that the users receive the best information available, while considering both the time spent and risk of automation bias.",https://pure.itu.dk/portal/da/projects/ab057d1f-e994-44ff-9f43-8bf2e07d66b2
fc494832-7cdb-4ddd-b576-f464434f2ed0,Algorithms engineering and modalities for lowresource NLP,2025-08-01,2028-07-31,"Algorithms, Machine Learning",https://pure.itu.dk/portal/da/projects/fc494832-7cdb-4ddd-b576-f464434f2ed0
f352be40-0948-4ba3-8ee0-d41a89295965,The First Copenhagen NLP Symposium,2025-06-01,2025-09-30,"In June 2025 three leading Danish universities co-organized the First Copenhagen NLP Symposium, aiming to increase the global profile of the Danish groups working on natural language processing methods. The symposium will feature international speakers from within and outside of Europe, and provide opportunities for networking and discussion for the rising stars in Danish groups.",https://pure.itu.dk/portal/da/projects/f352be40-0948-4ba3-8ee0-d41a89295965
c0f83230-1cd4-4d68-bd34-43f6f0fc71fb,Probabilistic Testing of Probabilistic Programs,2025-11-01,2029-10-31,"This is a project in computer science and software<br/>engineering, with a hint of applied Bayesian statistics.<br/>The goal is to build testing theory and infrastructure<br/>for testing probabilistic programs. Testing is the<br/>leading quality assurance method for software.<br/>Randomness is increasingly used in software<br/>(especially in machine learning, statistics, and<br/>robotics). Unfortunately, randomness and testing do<br/>not mix well, as randomness makes test results flaky -<br/>the test outcome is not deterministically the same for<br/>each run. Thus, we need a new testing theory and<br/>method for probabilistic programs. The goal of the<br/>project is to understand 1) What kind of properties<br/>are testable for probabilistic programs? 2) how to test<br/>these properties in practice, so that the test are<br/>reliable, so avoiding false positives and false<br/>negatives?",https://pure.itu.dk/portal/da/projects/c0f83230-1cd4-4d68-bd34-43f6f0fc71fb
2c5def6b-8c33-4364-bc74-aa8f73ecfcca,"CAVECORE: Continuous, Automated Validation, and Evaluation of Cognitive Robots in Open-Ended Environments",2025-09-01,2029-08-31,"CAVECORE (Continuous, Automated Validation, and Evaluation of Cognitive Robots in Open-Ended Environments) is a Marie Skłodowska-Curie Doctoral Network that trains the next generation of researchers to advance cognitive robotics—robots that can interact, learn, and adapt to open-ended real-world environments. The network addresses one of the central challenges in AI-enabled robotics: evaluating and validating the quality, safety, and reliability of such robots in a systematic and trustworthy manner.<br/><br/>Doctoral Candidates in CAVECORE will follow an interdisciplinary training program that combines expertise in robotics and AI (e.g., learning-enabled manipulation, control, and human-robot interaction) with cutting-edge validation and evaluation methods (e.g., automated testing, diagnosis, analysis, and AI metrology). They will develop novel approaches that make evaluability-by-design a core part of the robot development process, ensuring that cognitive robots provide continuous evidence of their performance and can adapt to evolving societal, ethical, and legal requirements such as those set out in the EU AI Act. <br/>",https://pure.itu.dk/portal/da/projects/2c5def6b-8c33-4364-bc74-aa8f73ecfcca
b9094b7e-3942-470e-b7c5-618fca805337,Graph Algorithms with Geometric Applications,2025-07-15,2029-04-14,Theoretical Computer Science -&gt; Algorithms and Data Structures -&gt; Computational<br/>Geometry Mathematics -&gt; Combinatorics and Graph Theory,https://pure.itu.dk/portal/da/projects/b9094b7e-3942-470e-b7c5-618fca805337
771225ad-7309-4703-9dab-80cb43e466d7,DTU Discovery Grant,2025-09-11,2028-09-30,,https://pure.itu.dk/portal/da/projects/771225ad-7309-4703-9dab-80cb43e466d7
55fa7fcb-d0d1-4b95-96e2-0d2909e0d468,Human adaptability to climate change,2026-05-01,2029-10-31,"The goal of ClimateAdapt is to take advantage of recent advances in data science and availability of large-scale mobility datasets to develop an understanding of how human behaviors adapt in response to climate change. It will do so by using cutting edge methodologies from complex systems, behavioral science, and artificial intelligence to estimate the societal effects of climate change.<br/>",https://pure.itu.dk/portal/da/projects/55fa7fcb-d0d1-4b95-96e2-0d2909e0d468
10e9f2c0-6975-4f59-850c-d3ea25ac210e,Can Infant Cries Reveal Developmental Insights? A Crowdsourcing Experiment,2026-02-01,2028-01-31,,https://pure.itu.dk/portal/da/projects/10e9f2c0-6975-4f59-850c-d3ea25ac210e
4987b885-b7be-40e1-bdee-3a740cab8d39,Reducing Over-reliance and Fostering Responsible use of Emotion Tracking through Self-Reflection,2026-04-01,2031-03-31,,https://pure.itu.dk/portal/da/projects/4987b885-b7be-40e1-bdee-3a740cab8d39
61c6628b-50f5-466b-9545-56d46bff3037,Neuro-Symbolic Federated Learning with Secure Multi-Party Computation,2026-01-01,2027-12-31,,https://pure.itu.dk/portal/da/projects/61c6628b-50f5-466b-9545-56d46bff3037
3d443f2e-0a0d-4bc8-ac4c-b86e60c95ad9,Research Stay (ETH Zürich),2025-09-01,2025-12-31,"At ETH Zürich I will be working on understanding the fundamental<br/>mathematical structures in language that allow for matrix models (such as<br/>transformers on which ChatGPT is based) to be as succesful in modeling<br/>language as they are. We use category theory to study embedding spaces and specifically a notion of logical implication. Standard approaches to embeddings have succeeded in unveiling some structure in language, but viewing language through the lens of category theory could unveil others.",https://pure.itu.dk/portal/da/projects/3d443f2e-0a0d-4bc8-ac4c-b86e60c95ad9
882f49ce-4251-4c2d-bafc-870dd56b752b,"Making Invisible SeabedsVisible: Knowing,Scaling, Seeing",2025-10-01,2029-03-31,"INVISEA’s aim can be divided into the following objectives:<br/>To investigate the knowledges on which understandings of the seabed draw and how these knowledges encourage or discourage exploitation of seabed areas<br/>To investigate how notions of temporal and spatial scale work as obstacles to or opportunities for sustainable and fair seabed management<br/>To explore what kinds of values are attributed to seabed areas and find new ways of stimulating environmental reflexivity in the management of such areas. ITU's role is to hire an RA and an artist based in the ETHOS Lab, to develop experimental methods for intervention in knowledges and forms of expertise that inform the making of policy.",https://pure.itu.dk/portal/da/projects/882f49ce-4251-4c2d-bafc-870dd56b752b
e9c91f24-e3ab-41a7-bdce-ac3685bd3f46,Salvaged Legacies: Obsolesence in Practice and Experience,2026-10-01,2029-04-30,"The project will examine the intersection and relationship between aging and obsolescence, with a focus on sites where technological/infrastructural change meets an aging workforce as well as where aging legacy systems are used, maintained, or being retired. The question is how human aging and technological obsolescence are co-constituted? And further, how do agism and obsolescence intersect in valuations of technologically-mediated work across infrastructural lifetimes?",https://pure.itu.dk/portal/da/projects/e9c91f24-e3ab-41a7-bdce-ac3685bd3f46
8aa9cd8c-7911-45bb-94dc-9823abd43124,Conveying Caution & Confidence: Quantification and Communication of Uncertainty in Large Language Models,2026-03-01,2031-02-28,,https://pure.itu.dk/portal/da/projects/8aa9cd8c-7911-45bb-94dc-9823abd43124
ea1075d9-a0d8-49d8-9ef5-e8c50b337476,Good Question: A workshop and digital phrasebank for more inclusive Question-and-Answer sessions,2025-11-12,2026-08-01,"Questions - whether after research presentations or during classroom discussions - are critical to information exchange, feedback and academic discourse. Questions build academic communities, but they can also be uncomfortable, rambling or even damaging. There is substantial evidence that female scholars and other minorities are underrepresented in question and answer sessions (Q&amp;As) reporting discomfort in speaking and fear or hostility or negative judgment. Despite the importance of questions, there are few opportunities to discuss how to ask questions, and few models for thinking about what constitutes a 'good question'. Limited resources are available to foster discussions on good questions and improve possibilities for participation for margnialised groups. In this project, we address this absence by developing a workbook and phrasebank for use in academic settings. ",https://pure.itu.dk/portal/da/projects/ea1075d9-a0d8-49d8-9ef5-e8c50b337476
64545b54-0218-4ab4-9ea0-2a5787306f42,,2024-08-05,2027-08-04,,https://pure.itu.dk/portal/da/projects/64545b54-0218-4ab4-9ea0-2a5787306f42
c09eb3aa-666d-4c67-b2cf-416cef7731b6,Artificial Intelligence and the Sustainable Development Goals – Addressing tensions and fos-tering synergies that decouple socio-economic from environmental goals in the North-South,2025-09-01,2026-02-28,"This project involves an examination of the impact of AI on the Sustainable Development Goals (SDGs). It informs that organizations leading human-centric AI systems will effectively explore synergies and unleash virtuous cycles of SDGs and well-being when confronting and juxtapos-ing environmental, health, social, economic, and law-oriented goals. It also suggests that they will be more successful if they reinforce virtuous cycles by (i) focusing on SDGs 1 and 10 to achieve short-term peak performance and (ii) investing in SDGs 12 and 13 to enable long-term outcomes necessary to fuel systemic resilience and sustainable development.",https://pure.itu.dk/portal/da/projects/c09eb3aa-666d-4c67-b2cf-416cef7731b6
cf1c30c4-cf34-4174-8b8c-12870794855a,Manager of the Spatial Sound Laboratory,,,,https://pure.itu.dk/portal/da/projects/cf1c30c4-cf34-4174-8b8c-12870794855a
dfcca874-928e-4968-b19e-4374435a1ea0,Bicycle network algorithms,2026-01-01,2026-12-31,"Sustainable mobility, urban planning. In the last few years, we have achieved great research results at ITU on the topic of bicycle network planning with commercial potential and have an eventual goal of establishing a consultancy company based on the results. The impact of our research for policy-making and sustainable mobility planning could be drastically increased by building a streamlined, web-based, and universally accessible platform for bicycle network scenario modelling - targeted at policy-makers, urban planners, researchers and citizen science activists. We have an international team ready covering most aspects, but are in need of hiring a backend developer for a year, and a freelance graphic/web designer for minor web design work, to mature the project. The international collaborators are self-funded, so they do not need to be accounted for in the budget.",https://pure.itu.dk/portal/da/projects/dfcca874-928e-4968-b19e-4374435a1ea0
08508b88-3d4e-490b-8832-9a4fd56f189c,Detecting Environmental Crimes via Knowledge Graphs,2026-01-01,2028-12-31,"Environmental crimes involve the improper handling of toxic and/or damaging waste outside the requirements of the law. Currently, the investigation of such crimes involves remote sensing and a number of data collection activities. However, such data is used in traditional ways to support investigation. In this project, we propose to use knowledge graphs, graph neural networks, and their integration with remote sensing data, to provide a step forward in tracking and investigating environmental crimes.",https://pure.itu.dk/portal/da/projects/08508b88-3d4e-490b-8832-9a4fd56f189c
75542847-edd8-49a5-a60c-c3b2a4f4610e,Responsible AI in Interaction Design Practice,2026-03-01,2030-02-28,,https://pure.itu.dk/portal/da/projects/75542847-edd8-49a5-a60c-c3b2a4f4610e
19d06348-ad95-4065-ad4b-8e6094c74491,Cash contingencies: Transactional vulnerability in the Era of Digital Payments,2026-03-01,2030-02-28,"This project will conduct an ethnographic analysis of how the digitalisation of retail payments has shaped our ability to pay in a time of crisis. Presently, the majority of payments in Denmark take place using digital solutions: increasingly ‘mobile wallet’ based solutions such as Apple and Google Pay. Most Danes express the expectation that cash can function as a contingency measure for<br/>situations where electronic payments are disrupted, but this is only possible if cash functions properly during normal times. Consequently, the public and private actors responsible for transactional stability in Denmark are focusing on securing offline card-based transactions. Thus, the project addresses how this approach overlooks and thus depoliticises the growing dependence<br/>on international technology companies. In doing so, the project examines how transactional vulnerability emerges from digitalisation.",https://pure.itu.dk/portal/da/projects/19d06348-ad95-4065-ad4b-8e6094c74491
b774d6b9-79b1-40f6-9121-74cc50c59810,NLP for Nautical Charts and Marine Data,2026-04-01,2027-03-31,"Research on how language technologies could assist with tasks such as automating updates and improving accessibility of chart information, and also on integrating unstructured text with structured geodata.",https://pure.itu.dk/portal/da/projects/b774d6b9-79b1-40f6-9121-74cc50c59810
e17718bb-2366-45bd-9490-b513db3e77d7,Linguistically Motivated Language Models,2026-06-01,2030-05-31,This project aims to inject knowledge that we have about human language into the architecture and training of language models.,https://pure.itu.dk/portal/da/projects/e17718bb-2366-45bd-9490-b513db3e77d7
bdc5f880-0b1d-43f8-b7de-416751a1c29a,Algebraic Hardness and Applications,2026-09-01,2031-08-31,"This project (AHA) explores the limits of computation: which problems can be solved efficiently and which resist efficient solutions. As many problems such as navigation on networks and training large learning models can be expressed in algebraic terms, AHA adapts this algebraic lens to understand computational limits and finds applications to improve algorithms that rely on random numbers.<br/><br/>Computation underpins daily life, from cryptography to machine learning. Yet we lack a deep understanding of its true power and limits. Uncovering these limits is one of the great scientific challenges of our time. AHA advances foundational knowledge with broad implications for efficient algorithms in the context of secure communication, data handling, and future technologies.<br/><br/>AHA combines mathematics and computer science to develop new theory on limits of algorithms. Given a computational task, I analyse whether it can be solved efficiently using several processors in parallel. This is done by modelling the problem using mathematical tools. The insights from this exploration are further used to design fast and reliable algorithms that do not rely on random numbers.",https://pure.itu.dk/portal/da/projects/bdc5f880-0b1d-43f8-b7de-416751a1c29a
e6a60a90-94ef-48c7-9e42-9d768b477430,Democratic ownership - Governance and Management in Cooperatives; Models and Supporting IT Systems,2026-01-26,2026-12-31,"Strategic and business development models and related IT systems for Governance and Management are crucial for successful entrepreneurship. For new generations of cooperative and democratic entrepreneurs, existing models inadequately reflect their emphasis on social, democratic and environmental values.<br/><br/>This leaves cooperative entrepreneurs in a double bind: they either use models and systems that are not fit for purpose to structure and grow their businesses, putting their values and democratic governance at risk, or they prioritize their values and democratic practices, but forgo existing business models, thus losing critically important resources for developing and scaling their organization.",https://pure.itu.dk/portal/da/projects/e6a60a90-94ef-48c7-9e42-9d768b477430
292137c0-8a9c-4635-9e86-22bef58b6fcb,CURB: AI Infrastructure for Scaling Cargo Bike Logistics Across Europe,2026-02-01,2028-01-31,"intersection of ML and OR, urban logistics modelling We propose to explore and adapt advances in LLM-guided evolutionary program synthesis to mixed fleet urban logistics optimisation.",https://pure.itu.dk/portal/da/projects/292137c0-8a9c-4635-9e86-22bef58b6fcb
4e71f778-5873-4ed5-9b4e-8001c56dc41c,Time to break the social isolation amongst the older citizens' and home care users: C ombining national citizen panels with local learning labs for circular citizen and user involvement,2026-01-01,2026-12-31,,https://pure.itu.dk/portal/da/projects/4e71f778-5873-4ed5-9b4e-8001c56dc41c
4ed18205-b99f-4e8f-b2ae-640fbac5c532,Fighting Everyday Misogyny in Visual Online Cultures,2026-05-01,2029-04-30,"Investigating individual dynamic of sense making when exposed to hateful content online. The project will focus on semi-private visual platforms (whatsapp, tiktok, instagram).<br/>",https://pure.itu.dk/portal/da/projects/4ed18205-b99f-4e8f-b2ae-640fbac5c532
e090436a-d438-495a-ab4c-517eb0519431,Implicit Bias in Humans and Machine,2026-09-16,2026-12-15,,https://pure.itu.dk/portal/da/projects/e090436a-d438-495a-ab4c-517eb0519431
04901e3f-f20c-4593-9cf2-a6aed2006f50,Maritime Safety Assistant via Retrieval-Augmented Generation,2026-05-01,2027-04-30,,https://pure.itu.dk/portal/da/projects/04901e3f-f20c-4593-9cf2-a6aed2006f50
fe5d08b6-87b8-4b95-8be8-7878d1f282af,From False Certainty to True Confidence: Pose Estimation Beyond Deep Learning,2026-03-01,2028-02-29,,https://pure.itu.dk/portal/da/projects/fe5d08b6-87b8-4b95-8be8-7878d1f282af
25fb9c43-f96e-48f6-adbd-d69e5fad3908,,2026-01-01,2026-05-01,"DCR Solutions offers several training courses that will empower you to take ownership of the digital transformation journey in your organization.<br/>- DCR MODELLING Level 1<br/>- DCR MODELLING Level 2 <br/>- DCR DYNAMIC EFFECTS<br/><br/>Each module costs 5.000 DKK, which rounds up to 15.000 DKK for the certification per student. (Process Innovation have 150+ students participating)<br/>",https://pure.itu.dk/portal/da/projects/25fb9c43-f96e-48f6-adbd-d69e5fad3908
c2fb3aec-c5ad-496d-8f84-800848b7dc4d,,2026-01-01,2026-06-30,,https://pure.itu.dk/portal/da/projects/c2fb3aec-c5ad-496d-8f84-800848b7dc4d
55f36ece-4ed4-4df3-bc1b-9e31be37bb2c,Nordic Conference of Computational Social Science,2026-09-03,2026-09-03,"Kick-off event for the newly formed Nordic Society of Computational Social Science<br/>(NoSoCSS, https://nosocss.org/)<br/>",https://pure.itu.dk/portal/da/projects/55f36ece-4ed4-4df3-bc1b-9e31be37bb2c
